都道府県コード又は市区町村コード,NO,都道府県名,市区町村名,イベント名,イベント名_カナ,イベント名_英語,開始日,終了日,開始時間,終了時間,開始日時特記事項,説明,料金(基本),料金(詳細),連絡先名称,連絡先電話番号,連絡先内線番号,主催者,場所名称,住所,方書,緯度,経度,アクセス方法,駐車場情報,定員,参加申込終了日,参加申込終了時間,参加申込方法,URL,備考,カテゴリー,区,公開日,更新日,子育て情報,施設No.
221309,WEBfa8b57b35e,静岡県,浜松市,2026フードドライブ〜「もったいない」から「ありがとう」へ〜,,,2026-07-24,2026-08-31,10:00,21:00,,「2026フードドライブ〜「もったいない」から「ありがとう」へ〜」は2026-07-24から2026-08-31に10:00から21:00に1階モールインフォメーション付近特設BOX開催予定です。詳細は出典URLをご確認ください。,,,,,,,1階モールインフォメーション付近特設BOX,浜松市中央区天王町字諏訪1981-3,,34.738644,137.763733,,,,,,,https://www.aeon.jp/sc/hamamatsuichino/event/event_e87342_as.html,Web収集: イオンモール浜松市野; source_id=src_4cae6c5e1c8e9b8a; 説明生成=facts_only; ジオコーディング補完: 浜松市中央区天王町字諏訪1981-3,商業施設イベント,中央区,,,,
221309,WEB1800c332b2,静岡県,浜松市,【キッズクラブ会員さま限定】なつやすみキッズワークショップ,,,2026-07-28,2026-07-30,14:30,16:00,,「【キッズクラブ会員さま限定】なつやすみキッズワークショップ」は2026-07-28から2026-07-30に14:30から16:00に1F シンフォニーコート開催予定です。詳細は出典URLをご確認ください。,,,,,,,1F シンフォニーコート,浜松市中央区天王町字諏訪1981-3,,34.738644,137.763733,,,,,,,https://www.aeon.jp/sc/hamamatsuichino/event/event_e86013_as.html,Web収集: イオンモール浜松市野; source_id=src_4cae6c5e1c8e9b8a; 説明生成=facts_only; ジオコーディング補完: 浜松市中央区天王町字諏訪1981-3,商業施設イベント,中央区,,,,
221309,WEB2d14d19a80,静岡県,浜松市,イチノ昆虫ワールド,,,2026-07-17,2026-07-26,10:00,18:00,,「イチノ昆虫ワールド」は2026-07-17から2026-07-26に10:00から18:00に1Fシンフォニーコート開催予定です。詳細は出典URLをご確認ください。,,,,,,,1Fシンフォニーコート,浜松市中央区天王町字諏訪1981-3,,34.738644,137.763733,,,,,,,https://www.aeon.jp/sc/hamamatsuichino/event/event_e83609_as.html,Web収集: イオンモール浜松市野; source_id=src_4cae6c5e1c8e9b8a; 説明生成=facts_only; ジオコーディング補完: 浜松市中央区天王町字諏訪1981-3,商業施設イベント,中央区,,,,
221309,WEBd9b4dfb6aa,静岡県,浜松市,夏の大抽選会2026,,,2026-07-17,2026-07-26,10:00,19:00,,「夏の大抽選会2026」は2026-07-17から2026-07-26に10:00から19:00に抽選会場：1Fウエストコート開催予定です。詳細は出典URLをご確認ください。,,,,,,,抽選会場：1Fウエストコート,浜松市中央区天王町字諏訪1981-3,,34.738644,137.763733,,,,,,,https://www.aeon.jp/sc/hamamatsuichino/event/event_e84009_as.html,Web収集: イオンモール浜松市野; source_id=src_4cae6c5e1c8e9b8a; 説明生成=facts_only; ジオコーディング補完: 浜松市中央区天王町字諏訪1981-3,商業施設イベント,中央区,,,,
221309,WEB18b5070389,静岡県,浜松市,夏物衣料品がお買い得,,,2026-07-17,2026-07-26,,21:00,,「夏物衣料品がお買い得」は2026-07-17から2026-07-26に開始時刻未確認から21:00に1F 無印良品開催予定です。詳細は出典URLをご確認ください。,,,,,,,1F 無印良品,浜松市中央区天王町字諏訪1981-3,,34.738644,137.763733,,,,,,,https://www.aeon.jp/sc/hamamatsuichino/event/event_e86837_as.html,Web収集: イオンモール浜松市野; source_id=src_4cae6c5e1c8e9b8a; 説明生成=facts_only; ジオコーディング補完: 浜松市中央区天王町字諏訪1981-3,商業施設イベント,中央区,,,,
221309,WEB4667315198,静岡県,浜松市,水遊びイベント,,,2026-05-17,2026-07-26,,21:45,,「水遊びイベント」は2026-05-17から2026-07-26に開始時刻未確認から21:45に1F専門店東入口外 ※雨天時は専門店中央入口にて実施します。開催予定です。詳細は出典URLをご確認ください。,,,,,,,1F専門店東入口外 ※雨天時は専門店中央入口にて実施します。,浜松市中央区天王町字諏訪1981-3,,34.738644,137.763733,,,,,,,https://www.aeon.jp/sc/hamamatsuichino/event/event_e81390_as.html,Web収集: イオンモール浜松市野; source_id=src_4cae6c5e1c8e9b8a; 説明生成=facts_only; ジオコーディング補完: 浜松市中央区天王町字諏訪1981-3,商業施設イベント,中央区,,,,
221309,WEB85807c0b38,静岡県,浜松市,【夏季限定】パレット噴水であそぼう！,,,2026-05-03,2026-09-30,11:00,16:00,,「【夏季限定】パレット噴水であそぼう！」は2026-05-03から2026-09-30に11:00から16:00に1F専門店東入口外開催予定です。詳細は出典URLをご確認ください。,,,,,,,1F専門店東入口外,浜松市中央区天王町字諏訪1981-3,,34.738644,137.763733,,,,,,,https://www.aeon.jp/sc/hamamatsuichino/event/event_e79902_as.html,Web収集: イオンモール浜松市野; source_id=src_4cae6c5e1c8e9b8a; 説明生成=facts_only; ジオコーディング補完: 浜松市中央区天王町字諏訪1981-3,商業施設イベント,中央区,,,,
221309,WEB44eb4ab82d,静岡県,浜松市,「大歳神社例大祭」の花火を見よう！イチノの夏まつり,,,2026-08-01,2026-08-02,,21:45,,「「大歳神社例大祭」の花火を見よう！イチノの夏まつり」は2026-08-01から2026-08-02に開始時刻未確認から21:45に3F立体駐車場C区画開催予定です。詳細は出典URLをご確認ください。,,,,,,,3F立体駐車場C区画,浜松市中央区天王町字諏訪1981-3,,34.738644,137.763733,,,,,,,https://www.aeon.jp/sc/hamamatsuichino/event/event_e85955_as.html,Web収集: イオンモール浜松市野; source_id=src_4cae6c5e1c8e9b8a; 説明生成=facts_only; ジオコーディング補完: 浜松市中央区天王町字諏訪1981-3,商業施設イベント,中央区,,,,
221309,WEB307bbcecf0,静岡県,浜松市,ビルディングブロック広場,,,2026-08-04,2026-08-19,10:00,20:00,,「ビルディングブロック広場」は2026-08-04から2026-08-19に10:00から20:00に1Fシンフォニーコート開催予定です。詳細は出典URLをご確認ください。,,,,,,,1Fシンフォニーコート,浜松市中央区天王町字諏訪1981-3,,34.738644,137.763733,,,,,,,https://www.aeon.jp/sc/hamamatsuichino/event/event_e85997_as.html,Web収集: イオンモール浜松市野; source_id=src_4cae6c5e1c8e9b8a; 説明生成=facts_only; ジオコーディング補完: 浜松市中央区天王町字諏訪1981-3,商業施設イベント,中央区,,,,
221309,WEBd85a79cf4e,静岡県,浜松市,浜松市プレミアム付商品券(浜松市生活支援商品券)イオンモール浜松市野専門店でご利用いただけます,,,2026-05-25,2026-12-31,,21:45,,「浜松市プレミアム付商品券(浜松市生活支援商品券)イオンモール浜松市野専門店でご利用いただけます」は2026-05-25から2026-12-31に開始時刻未確認から21:45にイオンモール浜松市野開催予定です。詳細は出典URLをご確認ください。,,,,,,,イオンモール浜松市野,浜松市中央区天王町字諏訪1981-3,,34.738644,137.763733,,,,,,,https://www.aeon.jp/sc/hamamatsuichino/event/event_e82007_as.html,Web収集: イオンモール浜松市野; source_id=src_4cae6c5e1c8e9b8a; 説明生成=facts_only; ジオコーディング補完: 浜松市中央区天王町字諏訪1981-3,商業施設イベント,中央区,,,,
221309,WEB3c7ebfbac0,静岡県,浜松市,ポケモンしんかラリー,,,2026-07-31,2026-08-23,10:00,21:00,,「ポケモンしんかラリー」は2026-07-31から2026-08-23に10:00から21:00にイオンモール浜松市野開催予定です。詳細は出典URLをご確認ください。,,,,,,,イオンモール浜松市野,浜松市中央区天王町字諏訪1981-3,,34.738644,137.763733,,,,,,,https://www.aeon.jp/sc/hamamatsuichino/event/event_e84602_as.html,Web収集: イオンモール浜松市野; source_id=src_4cae6c5e1c8e9b8a; 説明生成=facts_only; ジオコーディング補完: 浜松市中央区天王町字諏訪1981-3,商業施設イベント,中央区,,,,
221309,WEB38373000a9,静岡県,浜松市,Francfranc「フレ ハンディファン」POP UP SHOP,,,2026-06-09,2026-07-31,10:00,19:00,,「Francfranc「フレ ハンディファン」POP UP SHOP」は2026-06-09から2026-07-31に10:00から19:00に1Fグリーンコート開催予定です。詳細は出典URLをご確認ください。,,,,,,,1Fグリーンコート,浜松市中央区天王町字諏訪1981-3,,34.738644,137.763733,,,,,,,https://www.aeon.jp/sc/hamamatsuichino/event/event_e83454_as.html,Web収集: イオンモール浜松市野; source_id=src_4cae6c5e1c8e9b8a; 説明生成=facts_only; ジオコーディング補完: 浜松市中央区天王町字諏訪1981-3,商業施設イベント,中央区,,,,
221309,WEBbc0cd84c25,静岡県,浜松市,マリンPOPUP開催,,,2026-06-26,2026-08-16,10:00,21:00,,「マリンPOPUP開催」は2026-06-26から2026-08-16に10:00から21:00に2F スポーツデポ前開催予定です。詳細は出典URLをご確認ください。,,,,,,,2F スポーツデポ前,浜松市中央区天王町字諏訪1981-3,,34.738644,137.763733,,,,,,,https://www.aeon.jp/sc/hamamatsuichino/event/event_e84208_as.html,Web収集: イオンモール浜松市野; source_id=src_4cae6c5e1c8e9b8a; 説明生成=facts_only; ジオコーディング補完: 浜松市中央区天王町字諏訪1981-3,商業施設イベント,中央区,,,,
221309,WEBb58759b7d5,静岡県,浜松市,BEYBLADE X CASUAL BATTLE DAY in AEON,,,2026-08-01,2026-08-02,10:00,18:00,,「BEYBLADE X CASUAL BATTLE DAY in AEON」は2026-08-01から2026-08-02に10:00から18:00に1Fシンフォニーコート開催予定です。詳細は出典URLをご確認ください。,,,,,,,1Fシンフォニーコート,浜松市中央区天王町字諏訪1981-3,,34.738644,137.763733,,,,,,,https://www.aeon.jp/sc/hamamatsuichino/event/event_e83379_as.html,Web収集: イオンモール浜松市野; source_id=src_4cae6c5e1c8e9b8a; 説明生成=facts_only; ジオコーディング補完: 浜松市中央区天王町字諏訪1981-3,商業施設イベント,中央区,,,,
221309,WEB5f912bbfd6,静岡県,浜松市,イオンマークのカード分割払い手数料をイオンが100%負担します!,,,2026-07-11,2026-07-31,,21:00,,「イオンマークのカード分割払い手数料をイオンが100%負担します!」は2026-07-11から2026-07-31に開始時刻未確認から21:00にイオンモール浜松市野開催予定です。詳細は出典URLをご確認ください。,,,,,,,イオンモール浜松市野,浜松市中央区天王町字諏訪1981-3,,34.738644,137.763733,,,,,,,https://www.aeon.jp/sc/hamamatsuichino/event/2607bunkatsu0.html,Web収集: イオンモール浜松市野; source_id=src_4cae6c5e1c8e9b8a; 説明生成=facts_only; ジオコーディング補完: 浜松市中央区天王町字諏訪1981-3,商業施設イベント,中央区,,,,
221309,WEB4a6659544a,静岡県,浜松市,スイーツカーニバル 広島たま屋,,,2026-06-25,2026-08-03,10:00,20:00,,「スイーツカーニバル 広島たま屋」は2026-06-25から2026-08-03に10:00から20:00に1F GODIVA前開催予定です。詳細は出典URLをご確認ください。,,,,,,,1F GODIVA前,浜松市中央区天王町字諏訪1981-3,,34.738644,137.763733,,,,,,,https://www.aeon.jp/sc/hamamatsuichino/event/event_e84312_as.html,Web収集: イオンモール浜松市野; source_id=src_4cae6c5e1c8e9b8a; 説明生成=facts_only; ジオコーディング補完: 浜松市中央区天王町字諏訪1981-3,商業施設イベント,中央区,,,,
221309,WEB65825d92ee,静岡県,浜松市,flap,,,2026-07-29,2026-08-03,10:00,20:00,,「flap」は2026-07-29から2026-08-03に10:00から20:00に1F サウスコート そじ坊前開催予定です。詳細は出典URLをご確認ください。,,,,,,,1F サウスコート そじ坊前,浜松市中央区天王町字諏訪1981-3,,34.738644,137.763733,,,,,,,https://www.aeon.jp/sc/hamamatsuichino/event/event_e85260_as.html,Web収集: イオンモール浜松市野; source_id=src_4cae6c5e1c8e9b8a; 説明生成=facts_only; ジオコーディング補完: 浜松市中央区天王町字諏訪1981-3,商業施設イベント,中央区,,,,
221309,WEBfc764255eb,静岡県,浜松市,ロイヤルスイーツ 期間限定スイーツ販売,,,2026-08-06,2026-08-17,10:00,20:00,,「ロイヤルスイーツ 期間限定スイーツ販売」は2026-08-06から2026-08-17に10:00から20:00に1F ゴディバ前開催予定です。詳細は出典URLをご確認ください。,,,,,,,1F ゴディバ前,浜松市中央区天王町字諏訪1981-3,,34.738644,137.763733,,,,,,,https://www.aeon.jp/sc/hamamatsuichino/event/event_e85938_as.html,Web収集: イオンモール浜松市野; source_id=src_4cae6c5e1c8e9b8a; 説明生成=facts_only; ジオコーディング補完: 浜松市中央区天王町字諏訪1981-3,商業施設イベント,中央区,,,,
221309,WEB7b72bf0f7e,静岡県,浜松市,スイーツカーニバル,,,2026-07-20,2026-08-17,10:00,20:00,,「スイーツカーニバル」は2026-07-20から2026-08-17に10:00から20:00に2F 靴下屋前開催予定です。詳細は出典URLをご確認ください。,,,,,,,2F 靴下屋前,浜松市中央区天王町字諏訪1981-3,,34.738644,137.763733,,,,,,,https://www.aeon.jp/sc/hamamatsuichino/event/event_e86619_as.html,Web収集: イオンモール浜松市野; source_id=src_4cae6c5e1c8e9b8a; 説明生成=facts_only; ジオコーディング補完: 浜松市中央区天王町字諏訪1981-3,商業施設イベント,中央区,,,,
221309,WEBa7f23949ce,静岡県,浜松市,イオンモール浜松市野 かき氷フェス,,,2026-08-11,2026-08-12,10:00,16:00,,「イオンモール浜松市野 かき氷フェス」は2026-08-11から2026-08-12に10:00から16:00に1F 専門店中央入口・専門店東入口開催予定です。詳細は出典URLをご確認ください。,,,,,,,1F 専門店中央入口・専門店東入口,浜松市中央区天王町字諏訪1981-3,,34.738644,137.763733,,,,,,,https://www.aeon.jp/sc/hamamatsuichino/event/event_e86460_as.html,Web収集: イオンモール浜松市野; source_id=src_4cae6c5e1c8e9b8a; 説明生成=facts_only; ジオコーディング補完: 浜松市中央区天王町字諏訪1981-3,商業施設イベント,中央区,,,,
221309,WEBbe76336343,静岡県,浜松市,イオン ドリームキャンペーン,,,2026-07-02,2026-07-26,10:00,21:00,,「イオン ドリームキャンペーン」は2026-07-02から2026-07-26に10:00から21:00にイオンモール浜松市野開催予定です。詳細は出典URLをご確認ください。,,,,,,,イオンモール浜松市野,浜松市中央区天王町字諏訪1981-3,,34.738644,137.763733,,,,,,,https://www.aeon.jp/sc/hamamatsuichino/event/2607dream.html,Web収集: イオンモール浜松市野; source_id=src_4cae6c5e1c8e9b8a; 説明生成=facts_only; ジオコーディング補完: 浜松市中央区天王町字諏訪1981-3,商業施設イベント,中央区,,,,
221309,WEBf6c8811143,静岡県,浜松市,『ポケモン GO』パートナーリサーチ」開催！,,,2026-07-17,2026-08-23,,23:45,,「『ポケモン GO』パートナーリサーチ」開催！」は2026-07-17から2026-08-23に開始時刻未確認から23:45にイオンモール浜松市野開催予定です。詳細は出典URLをご確認ください。,,,,,,,イオンモール浜松市野,浜松市中央区天王町字諏訪1981-3,,34.738644,137.763733,,,,,,,https://www.aeon.jp/sc/hamamatsuichino/event/event_e86915_as.html,Web収集: イオンモール浜松市野; source_id=src_4cae6c5e1c8e9b8a; 説明生成=facts_only; ジオコーディング補完: 浜松市中央区天王町字諏訪1981-3,商業施設イベント,中央区,,,,
221309,WEB0cd5579510,静岡県,浜松市,静馬レイ×果汁工房果琳コラボ イオンモールの果汁工房果琳で給水しよう！キャンペーン,,,2026-05-22,2026-08-31,,21:00,,「静馬レイ×果汁工房果琳コラボ イオンモールの果汁工房果琳で給水しよう！キャンペーン」は2026-05-22から2026-08-31に開始時刻未確認から21:00にイオンモール浜松市野開催予定です。詳細は出典URLをご確認ください。,,,,,,,イオンモール浜松市野,浜松市中央区天王町字諏訪1981-3,,34.738644,137.763733,,,,,,,https://www.aeon.jp/sc/hamamatsuichino/event/event_e81831_as.html,Web収集: イオンモール浜松市野; source_id=src_4cae6c5e1c8e9b8a; 説明生成=facts_only; ジオコーディング補完: 浜松市中央区天王町字諏訪1981-3,商業施設イベント,中央区,,,,
221309,WEBafe3721c92,静岡県,浜松市,イオンモールの超!COOOOOOL作戦,,,2026-05-22,2026-09-30,10:00,21:00,,「イオンモールの超!COOOOOOL作戦」は2026-05-22から2026-09-30に10:00から21:00にイオンモール浜松市野開催予定です。詳細は出典URLをご確認ください。,,,,,,,イオンモール浜松市野,浜松市中央区天王町字諏訪1981-3,,34.738644,137.763733,,,,,,,https://www.aeon.jp/sc/hamamatsuichino/event/2606-coolsakusen.html,Web収集: イオンモール浜松市野; source_id=src_4cae6c5e1c8e9b8a; 説明生成=facts_only; ジオコーディング補完: 浜松市中央区天王町字諏訪1981-3,商業施設イベント,中央区,,,,
221309,WEB2616aee863,静岡県,浜松市,200円OFF 専門店値引きクーポン発券キャンペーン,,,2026-07-10,2026-07-26,,21:00,,「200円OFF 専門店値引きクーポン発券キャンペーン」は2026-07-10から2026-07-26に開始時刻未確認から21:00にイオンモール浜松市野開催予定です。詳細は出典URLをご確認ください。,,,,,,,イオンモール浜松市野,浜松市中央区天王町字諏訪1981-3,,34.738644,137.763733,,,,,,,https://www.aeon.jp/sc/hamamatsuichino/event/2607coupon-off.html,Web収集: イオンモール浜松市野; source_id=src_4cae6c5e1c8e9b8a; 説明生成=facts_only; ジオコーディング補完: 浜松市中央区天王町字諏訪1981-3,商業施設イベント,中央区,,,,
221309,WEB34c86f283d,静岡県,浜松市,はじめよう!AEON Pay 200円分 残高チャージキャンペーン 実施中,,,2026-07-08,2026-08-31,,21:00,,「はじめよう!AEON Pay 200円分 残高チャージキャンペーン 実施中」は2026-07-08から2026-08-31に開始時刻未確認から21:00にイオンモール浜松市野開催予定です。詳細は出典URLをご確認ください。,,,,,,,イオンモール浜松市野,浜松市中央区天王町字諏訪1981-3,,34.738644,137.763733,,,,,,,https://www.aeon.jp/sc/hamamatsuichino/event/2607aeonpaycp.html,Web収集: イオンモール浜松市野; source_id=src_4cae6c5e1c8e9b8a; 説明生成=facts_only; ジオコーディング補完: 浜松市中央区天王町字諏訪1981-3,商業施設イベント,中央区,,,,
221309,WEB044b96663d,静岡県,浜松市,iAEONお気に入り5店舗登録Go!Go!キャンペーン開催中,,,2026-07-14,2026-07-31,,21:00,,「iAEONお気に入り5店舗登録Go!Go!キャンペーン開催中」は2026-07-14から2026-07-31に開始時刻未確認から21:00にイオンモール浜松市野開催予定です。詳細は出典URLをご確認ください。,,,,,,,イオンモール浜松市野,浜松市中央区天王町字諏訪1981-3,,34.738644,137.763733,,,,,,,https://www.aeon.jp/sc/hamamatsuichino/event/2607gogo5shopcp.html,Web収集: イオンモール浜松市野; source_id=src_4cae6c5e1c8e9b8a; 説明生成=facts_only; ジオコーディング補完: 浜松市中央区天王町字諏訪1981-3,商業施設イベント,中央区,,,,
221309,WEBe0d2e0ce50,静岡県,浜松市,アジアの頂点を目指す選手にエールを贈ろう！ 応援メッセージキャンペーン,,,2026-07-01,2026-11-30,10:00,17:00,,「アジアの頂点を目指す選手にエールを贈ろう！ 応援メッセージキャンペーン」は2026-07-01から2026-11-30に10:00から17:00にイオンモール浜松市野開催予定です。詳細は出典URLをご確認ください。,,,,,,,イオンモール浜松市野,浜松市中央区天王町字諏訪1981-3,,34.738644,137.763733,,,,,,,https://www.aeon.jp/sc/hamamatsuichino/event/event_e84601_as.html,Web収集: イオンモール浜松市野; source_id=src_4cae6c5e1c8e9b8a; 説明生成=facts_only; ジオコーディング補完: 浜松市中央区天王町字諏訪1981-3,商業施設イベント,中央区,,,,
221309,WEB00132cc13c,静岡県,浜松市,イオンモールアプリリニューアルに伴う機能終了のお知らせ,,,2026-06-01,2026-08-31,10:00,21:00,,「イオンモールアプリリニューアルに伴う機能終了のお知らせ」は2026-06-01から2026-08-31に10:00から21:00にイオンモール浜松市野開催予定です。詳細は出典URLをご確認ください。,,,,,,,イオンモール浜松市野,浜松市中央区天王町字諏訪1981-3,,34.738644,137.763733,,,,,,,https://www.aeon.jp/sc/hamamatsuichino/event/2606app-renewal.html,Web収集: イオンモール浜松市野; source_id=src_4cae6c5e1c8e9b8a; 説明生成=facts_only; ジオコーディング補完: 浜松市中央区天王町字諏訪1981-3,商業施設イベント,中央区,,,,
221309,WEB55f4ce3b23,静岡県,浜松市,イオンモール キッズクラブ ご入会受付中!,,,2023-05-08,2026-08-31,,23:45,,「イオンモール キッズクラブ ご入会受付中!」は2023-05-08から2026-08-31に開始時刻未確認から23:45にイオンモール浜松市野開催予定です。詳細は出典URLをご確認ください。,,,,,,,イオンモール浜松市野,浜松市中央区天王町字諏訪1981-3,,34.738644,137.763733,,,,,,,https://www.aeon.jp/sc/hamamatsuichino/event/2023kidsclub.html,Web収集: イオンモール浜松市野; source_id=src_4cae6c5e1c8e9b8a; 説明生成=facts_only; ジオコーディング補完: 浜松市中央区天王町字諏訪1981-3,商業施設イベント,中央区,,,,
221309,WEBfe97e69e2a,静岡県,浜松市,初音ミク「マジカルミライ２０２６」企画展,,,2026-07-24,2026-07-26,09:00,,,「初音ミク「マジカルミライ２０２６」企画展」は2026-07-24から2026-07-26に09:00にアクトシティ浜松 展示イベントホール開催予定です。詳細は出典URLをご確認ください。,,,,,,,アクトシティ浜松 展示イベントホール,浜松市中央区板屋町111-1,,34.705528,137.735724,,,,,,,https://www.actcity.jp/event/?ym=202607,Web収集: アクトシティ浜松; source_id=src_505faf62fdeb6e6f; 説明生成=facts_only,商業施設イベント,中央区,,,,
221309,WEBdf1237ea09,静岡県,浜松市,初音ミク「マジカルミライ２０２６」ライブ,,,2026-07-24,2026-07-26,12:00,14:00,,「初音ミク「マジカルミライ２０２６」ライブ」は2026-07-24から2026-07-26に12:00から14:00にアクトシティ浜松 大ホール開催予定です。詳細は出典URLをご確認ください。,,,,,,,アクトシティ浜松 大ホール,浜松市中央区板屋町111-1,,34.705528,137.735724,,,,,,,https://www.actcity.jp/event/?ym=202607,Web収集: アクトシティ浜松; source_id=src_505faf62fdeb6e6f; 説明生成=facts_only,商業施設イベント,中央区,,,,
221309,WEBb2f43faee5,静岡県,浜松市,第20回 浜松いわた信用金庫 夢に追いかぜコンサート in 浜松,,,2026-07-26,2026-07-26,14:00,,,「第20回 浜松いわた信用金庫 夢に追いかぜコンサート in 浜松」は2026-07-26に14:00にアクトシティ浜松 中ホール開催予定です。詳細は出典URLをご確認ください。,,,,,,,アクトシティ浜松 中ホール,浜松市中央区板屋町111-1,,34.705528,137.735724,,,,,,,https://www.actcity.jp/event/?ym=202607,Web収集: アクトシティ浜松; source_id=src_505faf62fdeb6e6f; 説明生成=facts_only,商業施設イベント,中央区,,,,
221309,WEB0dd9098e22,静岡県,浜松市,（公財）浜松市文化振興財団後援事業 60th Anniversary 森山良子コンサート2026 ～Life Is Beautiful～スペシャルゲスト清水ミチコ,,,2026-07-29,2026-07-29,16:00,18:15,,「（公財）浜松市文化振興財団後援事業 60th Anniversary 森山良子コンサート2026 ～Life Is Beautiful～スペ」は2026-07-29に16:00から18:15にアクトシティ浜松 大ホール開催予定です。詳細は出典URLをご確認ください。,,,,,,,アクトシティ浜松 大ホール,浜松市中央区板屋町111-1,,34.705528,137.735724,,,,,,,https://www.actcity.jp/event/?ym=202607,Web収集: アクトシティ浜松; source_id=src_505faf62fdeb6e6f; 説明生成=facts_only,商業施設イベント,中央区,,,,
221309,WEBc51662ca7a,静岡県,浜松市,第67回静岡県吹奏楽コンクール高等学校の部 西部地区大会【A部門】,,,2026-08-01,2026-08-01,13:30,16:30,,「第67回静岡県吹奏楽コンクール高等学校の部 西部地区大会【A部門】」は2026-08-01に13:30から16:30にアクトシティ浜松 大ホール開催予定です。詳細は出典URLをご確認ください。,,,,,,,アクトシティ浜松 大ホール,浜松市中央区板屋町111-1,,34.705528,137.735724,,,,,,,https://www.actcity.jp/event/?ym=202608,Web収集: アクトシティ浜松; source_id=src_505faf62fdeb6e6f; 説明生成=facts_only,商業施設イベント,中央区,,,,
221309,WEB8fe775af84,静岡県,浜松市,第67回静岡県吹奏楽コンクール高等学校の部 西部地区大会【B部門】,,,2026-08-02,2026-08-02,10:40,16:45,,「第67回静岡県吹奏楽コンクール高等学校の部 西部地区大会【B部門】」は2026-08-02に10:40から16:45にアクトシティ浜松 大ホール開催予定です。詳細は出典URLをご確認ください。,,,,,,,アクトシティ浜松 大ホール,浜松市中央区板屋町111-1,,34.705528,137.735724,,,,,,,https://www.actcity.jp/event/?ym=202608,Web収集: アクトシティ浜松; source_id=src_505faf62fdeb6e6f; 説明生成=facts_only,商業施設イベント,中央区,,,,
221309,WEB2feb15a294,静岡県,浜松市,第32回 浜松国際管楽器アカデミー＆フェスティヴァル オープニングコンサート,,,2026-08-03,2026-08-03,19:00,,,「第32回 浜松国際管楽器アカデミー＆フェスティヴァル オープニングコンサート」は2026-08-03に19:00にアクトシティ浜松 中ホール開催予定です。詳細は出典URLをご確認ください。,,,,,,,アクトシティ浜松 中ホール,浜松市中央区板屋町111-1,,34.705528,137.735724,,,,,,,https://www.actcity.jp/event/?ym=202608,Web収集: アクトシティ浜松; source_id=src_505faf62fdeb6e6f; 説明生成=facts_only,商業施設イベント,中央区,,,,
221309,WEB25c09413e5,静岡県,浜松市,兄ーズ Dream Land -on Broadway-,,,2026-08-04,2026-08-04,18:30,,,「兄ーズ Dream Land -on Broadway-」は2026-08-04に18:30にアクトシティ浜松 中ホール開催予定です。詳細は出典URLをご確認ください。,,,,,,,アクトシティ浜松 中ホール,浜松市中央区板屋町111-1,,34.705528,137.735724,,,,,,,https://www.actcity.jp/event/?ym=202608,Web収集: アクトシティ浜松; source_id=src_505faf62fdeb6e6f; 説明生成=facts_only,商業施設イベント,中央区,,,,
221309,WEBfa1731fe2a,静岡県,浜松市,第19回 子どもフェスタ ～アニメ映画&税金クイズ～,,,2026-08-06,2026-08-06,13:30,16:00,,「第19回 子どもフェスタ ～アニメ映画&税金クイズ～」は2026-08-06に13:30から16:00にアクトシティ浜松 中ホール開催予定です。詳細は出典URLをご確認ください。,,,,,,,アクトシティ浜松 中ホール,浜松市中央区板屋町111-1,,34.705528,137.735724,,,,,,,https://www.actcity.jp/event/?ym=202608,Web収集: アクトシティ浜松; source_id=src_505faf62fdeb6e6f; 説明生成=facts_only,商業施設イベント,中央区,,,,
221309,WEBfe2962e33c,静岡県,浜松市,浜松特別演奏会「シンフォニック・アニメ」 ～ジブリがいっぱい！オーケストラ・パークⅢ～,,,2026-08-07,2026-08-07,15:00,17:00,,「浜松特別演奏会「シンフォニック・アニメ」 ～ジブリがいっぱい！オーケストラ・パークⅢ～」は2026-08-07に15:00から17:00にアクトシティ浜松 中ホール開催予定です。詳細は出典URLをご確認ください。,,,,,,,アクトシティ浜松 中ホール,浜松市中央区板屋町111-1,,34.705528,137.735724,,,,,,,https://www.actcity.jp/event/?ym=202608,Web収集: アクトシティ浜松; source_id=src_505faf62fdeb6e6f; 説明生成=facts_only,商業施設イベント,中央区,,,,
221309,WEB3259c98ea7,静岡県,浜松市,アクトシティ能・狂言プレイベント 能・狂言のとっておきの楽しみ方,,,2026-08-11,2026-08-11,14:00,15:30,,「アクトシティ能・狂言プレイベント 能・狂言のとっておきの楽しみ方」は2026-08-11に14:00から15:30にアクトシティ浜松 コングレスセンター 41会議室（4F）開催予定です。詳細は出典URLをご確認ください。,,,,,,,アクトシティ浜松 コングレスセンター 41会議室（4F）,浜松市中央区板屋町111-1,,34.705528,137.735724,,,,,,,https://www.actcity.jp/event/?ym=202608,Web収集: アクトシティ浜松; source_id=src_505faf62fdeb6e6f; 説明生成=facts_only,商業施設イベント,中央区,,,,
221309,WEB314e1f92e6,静岡県,浜松市,浜松市オルガン講座 第16回 オルガンのパイプを作ってみよう！,,,2026-08-12,2026-08-12,10:30,,,「浜松市オルガン講座 第16回 オルガンのパイプを作ってみよう！」は2026-08-12に10:30にアクトシティ浜松 中ホール、コングレスセンター開催予定です。詳細は出典URLをご確認ください。,,,,,,,アクトシティ浜松 中ホール、コングレスセンター,浜松市中央区板屋町111-1,,34.705528,137.735724,,,,,,,https://www.actcity.jp/event/?ym=202608,Web収集: アクトシティ浜松; source_id=src_505faf62fdeb6e6f; 説明生成=facts_only,商業施設イベント,中央区,,,,
221309,WEBb024dc7b3b,静岡県,浜松市,新日本プロレス G1 CLIMAX 36,,,2026-08-12,2026-08-12,18:30,21:20,,「新日本プロレス G1 CLIMAX 36」は2026-08-12に18:30から21:20にアクトシティ浜松 展示イベントホール 全ブロック開催予定です。詳細は出典URLをご確認ください。,,,,,,,アクトシティ浜松 展示イベントホール 全ブロック,浜松市中央区板屋町111-1,,34.705528,137.735724,,,,,,,https://www.actcity.jp/event/?ym=202608,Web収集: アクトシティ浜松; source_id=src_505faf62fdeb6e6f; 説明生成=facts_only,商業施設イベント,中央区,,,,
221309,WEB7d5471a5ad,静岡県,浜松市,KIKKAWA KOJI LIVE 2026 Higher and Higher Tour,,,2026-08-16,2026-08-16,17:30,,,「KIKKAWA KOJI LIVE 2026 Higher and Higher Tour」は2026-08-16に17:30にアクトシティ浜松 大ホール開催予定です。詳細は出典URLをご確認ください。,,,,,,,アクトシティ浜松 大ホール,浜松市中央区板屋町111-1,,34.705528,137.735724,,,,,,,https://www.actcity.jp/event/?ym=202608,Web収集: アクトシティ浜松; source_id=src_505faf62fdeb6e6f; 説明生成=facts_only,商業施設イベント,中央区,,,,
221309,WEB560a2509cb,静岡県,浜松市,STARDOM 5★STAR GP 2026 in HAMAMATSU,,,2026-08-16,2026-08-16,13:00,15:00,,「STARDOM 5★STAR GP 2026 in HAMAMATSU」は2026-08-16に13:00から15:00にアクトシティ浜松 展示イベントホール 第2ブロック開催予定です。詳細は出典URLをご確認ください。,,,,,,,アクトシティ浜松 展示イベントホール 第2ブロック,浜松市中央区板屋町111-1,,34.705528,137.735724,,,,,,,https://www.actcity.jp/event/?ym=202608,Web収集: アクトシティ浜松; source_id=src_505faf62fdeb6e6f; 説明生成=facts_only,商業施設イベント,中央区,,,,
221309,WEBfe019edb7d,静岡県,浜松市,第46回田中惠子門下生による音楽会,,,2026-08-16,2026-08-16,13:00,16:00,,「第46回田中惠子門下生による音楽会」は2026-08-16に13:00から16:00にアクトシティ浜松 中ホール開催予定です。詳細は出典URLをご確認ください。,,,,,,,アクトシティ浜松 中ホール,浜松市中央区板屋町111-1,,34.705528,137.735724,,,,,,,https://www.actcity.jp/event/?ym=202608,Web収集: アクトシティ浜松; source_id=src_505faf62fdeb6e6f; 説明生成=facts_only,商業施設イベント,中央区,,,,
221309,WEB5aac9eafba,静岡県,浜松市,東京ディズニーシー25周年“スパークリング・ジュビリー”イン・コンサート,,,2026-08-20,2026-08-20,18:30,,,「東京ディズニーシー25周年“スパークリング・ジュビリー”イン・コンサート」は2026-08-20に18:30にアクトシティ浜松 大ホール開催予定です。詳細は出典URLをご確認ください。,,,,,,,アクトシティ浜松 大ホール,浜松市中央区板屋町111-1,,34.705528,137.735724,,,,,,,https://www.actcity.jp/event/?ym=202608,Web収集: アクトシティ浜松; source_id=src_505faf62fdeb6e6f; 説明生成=facts_only,商業施設イベント,中央区,,,,
221309,WEB74d9360541,静岡県,浜松市,（公財）浜松市文化振興財団後援事業 富士山静岡交響楽団 ヤマハPRESENTS 名曲クラシックコンサート,,,2026-08-21,2026-08-21,18:30,,,「（公財）浜松市文化振興財団後援事業 富士山静岡交響楽団 ヤマハPRESENTS 名曲クラシックコンサート」は2026-08-21に18:30にアクトシティ浜松 中ホール開催予定です。詳細は出典URLをご確認ください。,,,,,,,アクトシティ浜松 中ホール,浜松市中央区板屋町111-1,,34.705528,137.735724,,,,,,,https://www.actcity.jp/event/?ym=202608,Web収集: アクトシティ浜松; source_id=src_505faf62fdeb6e6f; 説明生成=facts_only,商業施設イベント,中央区,,,,
221309,WEBde382291ef,静岡県,浜松市,第2回浜松ミネラルマルシェ,,,2026-08-21,2026-08-23,11:00,18:00,,「第2回浜松ミネラルマルシェ」は2026-08-21から2026-08-23に11:00から18:00にアクトシティ浜松 展示イベントホール 1・2ブロック開催予定です。詳細は出典URLをご確認ください。,,,,,,,アクトシティ浜松 展示イベントホール 1・2ブロック,浜松市中央区板屋町111-1,,34.705528,137.735724,,,,,,,https://www.actcity.jp/event/?ym=202608,Web収集: アクトシティ浜松; source_id=src_505faf62fdeb6e6f; 説明生成=facts_only,商業施設イベント,中央区,,,,
221309,WEB5a82791f51,静岡県,浜松市,さだまさしコンサートツアー2026 神さまの言うとおり,,,2026-08-25,2026-08-25,18:00,,,「さだまさしコンサートツアー2026 神さまの言うとおり」は2026-08-25に18:00にアクトシティ浜松 大ホール開催予定です。詳細は出典URLをご確認ください。,,,,,,,アクトシティ浜松 大ホール,浜松市中央区板屋町111-1,,34.705528,137.735724,,,,,,,https://www.actcity.jp/event/?ym=202608,Web収集: アクトシティ浜松; source_id=src_505faf62fdeb6e6f; 説明生成=facts_only,商業施設イベント,中央区,,,,
221309,WEB9a3a1490f4,静岡県,浜松市,blast ブラスト！,,,2026-08-26,2026-08-26,18:30,,,「blast ブラスト！」は2026-08-26に18:30にアクトシティ浜松 大ホール開催予定です。詳細は出典URLをご確認ください。,,,,,,,アクトシティ浜松 大ホール,浜松市中央区板屋町111-1,,34.705528,137.735724,,,,,,,https://www.actcity.jp/event/?ym=202608,Web収集: アクトシティ浜松; source_id=src_505faf62fdeb6e6f; 説明生成=facts_only,商業施設イベント,中央区,,,,
221309,WEBcf55635e6a,静岡県,浜松市,オルガンミニコンサート No.122,,,2026-08-27,2026-08-27,14:00,14:30,,「オルガンミニコンサート No.122」は2026-08-27に14:00から14:30にアクトシティ浜松 中ホール開催予定です。詳細は出典URLをご確認ください。,,,,,,,アクトシティ浜松 中ホール,浜松市中央区板屋町111-1,,34.705528,137.735724,,,,,,,https://www.actcity.jp/event/?ym=202608,Web収集: アクトシティ浜松; source_id=src_505faf62fdeb6e6f; 説明生成=facts_only,商業施設イベント,中央区,,,,
221309,WEB8f1ad22d94,静岡県,浜松市,おかえり音工！これからもよろしく,,,2026-09-01,2026-09-01,18:30,,,「おかえり音工！これからもよろしく」は2026-09-01に18:30にアクトシティ浜松 研修交流センター 音楽工房ホール開催予定です。詳細は出典URLをご確認ください。,,,,,,,アクトシティ浜松 研修交流センター 音楽工房ホール,浜松市中央区板屋町111-1,,34.705528,137.735724,,,,,,,https://www.actcity.jp/event/?ym=202609,Web収集: アクトシティ浜松; source_id=src_505faf62fdeb6e6f; 説明生成=facts_only,商業施設イベント,中央区,,,,
221309,WEBde21cee02d,静岡県,浜松市,田原俊彦 Dance with KING of IDOL 2026 ～パーティーはこれからだ！～,,,2026-09-02,2026-09-02,18:30,,,「田原俊彦 Dance with KING of IDOL 2026 ～パーティーはこれからだ！～」は2026-09-02に18:30にアクトシティ浜松 大ホール開催予定です。詳細は出典URLをご確認ください。,,,,,,,アクトシティ浜松 大ホール,浜松市中央区板屋町111-1,,34.705528,137.735724,,,,,,,https://www.actcity.jp/event/?ym=202609,Web収集: アクトシティ浜松; source_id=src_505faf62fdeb6e6f; 説明生成=facts_only,商業施設イベント,中央区,,,,
221309,WEB9c4a7363dd,静岡県,浜松市,ジュニアクワイア浜松 第32回定期演奏会,,,2026-09-06,2026-09-06,13:30,,,「ジュニアクワイア浜松 第32回定期演奏会」は2026-09-06に13:30にアクトシティ浜松 中ホール開催予定です。詳細は出典URLをご確認ください。,,,,,,,アクトシティ浜松 中ホール,浜松市中央区板屋町111-1,,34.705528,137.735724,,,,,,,https://www.actcity.jp/event/?ym=202609,Web収集: アクトシティ浜松; source_id=src_505faf62fdeb6e6f; 説明生成=facts_only,商業施設イベント,中央区,,,,
221309,WEBfbc6029734,静岡県,浜松市,（公財）浜松市文化振興財団後援事業 Yuki Morita Ballet Presentation’26 Romeo&Juliet ロミオとジュリエットの物語,,,2026-09-06,2026-09-06,16:00,18:30,,「（公財）浜松市文化振興財団後援事業 Yuki Morita Ballet Presentation’26 Romeo&Juliet ロミオと」は2026-09-06に16:00から18:30にアクトシティ浜松 大ホール開催予定です。詳細は出典URLをご確認ください。,,,,,,,アクトシティ浜松 大ホール,浜松市中央区板屋町111-1,,34.705528,137.735724,,,,,,,https://www.actcity.jp/event/?ym=202609,Web収集: アクトシティ浜松; source_id=src_505faf62fdeb6e6f; 説明生成=facts_only,商業施設イベント,中央区,,,,
221309,WEBd8a0b09377,静岡県,浜松市,アクト・プレミアム・シリーズ 2026 ～世界の名演奏家たち～ Vol.44 児玉桃×セルゲイ・ハチャトゥリアン,,,2026-09-07,2026-09-07,18:45,20:45,,「アクト・プレミアム・シリーズ 2026 ～世界の名演奏家たち～ Vol.44 児玉桃×セルゲイ・ハチャトゥリアン」は2026-09-07に18:45から20:45にアクトシティ浜松 中ホール開催予定です。詳細は出典URLをご確認ください。,,,,,,,アクトシティ浜松 中ホール,浜松市中央区板屋町111-1,,34.705528,137.735724,,,,,,,https://www.actcity.jp/event/?ym=202609,Web収集: アクトシティ浜松; source_id=src_505faf62fdeb6e6f; 説明生成=facts_only,商業施設イベント,中央区,,,,
221309,WEBb86cc9f629,静岡県,浜松市,玉置浩二 with 故郷楽団 Concert Tour 2026 ファンファーレ!!,,,2026-09-09,2026-09-09,18:00,,,「玉置浩二 with 故郷楽団 Concert Tour 2026 ファンファーレ!!」は2026-09-09に18:00にアクトシティ浜松 大ホール開催予定です。詳細は出典URLをご確認ください。,,,,,,,アクトシティ浜松 大ホール,浜松市中央区板屋町111-1,,34.705528,137.735724,,,,,,,https://www.actcity.jp/event/?ym=202609,Web収集: アクトシティ浜松; source_id=src_505faf62fdeb6e6f; 説明生成=facts_only,商業施設イベント,中央区,,,,
221309,WEBcf30ff76ac,静岡県,浜松市,（公財）浜松市文化振興財団後援事業 山本和邦テューバリサイタル2026,,,2026-09-11,2026-09-11,19:00,21:00,,「（公財）浜松市文化振興財団後援事業 山本和邦テューバリサイタル2026」は2026-09-11に19:00から21:00にアクトシティ浜松 研修交流センター 音楽工房ホール開催予定です。詳細は出典URLをご確認ください。,,,,,,,アクトシティ浜松 研修交流センター 音楽工房ホール,浜松市中央区板屋町111-1,,34.705528,137.735724,,,,,,,https://www.actcity.jp/event/?ym=202609,Web収集: アクトシティ浜松; source_id=src_505faf62fdeb6e6f; 説明生成=facts_only,商業施設イベント,中央区,,,,
221309,WEB9aace05cac,静岡県,浜松市,野村萬斎 監修 アクトシティ能・狂言,,,2026-09-13,2026-09-13,15:00,17:30,,「野村萬斎 監修 アクトシティ能・狂言」は2026-09-13に15:00から17:30にアクトシティ浜松 大ホール開催予定です。詳細は出典URLをご確認ください。,,,,,,,アクトシティ浜松 大ホール,浜松市中央区板屋町111-1,,34.705528,137.735724,,,,,,,https://www.actcity.jp/event/?ym=202609,Web収集: アクトシティ浜松; source_id=src_505faf62fdeb6e6f; 説明生成=facts_only,商業施設イベント,中央区,,,,
221309,WEBac4dbd947d,静岡県,浜松市,ジュニアオーケストラ浜松 第32回定期演奏会,,,2026-09-13,2026-09-13,13:30,,,「ジュニアオーケストラ浜松 第32回定期演奏会」は2026-09-13に13:30にアクトシティ浜松 中ホール開催予定です。詳細は出典URLをご確認ください。,,,,,,,アクトシティ浜松 中ホール,浜松市中央区板屋町111-1,,34.705528,137.735724,,,,,,,https://www.actcity.jp/event/?ym=202609,Web収集: アクトシティ浜松; source_id=src_505faf62fdeb6e6f; 説明生成=facts_only,商業施設イベント,中央区,,,,
221309,WEBb173cd2aaf,静岡県,浜松市,浜松国際ピアノコンクール×東京国際指揮者コンクール 特別演奏会「プライズウィナー（入賞者）の響演」,,,2026-09-18,2026-09-18,18:30,,,「浜松国際ピアノコンクール×東京国際指揮者コンクール 特別演奏会「プライズウィナー（入賞者）の響演」」は2026-09-18に18:30にアクトシティ浜松 大ホール開催予定です。詳細は出典URLをご確認ください。,,,,,,,アクトシティ浜松 大ホール,浜松市中央区板屋町111-1,,34.705528,137.735724,,,,,,,https://www.actcity.jp/event/?ym=202609,Web収集: アクトシティ浜松; source_id=src_505faf62fdeb6e6f; 説明生成=facts_only,商業施設イベント,中央区,,,,
221309,WEBa3b31f00a3,静岡県,浜松市,(公財)浜松市文化振興財団後援事業 東京リャマ計画 ライブアルバム発売記念全国ツアー 2026 in 浜松,,,2026-09-18,2026-09-18,13:30,15:30,,「(公財)浜松市文化振興財団後援事業 東京リャマ計画 ライブアルバム発売記念全国ツアー 2026 in 浜松」は2026-09-18に13:30から15:30にアクトシティ浜松 研修交流センター 音楽工房ホール開催予定です。詳細は出典URLをご確認ください。,,,,,,,アクトシティ浜松 研修交流センター 音楽工房ホール,浜松市中央区板屋町111-1,,34.705528,137.735724,,,,,,,https://www.actcity.jp/event/?ym=202609,Web収集: アクトシティ浜松; source_id=src_505faf62fdeb6e6f; 説明生成=facts_only,商業施設イベント,中央区,,,,
221309,WEBb1a908f472,静岡県,浜松市,浜松市民文化フェスティバル2026 第19回 吹奏楽トップコンサート,,,2026-09-20,2026-09-20,13:00,,,「浜松市民文化フェスティバル2026 第19回 吹奏楽トップコンサート」は2026-09-20に13:00にアクトシティ浜松 大ホール開催予定です。詳細は出典URLをご確認ください。,,,,,,,アクトシティ浜松 大ホール,浜松市中央区板屋町111-1,,34.705528,137.735724,,,,,,,https://www.actcity.jp/event/?ym=202609,Web収集: アクトシティ浜松; source_id=src_505faf62fdeb6e6f; 説明生成=facts_only,商業施設イベント,中央区,,,,
221309,WEB401762e798,静岡県,浜松市,浜松市民文化フェスティバル2026 第23回 邦楽演奏会,,,2026-09-20,2026-09-20,13:00,,,「浜松市民文化フェスティバル2026 第23回 邦楽演奏会」は2026-09-20に13:00にアクトシティ浜松 中ホール開催予定です。詳細は出典URLをご確認ください。,,,,,,,アクトシティ浜松 中ホール,浜松市中央区板屋町111-1,,34.705528,137.735724,,,,,,,https://www.actcity.jp/event/?ym=202609,Web収集: アクトシティ浜松; source_id=src_505faf62fdeb6e6f; 説明生成=facts_only,商業施設イベント,中央区,,,,
221309,WEB728124dd62,静岡県,浜松市,（公財）浜松市文化振興財団後援事業 2つのヴァイオリンとピアノによる Trio Concert,,,2026-09-20,2026-09-20,14:00,16:00,,「（公財）浜松市文化振興財団後援事業 2つのヴァイオリンとピアノによる Trio Concert」は2026-09-20に14:00から16:00にアクトシティ浜松 音楽工房ホール開催予定です。詳細は出典URLをご確認ください。,,,,,,,アクトシティ浜松 音楽工房ホール,浜松市中央区板屋町111-1,,34.705528,137.735724,,,,,,,https://www.actcity.jp/event/?ym=202609,Web収集: アクトシティ浜松; source_id=src_505faf62fdeb6e6f; 説明生成=facts_only,商業施設イベント,中央区,,,,
221309,WEBe9f4718c6a,静岡県,浜松市,タクティールⓇケアファミリー講座・フォローアップセミナー,,,2026-09-21,2026-09-22,09:30,16:30,,「タクティールⓇケアファミリー講座・フォローアップセミナー」は2026-09-21から2026-09-22に09:30から16:30にアクトシティ浜松 研修交流センター 405会議室開催予定です。詳細は出典URLをご確認ください。,,,,,,,アクトシティ浜松 研修交流センター 405会議室,浜松市中央区板屋町111-1,,34.705528,137.735724,,,,,,,https://www.actcity.jp/event/?ym=202609,Web収集: アクトシティ浜松; source_id=src_505faf62fdeb6e6f; 説明生成=facts_only,商業施設イベント,中央区,,,,
221309,WEBab998db600,静岡県,浜松市,（公財）浜松市文化振興財団後援事業 竹内弦楽四重奏団,,,2026-09-22,2026-09-22,18:30,20:30,,「（公財）浜松市文化振興財団後援事業 竹内弦楽四重奏団」は2026-09-22に18:30から20:30にアクトシティ浜松 研修交流センター 音楽工房ホール開催予定です。詳細は出典URLをご確認ください。,,,,,,,アクトシティ浜松 研修交流センター 音楽工房ホール,浜松市中央区板屋町111-1,,34.705528,137.735724,,,,,,,https://www.actcity.jp/event/?ym=202609,Web収集: アクトシティ浜松; source_id=src_505faf62fdeb6e6f; 説明生成=facts_only,商業施設イベント,中央区,,,,
221309,WEBada42f0af1,静岡県,浜松市,浜松学芸高等学校芸術科音楽コース 第45回定期演奏会,,,2026-09-22,2026-09-22,14:00,16:00,,「浜松学芸高等学校芸術科音楽コース 第45回定期演奏会」は2026-09-22に14:00から16:00にアクトシティ浜松 中ホール開催予定です。詳細は出典URLをご確認ください。,,,,,,,アクトシティ浜松 中ホール,浜松市中央区板屋町111-1,,34.705528,137.735724,,,,,,,https://www.actcity.jp/event/?ym=202609,Web収集: アクトシティ浜松; source_id=src_505faf62fdeb6e6f; 説明生成=facts_only,商業施設イベント,中央区,,,,
221309,WEBced0f11969,静岡県,浜松市,薬師丸ひろ子 Concert Tour 2026 ～明日が来る～,,,2026-09-23,2026-09-23,17:00,,,「薬師丸ひろ子 Concert Tour 2026 ～明日が来る～」は2026-09-23に17:00にアクトシティ浜松 大ホール開催予定です。詳細は出典URLをご確認ください。,,,,,,,アクトシティ浜松 大ホール,浜松市中央区板屋町111-1,,34.705528,137.735724,,,,,,,https://www.actcity.jp/event/?ym=202609,Web収集: アクトシティ浜松; source_id=src_505faf62fdeb6e6f; 説明生成=facts_only,商業施設イベント,中央区,,,,
221309,WEBd8812184fc,静岡県,浜松市,（公財）浜松市文化振興財団後援事業 AVANTI PRESENTS 歌の力Vol.3 日本の歌 コンサート,,,2026-09-23,2026-09-23,14:00,16:00,,「（公財）浜松市文化振興財団後援事業 AVANTI PRESENTS 歌の力Vol.3 日本の歌 コンサート」は2026-09-23に14:00から16:00にアクトシティ浜松 研修交流センター 音楽工房ホール開催予定です。詳細は出典URLをご確認ください。,,,,,,,アクトシティ浜松 研修交流センター 音楽工房ホール,浜松市中央区板屋町111-1,,34.705528,137.735724,,,,,,,https://www.actcity.jp/event/?ym=202609,Web収集: アクトシティ浜松; source_id=src_505faf62fdeb6e6f; 説明生成=facts_only,商業施設イベント,中央区,,,,
221309,WEB85977ed567,静岡県,浜松市,第22回健康はままつ21講演会,,,2026-09-26,2026-09-26,13:30,16:30,,「第22回健康はままつ21講演会」は2026-09-26に13:30から16:30にアクトシティ浜松 中ホール開催予定です。詳細は出典URLをご確認ください。,,,,,,,アクトシティ浜松 中ホール,浜松市中央区板屋町111-1,,34.705528,137.735724,,,,,,,https://www.actcity.jp/event/?ym=202609,Web収集: アクトシティ浜松; source_id=src_505faf62fdeb6e6f; 説明生成=facts_only,商業施設イベント,中央区,,,,
221309,WEB8bcf884704,静岡県,浜松市,第221回レクチャーコンサート ワヤン・クリッ in バリ 『マハーバーラタより ビマ、天界へ行く』,,,2026-09-27,2026-09-27,14:00,,,「第221回レクチャーコンサート ワヤン・クリッ in バリ 『マハーバーラタより ビマ、天界へ行く』」は2026-09-27に14:00にアクトシティ浜松 研修交流センター 音楽工房ホール開催予定です。詳細は出典URLをご確認ください。,,,,,,,アクトシティ浜松 研修交流センター 音楽工房ホール,浜松市中央区板屋町111-1,,34.705528,137.735724,,,,,,,https://www.actcity.jp/event/?ym=202609,Web収集: アクトシティ浜松; source_id=src_505faf62fdeb6e6f; 説明生成=facts_only,商業施設イベント,中央区,,,,
221309,WEB5fd6d7b0f4,静岡県,浜松市,早期教育プロジェクト2026 in 浜松 ピアノ部門 公開レッスン＆コンサート,,,2026-10-03,2026-10-03,10:30,16:55,,「早期教育プロジェクト2026 in 浜松 ピアノ部門 公開レッスン＆コンサート」は2026-10-03に10:30から16:55にアクトシティ浜松 研修交流センター 音楽工房ホール開催予定です。詳細は出典URLをご確認ください。,,,,,,,アクトシティ浜松 研修交流センター 音楽工房ホール,浜松市中央区板屋町111-1,,34.705528,137.735724,,,,,,,https://www.actcity.jp/event/?ym=202610,Web収集: アクトシティ浜松; source_id=src_505faf62fdeb6e6f; 説明生成=facts_only,商業施設イベント,中央区,,,,
221309,WEBbfece6708a,静岡県,浜松市,The Road to 2027 プロジェクト in 浜松 仲道郁代 ピアノ・リサイタル Vol.14「組曲～調和と心慮～」,,,2026-10-04,2026-10-04,14:00,16:00,,「The Road to 2027 プロジェクト in 浜松 仲道郁代 ピアノ・リサイタル Vol.14「組曲～調和と心慮～」」は2026-10-04に14:00から16:00にアクトシティ浜松 中ホール開催予定です。詳細は出典URLをご確認ください。,,,,,,,アクトシティ浜松 中ホール,浜松市中央区板屋町111-1,,34.705528,137.735724,,,,,,,https://www.actcity.jp/event/?ym=202610,Web収集: アクトシティ浜松; source_id=src_505faf62fdeb6e6f; 説明生成=facts_only,商業施設イベント,中央区,,,,
221309,WEB726ac73d47,静岡県,浜松市,早期教育プロジェクト2026 in 浜松 ヴァイオリン・チェロ部門 公開レッスン＆コンサート,,,2026-10-04,2026-10-04,10:30,17:50,,「早期教育プロジェクト2026 in 浜松 ヴァイオリン・チェロ部門 公開レッスン＆コンサート」は2026-10-04に10:30から17:50にアクトシティ浜松 研修交流センター 音楽工房ホール開催予定です。詳細は出典URLをご確認ください。,,,,,,,アクトシティ浜松 研修交流センター 音楽工房ホール,浜松市中央区板屋町111-1,,34.705528,137.735724,,,,,,,https://www.actcity.jp/event/?ym=202610,Web収集: アクトシティ浜松; source_id=src_505faf62fdeb6e6f; 説明生成=facts_only,商業施設イベント,中央区,,,,
221309,WEBe99428b0a0,静岡県,浜松市,純烈コンサート2026 あなたと葛根湯を飲みながら,,,2026-10-05,2026-10-05,14:00,,,「純烈コンサート2026 あなたと葛根湯を飲みながら」は2026-10-05に14:00にアクトシティ浜松 大ホール開催予定です。詳細は出典URLをご確認ください。,,,,,,,アクトシティ浜松 大ホール,浜松市中央区板屋町111-1,,34.705528,137.735724,,,,,,,https://www.actcity.jp/event/?ym=202610,Web収集: アクトシティ浜松; source_id=src_505faf62fdeb6e6f; 説明生成=facts_only,商業施設イベント,中央区,,,,
221309,WEB08cf591cb1,静岡県,浜松市,レオナルド・ヒルスドルフ：旧世界からブラジルへ ～音楽の旅～,,,2026-10-08,2026-10-08,19:00,20:30,,「レオナルド・ヒルスドルフ：旧世界からブラジルへ ～音楽の旅～」は2026-10-08に19:00から20:30にアクトシティ浜松 研修交流センター 音楽工房ホール開催予定です。詳細は出典URLをご確認ください。,,,,,,,アクトシティ浜松 研修交流センター 音楽工房ホール,浜松市中央区板屋町111-1,,34.705528,137.735724,,,,,,,https://www.actcity.jp/event/?ym=202610,Web収集: アクトシティ浜松; source_id=src_505faf62fdeb6e6f; 説明生成=facts_only,商業施設イベント,中央区,,,,
221309,WEB5ae934f6a9,静岡県,浜松市,明治大学グリークラブ 浜松演奏会,,,2026-10-11,2026-10-11,15:00,,,「明治大学グリークラブ 浜松演奏会」は2026-10-11に15:00にアクトシティ浜松 中ホール開催予定です。詳細は出典URLをご確認ください。,,,,,,,アクトシティ浜松 中ホール,浜松市中央区板屋町111-1,,34.705528,137.735724,,,,,,,https://www.actcity.jp/event/?ym=202610,Web収集: アクトシティ浜松; source_id=src_505faf62fdeb6e6f; 説明生成=facts_only,商業施設イベント,中央区,,,,
221309,WEBc0b373895a,静岡県,浜松市,浜松市民文化フェスティバル2026 バレエ・ダンスの祭典,,,2026-10-11,2026-10-11,15:00,16:45,,「浜松市民文化フェスティバル2026 バレエ・ダンスの祭典」は2026-10-11に15:00から16:45にアクトシティ浜松 大ホール開催予定です。詳細は出典URLをご確認ください。,,,,,,,アクトシティ浜松 大ホール,浜松市中央区板屋町111-1,,34.705528,137.735724,,,,,,,https://www.actcity.jp/event/?ym=202610,Web収集: アクトシティ浜松; source_id=src_505faf62fdeb6e6f; 説明生成=facts_only,商業施設イベント,中央区,,,,
221309,WEBb7fe71cc91,静岡県,浜松市,ネオナート マンドリンアンサンブル,,,2026-10-11,2026-10-11,14:00,16:00,,「ネオナート マンドリンアンサンブル」は2026-10-11に14:00から16:00にアクトシティ浜松 研修交流センター 音楽工房ホール開催予定です。詳細は出典URLをご確認ください。,,,,,,,アクトシティ浜松 研修交流センター 音楽工房ホール,浜松市中央区板屋町111-1,,34.705528,137.735724,,,,,,,https://www.actcity.jp/event/?ym=202610,Web収集: アクトシティ浜松; source_id=src_505faf62fdeb6e6f; 説明生成=facts_only,商業施設イベント,中央区,,,,
221309,WEB7df608c2b5,静岡県,浜松市,（公財）浜松市文化振興財団後援事業 2026四季のコンサート～秋～ 浜松ゆかりの演奏家シリーズVol.3,,,2026-10-12,2026-10-12,18:30,20:30,,「（公財）浜松市文化振興財団後援事業 2026四季のコンサート～秋～ 浜松ゆかりの演奏家シリーズVol.3」は2026-10-12に18:30から20:30にアクトシティ浜松 中ホール開催予定です。詳細は出典URLをご確認ください。,,,,,,,アクトシティ浜松 中ホール,浜松市中央区板屋町111-1,,34.705528,137.735724,,,,,,,https://www.actcity.jp/event/?ym=202610,Web収集: アクトシティ浜松; source_id=src_505faf62fdeb6e6f; 説明生成=facts_only,商業施設イベント,中央区,,,,
221309,WEB0a85589039,静岡県,浜松市,清塚信也 with NHK交響楽団メンバー～カラフル・ミュージック・ツアー～2026,,,2026-10-12,2026-10-12,15:00,,,「清塚信也 with NHK交響楽団メンバー～カラフル・ミュージック・ツアー～2026」は2026-10-12に15:00にアクトシティ浜松 大ホール開催予定です。詳細は出典URLをご確認ください。,,,,,,,アクトシティ浜松 大ホール,浜松市中央区板屋町111-1,,34.705528,137.735724,,,,,,,https://www.actcity.jp/event/?ym=202610,Web収集: アクトシティ浜松; source_id=src_505faf62fdeb6e6f; 説明生成=facts_only,商業施設イベント,中央区,,,,
221309,WEB5b1e5d9a3c,静岡県,浜松市,葉加瀬太郎 コンサートツアー2026,,,2026-10-15,2026-10-15,18:30,,,「葉加瀬太郎 コンサートツアー2026」は2026-10-15に18:30にアクトシティ浜松 大ホール開催予定です。詳細は出典URLをご確認ください。,,,,,,,アクトシティ浜松 大ホール,浜松市中央区板屋町111-1,,34.705528,137.735724,,,,,,,https://www.actcity.jp/event/?ym=202610,Web収集: アクトシティ浜松; source_id=src_505faf62fdeb6e6f; 説明生成=facts_only,商業施設イベント,中央区,,,,
221309,WEBee84fe4a11,静岡県,浜松市,ヘルシンキ・フィルハーモニー管弦楽団 with 角野隼斗,,,2026-10-16,2026-10-16,19:00,21:00,,「ヘルシンキ・フィルハーモニー管弦楽団 with 角野隼斗」は2026-10-16に19:00から21:00にアクトシティ浜松 大ホール開催予定です。詳細は出典URLをご確認ください。,,,,,,,アクトシティ浜松 大ホール,浜松市中央区板屋町111-1,,34.705528,137.735724,,,,,,,https://www.actcity.jp/event/?ym=202610,Web収集: アクトシティ浜松; source_id=src_505faf62fdeb6e6f; 説明生成=facts_only,商業施設イベント,中央区,,,,
221309,WEBfcd0b662b7,静岡県,浜松市,The 34th ハママツ・ジャズ・ウィーク スチューデント ジャズ フェスティバル,,,2026-10-17,2026-10-17,12:30,16:45,,「The 34th ハママツ・ジャズ・ウィーク スチューデント ジャズ フェスティバル」は2026-10-17に12:30から16:45にアクトシティ浜松 中ホール開催予定です。詳細は出典URLをご確認ください。,,,,,,,アクトシティ浜松 中ホール,浜松市中央区板屋町111-1,,34.705528,137.735724,,,,,,,https://www.actcity.jp/event/?ym=202610,Web収集: アクトシティ浜松; source_id=src_505faf62fdeb6e6f; 説明生成=facts_only,商業施設イベント,中央区,,,,
221309,WEBf663b650be,静岡県,浜松市,（公財）浜松市文化振興財団後援事業 綾小路きみまろ 爆笑！スーパーライブ 浜松公演,,,2026-10-18,2026-10-18,14:00,,,「（公財）浜松市文化振興財団後援事業 綾小路きみまろ 爆笑！スーパーライブ 浜松公演」は2026-10-18に14:00にアクトシティ浜松 大ホール開催予定です。詳細は出典URLをご確認ください。,,,,,,,アクトシティ浜松 大ホール,浜松市中央区板屋町111-1,,34.705528,137.735724,,,,,,,https://www.actcity.jp/event/?ym=202610,Web収集: アクトシティ浜松; source_id=src_505faf62fdeb6e6f; 説明生成=facts_only,商業施設イベント,中央区,,,,
221309,WEB0b84850625,静岡県,浜松市,富士山静岡交響楽団 第138回定期演奏会＜浜松公演＞,,,2026-10-24,2026-10-24,13:30,,,「富士山静岡交響楽団 第138回定期演奏会＜浜松公演＞」は2026-10-24に13:30にアクトシティ浜松 中ホール開催予定です。詳細は出典URLをご確認ください。,,,,,,,アクトシティ浜松 中ホール,浜松市中央区板屋町111-1,,34.705528,137.735724,,,,,,,https://www.actcity.jp/event/?ym=202610,Web収集: アクトシティ浜松; source_id=src_505faf62fdeb6e6f; 説明生成=facts_only,商業施設イベント,中央区,,,,
221309,WEB9d2c9db312,静岡県,浜松市,（公財）浜松市文化振興財団後援事業 大野恵子ヴォーカルリサイタル,,,2026-10-25,2026-10-25,15:00,16:00,,「（公財）浜松市文化振興財団後援事業 大野恵子ヴォーカルリサイタル」は2026-10-25に15:00から16:00にアクトシティ浜松 研修交流センター 音楽工房ホール開催予定です。詳細は出典URLをご確認ください。,,,,,,,アクトシティ浜松 研修交流センター 音楽工房ホール,浜松市中央区板屋町111-1,,34.705528,137.735724,,,,,,,https://www.actcity.jp/event/?ym=202610,Web収集: アクトシティ浜松; source_id=src_505faf62fdeb6e6f; 説明生成=facts_only,商業施設イベント,中央区,,,,
221309,WEB5db7777375,静岡県,浜松市,The 34th ハママツ・ジャズ・ウィーク ヤマハ ジャズ フェスティバル,,,2026-10-25,2026-10-25,13:00,17:15,,「The 34th ハママツ・ジャズ・ウィーク ヤマハ ジャズ フェスティバル」は2026-10-25に13:00から17:15にアクトシティ浜松 大ホール開催予定です。詳細は出典URLをご確認ください。,,,,,,,アクトシティ浜松 大ホール,浜松市中央区板屋町111-1,,34.705528,137.735724,,,,,,,https://www.actcity.jp/event/?ym=202610,Web収集: アクトシティ浜松; source_id=src_505faf62fdeb6e6f; 説明生成=facts_only,商業施設イベント,中央区,,,,
221309,WEB9f8dcfd675,静岡県,浜松市,浜松みんなの文化応援助成事業 カール ヤイトラー指揮 第5回ウィーン音楽コンサート,,,2026-10-25,2026-10-25,14:00,,,「浜松みんなの文化応援助成事業 カール ヤイトラー指揮 第5回ウィーン音楽コンサート」は2026-10-25に14:00にアクトシティ浜松 中ホール開催予定です。詳細は出典URLをご確認ください。,,,,,,,アクトシティ浜松 中ホール,浜松市中央区板屋町111-1,,34.705528,137.735724,,,,,,,https://www.actcity.jp/event/?ym=202610,Web収集: アクトシティ浜松; source_id=src_505faf62fdeb6e6f; 説明生成=facts_only,商業施設イベント,中央区,,,,
221309,WEBa49062df9d,静岡県,浜松市,（公財）浜松市文化振興財団後援事業 カワイコンサート2026 イ・ヒョ ピアノリサイタル,,,2026-10-28,2026-10-28,18:30,20:30,,「（公財）浜松市文化振興財団後援事業 カワイコンサート2026 イ・ヒョ ピアノリサイタル」は2026-10-28に18:30から20:30にアクトシティ浜松 中ホール開催予定です。詳細は出典URLをご確認ください。,,,,,,,アクトシティ浜松 中ホール,浜松市中央区板屋町111-1,,34.705528,137.735724,,,,,,,https://www.actcity.jp/event/?ym=202610,Web収集: アクトシティ浜松; source_id=src_505faf62fdeb6e6f; 説明生成=facts_only,商業施設イベント,中央区,,,,
221309,WEB650563f982,静岡県,浜松市,転職・就職イベント シゴトフェア,,,2026-11-03,2026-11-03,11:00,17:00,,「転職・就職イベント シゴトフェア」は2026-11-03に11:00から17:00にアクトシティ浜松 展示イベントホール 第1ブロック開催予定です。詳細は出典URLをご確認ください。,,,,,,,アクトシティ浜松 展示イベントホール 第1ブロック,浜松市中央区板屋町111-1,,34.705528,137.735724,,,,,,,https://www.actcity.jp/event/?ym=202611,Web収集: アクトシティ浜松; source_id=src_505faf62fdeb6e6f; 説明生成=facts_only,商業施設イベント,中央区,,,,
221309,WEBed9200943d,静岡県,浜松市,アクト･ニューアーティスト･シリーズ2026 No.152 水野斗希（コントラバス）,,,2026-11-07,2026-11-07,14:00,16:00,,「アクト･ニューアーティスト･シリーズ2026 No.152 水野斗希（コントラバス）」は2026-11-07に14:00から16:00にアクトシティ浜松 研修交流センター 音楽工房ホール開催予定です。詳細は出典URLをご確認ください。,,,,,,,アクトシティ浜松 研修交流センター 音楽工房ホール,浜松市中央区板屋町111-1,,34.705528,137.735724,,,,,,,https://www.actcity.jp/event/?ym=202611,Web収集: アクトシティ浜松; source_id=src_505faf62fdeb6e6f; 説明生成=facts_only,商業施設イベント,中央区,,,,
221309,WEBabac1e3e26,静岡県,浜松市,第79回全日本合唱コンクール全国大会 小学生部門,,,2026-11-08,2026-11-08,10:00,17:00,,「第79回全日本合唱コンクール全国大会 小学生部門」は2026-11-08に10:00から17:00にアクトシティ浜松 大ホール開催予定です。詳細は出典URLをご確認ください。,,,,,,,アクトシティ浜松 大ホール,浜松市中央区板屋町111-1,,34.705528,137.735724,,,,,,,https://www.actcity.jp/event/?ym=202611,Web収集: アクトシティ浜松; source_id=src_505faf62fdeb6e6f; 説明生成=facts_only,商業施設イベント,中央区,,,,
221309,WEB3076a4dbb9,静岡県,浜松市,第10回静岡国際オペラコンクール 第1次予選,,,2026-11-14,2026-11-16,13:30,,,「第10回静岡国際オペラコンクール 第1次予選」は2026-11-14から2026-11-16に13:30にアクトシティ浜松 大ホール開催予定です。詳細は出典URLをご確認ください。,,,,,,,アクトシティ浜松 大ホール,浜松市中央区板屋町111-1,,34.705528,137.735724,,,,,,,https://www.actcity.jp/event/?ym=202611,Web収集: アクトシティ浜松; source_id=src_505faf62fdeb6e6f; 説明生成=facts_only,商業施設イベント,中央区,,,,
221309,WEB9820e877bd,静岡県,浜松市,（公財）浜松市文化振興財団後援事業 富士山静岡交響楽団 名曲コンサート in はままつ,,,2026-11-15,2026-11-15,13:30,,,「（公財）浜松市文化振興財団後援事業 富士山静岡交響楽団 名曲コンサート in はままつ」は2026-11-15に13:30にアクトシティ浜松 中ホール開催予定です。詳細は出典URLをご確認ください。,,,,,,,アクトシティ浜松 中ホール,浜松市中央区板屋町111-1,,34.705528,137.735724,,,,,,,https://www.actcity.jp/event/?ym=202611,Web収集: アクトシティ浜松; source_id=src_505faf62fdeb6e6f; 説明生成=facts_only,商業施設イベント,中央区,,,,
221309,WEB1b47f14926,静岡県,浜松市,第10回静岡国際オペラコンクール 第2次予選,,,2026-11-18,2026-11-19,13:30,,,「第10回静岡国際オペラコンクール 第2次予選」は2026-11-18から2026-11-19に13:30にアクトシティ浜松 大ホール開催予定です。詳細は出典URLをご確認ください。,,,,,,,アクトシティ浜松 大ホール,浜松市中央区板屋町111-1,,34.705528,137.735724,,,,,,,https://www.actcity.jp/event/?ym=202611,Web収集: アクトシティ浜松; source_id=src_505faf62fdeb6e6f; 説明生成=facts_only,商業施設イベント,中央区,,,,
221309,WEB70f7b6d1cb,静岡県,浜松市,第10回静岡国際オペラコンクール 本選・表彰式,,,2026-11-22,2026-11-22,13:30,,,「第10回静岡国際オペラコンクール 本選・表彰式」は2026-11-22に13:30にアクトシティ浜松 大ホール開催予定です。詳細は出典URLをご確認ください。,,,,,,,アクトシティ浜松 大ホール,浜松市中央区板屋町111-1,,34.705528,137.735724,,,,,,,https://www.actcity.jp/event/?ym=202611,Web収集: アクトシティ浜松; source_id=src_505faf62fdeb6e6f; 説明生成=facts_only,商業施設イベント,中央区,,,,
221309,WEBdcdbbd4e29,静岡県,浜松市,尾崎亜美 50th Amii-versary Concert Tour 2026,,,2026-11-23,2026-11-23,17:30,19:30,,「尾崎亜美 50th Amii-versary Concert Tour 2026」は2026-11-23に17:30から19:30にアクトシティ浜松 中ホール開催予定です。詳細は出典URLをご確認ください。,,,,,,,アクトシティ浜松 中ホール,浜松市中央区板屋町111-1,,34.705528,137.735724,,,,,,,https://www.actcity.jp/event/?ym=202611,Web収集: アクトシティ浜松; source_id=src_505faf62fdeb6e6f; 説明生成=facts_only,商業施設イベント,中央区,,,,
221309,WEB81da556cb1,静岡県,浜松市,～Dou 20th Anniversary～ 上原ひろみ×熊谷和徳 JAPAN TOUR 2026,,,2026-11-23,2026-11-23,17:00,,,「～Dou 20th Anniversary～ 上原ひろみ×熊谷和徳 JAPAN TOUR 2026」は2026-11-23に17:00にアクトシティ浜松 大ホール開催予定です。詳細は出典URLをご確認ください。,,,,,,,アクトシティ浜松 大ホール,浜松市中央区板屋町111-1,,34.705528,137.735724,,,,,,,https://www.actcity.jp/event/?ym=202611,Web収集: アクトシティ浜松; source_id=src_505faf62fdeb6e6f; 説明生成=facts_only,商業施設イベント,中央区,,,,
221309,WEBbc9078402c,静岡県,浜松市,アクト・プレミアム・シリーズ 2026 ～世界の名演奏家たち～ Vol.45 レ・ヴァン・フランセ,,,2026-11-25,2026-11-25,18:45,20:45,,「アクト・プレミアム・シリーズ 2026 ～世界の名演奏家たち～ Vol.45 レ・ヴァン・フランセ」は2026-11-25に18:45から20:45にアクトシティ浜松 中ホール開催予定です。詳細は出典URLをご確認ください。,,,,,,,アクトシティ浜松 中ホール,浜松市中央区板屋町111-1,,34.705528,137.735724,,,,,,,https://www.actcity.jp/event/?ym=202611,Web収集: アクトシティ浜松; source_id=src_505faf62fdeb6e6f; 説明生成=facts_only,商業施設イベント,中央区,,,,
221309,WEB5fd711f172,静岡県,浜松市,アクト･ニューアーティスト･シリーズ2026 No.153 宮川春菜（ギター）,,,2026-12-06,2026-12-06,14:00,16:00,,「アクト･ニューアーティスト･シリーズ2026 No.153 宮川春菜（ギター）」は2026-12-06に14:00から16:00にアクトシティ浜松 音楽工房ホール開催予定です。詳細は出典URLをご確認ください。,,,,,,,アクトシティ浜松 音楽工房ホール,浜松市中央区板屋町111-1,,34.705528,137.735724,,,,,,,https://www.actcity.jp/event/?ym=202612,Web収集: アクトシティ浜松; source_id=src_505faf62fdeb6e6f; 説明生成=facts_only,商業施設イベント,中央区,,,,
221309,WEB3a997be272,静岡県,浜松市,（公財）浜松市文化振興財団後援事業 2026四季のコンサート～冬～ 小林愛実 ピアノリサイタル,,,2026-12-10,2026-12-10,18:30,20:30,,「（公財）浜松市文化振興財団後援事業 2026四季のコンサート～冬～ 小林愛実 ピアノリサイタル」は2026-12-10に18:30から20:30にアクトシティ浜松 中ホール開催予定です。詳細は出典URLをご確認ください。,,,,,,,アクトシティ浜松 中ホール,浜松市中央区板屋町111-1,,34.705528,137.735724,,,,,,,https://www.actcity.jp/event/?ym=202612,Web収集: アクトシティ浜松; source_id=src_505faf62fdeb6e6f; 説明生成=facts_only,商業施設イベント,中央区,,,,
221309,WEBe538e922e1,静岡県,浜松市,アクト・プレミアム・シリーズ 2026 ～世界の名演奏家たち～ vol.46 小曽根真 クリスマス・スペシャル TRiNFiNiTY “For Someone” featuring アナ・マリア・ヨペック,,,2026-12-15,2026-12-15,18:45,20:45,,「アクト・プレミアム・シリーズ 2026 ～世界の名演奏家たち～ vol.46 小曽根真 クリスマス・スペシャル TRiNFiNiTY “Fo」は2026-12-15に18:45から20:45にアクトシティ浜松 中ホール開催予定です。詳細は出典URLをご確認ください。,,,,,,,アクトシティ浜松 中ホール,浜松市中央区板屋町111-1,,34.705528,137.735724,,,,,,,https://www.actcity.jp/event/?ym=202612,Web収集: アクトシティ浜松; source_id=src_505faf62fdeb6e6f; 説明生成=facts_only,商業施設イベント,中央区,,,,
221309,WEBfde70d037d,静岡県,浜松市,キーウ・クラシック・バレエ くるみ割り人形 全幕,,,2026-12-15,2026-12-15,18:30,20:30,,「キーウ・クラシック・バレエ くるみ割り人形 全幕」は2026-12-15に18:30から20:30にアクトシティ浜松 大ホール開催予定です。詳細は出典URLをご確認ください。,,,,,,,アクトシティ浜松 大ホール,浜松市中央区板屋町111-1,,34.705528,137.735724,,,,,,,https://www.actcity.jp/event/?ym=202612,Web収集: アクトシティ浜松; source_id=src_505faf62fdeb6e6f; 説明生成=facts_only,商業施設イベント,中央区,,,,
221309,WEB2ba4e32d67,静岡県,浜松市,チャイコフスキー・バレエ劇場「くるみ割り人形」,,,2026-12-23,2026-12-23,18:30,20:30,,「チャイコフスキー・バレエ劇場「くるみ割り人形」」は2026-12-23に18:30から20:30にアクトシティ浜松 大ホール開催予定です。詳細は出典URLをご確認ください。,,,,,,,アクトシティ浜松 大ホール,浜松市中央区板屋町111-1,,34.705528,137.735724,,,,,,,https://www.actcity.jp/event/?ym=202612,Web収集: アクトシティ浜松; source_id=src_505faf62fdeb6e6f; 説明生成=facts_only,商業施設イベント,中央区,,,,
221309,WEB2a939ea523,静岡県,浜松市,（公財）浜松市文化振興財団後援事業 KO SHIBASAKI LIVE TOUR 2026 ACTOR’S THE BEST～泡沫～,,,2026-12-26,2026-12-26,18:00,,,「（公財）浜松市文化振興財団後援事業 KO SHIBASAKI LIVE TOUR 2026 ACTOR’S THE BEST～泡沫～」は2026-12-26に18:00にアクトシティ浜松 大ホール開催予定です。詳細は出典URLをご確認ください。,,,,,,,アクトシティ浜松 大ホール,浜松市中央区板屋町111-1,,34.705528,137.735724,,,,,,,https://www.actcity.jp/event/?ym=202612,Web収集: アクトシティ浜松; source_id=src_505faf62fdeb6e6f; 説明生成=facts_only,商業施設イベント,中央区,,,,
221309,WEBcb6e4e890b,静岡県,浜松市,ディズニー・オン・クラシック まほうの夜の音楽会 2026,,,2026-12-27,2026-12-27,17:00,19:30,,「ディズニー・オン・クラシック まほうの夜の音楽会 2026」は2026-12-27に17:00から19:30にアクトシティ浜松 大ホール開催予定です。詳細は出典URLをご確認ください。,,,,,,,アクトシティ浜松 大ホール,浜松市中央区板屋町111-1,,34.705528,137.735724,,,,,,,https://www.actcity.jp/event/?ym=202612,Web収集: アクトシティ浜松; source_id=src_505faf62fdeb6e6f; 説明生成=facts_only,商業施設イベント,中央区,,,,
221309,WEB2d60a94026,静岡県,浜松市,ジャン・チャクムル＆コルクマズ・ジャン・サーラム 2台ピアノで贈る第九,,,2026-12-27,2026-12-27,14:00,16:30,,「ジャン・チャクムル＆コルクマズ・ジャン・サーラム 2台ピアノで贈る第九」は2026-12-27に14:00から16:30にアクトシティ浜松 中ホール開催予定です。詳細は出典URLをご確認ください。,,,,,,,アクトシティ浜松 中ホール,浜松市中央区板屋町111-1,,34.705528,137.735724,,,,,,,https://www.actcity.jp/event/?ym=202612,Web収集: アクトシティ浜松; source_id=src_505faf62fdeb6e6f; 説明生成=facts_only,商業施設イベント,中央区,,,,
221309,WEB68fd19ef17,静岡県,浜松市,（公財）浜松市文化振興財団後援事業 ウィンナー・ワルツ2027「ウィーン宮殿祝賀コンサート」,,,2027-01-09,2027-01-09,14:00,16:00,,「（公財）浜松市文化振興財団後援事業 ウィンナー・ワルツ2027「ウィーン宮殿祝賀コンサート」」は2027-01-09に14:00から16:00にアクトシティ浜松 中ホール開催予定です。詳細は出典URLをご確認ください。,,,,,,,アクトシティ浜松 中ホール,浜松市中央区板屋町111-1,,34.705528,137.735724,,,,,,,https://www.actcity.jp/event/?ym=202701,Web収集: アクトシティ浜松; source_id=src_505faf62fdeb6e6f; 説明生成=facts_only,商業施設イベント,中央区,,,,
221309,WEBc6fe827655,静岡県,浜松市,大石莉帆クラリネットコンサート,,,2027-01-10,2027-01-10,14:00,15:30,,「大石莉帆クラリネットコンサート」は2027-01-10に14:00から15:30にアクトシティ浜松 中ホール開催予定です。詳細は出典URLをご確認ください。,,,,,,,アクトシティ浜松 中ホール,浜松市中央区板屋町111-1,,34.705528,137.735724,,,,,,,https://www.actcity.jp/event/?ym=202701,Web収集: アクトシティ浜松; source_id=src_505faf62fdeb6e6f; 説明生成=facts_only,商業施設イベント,中央区,,,,
221309,WEB72d2e9196c,静岡県,浜松市,YAMATO String Quartet classical＆unlimited∞,,,2027-01-11,2027-01-11,14:00,16:00,,「YAMATO String Quartet classical＆unlimited∞」は2027-01-11に14:00から16:00にアクトシティ浜松 中ホール開催予定です。詳細は出典URLをご確認ください。,,,,,,,アクトシティ浜松 中ホール,浜松市中央区板屋町111-1,,34.705528,137.735724,,,,,,,https://www.actcity.jp/event/?ym=202701,Web収集: アクトシティ浜松; source_id=src_505faf62fdeb6e6f; 説明生成=facts_only,商業施設イベント,中央区,,,,
221309,WEB5e8e3d4d6e,静岡県,浜松市,ASKA CONCERT TOUR 2026-2027 ”Lock-on”,,,2027-01-24,2027-01-24,17:00,,,「ASKA CONCERT TOUR 2026-2027 ”Lock-on”」は2027-01-24に17:00にアクトシティ浜松 大ホール開催予定です。詳細は出典URLをご確認ください。,,,,,,,アクトシティ浜松 大ホール,浜松市中央区板屋町111-1,,34.705528,137.735724,,,,,,,https://www.actcity.jp/event/?ym=202701,Web収集: アクトシティ浜松; source_id=src_505faf62fdeb6e6f; 説明生成=facts_only,商業施設イベント,中央区,,,,
221309,WEB98e7ebf1bd,静岡県,浜松市,京の老舗名店味紀行,,,2026-08-05,2026-08-11,10:00,19:30,,「京の老舗名店味紀行」は2026-08-05から2026-08-11に10:00から19:30に遠鉄百貨店 本館B1F 食料品催場開催予定です。詳細は出典URLをご確認ください。,,,,053-457-5500,,,遠鉄百貨店 本館B1F 食料品催場,浜松市中央区砂山町320-2,,34.7037909,137.7331523,,,,,,,https://www.endepa.com/exhall/,Web収集: 遠鉄百貨店; source_id=src_461453dfb86fc3a2; 説明生成=facts_only,スウィーツ・フード,中央区,2026-07-24,2026-07-24,,
221309,WEB364cdf62d8,静岡県,浜松市,〈ベラ〉,,,2026-08-20,2026-09-08,10:00,19:00,,「〈ベラ〉」は2026-08-20から2026-09-08に10:00から19:00に遠鉄百貨店 本館4F 特設会場開催予定です。詳細は出典URLをご確認ください。,,,,053-457-6555,,,遠鉄百貨店 本館4F 特設会場,浜松市中央区砂山町320-2,,34.7037909,137.7331523,,,,,,,https://www.endepa.com/event/ds2coru_7cc,Web収集: 遠鉄百貨店; source_id=src_461453dfb86fc3a2; 説明生成=facts_only,レディス,中央区,2026-07-24,2026-07-24,,
221309,WEB7eed1d2cd6,静岡県,浜松市,〈セレブ〉,,,2026-08-05,2026-08-17,10:00,19:00,,「〈セレブ〉」は2026-08-05から2026-08-17に10:00から19:00に遠鉄百貨店 本館4F 特設会場開催予定です。詳細は出典URLをご確認ください。,,,,053-457-6555,,,遠鉄百貨店 本館4F 特設会場,浜松市中央区砂山町320-2,,34.7037909,137.7331523,,,,,,,https://www.endepa.com/event/p5hxfjad2y,Web収集: 遠鉄百貨店; source_id=src_461453dfb86fc3a2; 説明生成=facts_only,レディス,中央区,2026-07-24,2026-07-24,,
221309,WEB3bf6429269,静岡県,浜松市,〈セレブ〉セール,,,2026-07-29,2026-08-04,10:00,19:00,,「〈セレブ〉セール」は2026-07-29から2026-08-04に10:00から19:00に遠鉄百貨店 本館3F 特設会場開催予定です。詳細は出典URLをご確認ください。,,,,053-457-6555,,,遠鉄百貨店 本館3F 特設会場,浜松市中央区砂山町320-2,,34.7037909,137.7331523,,,,,,,https://www.endepa.com/event/zolno394ziw,Web収集: 遠鉄百貨店; source_id=src_461453dfb86fc3a2; 説明生成=facts_only,レディス,中央区,2026-07-24,2026-07-24,,
221309,WEB97180ae9fc,静岡県,浜松市,〈遠藤文子〉銀のジュエリー展,,,2026-07-29,2026-08-04,10:00,19:00,,「〈遠藤文子〉銀のジュエリー展」は2026-07-29から2026-08-04に10:00から19:00に遠鉄百貨店 本館3F 特設会場開催予定です。詳細は出典URLをご確認ください。,,,,053-457-6555,,,遠鉄百貨店 本館3F 特設会場,浜松市中央区砂山町320-2,,34.7037909,137.7331523,,,,,,,https://www.endepa.com/event/kwqg71cru,Web収集: 遠鉄百貨店; source_id=src_461453dfb86fc3a2; 説明生成=facts_only,レディス,中央区,2026-07-24,2026-07-24,,
221309,WEB814a7bf4b2,静岡県,浜松市,婦人服バーゲン（オズヴィンセント/ベラ）,,,2026-07-30,2026-08-09,10:00,18:00,,「婦人服バーゲン（オズヴィンセント/ベラ）」は2026-07-30から2026-08-09に10:00から18:00に遠鉄百貨店 本館8F 中央ひろば開催予定です。詳細は出典URLをご確認ください。,,,,053-457-5582,,,遠鉄百貨店 本館8F 中央ひろば,浜松市中央区砂山町320-2,,34.7037909,137.7331523,,,,,,,https://www.endepa.com/event/ku734lo050,Web収集: 遠鉄百貨店; source_id=src_461453dfb86fc3a2; 説明生成=facts_only,レディス,中央区,2026-07-24,2026-07-24,,
221309,WEB5daf244b35,静岡県,浜松市,イタリアンバッグ 〈期間限定ショップ〉,,,2026-08-05,2026-08-17,10:00,19:00,,「イタリアンバッグ 〈期間限定ショップ〉」は2026-08-05から2026-08-17に10:00から19:00に遠鉄百貨店 本館7F 特設会場開催予定です。詳細は出典URLをご確認ください。,,,,053-457-5389,,,遠鉄百貨店 本館7F 特設会場,浜松市中央区砂山町320-2,,34.7037909,137.7331523,,,,,,,https://www.endepa.com/event/xnjqnzl0qc,Web収集: 遠鉄百貨店; source_id=src_461453dfb86fc3a2; 説明生成=facts_only,ライフスタイル,中央区,2026-07-22,2026-07-22,,
221309,WEB98300901ee,静岡県,浜松市,〈Good Good Collection 2026〉POPUP SHOP,,,2026-07-22,2026-07-28,10:00,17:00,,「〈Good Good Collection 2026〉POPUP SHOP」は2026-07-22から2026-07-28に10:00から17:00に遠鉄百貨店 本館2F 特設会場開催予定です。詳細は出典URLをご確認ください。,,,,053-457-5260,,,遠鉄百貨店 本館2F 特設会場,浜松市中央区砂山町320-2,,34.7037909,137.7331523,,,,,,,https://www.endepa.com/event/l1s2irlhj,Web収集: 遠鉄百貨店; source_id=src_461453dfb86fc3a2; 説明生成=facts_only,レディス,中央区,2026-07-20,2026-07-20,,
221309,WEBb1e048b56b,静岡県,浜松市,〈岡本帽子〉POP UP SHOP,,,2026-07-22,2026-07-28,10:00,19:00,,「〈岡本帽子〉POP UP SHOP」は2026-07-22から2026-07-28に10:00から19:00に遠鉄百貨店 本館6F 特設会場開催予定です。詳細は出典URLをご確認ください。,,,,053-457-5355,,,遠鉄百貨店 本館6F 特設会場,浜松市中央区砂山町320-2,,34.7037909,137.7331523,,,,,,,https://www.okamotohat.jp/,Web収集: 遠鉄百貨店; source_id=src_461453dfb86fc3a2; 説明生成=facts_only,クロスファッション（レディス＆メンズ）,中央区,2026-07-19,2026-07-19,,
221309,WEB572dbf2dfc,静岡県,浜松市,terakuya 成瀬あかね展,,,2026-08-05,2026-08-11,,,,「terakuya 成瀬あかね展」は2026-08-05から2026-08-11に遠鉄百貨店 本館7F キッチンテラス開催予定です。詳細は出典URLをご確認ください。,,,,,,,遠鉄百貨店 本館7F キッチンテラス,浜松市中央区砂山町320-2,,34.7037909,137.7331523,,,,,,,https://www.endepa.com/event/t6z0v258-vlf,Web収集: 遠鉄百貨店; source_id=src_461453dfb86fc3a2; 説明生成=facts_only,ライフスタイル,中央区,2026-07-19,2026-07-19,,
221309,WEB7ba353b12c,静岡県,浜松市,Ahora＆Cao ガラスで奏でるアクセサリー展,,,2026-08-05,2026-08-11,,,,「Ahora＆Cao ガラスで奏でるアクセサリー展」は2026-08-05から2026-08-11に遠鉄百貨店 本館7F クリエイティブ工房開催予定です。詳細は出典URLをご確認ください。,,,,,,,遠鉄百貨店 本館7F クリエイティブ工房,浜松市中央区砂山町320-2,,34.7037909,137.7331523,,,,,,,https://www.endepa.com/event/zml-rp3qkrb,Web収集: 遠鉄百貨店; source_id=src_461453dfb86fc3a2; 説明生成=facts_only,ライフスタイル,中央区,2026-07-19,2026-07-19,,
221309,WEB4621fe34f6,静岡県,浜松市,夏を乗り切るごちそう。土用の丑の日は、うなぎの日。,,,2026-07-21,2026-07-28,,,,「夏を乗り切るごちそう。土用の丑の日は、うなぎの日。」は2026-07-21から2026-07-28に遠鉄百貨店 本館B1F開催予定です。詳細は出典URLをご確認ください。,,,,053-457-6048,,,遠鉄百貨店 本館B1F,浜松市中央区砂山町320-2,,34.7037909,137.7331523,,,,,,,https://www.endepa.com/event/ntqunafhfqti,Web収集: 遠鉄百貨店; source_id=src_461453dfb86fc3a2; 説明生成=facts_only,スウィーツ・フード,中央区,2026-07-18,2026-07-18,,
221309,WEB1e8e5236a1,静岡県,浜松市,＜甘味処なごみ＞期間限定ショップ,,,2026-08-20,2026-08-25,10:00,19:30,,「＜甘味処なごみ＞期間限定ショップ」は2026-08-20から2026-08-25に10:00から19:30に遠鉄百貨店 新館B1F プラザB-1開催予定です。詳細は出典URLをご確認ください。,,,,,,,遠鉄百貨店 新館B1F プラザB-1,浜松市中央区砂山町320-2,,34.7037909,137.7331523,,,,,,,https://www.endepa.com/event/y9dh8yg482ul,Web収集: 遠鉄百貨店; source_id=src_461453dfb86fc3a2; 説明生成=facts_only,スウィーツ・フード,中央区,2026-07-15,2026-07-15,,
221309,WEBa1ba855990,静岡県,浜松市,＜なごみ＞期間限定ショップ,,,2026-07-29,2026-08-04,10:00,19:30,,「＜なごみ＞期間限定ショップ」は2026-07-29から2026-08-04に10:00から19:30に遠鉄百貨店 新館B1F プラザB-1開催予定です。詳細は出典URLをご確認ください。,,,,,,,遠鉄百貨店 新館B1F プラザB-1,浜松市中央区砂山町320-2,,34.7037909,137.7331523,,,,,,,https://www.endepa.com/event/zs5i3xnnn3jc,Web収集: 遠鉄百貨店; source_id=src_461453dfb86fc3a2; 説明生成=facts_only,スウィーツ・フード,中央区,2026-07-15,2026-07-15,,
221309,WEB7279fd5f1c,静岡県,浜松市,モンチッチ POP UP SHOP,,,2026-07-30,2026-08-17,10:00,19:00,,「モンチッチ POP UP SHOP」は2026-07-30から2026-08-17に10:00から19:00に遠鉄百貨店 本館8F 催会場開催予定です。詳細は出典URLをご確認ください。,,,,053-457-5384,,,遠鉄百貨店 本館8F 催会場,浜松市中央区砂山町320-2,,34.7037909,137.7331523,,,,,,,https://www.endepa.com/event/o1wtm8ifd8,Web収集: 遠鉄百貨店; source_id=src_461453dfb86fc3a2; 説明生成=facts_only,ライフスタイル,中央区,2026-07-17,2026-07-17,,
221309,WEBa96e809932,静岡県,浜松市,ンめねこマーケット,,,2026-07-30,2026-08-17,10:00,19:00,,「ンめねこマーケット」は2026-07-30から2026-08-17に10:00から19:00に遠鉄百貨店 本館8F 催会場開催予定です。詳細は出典URLをご確認ください。,,,,053-457-5384,,,遠鉄百貨店 本館8F 催会場,浜松市中央区砂山町320-2,,34.7037909,137.7331523,,,,,,,https://www.endepa.com/event/vymwl3x70,Web収集: 遠鉄百貨店; source_id=src_461453dfb86fc3a2; 説明生成=facts_only,ライフスタイル,中央区,2026-07-24,2026-07-24,,
221309,WEBa55b5d61c3,静岡県,浜松市,〈Maiden Voyage〉期間限定ショップ,,,2026-07-22,2026-07-28,10:00,19:00,,「〈Maiden Voyage〉期間限定ショップ」は2026-07-22から2026-07-28に10:00から19:00に遠鉄百貨店 新館6F 特設会場開催予定です。詳細は出典URLをご確認ください。,,,,053-457-6888,,,遠鉄百貨店 新館6F 特設会場,浜松市中央区砂山町320-2,,34.7037909,137.7331523,,,,,,,https://www.endepa.com/event/d_8de5spgnnt,Web収集: 遠鉄百貨店; source_id=src_461453dfb86fc3a2; 説明生成=facts_only,クロスファッション（レディス＆メンズ）,中央区,2026-07-15,2026-07-21,,
221309,WEB1459484644,静岡県,浜松市,ピングー POP UP STORE,,,2026-08-20,2026-09-02,10:00,19:00,,「ピングー POP UP STORE」は2026-08-20から2026-09-02に10:00から19:00に遠鉄百貨店 本館5F 特設会場開催予定です。詳細は出典URLをご確認ください。,,,,053-457-5384,,,遠鉄百貨店 本館5F 特設会場,浜松市中央区砂山町320-2,,34.7037909,137.7331523,,,,,,,https://www.endepa.com/event/v1i228ukryq,Web収集: 遠鉄百貨店; source_id=src_461453dfb86fc3a2; 説明生成=facts_only,ライフスタイル,中央区,2026-07-20,2026-07-20,,
221309,WEB63d4ef7646,静岡県,浜松市,東京美味いものフェア,,,2026-07-29,2026-08-04,10:00,19:30,,「東京美味いものフェア」は2026-07-29から2026-08-04に10:00から19:30に遠鉄百貨店 本館B1F 食料品催場開催予定です。詳細は出典URLをご確認ください。,,,,053-457-5500,,,遠鉄百貨店 本館B1F 食料品催場,浜松市中央区砂山町320-2,,34.7037909,137.7331523,,,,,,,https://www.endepa.com/exhall/,Web収集: 遠鉄百貨店; source_id=src_461453dfb86fc3a2; 説明生成=facts_only,スウィーツ・フード,中央区,2026-07-15,2026-07-15,,
221309,WEBb5d5de8790,静岡県,浜松市,〈イットアトリエ〉期間限定ショップ,,,2026-08-26,2026-09-01,10:00,19:00,,「〈イットアトリエ〉期間限定ショップ」は2026-08-26から2026-09-01に10:00から19:00に遠鉄百貨店開催予定です。詳細は出典URLをご確認ください。,,,,053-457-5260,,,遠鉄百貨店,浜松市中央区砂山町320-2,,34.7037909,137.7331523,,,,,,,https://www.endepa.com/event/uqchtqcjyw4,Web収集: 遠鉄百貨店; source_id=src_461453dfb86fc3a2; 説明生成=facts_only,レディス,中央区,2026-07-14,2026-07-14,,
221309,WEB8310261c1b,静岡県,浜松市,この夏、静岡ブルーレヴズに会える,,,2026-07-30,2026-08-04,,,,「この夏、静岡ブルーレヴズに会える」は2026-07-30から2026-08-04に遠鉄百貨店 本館6F 特設会場開催予定です。詳細は出典URLをご確認ください。,,,,053-457-0001(代表),,,遠鉄百貨店 本館6F 特設会場,浜松市中央区砂山町320-2,,34.7037909,137.7331523,,,,,,,https://www.endepa.com/special/2xee88dj9,Web収集: 遠鉄百貨店; source_id=src_461453dfb86fc3a2; 説明生成=facts_only,メンズ,中央区,2026-07-12,2026-07-12,,
221309,WEB874cc5b7c4,静岡県,浜松市,〈トゥモローランド〉SOULEIADO POP UP STORE,,,2026-08-06,2026-08-16,,,,「〈トゥモローランド〉SOULEIADO POP UP STORE」は2026-08-06から2026-08-16に遠鉄百貨店 新館1F開催予定です。詳細は出典URLをご確認ください。,,,,053-451-1256,,,遠鉄百貨店 新館1F,浜松市中央区砂山町320-2,,34.7037909,137.7331523,,,,,,,https://www.endepa.com/event/pk_u2t-ke5,Web収集: 遠鉄百貨店; source_id=src_461453dfb86fc3a2; 説明生成=facts_only,レディス,中央区,2026-07-12,2026-07-12,,
221309,WEBfb9348e661,静岡県,浜松市,〈BALL&CHAIN〉POPUP SHOP,,,2026-08-20,2026-09-01,10:00,19:00,,「〈BALL&CHAIN〉POPUP SHOP」は2026-08-20から2026-09-01に10:00から19:00に遠鉄百貨店 本館2F スペース2開催予定です。詳細は出典URLをご確認ください。,,,,053-457-5260,,,遠鉄百貨店 本館2F スペース2,浜松市中央区砂山町320-2,,34.7037909,137.7331523,,,,,,,https://www.endepa.com/event/a2x3wht23h62,Web収集: 遠鉄百貨店; source_id=src_461453dfb86fc3a2; 説明生成=facts_only,レディス,中央区,2026-07-13,2026-07-15,,
221309,WEB942b0fde79,静岡県,浜松市,〈CITRON〉期間限定ショップ,,,2026-07-30,2026-08-05,,,,「〈CITRON〉期間限定ショップ」は2026-07-30から2026-08-05に遠鉄百貨店 新館6F 特設会場開催予定です。詳細は出典URLをご確認ください。,,,,053-457-6888,,,遠鉄百貨店 新館6F 特設会場,浜松市中央区砂山町320-2,,34.7037909,137.7331523,,,,,,,https://www.endepa.com/event/l6h-00jasq,Web収集: 遠鉄百貨店; source_id=src_461453dfb86fc3a2; 説明生成=facts_only,クロスファッション（レディス＆メンズ）,中央区,2026-07-11,2026-07-11,,
221309,WEB0d7dfbd4cb,静岡県,浜松市,"〈有名ブランド〉婦人靴7,700円均一セール",,,2026-07-29,2026-08-04,10:00,19:00,,"「〈有名ブランド〉婦人靴7,700円均一セール」は2026-07-29から2026-08-04に10:00から19:00に遠鉄百貨店 本館2F スペース2開催予定です。詳細は出典URLをご確認ください。",,,,053-457-5260,,,遠鉄百貨店 本館2F スペース2,浜松市中央区砂山町320-2,,34.7037909,137.7331523,,,,,,,https://www.endepa.com/event/n2ni69hoo,Web収集: 遠鉄百貨店; source_id=src_461453dfb86fc3a2; 説明生成=facts_only,レディス,中央区,2026-07-13,2026-07-13,,
221309,WEBaa9af84909,静岡県,浜松市,グランドセイコー展,,,2026-08-29,2026-08-30,,,,「グランドセイコー展」は2026-08-29から2026-08-30に遠鉄百貨店 新館8F えんてつホール開催予定です。詳細は出典URLをご確認ください。,,,,053-457-5408［直通］,,,遠鉄百貨店 新館8F えんてつホール,浜松市中央区砂山町320-2,,34.7037909,137.7331523,,,,,,,https://www.endepa.com/event/7_arxb_1q,Web収集: 遠鉄百貨店; source_id=src_461453dfb86fc3a2; 説明生成=facts_only,ライフスタイル,中央区,2026-07-13,2026-07-13,,
221309,WEBb6a6c2119f,静岡県,浜松市,〈ラヘラ〉期間限定ショップ,,,2026-08-05,2026-08-11,10:00,19:00,,「〈ラヘラ〉期間限定ショップ」は2026-08-05から2026-08-11に10:00から19:00に遠鉄百貨店 本館2F 婦人雑貨特設会場開催予定です。詳細は出典URLをご確認ください。,,,,053-457-5260,,,遠鉄百貨店 本館2F 婦人雑貨特設会場,浜松市中央区砂山町320-2,,34.7037909,137.7331523,,,,,,,https://www.endepa.com/event/yb-d6kxn7,Web収集: 遠鉄百貨店; source_id=src_461453dfb86fc3a2; 説明生成=facts_only,レディス,中央区,2026-07-11,2026-07-11,,
221309,WEB3a407305c3,静岡県,浜松市,〈オズヴィンセント〉,,,2026-08-26,2026-09-01,10:00,19:00,,「〈オズヴィンセント〉」は2026-08-26から2026-09-01に10:00から19:00に遠鉄百貨店 本館3F 特設会場開催予定です。詳細は出典URLをご確認ください。,,,,053-457-6555,,,遠鉄百貨店 本館3F 特設会場,浜松市中央区砂山町320-2,,34.7037909,137.7331523,,,,,,,https://www.endepa.com/event/685ym86kuuru,Web収集: 遠鉄百貨店; source_id=src_461453dfb86fc3a2; 説明生成=facts_only,レディス,中央区,2026-07-08,2026-07-08,,
221309,WEBb353d8609d,静岡県,浜松市,〈青山〉,,,2026-08-20,2026-09-01,10:00,19:00,,「〈青山〉」は2026-08-20から2026-09-01に10:00から19:00に遠鉄百貨店 本館3F 特設会場開催予定です。詳細は出典URLをご確認ください。,,,,053-457-6555,,,遠鉄百貨店 本館3F 特設会場,浜松市中央区砂山町320-2,,34.7037909,137.7331523,,,,,,,https://www.endepa.com/event/mdr_-7kjfd4t,Web収集: 遠鉄百貨店; source_id=src_461453dfb86fc3a2; 説明生成=facts_only,レディス,中央区,2026-07-08,2026-07-08,,
221309,WEBd59d9381d1,静岡県,浜松市,〈天使の綿シフォン〉,,,2026-08-20,2026-08-25,10:00,19:00,,「〈天使の綿シフォン〉」は2026-08-20から2026-08-25に10:00から19:00に遠鉄百貨店 本館3F 特設会場開催予定です。詳細は出典URLをご確認ください。,,,,053-457-6555,,,遠鉄百貨店 本館3F 特設会場,浜松市中央区砂山町320-2,,34.7037909,137.7331523,,,,,,,https://www.endepa.com/event/bhilubsnh,Web収集: 遠鉄百貨店; source_id=src_461453dfb86fc3a2; 説明生成=facts_only,レディス,中央区,2026-07-08,2026-07-08,,
221309,WEBdbfa0dbb17,静岡県,浜松市,〈マロージュ〉,,,2026-07-15,2026-08-04,10:00,19:00,,「〈マロージュ〉」は2026-07-15から2026-08-04に10:00から19:00に遠鉄百貨店 本館4F 特設会場開催予定です。詳細は出典URLをご確認ください。,,,,053-457-6555,,,遠鉄百貨店 本館4F 特設会場,浜松市中央区砂山町320-2,,34.7037909,137.7331523,,,,,,,https://www.endepa.com/event/2ld35v1kj1vx,Web収集: 遠鉄百貨店; source_id=src_461453dfb86fc3a2; 説明生成=facts_only,レディス,中央区,2026-07-08,2026-07-08,,
221309,WEB49a5cc33a1,静岡県,浜松市,サン宝石フェア,,,2026-07-22,2026-07-28,10:00,19:00,,「サン宝石フェア」は2026-07-22から2026-07-28に10:00から19:00に遠鉄百貨店 本館8F 催会場開催予定です。詳細は出典URLをご確認ください。,,,,053-457-5384,,,遠鉄百貨店 本館8F 催会場,浜松市中央区砂山町320-2,,34.7037909,137.7331523,,,,,,,https://www.endepa.com/event/pzy3tlhknc,Web収集: 遠鉄百貨店; source_id=src_461453dfb86fc3a2; 説明生成=facts_only,ライフスタイル,中央区,2026-07-08,2026-07-08,,
221309,WEBd89a9568a1,静岡県,浜松市,出張店 ONE PIECE 麦わらストア LITTLE 浜松,,,2026-07-31,2026-08-17,10:00,19:00,,「出張店 ONE PIECE 麦わらストア LITTLE 浜松」は2026-07-31から2026-08-17に10:00から19:00に遠鉄百貨店 本館8F 催会場開催予定です。詳細は出典URLをご確認ください。,,,,053-457-5384,,,遠鉄百貨店 本館8F 催会場,浜松市中央区砂山町320-2,,34.7037909,137.7331523,,,,,,,https://www.endepa.com/event/9c2mbb-6u4,Web収集: 遠鉄百貨店; source_id=src_461453dfb86fc3a2; 説明生成=facts_only,ライフスタイル,中央区,2026-07-08,2026-07-08,,
221309,WEB82d8c7e3b4,静岡県,浜松市,ラッピーデパート ～ラヴィット！5TH ANNIVERSARY～,,,2026-07-30,2026-08-31,10:00,19:00,,「ラッピーデパート ～ラヴィット！5TH ANNIVERSARY～」は2026-07-30から2026-08-31に10:00から19:00に遠鉄百貨店 本館8F 催会場開催予定です。詳細は出典URLをご確認ください。,,,,053-457-5384,,,遠鉄百貨店 本館8F 催会場,浜松市中央区砂山町320-2,,34.7037909,137.7331523,,,,,,,https://www.endepa.com/event/4zk-r0k6q,Web収集: 遠鉄百貨店; source_id=src_461453dfb86fc3a2; 説明生成=facts_only,ライフスタイル,中央区,2026-07-08,2026-07-08,,
221309,WEB5ae4ef78c8,静岡県,浜松市,岩手民藝 南部家具 期間限定販売（マルイ造形）,,,2026-08-05,2026-08-11,10:00,19:00,,「岩手民藝 南部家具 期間限定販売（マルイ造形）」は2026-08-05から2026-08-11に10:00から19:00に遠鉄百貨店 本館7F スペース7開催予定です。詳細は出典URLをご確認ください。,,,,053-457-5389,,,遠鉄百貨店 本館7F スペース7,浜松市中央区砂山町320-2,,34.7037909,137.7331523,,,,,,,https://www.endepa.com/event/ovupgcx0pf,Web収集: 遠鉄百貨店; source_id=src_461453dfb86fc3a2; 説明生成=facts_only,ライフスタイル,中央区,2026-07-07,2026-07-07,,
221309,WEB8cf010fd9d,静岡県,浜松市,福本ヒデ原画展/たいぞう原画展,,,2026-07-22,2026-07-28,10:00,19:00,,「福本ヒデ原画展/たいぞう原画展」は2026-07-22から2026-07-28に10:00から19:00に遠鉄百貨店 本館5F 特設会場開催予定です。詳細は出典URLをご確認ください。,,,,053-457-5384,,,遠鉄百貨店 本館5F 特設会場,浜松市中央区砂山町320-2,,34.7037909,137.7331523,,,,,,,https://www.endepa.com/event/tj5yvl-3hra,Web収集: 遠鉄百貨店; source_id=src_461453dfb86fc3a2; 説明生成=facts_only,ライフスタイル,中央区,2026-07-08,2026-07-08,,
221309,WEBc3a5de094b,静岡県,浜松市,〈ベルジェ・レコルテ〉期間限定ショップ,,,2026-08-12,2026-08-17,10:00,19:30,,「〈ベルジェ・レコルテ〉期間限定ショップ」は2026-08-12から2026-08-17に10:00から19:30に遠鉄百貨店 新館B1F プラザB-1開催予定です。詳細は出典URLをご確認ください。,,,,,,,遠鉄百貨店 新館B1F プラザB-1,浜松市中央区砂山町320-2,,34.7037909,137.7331523,,,,,,,https://www.endepa.com/event/8ckt95npncma,Web収集: 遠鉄百貨店; source_id=src_461453dfb86fc3a2; 説明生成=facts_only,スウィーツ・フード,中央区,2026-07-04,2026-07-04,,
221309,WEB99ee500d8b,静岡県,浜松市,〈アーモンドマイスター®リファインド〉期間限定ショップ,,,2026-08-12,2026-08-17,10:00,19:30,,「〈アーモンドマイスター®リファインド〉期間限定ショップ」は2026-08-12から2026-08-17に10:00から19:30に遠鉄百貨店 新館B1F プラザB-1開催予定です。詳細は出典URLをご確認ください。,,,,,,,遠鉄百貨店 新館B1F プラザB-1,浜松市中央区砂山町320-2,,34.7037909,137.7331523,,,,,,,https://www.endepa.com/event/axfy3l3cf,Web収集: 遠鉄百貨店; source_id=src_461453dfb86fc3a2; 説明生成=facts_only,スウィーツ・フード,中央区,2026-07-04,2026-07-04,,
221309,WEBff23230511,静岡県,浜松市,〈マインクラフト〉POP UP STORE,,,2026-07-29,2026-09-07,10:00,19:00,,「〈マインクラフト〉POP UP STORE」は2026-07-29から2026-09-07に10:00から19:00に遠鉄百貨店 本館5F 特設会場開催予定です。詳細は出典URLをご確認ください。,,,,053-457-5384,,,遠鉄百貨店 本館5F 特設会場,浜松市中央区砂山町320-2,,34.7037909,137.7331523,,,,,,,https://www.endepa.com/event/5mt58it1pbmf,Web収集: 遠鉄百貨店; source_id=src_461453dfb86fc3a2; 説明生成=facts_only,ベビー・キッズ,中央区,2026-07-06,2026-07-06,,
221309,WEB86af952e4f,静岡県,浜松市,〈京菓匠 笹屋伊織〉期間限定ショップ,,,2026-08-05,2026-08-11,10:00,19:30,,「〈京菓匠 笹屋伊織〉期間限定ショップ」は2026-08-05から2026-08-11に10:00から19:30に遠鉄百貨店 新館B1F プラザB-1開催予定です。詳細は出典URLをご確認ください。,,,,,,,遠鉄百貨店 新館B1F プラザB-1,浜松市中央区砂山町320-2,,34.7037909,137.7331523,,,,,,,https://www.endepa.com/event/n3fwfz9vafu,Web収集: 遠鉄百貨店; source_id=src_461453dfb86fc3a2; 説明生成=facts_only,スウィーツ・フード,中央区,2026-07-04,2026-07-04,,
221309,WEB52422ac198,静岡県,浜松市,岩盤足浴『和宮』期間限定販売,,,2026-09-23,2026-09-29,10:00,19:00,,「岩盤足浴『和宮』期間限定販売」は2026-09-23から2026-09-29に10:00から19:00に遠鉄百貨店 本館7F 特設会場開催予定です。詳細は出典URLをご確認ください。,,,,053-457-5389,,,遠鉄百貨店 本館7F 特設会場,浜松市中央区砂山町320-2,,34.7037909,137.7331523,,,,,,,https://www.endepa.com/event/h7503hhvs,Web収集: 遠鉄百貨店; source_id=src_461453dfb86fc3a2; 説明生成=facts_only,ライフスタイル,中央区,2026-07-07,2026-07-07,,
221309,WEBee22175b09,静岡県,浜松市,YOUNG ART HAMAMATSU ～YuDai特集～,,,2026-08-12,2026-08-17,10:00,18:00,,「YOUNG ART HAMAMATSU ～YuDai特集～」は2026-08-12から2026-08-17に10:00から18:00に遠鉄百貨店 本館7F プレミアムステージ開催予定です。詳細は出典URLをご確認ください。,,,,053-457-5389,,,遠鉄百貨店 本館7F プレミアムステージ,浜松市中央区砂山町320-2,,34.7037909,137.7331523,,,,,,,https://www.endepa.com/event/i9x2ksnhmcp,Web収集: 遠鉄百貨店; source_id=src_461453dfb86fc3a2; 説明生成=facts_only,ライフスタイル,中央区,2026-07-12,2026-07-12,,
221309,WEBfd223c0b68,静岡県,浜松市,オーガニック子ども家具 「キシル」のPOP UP,,,2026-07-14,2026-07-27,10:00,19:00,,「オーガニック子ども家具 「キシル」のPOP UP」は2026-07-14から2026-07-27に10:00から19:00に遠鉄百貨店 本館5F 特設会場開催予定です。詳細は出典URLをご確認ください。,,,,053-457-5384,,,遠鉄百貨店 本館5F 特設会場,浜松市中央区砂山町320-2,,34.7037909,137.7331523,,,,,,,https://www.endepa.com/event/jjq8p1g-_f,Web収集: 遠鉄百貨店; source_id=src_461453dfb86fc3a2; 説明生成=facts_only,ライフスタイル,中央区,2026-07-06,2026-07-06,,
221309,WEBadd61d687b,静岡県,浜松市,夏を乗り切るごちそう。土用の丑の日は、うなぎの日。,,,2026-07-22,2026-07-28,,,,「夏を乗り切るごちそう。土用の丑の日は、うなぎの日。」は2026-07-22から2026-07-28に遠鉄百貨店 本館B1F開催予定です。詳細は出典URLをご確認ください。,,,,053-457-5499,,,遠鉄百貨店 本館B1F,浜松市中央区砂山町320-2,,34.7037909,137.7331523,,,,,,,https://www.endepa.com/event/6b23-vhai_z,Web収集: 遠鉄百貨店; source_id=src_461453dfb86fc3a2; 説明生成=facts_only,スウィーツ・フード,中央区,2026-07-03,2026-07-03,,
221309,WEB4c501f41d8,静岡県,浜松市,北海道・九州グルメフェア,,,2026-07-22,2026-07-28,10:00,19:30,,「北海道・九州グルメフェア」は2026-07-22から2026-07-28に10:00から19:30に遠鉄百貨店 本館B1F 食料品催場開催予定です。詳細は出典URLをご確認ください。,,,,053-457-5500,,,遠鉄百貨店 本館B1F 食料品催場,浜松市中央区砂山町320-2,,34.7037909,137.7331523,,,,,,,https://www.endepa.com/exhall/,Web収集: 遠鉄百貨店; source_id=src_461453dfb86fc3a2; 説明生成=facts_only,スウィーツ・フード,中央区,2026-07-02,2026-07-02,,
221309,WEB9e4b631d89,静岡県,浜松市,アニメ・ヴィンテージアート,,,2026-07-22,2026-07-28,10:00,19:00,,「アニメ・ヴィンテージアート」は2026-07-22から2026-07-28に10:00から19:00に遠鉄百貨店 本館7F プレミアムステージ開催予定です。詳細は出典URLをご確認ください。,,,,053-457-5384,,,遠鉄百貨店 本館7F プレミアムステージ,浜松市中央区砂山町320-2,,34.7037909,137.7331523,,,,,,,https://www.endepa.com/event/r62awu1ze8ax,Web収集: 遠鉄百貨店; source_id=src_461453dfb86fc3a2; 説明生成=facts_only,ライフスタイル,中央区,2026-07-08,2026-07-08,,
221309,WEB2651bd3d2f,静岡県,浜松市,ペコちゃんの学校,,,2026-07-30,2026-08-16,10:00,19:00,,「ペコちゃんの学校」は2026-07-30から2026-08-16に10:00から19:00に遠鉄百貨店 本館5F 特設会場開催予定です。詳細は出典URLをご確認ください。,,,,053-457-5384,,,遠鉄百貨店 本館5F 特設会場,浜松市中央区砂山町320-2,,34.7037909,137.7331523,,,,,,,https://www.endepa.com/event/u_3nt6vc9x,Web収集: 遠鉄百貨店; source_id=src_461453dfb86fc3a2; 説明生成=facts_only,ライフスタイル,中央区,2026-07-14,2026-07-15,,
221309,WEB4157f764e9,静岡県,浜松市,SBS学苑浜松校写真展「感じたままpart14」,,,2026-09-23,2026-09-28,10:00,19:00,,「SBS学苑浜松校写真展「感じたままpart14」」は2026-09-23から2026-09-28に10:00から19:00に遠鉄百貨店 イ・コ・イ スクエア6F ギャラリー・ロゼ開催予定です。詳細は出典URLをご確認ください。,,,,,,,遠鉄百貨店 イ・コ・イ スクエア6F ギャラリー・ロゼ,浜松市中央区砂山町320-2,,34.7037909,137.7331523,,,,,,,https://www.endepa.com/event/bzm1461nu0o,Web収集: 遠鉄百貨店; source_id=src_461453dfb86fc3a2; 説明生成=facts_only,ライフスタイル,中央区,2026-06-30,2026-06-30,,
221309,WEBe7dc45ab1c,静岡県,浜松市,〈ペッツロック〉POPUP SHOP,,,2026-07-29,2026-08-04,10:00,19:00,,「〈ペッツロック〉POPUP SHOP」は2026-07-29から2026-08-04に10:00から19:00に遠鉄百貨店 本館2F スペース2開催予定です。詳細は出典URLをご確認ください。,,,,053-457-5260,,,遠鉄百貨店 本館2F スペース2,浜松市中央区砂山町320-2,,34.7037909,137.7331523,,,,,,,https://www.endepa.com/event/bo1g2bgzba,Web収集: 遠鉄百貨店; source_id=src_461453dfb86fc3a2; 説明生成=facts_only,レディス,中央区,2026-07-06,2026-07-06,,
221309,WEB4ed2b4375d,静岡県,浜松市,＜セレブ＞期間限定ショップ,,,2026-07-29,2026-08-04,10:00,19:00,,「＜セレブ＞期間限定ショップ」は2026-07-29から2026-08-04に10:00から19:00に遠鉄百貨店 本館3F 特設会場開催予定です。詳細は出典URLをご確認ください。,,,,053-457-6555,,,遠鉄百貨店 本館3F 特設会場,浜松市中央区砂山町320-2,,34.7037909,137.7331523,,,,,,,https://www.endepa.com/event/97dpyycc8,Web収集: 遠鉄百貨店; source_id=src_461453dfb86fc3a2; 説明生成=facts_only,レディス,中央区,2026-06-22,2026-06-22,,
221309,WEB8f72c3b8d6,静岡県,浜松市,＜トリプルアローズ＞期間限定ショップ,,,2026-08-05,2026-08-11,10:00,19:00,,「＜トリプルアローズ＞期間限定ショップ」は2026-08-05から2026-08-11に10:00から19:00に遠鉄百貨店 本館3F 特設会場開催予定です。詳細は出典URLをご確認ください。,,,,053-457-6555,,,遠鉄百貨店 本館3F 特設会場,浜松市中央区砂山町320-2,,34.7037909,137.7331523,,,,,,,https://www.endepa.com/event/i7jw18ylzt,Web収集: 遠鉄百貨店; source_id=src_461453dfb86fc3a2; 説明生成=facts_only,レディス,中央区,2026-06-22,2026-06-22,,
221309,WEBdf7c63acb8,静岡県,浜松市,期間限定ショップ,,,2026-08-05,2026-08-11,10:00,19:00,,「期間限定ショップ」は2026-08-05から2026-08-11に10:00から19:00に遠鉄百貨店 本館3F 特設会場開催予定です。詳細は出典URLをご確認ください。,,,,053-457-6555,,,遠鉄百貨店 本館3F 特設会場,浜松市中央区砂山町320-2,,34.7037909,137.7331523,,,,,,,https://www.endepa.com/event/4oezojg86nd8,Web収集: 遠鉄百貨店; source_id=src_461453dfb86fc3a2; 説明生成=facts_only,レディス,中央区,2026-06-22,2026-06-22,,
221309,WEBba1b68f9c6,静岡県,浜松市,〈ニューヨークパーフェクトチーズ〉POP UP STORE,,,2026-07-29,2026-08-11,10:00,19:30,,「〈ニューヨークパーフェクトチーズ〉POP UP STORE」は2026-07-29から2026-08-11に10:00から19:30に遠鉄百貨店 新館B1F プラザB-1開催予定です。詳細は出典URLをご確認ください。,,,,,,,遠鉄百貨店 新館B1F プラザB-1,浜松市中央区砂山町320-2,,34.7037909,137.7331523,,,,,,,https://www.endepa.com/event/iii4b-vrjgg,Web収集: 遠鉄百貨店; source_id=src_461453dfb86fc3a2; 説明生成=facts_only,スウィーツ・フード,中央区,2026-07-05,2026-07-05,,
221309,WEB528f194c47,静岡県,浜松市,〈アトリエ・ショコラ・アントゥル〉期間限定ショップ,,,2026-07-22,2026-08-04,10:00,19:30,,「〈アトリエ・ショコラ・アントゥル〉期間限定ショップ」は2026-07-22から2026-08-04に10:00から19:30に遠鉄百貨店 新館B1F 特設会場開催予定です。詳細は出典URLをご確認ください。,,,,,,,遠鉄百貨店 新館B1F 特設会場,浜松市中央区砂山町320-2,,34.7037909,137.7331523,,,,,,,https://www.endepa.com/event/kfzv-9ijbkct,Web収集: 遠鉄百貨店; source_id=src_461453dfb86fc3a2; 説明生成=facts_only,スウィーツ・フード,中央区,2026-06-19,2026-06-19,,
221309,WEB78b99f6c29,静岡県,浜松市,〈エスタシオン〉期間限定ショップ,,,2026-07-22,2026-07-28,10:00,19:00,,「〈エスタシオン〉期間限定ショップ」は2026-07-22から2026-07-28に10:00から19:00に遠鉄百貨店 本館2F 婦人雑貨特設会場開催予定です。詳細は出典URLをご確認ください。,,,,053-457-5252,,,遠鉄百貨店 本館2F 婦人雑貨特設会場,浜松市中央区砂山町320-2,,34.7037909,137.7331523,,,,,,,https://www.endepa.com/event/rhdgpymec,Web収集: 遠鉄百貨店; source_id=src_461453dfb86fc3a2; 説明生成=facts_only,レディス,中央区,2026-06-27,2026-06-27,,
221309,WEBae10caf3b6,静岡県,浜松市,アトリエ文 ニット展,,,2026-07-22,2026-07-28,,,,「アトリエ文 ニット展」は2026-07-22から2026-07-28に遠鉄百貨店開催予定です。詳細は出典URLをご確認ください。,,,,,,,遠鉄百貨店,浜松市中央区砂山町320-2,,34.7037909,137.7331523,,,,,,,https://www.endepa.com/event/zfo2lp7iq2yp,Web収集: 遠鉄百貨店; source_id=src_461453dfb86fc3a2; 説明生成=facts_only,ライフスタイル,中央区,2026-06-18,2026-06-18,,
221309,WEB5f03a0aaab,静岡県,浜松市,黒木彰子・草木染ガーゼ服,,,2026-07-29,2026-08-04,,,,「黒木彰子・草木染ガーゼ服」は2026-07-29から2026-08-04に遠鉄百貨店 本館7F クリエイティブ工房開催予定です。詳細は出典URLをご確認ください。,,,,,,,遠鉄百貨店 本館7F クリエイティブ工房,浜松市中央区砂山町320-2,,34.7037909,137.7331523,,,,,,,https://www.endepa.com/event/zy4aafgjqzm,Web収集: 遠鉄百貨店; source_id=src_461453dfb86fc3a2; 説明生成=facts_only,ライフスタイル,中央区,2026-06-17,2026-06-17,,
221309,WEB9ca93f6104,静岡県,浜松市,〈ENJO（エンヨー）〉お掃除用品実演販売会,,,2026-08-12,2026-08-17,10:00,18:00,,「〈ENJO（エンヨー）〉お掃除用品実演販売会」は2026-08-12から2026-08-17に10:00から18:00に遠鉄百貨店 本館7F キッチンテラス開催予定です。詳細は出典URLをご確認ください。,,,,053-457-5393,,,遠鉄百貨店 本館7F キッチンテラス,浜松市中央区砂山町320-2,,34.7037909,137.7331523,,,,,,,https://www.endepa.com/event/pxzr5-vqqa,Web収集: 遠鉄百貨店; source_id=src_461453dfb86fc3a2; 説明生成=facts_only,ライフスタイル,中央区,2026-06-15,2026-06-15,,
221309,WEB960b08995d,静岡県,浜松市,〈ベラ〉期間限定ショップ,,,2026-07-15,2026-07-28,10:00,19:00,,「〈ベラ〉期間限定ショップ」は2026-07-15から2026-07-28に10:00から19:00に遠鉄百貨店 本館3F 特設会場開催予定です。詳細は出典URLをご確認ください。,,,,053-457-6555,,,遠鉄百貨店 本館3F 特設会場,浜松市中央区砂山町320-2,,34.7037909,137.7331523,,,,,,,https://www.endepa.com/event/4jv1ghkeir,Web収集: 遠鉄百貨店; source_id=src_461453dfb86fc3a2; 説明生成=facts_only,レディス,中央区,2026-06-12,2026-06-12,,
221309,WEBddbac437a5,静岡県,浜松市,〈ルコール〉期間限定ショップ,,,2026-07-15,2026-07-28,10:00,19:00,,「〈ルコール〉期間限定ショップ」は2026-07-15から2026-07-28に10:00から19:00に遠鉄百貨店 本館3F 特設会場開催予定です。詳細は出典URLをご確認ください。,,,,053-457-6555,,,遠鉄百貨店 本館3F 特設会場,浜松市中央区砂山町320-2,,34.7037909,137.7331523,,,,,,,https://www.endepa.com/event/dayblz3sh,Web収集: 遠鉄百貨店; source_id=src_461453dfb86fc3a2; 説明生成=facts_only,レディス,中央区,2026-06-12,2026-06-22,,
221309,WEB3bfb86b24a,静岡県,浜松市,〈ところてんの伊豆河童〉 期間限定ショップ,,,2026-07-22,2026-07-28,10:00,19:30,,「〈ところてんの伊豆河童〉 期間限定ショップ」は2026-07-22から2026-07-28に10:00から19:30に遠鉄百貨店 新館B1F プラザB-1開催予定です。詳細は出典URLをご確認ください。,,,,,,,遠鉄百貨店 新館B1F プラザB-1,浜松市中央区砂山町320-2,,34.7037909,137.7331523,,,,,,,https://www.endepa.com/event/drcj84uru,Web収集: 遠鉄百貨店; source_id=src_461453dfb86fc3a2; 説明生成=facts_only,スウィーツ・フード,中央区,2026-06-10,2026-06-10,,
221309,WEBcfc875327e,静岡県,浜松市,＜ピンクスーツ＞期間限定ショップ,,,2026-08-20,2026-08-25,10:00,19:00,,「＜ピンクスーツ＞期間限定ショップ」は2026-08-20から2026-08-25に10:00から19:00に遠鉄百貨店 本館2F 婦人雑貨特設会場開催予定です。詳細は出典URLをご確認ください。,,,,053-457-5252,,,遠鉄百貨店 本館2F 婦人雑貨特設会場,浜松市中央区砂山町320-2,,34.7037909,137.7331523,,,,,,,https://www.endepa.com/event/1nbm1zihu5,Web収集: 遠鉄百貨店; source_id=src_461453dfb86fc3a2; 説明生成=facts_only,レディス,中央区,2026-06-01,2026-06-01,,
221309,WEBc5f98dd36c,静岡県,浜松市,こども絵画コンクール展覧会,,,2026-08-28,2026-08-31,10:00,19:00,,「こども絵画コンクール展覧会」は2026-08-28から2026-08-31に10:00から19:00に遠鉄百貨店 イ・コ・イ スクエア6F ギャラリー・ロゼ開催予定です。詳細は出典URLをご確認ください。,,,,,,,遠鉄百貨店 イ・コ・イ スクエア6F ギャラリー・ロゼ,浜松市中央区砂山町320-2,,34.7037909,137.7331523,,,,,,,https://www.endepa.com/event/oi_rlx7s54,Web収集: 遠鉄百貨店; source_id=src_461453dfb86fc3a2; 説明生成=facts_only,ライフスタイル,中央区,2026-05-29,2026-05-29,,
221309,WEBa09c1877e8,静岡県,浜松市,〈リルプラス〉期間限定ショップ,,,2026-08-05,2026-08-11,10:00,19:00,,「〈リルプラス〉期間限定ショップ」は2026-08-05から2026-08-11に10:00から19:00に遠鉄百貨店 本館2F スペース2開催予定です。詳細は出典URLをご確認ください。,,,,053-457-5260,,,遠鉄百貨店 本館2F スペース2,浜松市中央区砂山町320-2,,34.7037909,137.7331523,,,,,,,https://www.endepa.com/event/20s-ctfmxuk4,Web収集: 遠鉄百貨店; source_id=src_461453dfb86fc3a2; 説明生成=facts_only,レディス,中央区,2026-07-21,2026-07-21,,
221309,WEB50a6169406,静岡県,浜松市,〈ボビーダズラー〉POPUP SHOP,,,2026-07-22,2026-07-28,10:00,19:00,,「〈ボビーダズラー〉POPUP SHOP」は2026-07-22から2026-07-28に10:00から19:00に遠鉄百貨店 本館2F スペース2開催予定です。詳細は出典URLをご確認ください。,,,,053-457-5260,,,遠鉄百貨店 本館2F スペース2,浜松市中央区砂山町320-2,,34.7037909,137.7331523,,,,,,,https://www.endepa.com/event/jnlybabqvu0,Web収集: 遠鉄百貨店; source_id=src_461453dfb86fc3a2; 説明生成=facts_only,レディス,中央区,2026-06-13,2026-06-13,,
221309,WEBecd95c95e3,静岡県,浜松市,〈虎屋ういろ〉期間限定ショップ,,,2026-07-22,2026-07-28,10:00,19:30,,「〈虎屋ういろ〉期間限定ショップ」は2026-07-22から2026-07-28に10:00から19:30に遠鉄百貨店 新館B1F プラザB-1開催予定です。詳細は出典URLをご確認ください。,,,,,,,遠鉄百貨店 新館B1F プラザB-1,浜松市中央区砂山町320-2,,34.7037909,137.7331523,,,,,,,https://www.endepa.com/event/2xt8gvexyl2i,Web収集: 遠鉄百貨店; source_id=src_461453dfb86fc3a2; 説明生成=facts_only,スウィーツ・フード,中央区,2026-05-17,2026-05-17,,
221309,WEBf3f5a862e2,静岡県,浜松市,『材木 定 作品展』 芸術活動と美術教育,,,2026-07-29,2026-08-03,10:00,19:00,,「『材木 定 作品展』 芸術活動と美術教育」は2026-07-29から2026-08-03に10:00から19:00に遠鉄百貨店 イ・コ・イ スクエア6F ギャラリー・ロゼ開催予定です。詳細は出典URLをご確認ください。,,,,,,,遠鉄百貨店 イ・コ・イ スクエア6F ギャラリー・ロゼ,浜松市中央区砂山町320-2,,34.7037909,137.7331523,,,,,,,https://www.endepa.com/event/rnc0x349li,Web収集: 遠鉄百貨店; source_id=src_461453dfb86fc3a2; 説明生成=facts_only,ライフスタイル,中央区,2026-05-10,2026-05-10,,
221309,WEBbb4d8d68b6,静岡県,浜松市,〈RAMBLE CRAMBLE〉2月27日（金）オープン,,,2026-02-27,2027-02-28,10:00,19:30,,「〈RAMBLE CRAMBLE〉2月27日（金）オープン」は2026-02-27から2027-02-28に10:00から19:30に遠鉄百貨店 新館B1F開催予定です。詳細は出典URLをご確認ください。,,,,053-457-5448,,,遠鉄百貨店 新館B1F,浜松市中央区砂山町320-2,,34.7037909,137.7331523,,,,,,,https://www.endepa.com/event/ic-cglw2g4,Web収集: 遠鉄百貨店; source_id=src_461453dfb86fc3a2; 説明生成=facts_only,スウィーツ・フード,中央区,2026-02-19,2026-02-19,,
221309,WEB1bd30d408e,静岡県,浜松市,〈創作桃菓 桃花亭〉期間限定ショップ,,,2026-06-10,2026-08-25,10:00,19:30,,「〈創作桃菓 桃花亭〉期間限定ショップ」は2026-06-10から2026-08-25に10:00から19:30に遠鉄百貨店 新館B1F 特設会場開催予定です。詳細は出典URLをご確認ください。,,,,,,,遠鉄百貨店 新館B1F 特設会場,浜松市中央区砂山町320-2,,34.7037909,137.7331523,,,,,,,https://www.endepa.com/event/q_kzxkgri,Web収集: 遠鉄百貨店; source_id=src_461453dfb86fc3a2; 説明生成=facts_only,スウィーツ・フード,中央区,2025-04-14,2026-05-04,,
221309,WEB56753b23b2,静岡県,浜松市,2026 えんてつ屋上 BBQビアガーデン,,,2026-04-27,2026-09-27,,,,「2026 えんてつ屋上 BBQビアガーデン」は2026-04-27から2026-09-27に遠鉄百貨店 本館屋上 特設会場開催予定です。詳細は出典URLをご確認ください。,,,,,,,遠鉄百貨店 本館屋上 特設会場,浜松市中央区砂山町320-2,,34.7037909,137.7331523,,,,,,,https://www.endepa.com/event/axjrin-jx5k,Web収集: 遠鉄百貨店; source_id=src_461453dfb86fc3a2; 説明生成=facts_only,カフェ・レストラン,中央区,2025-04-12,2026-04-14,,
221309,WEB08f0f5a285,静岡県,浜松市,2026.6.20 2026年の三ケ日花火大会のチケット販売開始です！,,,2026-08-02,2026-08-02,19:30,20:30,,「2026.6.20 2026年の三ケ日花火大会のチケット販売開始です！」は2026-08-02に19:30から20:30に浜松市立三ヶ日中学校運動場開催予定です。詳細は出典URLをご確認ください。,,,,090−3297−5980,,,浜松市立三ヶ日中学校運動場,静岡県浜松市浜名区三ヶ日町宇志1320-5,,34.799038,137.556427,,,,,,,https://mikkabi-hanabi.com/,Web収集: 三ヶ日花火大会; source_id=src_f4105a9874df8a29; 説明生成=facts_only,花火大会,浜名区,,,,
221309,WEB8cbd35d12e,静岡県,浜松市,秋葉神社奉納花火大会(静岡県浜松市天竜区),,,2026-07-25,2026-07-25,19:30,,,「秋葉神社奉納花火大会(静岡県浜松市天竜区)」は2026-07-25に19:30に秋葉山本宮秋葉神社下社前気田川河川敷開催予定です。詳細は出典URLをご確認ください。,,,,053-985-0005 (秋葉山本宮秋葉神社下社),,,秋葉山本宮秋葉神社下社前気田川河川敷,静岡県浜松市天竜区春野町領家,,34.953369,137.881699,,,,,,,https://sorahanabi.com/shizuoka/hamamatsu/akihajinja-hanabitaikai.html,Web収集: 秋葉神社奉納花火大会; source_id=src_85f06a753f568db8; 説明生成=facts_only,花火大会,天竜区,,,,
221309,WEB36e1306afb,静岡県,浜松市,鹿島の花火(静岡県浜松市天竜区),,,2026-08-01,2026-08-01,19:00,21:00,,「鹿島の花火(静岡県浜松市天竜区)」は2026-08-01に19:00から21:00に天竜川河川敷開催予定です。詳細は出典URLをご確認ください。,,,,,,,天竜川河川敷,静岡県浜松市天竜区二俣町鹿島,,34.852627,137.80632,,,,,,,https://sorahanabi.com/shizuoka/hamamatsu/kajimanohanabi.html,Web収集: 鹿島の花火; source_id=src_48dcc3d7d635b5d1; 説明生成=facts_only,花火大会,天竜区,,,,
221309,WEBfc9714e0e8,静岡県,浜松市,アクト通りふれあいデイ,,,2026-08-16,2026-08-16,09:00,12:00,,「アクト通りふれあいデイ」は2026-08-16に09:00から12:00にアクト通り ロータリー南側開催予定です。詳細は出典URLをご確認ください。,,,,,,アクト通り利活用事業実行委員会,アクト通り ロータリー南側,静岡県浜松市中央区板屋町,,34.707083,137.735972,,,,,,,https://www.hamamatsu-machi.jp/event/6493/,Web収集: アクト通りふれあいデイ（公式日程）; source_id=src_c0f5a2345b40759a; 説明生成=facts_only,朝市,中央区,,,,
221309,WEB66cab8a770,静岡県,浜松市,アクト通りふれあいデイ,,,2026-09-20,2026-09-20,09:00,12:00,,「アクト通りふれあいデイ」は2026-09-20に09:00から12:00にアクト通り ロータリー南側開催予定です。詳細は出典URLをご確認ください。,,,,,,アクト通り利活用事業実行委員会,アクト通り ロータリー南側,静岡県浜松市中央区板屋町,,34.707083,137.735972,,,,,,,https://www.hamamatsu-machi.jp/event/6493/,Web収集: アクト通りふれあいデイ（公式日程）; source_id=src_c0f5a2345b40759a; 説明生成=facts_only,朝市,中央区,,,,
221309,WEB6ce689c989,静岡県,浜松市,アクト通りふれあいデイ,,,2026-10-18,2026-10-18,09:00,12:00,,「アクト通りふれあいデイ」は2026-10-18に09:00から12:00にアクト通り ロータリー南側開催予定です。詳細は出典URLをご確認ください。,,,,,,アクト通り利活用事業実行委員会,アクト通り ロータリー南側,静岡県浜松市中央区板屋町,,34.707083,137.735972,,,,,,,https://www.hamamatsu-machi.jp/event/6493/,Web収集: アクト通りふれあいデイ（公式日程）; source_id=src_c0f5a2345b40759a; 説明生成=facts_only,朝市,中央区,,,,
221309,WEB8fb5548380,静岡県,浜松市,アクト通りふれあいデイ,,,2026-11-15,2026-11-15,09:00,12:00,,「アクト通りふれあいデイ」は2026-11-15に09:00から12:00にアクト通り ロータリー南側開催予定です。詳細は出典URLをご確認ください。,,,,,,アクト通り利活用事業実行委員会,アクト通り ロータリー南側,静岡県浜松市中央区板屋町,,34.707083,137.735972,,,,,,,https://www.hamamatsu-machi.jp/event/6493/,Web収集: アクト通りふれあいデイ（公式日程）; source_id=src_c0f5a2345b40759a; 説明生成=facts_only,朝市,中央区,,,,
221309,WEBf4d2bfbe10,静岡県,浜松市,アクト通りふれあいデイ,,,2026-12-20,2026-12-20,09:00,12:00,,「アクト通りふれあいデイ」は2026-12-20に09:00から12:00にアクト通り ロータリー南側開催予定です。詳細は出典URLをご確認ください。,,,,,,アクト通り利活用事業実行委員会,アクト通り ロータリー南側,静岡県浜松市中央区板屋町,,34.707083,137.735972,,,,,,,https://www.hamamatsu-machi.jp/event/6493/,Web収集: アクト通りふれあいデイ（公式日程）; source_id=src_c0f5a2345b40759a; 説明生成=facts_only,朝市,中央区,,,,
221309,WEBe32518eb1f,静岡県,浜松市,アクト通りふれあいデイ,,,2027-01-17,2027-01-17,09:00,12:00,,「アクト通りふれあいデイ」は2027-01-17に09:00から12:00にアクト通り ロータリー南側開催予定です。詳細は出典URLをご確認ください。,,,,,,アクト通り利活用事業実行委員会,アクト通り ロータリー南側,静岡県浜松市中央区板屋町,,34.707083,137.735972,,,,,,,https://www.hamamatsu-machi.jp/event/6493/,Web収集: アクト通りふれあいデイ（公式日程）; source_id=src_c0f5a2345b40759a; 説明生成=facts_only,朝市,中央区,,,,
221309,WEB836d5c5c40,静岡県,浜松市,アクト通りふれあいデイ,,,2027-02-21,2027-02-21,09:00,12:00,,「アクト通りふれあいデイ」は2027-02-21に09:00から12:00にアクト通り ロータリー南側開催予定です。詳細は出典URLをご確認ください。,,,,,,アクト通り利活用事業実行委員会,アクト通り ロータリー南側,静岡県浜松市中央区板屋町,,34.707083,137.735972,,,,,,,https://www.hamamatsu-machi.jp/event/6493/,Web収集: アクト通りふれあいデイ（公式日程）; source_id=src_c0f5a2345b40759a; 説明生成=facts_only,朝市,中央区,,,,
221309,WEB7c1376f7e6,静岡県,浜松市,アクト通りふれあいデイ,,,2027-03-21,2027-03-21,09:00,12:00,,「アクト通りふれあいデイ」は2027-03-21に09:00から12:00にアクト通り ロータリー南側開催予定です。詳細は出典URLをご確認ください。,,,,,,アクト通り利活用事業実行委員会,アクト通り ロータリー南側,静岡県浜松市中央区板屋町,,34.707083,137.735972,,,,,,,https://www.hamamatsu-machi.jp/event/6493/,Web収集: アクト通りふれあいデイ（公式日程）; source_id=src_c0f5a2345b40759a; 説明生成=facts_only,朝市,中央区,,,,
221309,WEB987867dbad,静岡県,浜松市,カネサン朝市,,,2026-07-25,2026-07-25,07:00,11:00,,「カネサン朝市」は2026-07-25に07:00から11:00にカネサン竹中水産 工場前開催予定です。詳細は出典URLをご確認ください。,,,,,,カネサン竹中水産,カネサン竹中水産 工場前,静岡県浜松市中央区舞阪町舞阪4257-2,,34.679874,137.614548,,あり,,,,,https://www.kanesan.jp/,Web収集: カネサン竹中水産 朝市案内; source_id=src_964b6e43b2c79bd5; 説明生成=facts_only,朝市,中央区,,,,
221309,WEBc37b52b13a,静岡県,浜松市,カネサン朝市,,,2026-08-08,2026-08-08,07:00,11:00,,「カネサン朝市」は2026-08-08に07:00から11:00にカネサン竹中水産 工場前開催予定です。詳細は出典URLをご確認ください。,,,,,,カネサン竹中水産,カネサン竹中水産 工場前,静岡県浜松市中央区舞阪町舞阪4257-2,,34.679874,137.614548,,あり,,,,,https://www.kanesan.jp/,Web収集: カネサン竹中水産 朝市案内; source_id=src_964b6e43b2c79bd5; 説明生成=facts_only,朝市,中央区,,,,
221309,WEB9b88103114,静岡県,浜松市,カネサン朝市,,,2026-08-22,2026-08-22,07:00,11:00,,「カネサン朝市」は2026-08-22に07:00から11:00にカネサン竹中水産 工場前開催予定です。詳細は出典URLをご確認ください。,,,,,,カネサン竹中水産,カネサン竹中水産 工場前,静岡県浜松市中央区舞阪町舞阪4257-2,,34.679874,137.614548,,あり,,,,,https://www.kanesan.jp/,Web収集: カネサン竹中水産 朝市案内; source_id=src_964b6e43b2c79bd5; 説明生成=facts_only,朝市,中央区,,,,
221309,WEBadcf2d5dc9,静岡県,浜松市,カネサン朝市,,,2026-09-12,2026-09-12,07:00,11:00,,「カネサン朝市」は2026-09-12に07:00から11:00にカネサン竹中水産 工場前開催予定です。詳細は出典URLをご確認ください。,,,,,,カネサン竹中水産,カネサン竹中水産 工場前,静岡県浜松市中央区舞阪町舞阪4257-2,,34.679874,137.614548,,あり,,,,,https://www.kanesan.jp/,Web収集: カネサン竹中水産 朝市案内; source_id=src_964b6e43b2c79bd5; 説明生成=facts_only,朝市,中央区,,,,
221309,WEB49fe40d480,静岡県,浜松市,カネサン朝市,,,2026-09-26,2026-09-26,07:00,11:00,,「カネサン朝市」は2026-09-26に07:00から11:00にカネサン竹中水産 工場前開催予定です。詳細は出典URLをご確認ください。,,,,,,カネサン竹中水産,カネサン竹中水産 工場前,静岡県浜松市中央区舞阪町舞阪4257-2,,34.679874,137.614548,,あり,,,,,https://www.kanesan.jp/,Web収集: カネサン竹中水産 朝市案内; source_id=src_964b6e43b2c79bd5; 説明生成=facts_only,朝市,中央区,,,,
221309,WEB8a17d7d96c,静岡県,浜松市,カネサン朝市,,,2026-10-10,2026-10-10,07:00,11:00,,「カネサン朝市」は2026-10-10に07:00から11:00にカネサン竹中水産 工場前開催予定です。詳細は出典URLをご確認ください。,,,,,,カネサン竹中水産,カネサン竹中水産 工場前,静岡県浜松市中央区舞阪町舞阪4257-2,,34.679874,137.614548,,あり,,,,,https://www.kanesan.jp/,Web収集: カネサン竹中水産 朝市案内; source_id=src_964b6e43b2c79bd5; 説明生成=facts_only,朝市,中央区,,,,
221309,WEB0c4f494711,静岡県,浜松市,カネサン朝市,,,2026-10-24,2026-10-24,07:00,11:00,,「カネサン朝市」は2026-10-24に07:00から11:00にカネサン竹中水産 工場前開催予定です。詳細は出典URLをご確認ください。,,,,,,カネサン竹中水産,カネサン竹中水産 工場前,静岡県浜松市中央区舞阪町舞阪4257-2,,34.679874,137.614548,,あり,,,,,https://www.kanesan.jp/,Web収集: カネサン竹中水産 朝市案内; source_id=src_964b6e43b2c79bd5; 説明生成=facts_only,朝市,中央区,,,,
221309,WEB0bafe41e2b,静岡県,浜松市,カネサン朝市,,,2026-11-14,2026-11-14,07:00,11:00,,「カネサン朝市」は2026-11-14に07:00から11:00にカネサン竹中水産 工場前開催予定です。詳細は出典URLをご確認ください。,,,,,,カネサン竹中水産,カネサン竹中水産 工場前,静岡県浜松市中央区舞阪町舞阪4257-2,,34.679874,137.614548,,あり,,,,,https://www.kanesan.jp/,Web収集: カネサン竹中水産 朝市案内; source_id=src_964b6e43b2c79bd5; 説明生成=facts_only,朝市,中央区,,,,
221309,WEB943ffd92f4,静岡県,浜松市,カネサン朝市,,,2026-11-28,2026-11-28,07:00,11:00,,「カネサン朝市」は2026-11-28に07:00から11:00にカネサン竹中水産 工場前開催予定です。詳細は出典URLをご確認ください。,,,,,,カネサン竹中水産,カネサン竹中水産 工場前,静岡県浜松市中央区舞阪町舞阪4257-2,,34.679874,137.614548,,あり,,,,,https://www.kanesan.jp/,Web収集: カネサン竹中水産 朝市案内; source_id=src_964b6e43b2c79bd5; 説明生成=facts_only,朝市,中央区,,,,
221309,WEB6a7d95b76e,静岡県,浜松市,カネサン朝市,,,2026-12-12,2026-12-12,07:00,11:00,,「カネサン朝市」は2026-12-12に07:00から11:00にカネサン竹中水産 工場前開催予定です。詳細は出典URLをご確認ください。,,,,,,カネサン竹中水産,カネサン竹中水産 工場前,静岡県浜松市中央区舞阪町舞阪4257-2,,34.679874,137.614548,,あり,,,,,https://www.kanesan.jp/,Web収集: カネサン竹中水産 朝市案内; source_id=src_964b6e43b2c79bd5; 説明生成=facts_only,朝市,中央区,,,,
221309,WEB650705529e,静岡県,浜松市,カネサン朝市,,,2026-12-26,2026-12-26,07:00,11:00,,「カネサン朝市」は2026-12-26に07:00から11:00にカネサン竹中水産 工場前開催予定です。詳細は出典URLをご確認ください。,,,,,,カネサン竹中水産,カネサン竹中水産 工場前,静岡県浜松市中央区舞阪町舞阪4257-2,,34.679874,137.614548,,あり,,,,,https://www.kanesan.jp/,Web収集: カネサン竹中水産 朝市案内; source_id=src_964b6e43b2c79bd5; 説明生成=facts_only,朝市,中央区,,,,
221309,WEB917caf0fd7,静岡県,浜松市,カネサン朝市,,,2027-01-09,2027-01-09,07:00,11:00,,「カネサン朝市」は2027-01-09に07:00から11:00にカネサン竹中水産 工場前開催予定です。詳細は出典URLをご確認ください。,,,,,,カネサン竹中水産,カネサン竹中水産 工場前,静岡県浜松市中央区舞阪町舞阪4257-2,,34.679874,137.614548,,あり,,,,,https://www.kanesan.jp/,Web収集: カネサン竹中水産 朝市案内; source_id=src_964b6e43b2c79bd5; 説明生成=facts_only,朝市,中央区,,,,
221309,WEB5af5c2c4e7,静岡県,浜松市,カネサン朝市,,,2027-01-23,2027-01-23,07:00,11:00,,「カネサン朝市」は2027-01-23に07:00から11:00にカネサン竹中水産 工場前開催予定です。詳細は出典URLをご確認ください。,,,,,,カネサン竹中水産,カネサン竹中水産 工場前,静岡県浜松市中央区舞阪町舞阪4257-2,,34.679874,137.614548,,あり,,,,,https://www.kanesan.jp/,Web収集: カネサン竹中水産 朝市案内; source_id=src_964b6e43b2c79bd5; 説明生成=facts_only,朝市,中央区,,,,
221309,WEB2f163d5163,静岡県,浜松市,カネサン朝市,,,2027-02-13,2027-02-13,07:00,11:00,,「カネサン朝市」は2027-02-13に07:00から11:00にカネサン竹中水産 工場前開催予定です。詳細は出典URLをご確認ください。,,,,,,カネサン竹中水産,カネサン竹中水産 工場前,静岡県浜松市中央区舞阪町舞阪4257-2,,34.679874,137.614548,,あり,,,,,https://www.kanesan.jp/,Web収集: カネサン竹中水産 朝市案内; source_id=src_964b6e43b2c79bd5; 説明生成=facts_only,朝市,中央区,,,,
221309,WEBe52c25bf90,静岡県,浜松市,カネサン朝市,,,2027-02-27,2027-02-27,07:00,11:00,,「カネサン朝市」は2027-02-27に07:00から11:00にカネサン竹中水産 工場前開催予定です。詳細は出典URLをご確認ください。,,,,,,カネサン竹中水産,カネサン竹中水産 工場前,静岡県浜松市中央区舞阪町舞阪4257-2,,34.679874,137.614548,,あり,,,,,https://www.kanesan.jp/,Web収集: カネサン竹中水産 朝市案内; source_id=src_964b6e43b2c79bd5; 説明生成=facts_only,朝市,中央区,,,,
221309,WEB458bd06fd2,静岡県,浜松市,カネサン朝市,,,2027-03-13,2027-03-13,07:00,11:00,,「カネサン朝市」は2027-03-13に07:00から11:00にカネサン竹中水産 工場前開催予定です。詳細は出典URLをご確認ください。,,,,,,カネサン竹中水産,カネサン竹中水産 工場前,静岡県浜松市中央区舞阪町舞阪4257-2,,34.679874,137.614548,,あり,,,,,https://www.kanesan.jp/,Web収集: カネサン竹中水産 朝市案内; source_id=src_964b6e43b2c79bd5; 説明生成=facts_only,朝市,中央区,,,,
221309,WEB82dc4c2dd2,静岡県,浜松市,カネサン朝市,,,2027-03-27,2027-03-27,07:00,11:00,,「カネサン朝市」は2027-03-27に07:00から11:00にカネサン竹中水産 工場前開催予定です。詳細は出典URLをご確認ください。,,,,,,カネサン竹中水産,カネサン竹中水産 工場前,静岡県浜松市中央区舞阪町舞阪4257-2,,34.679874,137.614548,,あり,,,,,https://www.kanesan.jp/,Web収集: カネサン竹中水産 朝市案内; source_id=src_964b6e43b2c79bd5; 説明生成=facts_only,朝市,中央区,,,,
221309,WEBea61724a8b,静岡県,浜松市,カネサン朝市,,,2027-04-10,2027-04-10,07:00,11:00,,「カネサン朝市」は2027-04-10に07:00から11:00にカネサン竹中水産 工場前開催予定です。詳細は出典URLをご確認ください。,,,,,,カネサン竹中水産,カネサン竹中水産 工場前,静岡県浜松市中央区舞阪町舞阪4257-2,,34.679874,137.614548,,あり,,,,,https://www.kanesan.jp/,Web収集: カネサン竹中水産 朝市案内; source_id=src_964b6e43b2c79bd5; 説明生成=facts_only,朝市,中央区,,,,
221309,WEBaabf9dad46,静岡県,浜松市,カネサン朝市,,,2027-04-24,2027-04-24,07:00,11:00,,「カネサン朝市」は2027-04-24に07:00から11:00にカネサン竹中水産 工場前開催予定です。詳細は出典URLをご確認ください。,,,,,,カネサン竹中水産,カネサン竹中水産 工場前,静岡県浜松市中央区舞阪町舞阪4257-2,,34.679874,137.614548,,あり,,,,,https://www.kanesan.jp/,Web収集: カネサン竹中水産 朝市案内; source_id=src_964b6e43b2c79bd5; 説明生成=facts_only,朝市,中央区,,,,
221309,WEB33e4382d87,静岡県,浜松市,カネサン朝市,,,2027-05-08,2027-05-08,07:00,11:00,,「カネサン朝市」は2027-05-08に07:00から11:00にカネサン竹中水産 工場前開催予定です。詳細は出典URLをご確認ください。,,,,,,カネサン竹中水産,カネサン竹中水産 工場前,静岡県浜松市中央区舞阪町舞阪4257-2,,34.679874,137.614548,,あり,,,,,https://www.kanesan.jp/,Web収集: カネサン竹中水産 朝市案内; source_id=src_964b6e43b2c79bd5; 説明生成=facts_only,朝市,中央区,,,,
221309,WEBf58f4fe87b,静岡県,浜松市,カネサン朝市,,,2027-05-22,2027-05-22,07:00,11:00,,「カネサン朝市」は2027-05-22に07:00から11:00にカネサン竹中水産 工場前開催予定です。詳細は出典URLをご確認ください。,,,,,,カネサン竹中水産,カネサン竹中水産 工場前,静岡県浜松市中央区舞阪町舞阪4257-2,,34.679874,137.614548,,あり,,,,,https://www.kanesan.jp/,Web収集: カネサン竹中水産 朝市案内; source_id=src_964b6e43b2c79bd5; 説明生成=facts_only,朝市,中央区,,,,
221309,WEB3ae557582c,静岡県,浜松市,カネサン朝市,,,2027-06-12,2027-06-12,07:00,11:00,,「カネサン朝市」は2027-06-12に07:00から11:00にカネサン竹中水産 工場前開催予定です。詳細は出典URLをご確認ください。,,,,,,カネサン竹中水産,カネサン竹中水産 工場前,静岡県浜松市中央区舞阪町舞阪4257-2,,34.679874,137.614548,,あり,,,,,https://www.kanesan.jp/,Web収集: カネサン竹中水産 朝市案内; source_id=src_964b6e43b2c79bd5; 説明生成=facts_only,朝市,中央区,,,,
221309,WEBc6a14da61d,静岡県,浜松市,カネサン朝市,,,2027-06-26,2027-06-26,07:00,11:00,,「カネサン朝市」は2027-06-26に07:00から11:00にカネサン竹中水産 工場前開催予定です。詳細は出典URLをご確認ください。,,,,,,カネサン竹中水産,カネサン竹中水産 工場前,静岡県浜松市中央区舞阪町舞阪4257-2,,34.679874,137.614548,,あり,,,,,https://www.kanesan.jp/,Web収集: カネサン竹中水産 朝市案内; source_id=src_964b6e43b2c79bd5; 説明生成=facts_only,朝市,中央区,,,,
221309,WEB38cd5e8d32,静岡県,浜松市,カネサン朝市,,,2027-07-10,2027-07-10,07:00,11:00,,「カネサン朝市」は2027-07-10に07:00から11:00にカネサン竹中水産 工場前開催予定です。詳細は出典URLをご確認ください。,,,,,,カネサン竹中水産,カネサン竹中水産 工場前,静岡県浜松市中央区舞阪町舞阪4257-2,,34.679874,137.614548,,あり,,,,,https://www.kanesan.jp/,Web収集: カネサン竹中水産 朝市案内; source_id=src_964b6e43b2c79bd5; 説明生成=facts_only,朝市,中央区,,,,
221309,WEBc32faee973,静岡県,浜松市,カネサン朝市,,,2027-07-24,2027-07-24,07:00,11:00,,「カネサン朝市」は2027-07-24に07:00から11:00にカネサン竹中水産 工場前開催予定です。詳細は出典URLをご確認ください。,,,,,,カネサン竹中水産,カネサン竹中水産 工場前,静岡県浜松市中央区舞阪町舞阪4257-2,,34.679874,137.614548,,あり,,,,,https://www.kanesan.jp/,Web収集: カネサン竹中水産 朝市案内; source_id=src_964b6e43b2c79bd5; 説明生成=facts_only,朝市,中央区,,,,
221309,WEBecc5d5f3dd,静岡県,浜松市,サザンクロス商店街朝市,,,2026-08-01,2026-08-01,10:00,11:30,,「サザンクロス商店街朝市」は2026-08-01に10:00から11:30にサザンクロス商店街開催予定です。詳細は出典URLをご確認ください。,,,,,,,サザンクロス商店街,静岡県浜松市中央区砂山町358-18,,34.701698,137.733322,,,,,,,https://www.kanesan.jp/,Web収集: カネサン竹中水産 朝市案内; source_id=src_964b6e43b2c79bd5; 説明生成=facts_only,朝市,中央区,,,,
221309,WEB9c5849e92e,静岡県,浜松市,サザンクロス商店街朝市,,,2026-08-15,2026-08-15,10:00,11:30,,「サザンクロス商店街朝市」は2026-08-15に10:00から11:30にサザンクロス商店街開催予定です。詳細は出典URLをご確認ください。,,,,,,,サザンクロス商店街,静岡県浜松市中央区砂山町358-18,,34.701698,137.733322,,,,,,,https://www.kanesan.jp/,Web収集: カネサン竹中水産 朝市案内; source_id=src_964b6e43b2c79bd5; 説明生成=facts_only,朝市,中央区,,,,
221309,WEB9309d5e261,静岡県,浜松市,サザンクロス商店街朝市,,,2026-09-05,2026-09-05,10:00,11:30,,「サザンクロス商店街朝市」は2026-09-05に10:00から11:30にサザンクロス商店街開催予定です。詳細は出典URLをご確認ください。,,,,,,,サザンクロス商店街,静岡県浜松市中央区砂山町358-18,,34.701698,137.733322,,,,,,,https://www.kanesan.jp/,Web収集: カネサン竹中水産 朝市案内; source_id=src_964b6e43b2c79bd5; 説明生成=facts_only,朝市,中央区,,,,
221309,WEB682f7a84fc,静岡県,浜松市,サザンクロス商店街朝市,,,2026-09-19,2026-09-19,10:00,11:30,,「サザンクロス商店街朝市」は2026-09-19に10:00から11:30にサザンクロス商店街開催予定です。詳細は出典URLをご確認ください。,,,,,,,サザンクロス商店街,静岡県浜松市中央区砂山町358-18,,34.701698,137.733322,,,,,,,https://www.kanesan.jp/,Web収集: カネサン竹中水産 朝市案内; source_id=src_964b6e43b2c79bd5; 説明生成=facts_only,朝市,中央区,,,,
221309,WEB03d98c6ac6,静岡県,浜松市,サザンクロス商店街朝市,,,2026-10-03,2026-10-03,10:00,11:30,,「サザンクロス商店街朝市」は2026-10-03に10:00から11:30にサザンクロス商店街開催予定です。詳細は出典URLをご確認ください。,,,,,,,サザンクロス商店街,静岡県浜松市中央区砂山町358-18,,34.701698,137.733322,,,,,,,https://www.kanesan.jp/,Web収集: カネサン竹中水産 朝市案内; source_id=src_964b6e43b2c79bd5; 説明生成=facts_only,朝市,中央区,,,,
221309,WEBc1b9a7eac7,静岡県,浜松市,サザンクロス商店街朝市,,,2026-10-17,2026-10-17,10:00,11:30,,「サザンクロス商店街朝市」は2026-10-17に10:00から11:30にサザンクロス商店街開催予定です。詳細は出典URLをご確認ください。,,,,,,,サザンクロス商店街,静岡県浜松市中央区砂山町358-18,,34.701698,137.733322,,,,,,,https://www.kanesan.jp/,Web収集: カネサン竹中水産 朝市案内; source_id=src_964b6e43b2c79bd5; 説明生成=facts_only,朝市,中央区,,,,
221309,WEBb2fa80d7d1,静岡県,浜松市,サザンクロス商店街朝市,,,2026-11-07,2026-11-07,10:00,11:30,,「サザンクロス商店街朝市」は2026-11-07に10:00から11:30にサザンクロス商店街開催予定です。詳細は出典URLをご確認ください。,,,,,,,サザンクロス商店街,静岡県浜松市中央区砂山町358-18,,34.701698,137.733322,,,,,,,https://www.kanesan.jp/,Web収集: カネサン竹中水産 朝市案内; source_id=src_964b6e43b2c79bd5; 説明生成=facts_only,朝市,中央区,,,,
221309,WEB6c95b5769b,静岡県,浜松市,サザンクロス商店街朝市,,,2026-11-21,2026-11-21,10:00,11:30,,「サザンクロス商店街朝市」は2026-11-21に10:00から11:30にサザンクロス商店街開催予定です。詳細は出典URLをご確認ください。,,,,,,,サザンクロス商店街,静岡県浜松市中央区砂山町358-18,,34.701698,137.733322,,,,,,,https://www.kanesan.jp/,Web収集: カネサン竹中水産 朝市案内; source_id=src_964b6e43b2c79bd5; 説明生成=facts_only,朝市,中央区,,,,
221309,WEB3f9b18b391,静岡県,浜松市,サザンクロス商店街朝市,,,2026-12-05,2026-12-05,10:00,11:30,,「サザンクロス商店街朝市」は2026-12-05に10:00から11:30にサザンクロス商店街開催予定です。詳細は出典URLをご確認ください。,,,,,,,サザンクロス商店街,静岡県浜松市中央区砂山町358-18,,34.701698,137.733322,,,,,,,https://www.kanesan.jp/,Web収集: カネサン竹中水産 朝市案内; source_id=src_964b6e43b2c79bd5; 説明生成=facts_only,朝市,中央区,,,,
221309,WEB5ecea0e8b9,静岡県,浜松市,サザンクロス商店街朝市,,,2026-12-19,2026-12-19,10:00,11:30,,「サザンクロス商店街朝市」は2026-12-19に10:00から11:30にサザンクロス商店街開催予定です。詳細は出典URLをご確認ください。,,,,,,,サザンクロス商店街,静岡県浜松市中央区砂山町358-18,,34.701698,137.733322,,,,,,,https://www.kanesan.jp/,Web収集: カネサン竹中水産 朝市案内; source_id=src_964b6e43b2c79bd5; 説明生成=facts_only,朝市,中央区,,,,
221309,WEBfffd5f0542,静岡県,浜松市,サザンクロス商店街朝市,,,2027-01-02,2027-01-02,10:00,11:30,,「サザンクロス商店街朝市」は2027-01-02に10:00から11:30にサザンクロス商店街開催予定です。詳細は出典URLをご確認ください。,,,,,,,サザンクロス商店街,静岡県浜松市中央区砂山町358-18,,34.701698,137.733322,,,,,,,https://www.kanesan.jp/,Web収集: カネサン竹中水産 朝市案内; source_id=src_964b6e43b2c79bd5; 説明生成=facts_only,朝市,中央区,,,,
221309,WEB277402c3f2,静岡県,浜松市,サザンクロス商店街朝市,,,2027-01-16,2027-01-16,10:00,11:30,,「サザンクロス商店街朝市」は2027-01-16に10:00から11:30にサザンクロス商店街開催予定です。詳細は出典URLをご確認ください。,,,,,,,サザンクロス商店街,静岡県浜松市中央区砂山町358-18,,34.701698,137.733322,,,,,,,https://www.kanesan.jp/,Web収集: カネサン竹中水産 朝市案内; source_id=src_964b6e43b2c79bd5; 説明生成=facts_only,朝市,中央区,,,,
221309,WEB83c388322d,静岡県,浜松市,サザンクロス商店街朝市,,,2027-02-06,2027-02-06,10:00,11:30,,「サザンクロス商店街朝市」は2027-02-06に10:00から11:30にサザンクロス商店街開催予定です。詳細は出典URLをご確認ください。,,,,,,,サザンクロス商店街,静岡県浜松市中央区砂山町358-18,,34.701698,137.733322,,,,,,,https://www.kanesan.jp/,Web収集: カネサン竹中水産 朝市案内; source_id=src_964b6e43b2c79bd5; 説明生成=facts_only,朝市,中央区,,,,
221309,WEB23a1fd711c,静岡県,浜松市,サザンクロス商店街朝市,,,2027-02-20,2027-02-20,10:00,11:30,,「サザンクロス商店街朝市」は2027-02-20に10:00から11:30にサザンクロス商店街開催予定です。詳細は出典URLをご確認ください。,,,,,,,サザンクロス商店街,静岡県浜松市中央区砂山町358-18,,34.701698,137.733322,,,,,,,https://www.kanesan.jp/,Web収集: カネサン竹中水産 朝市案内; source_id=src_964b6e43b2c79bd5; 説明生成=facts_only,朝市,中央区,,,,
221309,WEB82448ff3a2,静岡県,浜松市,サザンクロス商店街朝市,,,2027-03-06,2027-03-06,10:00,11:30,,「サザンクロス商店街朝市」は2027-03-06に10:00から11:30にサザンクロス商店街開催予定です。詳細は出典URLをご確認ください。,,,,,,,サザンクロス商店街,静岡県浜松市中央区砂山町358-18,,34.701698,137.733322,,,,,,,https://www.kanesan.jp/,Web収集: カネサン竹中水産 朝市案内; source_id=src_964b6e43b2c79bd5; 説明生成=facts_only,朝市,中央区,,,,
221309,WEB5805ab9ab2,静岡県,浜松市,サザンクロス商店街朝市,,,2027-03-20,2027-03-20,10:00,11:30,,「サザンクロス商店街朝市」は2027-03-20に10:00から11:30にサザンクロス商店街開催予定です。詳細は出典URLをご確認ください。,,,,,,,サザンクロス商店街,静岡県浜松市中央区砂山町358-18,,34.701698,137.733322,,,,,,,https://www.kanesan.jp/,Web収集: カネサン竹中水産 朝市案内; source_id=src_964b6e43b2c79bd5; 説明生成=facts_only,朝市,中央区,,,,
221309,WEB8ab67740cf,静岡県,浜松市,サザンクロス商店街朝市,,,2027-04-03,2027-04-03,10:00,11:30,,「サザンクロス商店街朝市」は2027-04-03に10:00から11:30にサザンクロス商店街開催予定です。詳細は出典URLをご確認ください。,,,,,,,サザンクロス商店街,静岡県浜松市中央区砂山町358-18,,34.701698,137.733322,,,,,,,https://www.kanesan.jp/,Web収集: カネサン竹中水産 朝市案内; source_id=src_964b6e43b2c79bd5; 説明生成=facts_only,朝市,中央区,,,,
221309,WEB23612da9a6,静岡県,浜松市,サザンクロス商店街朝市,,,2027-04-17,2027-04-17,10:00,11:30,,「サザンクロス商店街朝市」は2027-04-17に10:00から11:30にサザンクロス商店街開催予定です。詳細は出典URLをご確認ください。,,,,,,,サザンクロス商店街,静岡県浜松市中央区砂山町358-18,,34.701698,137.733322,,,,,,,https://www.kanesan.jp/,Web収集: カネサン竹中水産 朝市案内; source_id=src_964b6e43b2c79bd5; 説明生成=facts_only,朝市,中央区,,,,
221309,WEB6cc3053323,静岡県,浜松市,サザンクロス商店街朝市,,,2027-05-01,2027-05-01,10:00,11:30,,「サザンクロス商店街朝市」は2027-05-01に10:00から11:30にサザンクロス商店街開催予定です。詳細は出典URLをご確認ください。,,,,,,,サザンクロス商店街,静岡県浜松市中央区砂山町358-18,,34.701698,137.733322,,,,,,,https://www.kanesan.jp/,Web収集: カネサン竹中水産 朝市案内; source_id=src_964b6e43b2c79bd5; 説明生成=facts_only,朝市,中央区,,,,
221309,WEB24028e266d,静岡県,浜松市,サザンクロス商店街朝市,,,2027-05-15,2027-05-15,10:00,11:30,,「サザンクロス商店街朝市」は2027-05-15に10:00から11:30にサザンクロス商店街開催予定です。詳細は出典URLをご確認ください。,,,,,,,サザンクロス商店街,静岡県浜松市中央区砂山町358-18,,34.701698,137.733322,,,,,,,https://www.kanesan.jp/,Web収集: カネサン竹中水産 朝市案内; source_id=src_964b6e43b2c79bd5; 説明生成=facts_only,朝市,中央区,,,,
221309,WEB7a300c155f,静岡県,浜松市,サザンクロス商店街朝市,,,2027-06-05,2027-06-05,10:00,11:30,,「サザンクロス商店街朝市」は2027-06-05に10:00から11:30にサザンクロス商店街開催予定です。詳細は出典URLをご確認ください。,,,,,,,サザンクロス商店街,静岡県浜松市中央区砂山町358-18,,34.701698,137.733322,,,,,,,https://www.kanesan.jp/,Web収集: カネサン竹中水産 朝市案内; source_id=src_964b6e43b2c79bd5; 説明生成=facts_only,朝市,中央区,,,,
221309,WEB46ba0a06e7,静岡県,浜松市,サザンクロス商店街朝市,,,2027-06-19,2027-06-19,10:00,11:30,,「サザンクロス商店街朝市」は2027-06-19に10:00から11:30にサザンクロス商店街開催予定です。詳細は出典URLをご確認ください。,,,,,,,サザンクロス商店街,静岡県浜松市中央区砂山町358-18,,34.701698,137.733322,,,,,,,https://www.kanesan.jp/,Web収集: カネサン竹中水産 朝市案内; source_id=src_964b6e43b2c79bd5; 説明生成=facts_only,朝市,中央区,,,,
221309,WEBa3a853c1a1,静岡県,浜松市,サザンクロス商店街朝市,,,2027-07-03,2027-07-03,10:00,11:30,,「サザンクロス商店街朝市」は2027-07-03に10:00から11:30にサザンクロス商店街開催予定です。詳細は出典URLをご確認ください。,,,,,,,サザンクロス商店街,静岡県浜松市中央区砂山町358-18,,34.701698,137.733322,,,,,,,https://www.kanesan.jp/,Web収集: カネサン竹中水産 朝市案内; source_id=src_964b6e43b2c79bd5; 説明生成=facts_only,朝市,中央区,,,,
221309,WEB4e05f4e4db,静岡県,浜松市,サザンクロス商店街朝市,,,2027-07-17,2027-07-17,10:00,11:30,,「サザンクロス商店街朝市」は2027-07-17に10:00から11:30にサザンクロス商店街開催予定です。詳細は出典URLをご確認ください。,,,,,,,サザンクロス商店街,静岡県浜松市中央区砂山町358-18,,34.701698,137.733322,,,,,,,https://www.kanesan.jp/,Web収集: カネサン竹中水産 朝市案内; source_id=src_964b6e43b2c79bd5; 説明生成=facts_only,朝市,中央区,,,,
221309,WEB396a8d7f45,静岡県,浜松市,浜松サザンクロスほしの市,,,2026-09-13,2026-09-13,10:00,15:00,,「浜松サザンクロスほしの市」は2026-09-13に10:00から15:00にサザンクロス商店街開催予定です。詳細は出典URLをご確認ください。,,,,,,,サザンクロス商店街,静岡県浜松市中央区砂山町,,34.7019,137.734604,,,,,,,https://hoshinoichi.com/,Web収集: 浜松サザンクロスほしの市 公式; source_id=src_c49ad7b979a084dc; 説明生成=facts_only,マルシェ,中央区,,,,
221309,WEBd3f343dc0a,静岡県,浜松市,浜松サザンクロスほしの市,,,2026-10-11,2026-10-11,10:00,15:00,,「浜松サザンクロスほしの市」は2026-10-11に10:00から15:00にサザンクロス商店街開催予定です。詳細は出典URLをご確認ください。,,,,,,,サザンクロス商店街,静岡県浜松市中央区砂山町,,34.7019,137.734604,,,,,,,https://hoshinoichi.com/,Web収集: 浜松サザンクロスほしの市 公式; source_id=src_c49ad7b979a084dc; 説明生成=facts_only,マルシェ,中央区,,,,
221309,WEB87d97a49ee,静岡県,浜松市,浜松サザンクロスほしの市,,,2026-11-08,2026-11-08,10:00,15:00,,「浜松サザンクロスほしの市」は2026-11-08に10:00から15:00にサザンクロス商店街開催予定です。詳細は出典URLをご確認ください。,,,,,,,サザンクロス商店街,静岡県浜松市中央区砂山町,,34.7019,137.734604,,,,,,,https://hoshinoichi.com/,Web収集: 浜松サザンクロスほしの市 公式; source_id=src_c49ad7b979a084dc; 説明生成=facts_only,マルシェ,中央区,,,,
221309,WEBac24fa63c5,静岡県,浜松市,浜松サザンクロスほしの市,,,2026-12-13,2026-12-13,10:00,15:00,,「浜松サザンクロスほしの市」は2026-12-13に10:00から15:00にサザンクロス商店街開催予定です。詳細は出典URLをご確認ください。,,,,,,,サザンクロス商店街,静岡県浜松市中央区砂山町,,34.7019,137.734604,,,,,,,https://hoshinoichi.com/,Web収集: 浜松サザンクロスほしの市 公式; source_id=src_c49ad7b979a084dc; 説明生成=facts_only,マルシェ,中央区,,,,
221309,WEB751c86a5ea,静岡県,浜松市,浜松サザンクロスほしの市,,,2027-01-10,2027-01-10,10:00,15:00,,「浜松サザンクロスほしの市」は2027-01-10に10:00から15:00にサザンクロス商店街開催予定です。詳細は出典URLをご確認ください。,,,,,,,サザンクロス商店街,静岡県浜松市中央区砂山町,,34.7019,137.734604,,,,,,,https://hoshinoichi.com/,Web収集: 浜松サザンクロスほしの市 公式; source_id=src_c49ad7b979a084dc; 説明生成=facts_only,マルシェ,中央区,,,,
221309,WEB1edce13a35,静岡県,浜松市,浜松サザンクロスほしの市,,,2027-02-14,2027-02-14,10:00,15:00,,「浜松サザンクロスほしの市」は2027-02-14に10:00から15:00にサザンクロス商店街開催予定です。詳細は出典URLをご確認ください。,,,,,,,サザンクロス商店街,静岡県浜松市中央区砂山町,,34.7019,137.734604,,,,,,,https://hoshinoichi.com/,Web収集: 浜松サザンクロスほしの市 公式; source_id=src_c49ad7b979a084dc; 説明生成=facts_only,マルシェ,中央区,,,,
221309,WEB0387ee3c34,静岡県,浜松市,浜松サザンクロスほしの市,,,2027-03-14,2027-03-14,10:00,15:00,,「浜松サザンクロスほしの市」は2027-03-14に10:00から15:00にサザンクロス商店街開催予定です。詳細は出典URLをご確認ください。,,,,,,,サザンクロス商店街,静岡県浜松市中央区砂山町,,34.7019,137.734604,,,,,,,https://hoshinoichi.com/,Web収集: 浜松サザンクロスほしの市 公式; source_id=src_c49ad7b979a084dc; 説明生成=facts_only,マルシェ,中央区,,,,
221309,WEB33a3b6e250,静岡県,浜松市,浜松サザンクロスほしの市,,,2027-04-11,2027-04-11,10:00,15:00,,「浜松サザンクロスほしの市」は2027-04-11に10:00から15:00にサザンクロス商店街開催予定です。詳細は出典URLをご確認ください。,,,,,,,サザンクロス商店街,静岡県浜松市中央区砂山町,,34.7019,137.734604,,,,,,,https://hoshinoichi.com/,Web収集: 浜松サザンクロスほしの市 公式; source_id=src_c49ad7b979a084dc; 説明生成=facts_only,マルシェ,中央区,,,,
221309,WEBb8dd1f55f5,静岡県,浜松市,浜松サザンクロスほしの市,,,2027-05-09,2027-05-09,10:00,15:00,,「浜松サザンクロスほしの市」は2027-05-09に10:00から15:00にサザンクロス商店街開催予定です。詳細は出典URLをご確認ください。,,,,,,,サザンクロス商店街,静岡県浜松市中央区砂山町,,34.7019,137.734604,,,,,,,https://hoshinoichi.com/,Web収集: 浜松サザンクロスほしの市 公式; source_id=src_c49ad7b979a084dc; 説明生成=facts_only,マルシェ,中央区,,,,
221309,WEBaadfa3bf49,静岡県,浜松市,浜松サザンクロスほしの市,,,2027-06-13,2027-06-13,10:00,15:00,,「浜松サザンクロスほしの市」は2027-06-13に10:00から15:00にサザンクロス商店街開催予定です。詳細は出典URLをご確認ください。,,,,,,,サザンクロス商店街,静岡県浜松市中央区砂山町,,34.7019,137.734604,,,,,,,https://hoshinoichi.com/,Web収集: 浜松サザンクロスほしの市 公式; source_id=src_c49ad7b979a084dc; 説明生成=facts_only,マルシェ,中央区,,,,
221309,WEB4b5baffe59,静岡県,浜松市,浜名湖体験学習施設ウォットのイベント情報,,,2026-09-20,2026-09-20,10:30,11:30,,「浜名湖体験学習施設ウォットのイベント情報」は2026-09-20に10:30から11:30に浜名湖体験学習施設ウォット開催予定です。料金は3000円です。詳細は出典URLをご確認ください。,3000円,,,053-592-2880,,,浜名湖体験学習施設ウォット,静岡県浜松市中央区舞阪町弁天島5005-3,,34.69936,137.606384,,,,,,,https://ulotto.entetsuassist-dms.com/event/page/2/,Web収集: 浜名湖体験学習施設ウォット; source_id=src_0630d7c643bcf8d9; 説明生成=facts_only; ジオコーディング補完: 静岡県浜松市中央区舞阪町弁天島5005-3,水族館イベント,中央区,,,,
221309,WEBc9067607ca,静岡県,浜松市,【夏休み企画】カプセルトイにチャレンジ,,,2026-07-11,2026-07-31,09:00,17:00,,「【夏休み企画】カプセルトイにチャレンジ」は2026-07-11から2026-07-31に09:00から17:00に浜名湖ガーデンパーク開催予定です。詳細は出典URLをご確認ください。,,,浜名湖えんてつグループ,053-488-1500,,浜名湖えんてつグループ,浜名湖ガーデンパーク,静岡県浜松市中央区村櫛町5475-1,,34.714892,137.600689,,,,,,,https://www.hamanako-gardenpark.jp/event/2026/06/post-597.php,Web収集: 浜名湖ガーデンパーク; source_id=src_be3eeca428a3d378; 説明生成=facts_only,夏休み企画,中央区,,,,
221309,WEB2d6bc316c2,静岡県,浜松市,タッチプール ～浜名湖の生きものたちに触ってみよう！～,,,2026-07-25,2026-08-02,10:30,15:30,,「タッチプール ～浜名湖の生きものたちに触ってみよう！～」は2026-07-25から2026-08-02に10:30から15:30に浜名湖ガーデンパーク開催予定です。料金は無料です。詳細は出典URLをご確認ください。,無料,,浜名湖ガーデンパーク,053-488-1500,,浜名湖えんてつグループ,浜名湖ガーデンパーク,静岡県浜松市中央区村櫛町5475-1,,34.714892,137.600689,,,,,,,https://www.hamanako-gardenpark.jp/event/2026/06/post-622.php,Web収集: 浜名湖ガーデンパーク; source_id=src_be3eeca428a3d378; 説明生成=facts_only,体験・ワークショップ,中央区,,,,
221309,WEB063d06ad7d,静岡県,浜松市,手持ち花火で楽しまナイト！,,,2026-07-26,2026-07-26,19:00,20:00,,「手持ち花火で楽しまナイト！」は2026-07-26に19:00から20:00に浜名湖ガーデンパーク開催予定です。料金は無料です。詳細は出典URLをご確認ください。,無料,,浜名湖ガーデンパーク,053-488-1500,,浜名湖えんてつグループ,浜名湖ガーデンパーク,静岡県浜松市中央区村櫛町5475-1,,34.714892,137.600689,,,,,,,https://www.hamanako-gardenpark.jp/event/2026/06/post-626.php,Web収集: 浜名湖ガーデンパーク; source_id=src_be3eeca428a3d378; 説明生成=facts_only,花火,中央区,,,,
221309,WEB15decedef0,静岡県,浜松市,こんちゅう実物展示,,,2026-07-31,2026-08-02,08:30,17:00,,「こんちゅう実物展示」は2026-07-31から2026-08-02に08:30から17:00に浜名湖ガーデンパーク開催予定です。料金は無料です。詳細は出典URLをご確認ください。,無料,,浜名湖えんてつグループ,053-488-1500,,浜名湖えんてつグループ,浜名湖ガーデンパーク,静岡県浜松市中央区村櫛町5475-1,,34.714892,137.600689,,,,,,,https://www.hamanako-gardenpark.jp/event/2026/06/post-624.php,Web収集: 浜名湖ガーデンパーク; source_id=src_be3eeca428a3d378; 説明生成=facts_only,展示,中央区,,,,
221309,WEB7c57ca8f31,静岡県,浜松市,こんちゅうクンのホンモノ昆虫教室,,,2026-07-31,2026-07-31,11:00,14:30,,「こんちゅうクンのホンモノ昆虫教室」は2026-07-31に11:00から14:30に浜名湖ガーデンパーク開催予定です。料金は無料です。詳細は出典URLをご確認ください。,無料,,浜名湖ガーデンパーク,053-488-1500,,浜名湖えんてつグループ,浜名湖ガーデンパーク,静岡県浜松市中央区村櫛町5475-1,,34.714892,137.600689,,,45名/回,,,,https://www.hamanako-gardenpark.jp/event/2026/06/post-625.php,Web収集: 浜名湖ガーデンパーク; source_id=src_be3eeca428a3d378; 説明生成=facts_only,教室・体験,中央区,,,,
221309,WEB8fd3aabddc,静岡県,浜松市,のたねの宝ものを探せ！,,,2026-08-01,2026-08-01,08:30,16:00,,「のたねの宝ものを探せ！」は2026-08-01に08:30から16:00に浜名湖ガーデンパーク開催予定です。料金は無料です。詳細は出典URLをご確認ください。,無料,,浜名湖えんてつグループ,053-488-1500,,浜名湖えんてつグループ,浜名湖ガーデンパーク,静岡県浜松市中央区村櫛町5475-1,,34.714892,137.600689,,,,,,,https://www.hamanako-gardenpark.jp/event/2026/06/post-644.php,Web収集: 浜名湖ガーデンパーク; source_id=src_be3eeca428a3d378; 説明生成=facts_only,クイズラリー,中央区,,,,
221309,WEB54270440f8,静岡県,浜松市,おはよう！ノルディックウォーキング,,,2026-07-20,2026-08-16,07:00,08:30,,「おはよう！ノルディックウォーキング」は2026-07-20から2026-08-16に07:00から08:30に浜名湖ガーデンパーク開催予定です。料金は無料です。詳細は出典URLをご確認ください。,無料,,浜名湖ガーデンパーク,053-488-1500,,浜名湖えんてつグループ,浜名湖ガーデンパーク,静岡県浜松市中央区村櫛町5475-1,,34.714892,137.600689,,,,,,,https://www.hamanako-gardenpark.jp/event/2026/07/post-647.php,Web収集: 浜名湖ガーデンパーク; source_id=src_be3eeca428a3d378; 説明生成=facts_only,ウォーキング,中央区,,,,
221309,WEB81c211ed65,静岡県,浜松市,透明骨格標本作り ※ウォットオリジナル※,,,2026-08-02,2026-08-02,11:30,14:30,,「透明骨格標本作り ※ウォットオリジナル※」は2026-08-02に11:30から14:30に浜名湖ガーデンパーク開催予定です。料金は無料です。詳細は出典URLをご確認ください。,無料,,浜名湖ガーデンパーク,053-488-1500,,浜名湖えんてつグループ,浜名湖ガーデンパーク,静岡県浜松市中央区村櫛町5475-1,,34.714892,137.600689,,,20名/回,,,,https://www.hamanako-gardenpark.jp/event/2026/06/post-623.php,Web収集: 浜名湖ガーデンパーク; source_id=src_be3eeca428a3d378; 説明生成=facts_only,体験・ワークショップ,中央区,,,,
221309,WEBd76f696f86,静岡県,浜松市,オリジナルうちわを作ろう！,,,2026-08-03,2026-08-03,10:00,12:00,,「オリジナルうちわを作ろう！」は2026-08-03に10:00から12:00に浜名湖ガーデンパーク開催予定です。料金は200円です。事前申込が必要です。詳細は出典URLをご確認ください。,200円,,浜名湖えんてつグループ,053-488-1500,,浜名湖えんてつグループ,浜名湖ガーデンパーク,静岡県浜松市中央区村櫛町5475-1,,34.714892,137.600689,,,,,,事前申込が必要です。詳細は出典URLをご確認ください。,https://www.hamanako-gardenpark.jp/event/2026/06/post-627.php,Web収集: 浜名湖ガーデンパーク; source_id=src_be3eeca428a3d378; 説明生成=facts_only,体験・ワークショップ,中央区,,,,
221309,WEBe542e32129,静岡県,浜松市,オリジナル麦わらぼうしを作ろう,,,2026-08-04,2026-08-04,10:00,12:00,,「オリジナル麦わらぼうしを作ろう」は2026-08-04に10:00から12:00に浜名湖ガーデンパーク開催予定です。料金は1000円です。事前申込が必要です。詳細は出典URLをご確認ください。,1000円,,浜名湖えんてつグループ,053-488-1500,,浜名湖えんてつグループ,浜名湖ガーデンパーク,静岡県浜松市中央区村櫛町5475-1,,34.714892,137.600689,,,,,,事前申込が必要です。詳細は出典URLをご確認ください。,https://www.hamanako-gardenpark.jp/event/2026/06/post-628.php,Web収集: 浜名湖ガーデンパーク; source_id=src_be3eeca428a3d378; 説明生成=facts_only,体験,中央区,,,,
221309,WEB5b5ab8d24a,静岡県,浜松市,エコバッグ＆オカリナを作ろう,,,2026-08-06,2026-08-06,10:00,12:00,,「エコバッグ＆オカリナを作ろう」は2026-08-06に10:00から12:00に浜名湖ガーデンパーク開催予定です。料金は500円 / 600円です。事前申込が必要です。詳細は出典URLをご確認ください。,500円 / 600円,,浜名湖えんてつグループ,053-488-1500,,浜名湖えんてつグループ,浜名湖ガーデンパーク,静岡県浜松市中央区村櫛町5475-1,,34.714892,137.600689,,,,,,事前申込が必要です。詳細は出典URLをご確認ください。,https://www.hamanako-gardenpark.jp/event/2026/06/post-629.php,Web収集: 浜名湖ガーデンパーク; source_id=src_be3eeca428a3d378; 説明生成=facts_only,体験・ワークショップ,中央区,,,,
221309,WEB489f86215e,静岡県,浜松市,オリジナル時計づくり,,,2026-08-07,2026-08-07,10:00,12:00,,「オリジナル時計づくり」は2026-08-07に10:00から12:00に浜名湖ガーデンパーク開催予定です。料金は1000円です。詳細は出典URLをご確認ください。,1000円,,浜名湖えんてつグループ,053-488-1500,,浜名湖えんてつグループ,浜名湖ガーデンパーク,静岡県浜松市中央区村櫛町5475-1,,34.714892,137.600689,,,12名/回,,,,https://www.hamanako-gardenpark.jp/event/2026/06/post-630.php,Web収集: 浜名湖ガーデンパーク; source_id=src_be3eeca428a3d378; 説明生成=facts_only,体験教室,中央区,,,,
221309,WEB6a8fc600d1,静岡県,浜松市,オリジナル貯金箱づくり,,,2026-08-10,2026-08-10,10:00,12:00,,「オリジナル貯金箱づくり」は2026-08-10に10:00から12:00に浜名湖ガーデンパーク開催予定です。料金は1800円です。詳細は出典URLをご確認ください。,1800円,,浜名湖えんてつグループ,053-488-1500,,浜名湖えんてつグループ,浜名湖ガーデンパーク,静岡県浜松市中央区村櫛町5475-1,,34.714892,137.600689,,,5名/回,,,,https://www.hamanako-gardenpark.jp/event/2026/06/post-631.php,Web収集: 浜名湖ガーデンパーク; source_id=src_be3eeca428a3d378; 説明生成=facts_only,体験教室,中央区,,,,
221309,WEB2d090f8ee8,静岡県,浜松市,縁日広場,,,2026-08-11,2026-08-11,10:00,12:00,,「縁日広場」は2026-08-11に10:00から12:00に浜名湖ガーデンパーク開催予定です。料金は100円です。詳細は出典URLをご確認ください。,100円,,浜名湖えんてつグループ,053-488-1500,,浜名湖えんてつグループ,浜名湖ガーデンパーク,静岡県浜松市中央区村櫛町5475-1,,34.714892,137.600689,,,,,,,https://www.hamanako-gardenpark.jp/event/2026/06/post-632.php,Web収集: 浜名湖ガーデンパーク; source_id=src_be3eeca428a3d378; 説明生成=facts_only,イベント,中央区,,,,
221309,WEB7085914fbb,静岡県,浜松市,本立て＆ペンスタンドづくり,,,2026-08-14,2026-08-14,10:00,12:00,,「本立て＆ペンスタンドづくり」は2026-08-14に10:00から12:00に浜名湖ガーデンパーク開催予定です。料金は1000円です。詳細は出典URLをご確認ください。,1000円,,浜名湖えんてつグループ,053-488-1500,,浜名湖えんてつグループ,浜名湖ガーデンパーク,静岡県浜松市中央区村櫛町5475-1,,34.714892,137.600689,,,10名/回,,,,https://www.hamanako-gardenpark.jp/event/2026/06/post-637.php,Web収集: 浜名湖ガーデンパーク; source_id=src_be3eeca428a3d378; 説明生成=facts_only,体験教室,中央区,,,,
221309,WEBc484fd3675,静岡県,浜松市,オリジナル風鈴を作ろう,,,2026-08-17,2026-08-17,10:00,12:00,,「オリジナル風鈴を作ろう」は2026-08-17に10:00から12:00に浜名湖ガーデンパーク開催予定です。料金は500円です。事前申込が必要です。詳細は出典URLをご確認ください。,500円,,浜名湖えんてつグループ,053-488-1500,,浜名湖えんてつグループ,浜名湖ガーデンパーク,静岡県浜松市中央区村櫛町5475-1,,34.714892,137.600689,,,,,,事前申込が必要です。詳細は出典URLをご確認ください。,https://www.hamanako-gardenpark.jp/event/2026/06/post-638.php,Web収集: 浜名湖ガーデンパーク; source_id=src_be3eeca428a3d378; 説明生成=facts_only,体験,中央区,,,,
221309,WEBf7be71437e,静岡県,浜松市,オリジナルフォトフレームを作ろう,,,2026-08-19,2026-08-19,10:00,12:00,,「オリジナルフォトフレームを作ろう」は2026-08-19に10:00から12:00に浜名湖ガーデンパーク開催予定です。料金は500円です。事前申込が必要です。詳細は出典URLをご確認ください。,500円,,浜名湖えんてつグループ,053-488-1500,,浜名湖えんてつグループ,浜名湖ガーデンパーク,静岡県浜松市中央区村櫛町5475-1,,34.714892,137.600689,,,,,,事前申込が必要です。詳細は出典URLをご確認ください。,https://www.hamanako-gardenpark.jp/event/2026/06/post-640.php,Web収集: 浜名湖ガーデンパーク; source_id=src_be3eeca428a3d378; 説明生成=facts_only,体験・ワークショップ,中央区,,,,
221309,WEB8a446b6f91,静岡県,浜松市,ランプシェードづくり,,,2026-08-21,2026-08-21,10:00,12:00,,「ランプシェードづくり」は2026-08-21に10:00から12:00に浜名湖ガーデンパーク開催予定です。料金は1000円です。詳細は出典URLをご確認ください。,1000円,,浜名湖えんてつグループ,053-488-1500,,浜名湖えんてつグループ,浜名湖ガーデンパーク,静岡県浜松市中央区村櫛町5475-1,,34.714892,137.600689,,,10名/回,,,,https://www.hamanako-gardenpark.jp/event/2026/06/post-642.php,Web収集: 浜名湖ガーデンパーク; source_id=src_be3eeca428a3d378; 説明生成=facts_only,体験教室,中央区,,,,
221309,WEBd40d9dcf7c,静岡県,浜松市,ネイチャーヨガ 【8月】,,,2026-08-22,2026-08-22,07:00,08:00,,「ネイチャーヨガ 【8月】」は2026-08-22に07:00から08:00に浜名湖ガーデンパーク開催予定です。料金は500円です。詳細は出典URLをご確認ください。,500円,,,,,,浜名湖ガーデンパーク,静岡県浜松市中央区村櫛町5475-1,,34.714892,137.600689,,,,,,,https://www.hamanako-gardenpark.jp/event/2026/07/-7-1.php,Web収集: 浜名湖ガーデンパーク; source_id=src_be3eeca428a3d378; 説明生成=facts_only,観光施設イベント,中央区,,,,
221309,WEBd1e91d8569,静岡県,浜松市,ストリートオルガンコンサート,,,2026-08-26,2026-08-26,11:00,11:30,,「ストリートオルガンコンサート」は2026-08-26に11:00から11:30に浜名湖ガーデンパーク開催予定です。料金は無料です。詳細は出典URLをご確認ください。,無料,,浜名湖ガーデンパーク,053-488-1500,,浜名湖えんてつグループ,浜名湖ガーデンパーク,静岡県浜松市中央区村櫛町5475-1,,34.714892,137.600689,,,,,,,https://www.hamanako-gardenpark.jp/event/2026/06/post-643.php,Web収集: 浜名湖ガーデンパーク; source_id=src_be3eeca428a3d378; 説明生成=facts_only,コンサート,中央区,,,,
221309,WEBce6df10dbd,静岡県,浜松市,グラウンドゴルフ,,,2026-09-26,2026-09-26,10:00,15:00,,「グラウンドゴルフ」は2026-09-26に10:00から15:00に浜名湖ガーデンパーク開催予定です。料金は300円 / 200円です。詳細は出典URLをご確認ください。,300円 / 200円,,浜名湖えんてつグループ,053-488-1500,,浜名湖えんてつグループ,浜名湖ガーデンパーク,静岡県浜松市中央区村櫛町5475-1,,34.714892,137.600689,,,,,,,https://www.hamanako-gardenpark.jp/event/2026/06/post-620.php,Web収集: 浜名湖ガーデンパーク; source_id=src_be3eeca428a3d378; 説明生成=facts_only,スポーツ,中央区,,,,
221309,WEB69b75db299,静岡県,浜松市,浜松骨董市 2026年8月14日～16日,,,2026-08-14,2026-08-14,09:00,17:00,,「浜松骨董市 2026年8月14日～16日」は2026-08-14に09:00から17:00に浜松市総合産業展示館開催予定です。詳細は出典URLをご確認ください。,,,,053-421-1311（代） FAX 053-422-1800,,,浜松市総合産業展示館,静岡県浜松市中央区流通元町20-2,,34.740475,137.791533,,,,,,,https://santen.biz/topics/4115/,Web収集: 浜松市総合産業展示館; source_id=src_d397976fe9a6369d; 説明生成=facts_only,展示会・産業イベント,中央区,,,,
221309,WEB70bcdefb15,静岡県,浜松市,くふうイエタテフェア in 浜松 2026年8月22日～23日,,,2026-08-22,2026-08-22,09:00,17:00,,「くふうイエタテフェア in 浜松 2026年8月22日～23日」は2026-08-22に09:00から17:00に浜松市総合産業展示館開催予定です。詳細は出典URLをご確認ください。,,,,053-421-1311（代） FAX 053-422-1800,,,浜松市総合産業展示館,静岡県浜松市中央区流通元町20-2,,34.740475,137.791533,,,,,,,https://santen.biz/topics/4061/,Web収集: 浜松市総合産業展示館; source_id=src_d397976fe9a6369d; 説明生成=facts_only,展示会・産業イベント,中央区,,,,
221309,WEB3fe2e3b2ad,静岡県,浜松市,浜松市総合産業展示館 映画祭 2026年8月30日,,,2026-08-30,2026-08-30,09:00,17:00,,「浜松市総合産業展示館 映画祭 2026年8月30日」は2026-08-30に09:00から17:00に浜松市総合産業展示館開催予定です。詳細は出典URLをご確認ください。,,,,053-421-1311（代） FAX 053-422-1800,,,浜松市総合産業展示館,静岡県浜松市中央区流通元町20-2,,34.740475,137.791533,,,,,,,https://santen.biz/topics/4094/,Web収集: 浜松市総合産業展示館; source_id=src_d397976fe9a6369d; 説明生成=facts_only,展示会・産業イベント,中央区,,,,
221309,WEB2f22c8e0ef,静岡県,浜松市,エクステリア＆ガーデン博 2026in浜松 10月3日～4日,,,2026-10-03,2026-10-03,09:00,17:00,,「エクステリア＆ガーデン博 2026in浜松 10月3日～4日」は2026-10-03に09:00から17:00に浜松市総合産業展示館開催予定です。詳細は出典URLをご確認ください。,,,,053-421-1311（代） FAX 053-422-1800,,,浜松市総合産業展示館,静岡県浜松市中央区流通元町20-2,,34.740475,137.791533,,,,,,,https://santen.biz/topics/4106/,Web収集: 浜松市総合産業展示館; source_id=src_d397976fe9a6369d; 説明生成=facts_only,展示会・産業イベント,中央区,,,,
221309,WEBad744595ac,静岡県,浜松市,『食虫植物教室』8/1(土)・8/2(日),,,2026-08-01,2026-08-01,14:00,14:50,,「『食虫植物教室』8/1(土)・8/2(日)」は2026-08-01に14:00から14:50にはままつフラワーパーク開催予定です。料金は500円です。詳細は出典URLをご確認ください。,500円,,,,,,はままつフラワーパーク,静岡県浜松市中央区舘山寺町195,,34.761742,137.619071,,,,,,,https://e-flowerpark.com/news/event/43666/,Web収集: はままつフラワーパーク; source_id=src_61577befd763edc2; 説明生成=facts_only,観光施設イベント,中央区,,,,
221309,WEB0a53e621cc,静岡県,浜松市,『こども水遊び広場』7/11(土)～8/30(日)（雨天中止）,,,2026-07-11,2026-08-30,16:00,,,「『こども水遊び広場』7/11(土)～8/30(日)（雨天中止）」は2026-07-11から2026-08-30に16:00にウェルカムガーデン開催予定です。詳細は出典URLをご確認ください。,,,,,,,ウェルカムガーデン,静岡県浜松市中央区舘山寺町195,,34.761742,137.619071,,,,,,,https://e-flowerpark.com/news/event/43625/,Web収集: はままつフラワーパーク; source_id=src_61577befd763edc2; 説明生成=facts_only,観光施設イベント,中央区,,,,
221309,WEBcc372badd5,静岡県,浜松市,ロープワークで遊ぼう♪8/2(日) [募集中] 7月27日締切,,,2026-07-27,2026-07-27,13:00,14:30,,「ロープワークで遊ぼう♪8/2(日) [募集中] 7月27日締切」は2026-07-27に13:00から14:30にはままつフラワーパーク開催予定です。詳細は出典URLをご確認ください。,,,,,,,はままつフラワーパーク,静岡県浜松市中央区舘山寺町195,,34.761742,137.619071,,,,,,,https://e-flowerpark.com/news/event/43707/,Web収集: はままつフラワーパーク; source_id=src_61577befd763edc2; 説明生成=facts_only,観光施設イベント,中央区,,,,
221309,WEB121d45443c,静岡県,浜松市,『コケのテラリウム作り』8/8（土） [募集中] 7月27日締切,,,2026-08-08,2026-08-08,10:00,11:00,,「『コケのテラリウム作り』8/8（土） [募集中] 7月27日締切」は2026-08-08に10:00から11:00にはままつフラワーパーク開催予定です。詳細は出典URLをご確認ください。,,,,,,,はままつフラワーパーク,静岡県浜松市中央区舘山寺町195,,34.761742,137.619071,,,,,,,https://e-flowerpark.com/news/event/43617/,Web収集: はままつフラワーパーク; source_id=src_61577befd763edc2; 説明生成=facts_only,観光施設イベント,中央区,,,,
221309,WEB830d39303c,静岡県,浜松市,『葉脈標本づくり』8/9（日） [募集中] 7月27日締切,,,2026-08-09,2026-08-09,10:00,11:00,,「『葉脈標本づくり』8/9（日） [募集中] 7月27日締切」は2026-08-09に10:00から11:00にはままつフラワーパーク開催予定です。料金は400円です。詳細は出典URLをご確認ください。,400円,,,,,,はままつフラワーパーク,静岡県浜松市中央区舘山寺町195,,34.761742,137.619071,,,,,,,https://e-flowerpark.com/news/event/43609/,Web収集: はままつフラワーパーク; source_id=src_61577befd763edc2; 説明生成=facts_only,観光施設イベント,中央区,,,,
221309,WEBab650bbfc3,静岡県,浜松市,不思議な植物の世界 7/25(土)～8/31(月),,,2026-07-25,2026-08-31,,,,「不思議な植物の世界 7/25(土)～8/31(月)」は2026-07-25から2026-08-31にはままつフラワーパーク開催予定です。詳細は出典URLをご確認ください。,,,はままつフラワーパーク,053-487-0511,,Hamamatsu City Flower&Green Promotion Foundation,はままつフラワーパーク,〒431-1209 静岡県浜松市中央区舘山寺町195,,34.761742,137.619071,,,,,,,https://e-flowerpark.com/news/event/43645/,Web収集: はままつフラワーパーク; source_id=src_61577befd763edc2; 説明生成=facts_only,展示,中央区,,,,
221309,WEBefeaa77aa6,静岡県,浜松市,オリジナルヒョウタン作り※7月・9月がセットの体験会,,,2026-07-27,2026-07-27,09:00,12:00,,「オリジナルヒョウタン作り※7月・9月がセットの体験会」は2026-07-27に09:00から12:00にはままつフラワーパーク開催予定です。詳細は出典URLをご確認ください。,,,,,,,はままつフラワーパーク,静岡県浜松市中央区舘山寺町195,,34.761742,137.619071,,,,,,,https://e-flowerpark.com/news/event/43651/,Web収集: はままつフラワーパーク; source_id=src_61577befd763edc2; 説明生成=facts_only,観光施設イベント,中央区,,,,
221309,WEBec05f3549d,静岡県,浜松市,最新のお知らせ,,,2026-07-24,2026-07-24,09:30,15:00,,「最新のお知らせ」は2026-07-24に09:30から15:00に花桃の里開催予定です。詳細は出典URLをご確認ください。,,,,053-923-2339,,花桃の里,花桃の里,静岡県浜松市天竜区大川31-10,,34.905563,137.828979,,,,,,,https://hanamomo-sato.com/,Web収集: 道の駅天竜相津花桃の里; source_id=src_ced107aa4d643531; 説明生成=facts_only,販売,天竜区,,,,
221309,WEBd94d278959,静岡県,浜松市,Event Information イベント情報,,,2026-07-26,2026-07-26,11:00,14:00,,「Event Information イベント情報」は2026-07-26に11:00から14:00に浜松市楽器博物館開催予定です。詳細は出典URLをご確認ください。,,,,053-451-1128,,,浜松市楽器博物館,静岡県浜松市中央区中央三丁目9-1,,34.706816,137.738256,,,,,,,https://www.gakkihaku.jp/event/20260726/,Web収集: 浜松市楽器博物館 イベント; source_id=src_2744ffca601ed4ac; 説明生成=facts_only,文化施設イベント,中央区,,,,
221309,WEB7b13266513,静岡県,浜松市,Event Information イベント情報,,,2026-08-09,2026-08-09,11:00,14:00,,「Event Information イベント情報」は2026-08-09に11:00から14:00に浜松市楽器博物館開催予定です。詳細は出典URLをご確認ください。,,,,053-451-1128,,,浜松市楽器博物館,静岡県浜松市中央区中央三丁目9-1,,34.706816,137.738256,,,,,,,https://www.gakkihaku.jp/event/20260809/,Web収集: 浜松市楽器博物館 イベント; source_id=src_2744ffca601ed4ac; 説明生成=facts_only,文化施設イベント,中央区,,,,
221309,WEBf9e1f8301d,静岡県,浜松市,Event Information イベント情報,,,2026-08-23,2026-08-23,11:00,14:00,,「Event Information イベント情報」は2026-08-23に11:00から14:00に浜松市楽器博物館開催予定です。詳細は出典URLをご確認ください。,,,,053-451-1128,,,浜松市楽器博物館,静岡県浜松市中央区中央三丁目9-1,,34.706816,137.738256,,,,,,,https://www.gakkihaku.jp/event/20260823/,Web収集: 浜松市楽器博物館 イベント; source_id=src_2744ffca601ed4ac; 説明生成=facts_only,文化施設イベント,中央区,,,,
221309,WEB20b84eeb57,静岡県,浜松市,Event Information イベント情報,,,2026-08-29,2026-08-29,13:30,15:30,,「Event Information イベント情報」は2026-08-29に13:30から15:30に浜松市楽器博物館開催予定です。詳細は出典URLをご確認ください。,,,,053-451-1128,,,浜松市楽器博物館,静岡県浜松市中央区中央三丁目9-1,,34.706816,137.738256,,,,,,,https://www.gakkihaku.jp/event/20260829/,Web収集: 浜松市楽器博物館 イベント; source_id=src_2744ffca601ed4ac; 説明生成=facts_only,文化施設イベント,中央区,,,,
221309,WEBf64c702083,静岡県,浜松市,めぐって探そう!!遠州弁集めラリー,,,2026-07-18,2026-08-30,10:00,17:00,,「めぐって探そう!!遠州弁集めラリー」は2026-07-18から2026-08-30に10:00から17:00に遠鉄アシスト指定管理施設開催予定です。料金は無料です。詳細は出典URLをご確認ください。,無料,,,053-450-9111,,,遠鉄アシスト指定管理施設,静岡県浜松市中央区鍛冶町100-1,,34.705228,137.730166,,,,,,,https://kodomokan.entetsuassist-dms.com/event/detail/2753,Web収集: 浜松こども館 イベント; source_id=src_fa82517c47c56702; 説明生成=facts_only,文化施設イベント,中央区,,,,
221309,WEBe9e53a2e14,静岡県,浜松市,【当日受付できます!!】〈botany comfy〉ボタニーペインティング葉っぱのネックレス,,,2026-07-24,2026-07-24,10:00,10:50,,「【当日受付できます!!】〈botany comfy〉ボタニーペインティング葉っぱのネックレス」は2026-07-24に10:00から10:50に7階 ワークショップ開催予定です。料金は1500円です。詳細は出典URLをご確認ください。,1500円,,,053-450-9111,,,7階 ワークショップ,静岡県浜松市中央区鍛冶町100-1,,34.705228,137.730166,,,,,,,https://kodomokan.entetsuassist-dms.com/event/detail/2759,Web収集: 浜松こども館 イベント; source_id=src_fa82517c47c56702; 説明生成=facts_only,ワークショップ,中央区,,,,
221309,WEBafea88e8fc,静岡県,浜松市,親子でエクササイズ＆おはなし会 ～ママになってもきれいでいたいから～,,,2026-07-24,2026-07-24,10:30,11:30,,「親子でエクササイズ＆おはなし会 ～ママになってもきれいでいたいから～」は2026-07-24に10:30から11:30に6階 ホール開催予定です。料金は300円です。詳細は出典URLをご確認ください。,300円,,浜松こども館,053-450-9111,,浜松こども館,6階 ホール,〒430-0933 浜松市中央区鍛冶町100-1 ザザシティ浜松中央館6・7階,,34.705228,137.730166,,,20組,,,,https://kodomokan.entetsuassist-dms.com/event/detail/2645,Web収集: 浜松こども館 イベント; source_id=src_fa82517c47c56702; 説明生成=facts_only,子育て,中央区,,,,
221309,WEBcd24bffa28,静岡県,浜松市,＜MOCOBO＞ウッドクラフト,,,2026-07-25,2026-07-25,10:00,15:00,,「＜MOCOBO＞ウッドクラフト」は2026-07-25に10:00から15:00に7階 ワークショップ開催予定です。料金は700円です。詳細は出典URLをご確認ください。,700円,,,053-450-9111,,,7階 ワークショップ,静岡県浜松市中央区鍛冶町100-1,,34.705228,137.730166,,,,,,,https://kodomokan.entetsuassist-dms.com/event/detail/2615,Web収集: 浜松こども館 イベント; source_id=src_fa82517c47c56702; 説明生成=facts_only,文化施設イベント,中央区,,,,
221309,WEB18a6e70e3b,静岡県,浜松市,しょうぎに挑戦 ～初心者から上級者まで～,,,2026-07-25,2026-07-25,13:00,15:00,,「しょうぎに挑戦 ～初心者から上級者まで～」は2026-07-25に13:00から15:00に6階 サウンドプレイルーム開催予定です。料金は無料です。詳細は出典URLをご確認ください。,無料,,,053-450-9111,,,6階 サウンドプレイルーム,静岡県浜松市中央区鍛冶町100-1,,34.705228,137.730166,,,,,,,https://kodomokan.entetsuassist-dms.com/event/detail/2634,Web収集: 浜松こども館 イベント; source_id=src_fa82517c47c56702; 説明生成=facts_only,あそぶ,中央区,,,,
221309,WEB115f105cb3,静岡県,浜松市,わくわくコンサート,,,2026-07-25,2026-07-25,13:30,14:10,,「わくわくコンサート」は2026-07-25に13:30から14:10に6階 ホール開催予定です。料金は無料です。詳細は出典URLをご確認ください。,無料,,,053-450-9111,,,6階 ホール,静岡県浜松市中央区鍛冶町100-1,,34.705228,137.730166,,,,,,,https://kodomokan.entetsuassist-dms.com/event/detail/2293,Web収集: 浜松こども館 イベント; source_id=src_fa82517c47c56702; 説明生成=facts_only,コンサート,中央区,,,,
221309,WEB3e07d5932d,静岡県,浜松市,〈TERAKOYAダンススタジオ〉夏休みサプライズ・ダンスショー,,,2026-07-26,2026-07-26,11:00,11:10,,「〈TERAKOYAダンススタジオ〉夏休みサプライズ・ダンスショー」は2026-07-26に11:00から11:10に浜松こども館館内開催予定です。料金は無料です。詳細は出典URLをご確認ください。,無料,,浜松こども館,053-450-9111,,TERAKOYAダンススタジオ,浜松こども館館内,〒430-0933 浜松市中央区鍛冶町100-1 ザザシティ浜松中央館6・7階,,34.705228,137.730166,,,なし,,,,https://kodomokan.entetsuassist-dms.com/event/detail/2686,Web収集: 浜松こども館 イベント; source_id=src_fa82517c47c56702; 説明生成=facts_only,あそぶ,中央区,,,,
221309,WEB248e7c4802,静岡県,浜松市,こどもアドボカシーってなんだろう？,,,2026-07-26,2026-07-26,13:30,15:00,,「こどもアドボカシーってなんだろう？」は2026-07-26に13:30から15:00に7階 ワークショップ開催予定です。料金は無料です。詳細は出典URLをご確認ください。,無料,,,053-450-9111,,,7階 ワークショップ,静岡県浜松市中央区鍛冶町100-1,,34.705228,137.730166,,,,,,,https://kodomokan.entetsuassist-dms.com/event/detail/2575,Web収集: 浜松こども館 イベント; source_id=src_fa82517c47c56702; 説明生成=facts_only,文化施設イベント,中央区,,,,
221309,WEBdb6297940b,静岡県,浜松市,【抽選】てらこ屋こども館 7/27(月),,,2026-07-27,2026-07-27,10:30,16:00,,「【抽選】てらこ屋こども館 7/27(月)」は2026-07-27に10:30から16:00に浜松こども館館内開催予定です。料金は2000円です。詳細は出典URLをご確認ください。,2000円,,てらこ屋こども館,053-450-9111,,,浜松こども館館内,静岡県浜松市中央区鍛冶町100-1,,34.705228,137.730166,,,,,,,https://kodomokan.entetsuassist-dms.com/event/detail/2663,Web収集: 浜松こども館 イベント; source_id=src_fa82517c47c56702; 説明生成=facts_only,文化施設イベント,中央区,,,,
221309,WEB2375c2d00b,静岡県,浜松市,【抽選】てらこ屋こども館 7/28(火),,,2026-07-28,2026-07-28,10:30,16:00,,「【抽選】てらこ屋こども館 7/28(火)」は2026-07-28に10:30から16:00に浜松こども館館内開催予定です。料金は2000円です。詳細は出典URLをご確認ください。,2000円,,てらこ屋こども館,053-450-9111,,,浜松こども館館内,静岡県浜松市中央区鍛冶町100-1,,34.705228,137.730166,,,,,,,https://kodomokan.entetsuassist-dms.com/event/detail/2664,Web収集: 浜松こども館 イベント; source_id=src_fa82517c47c56702; 説明生成=facts_only,文化施設イベント,中央区,,,,
221309,WEB5ed091093c,静岡県,浜松市,【抽選】〈CRAGクライミングジム〉ボルダリングに挑戦! ①10:00～10:45,,,2026-07-29,2026-07-29,10:00,10:45,,「【抽選】〈CRAGクライミングジム〉ボルダリングに挑戦! ①10:00～10:45」は2026-07-29に10:00から10:45にCRAGボルダリングジム(浜松市浜名区西中瀬2-6-28)開催予定です。料金は1000円です。詳細は出典URLをご確認ください。,1000円,,浜松こども館,053-450-9111,,,CRAGボルダリングジム(浜松市浜名区西中瀬2-6-28),静岡県浜松市中央区鍛冶町100-1,,34.705228,137.730166,,,,,,,https://kodomokan.entetsuassist-dms.com/event/detail/2429,Web収集: 浜松こども館 イベント; source_id=src_fa82517c47c56702; 説明生成=facts_only,スポーツ・レクリエーション,浜松市,,,,
221309,WEBa45822872f,静岡県,浜松市,【抽選】〈CRAGクライミングジム〉ボルダリングに挑戦! ②11:00～11:45,,,2026-07-29,2026-07-29,11:00,11:45,,「【抽選】〈CRAGクライミングジム〉ボルダリングに挑戦! ②11:00～11:45」は2026-07-29に11:00から11:45にCRAGボルダリングジム(浜松市浜名区西中瀬2-6-28)開催予定です。料金は1000円です。詳細は出典URLをご確認ください。,1000円,,浜松こども館,053-450-9111,,浜松こども館,CRAGボルダリングジム(浜松市浜名区西中瀬2-6-28),静岡県浜松市中央区鍛冶町100-1,,34.705228,137.730166,,,,,,,https://kodomokan.entetsuassist-dms.com/event/detail/2687,Web収集: 浜松こども館 イベント; source_id=src_fa82517c47c56702; 説明生成=facts_only,スポーツ・レクリエーション,浜松市,,,,
221309,WEB95541d4539,静岡県,浜松市,【当日受付できます!!】専門家が教える親子で姿勢矯正トレーニング!,,,2026-08-01,2026-08-01,10:00,10:45,,「【当日受付できます!!】専門家が教える親子で姿勢矯正トレーニング!」は2026-08-01に10:00から10:45に6階 ホール開催予定です。料金は800円です。詳細は出典URLをご確認ください。,800円,,,053-450-9111,,,6階 ホール,静岡県浜松市中央区鍛冶町100-1,,34.705228,137.730166,,,,,,,https://kodomokan.entetsuassist-dms.com/event/detail/2760,Web収集: 浜松こども館 イベント; source_id=src_fa82517c47c56702; 説明生成=facts_only,文化施設イベント,中央区,,,,
221309,WEBcc033cc900,静岡県,浜松市,こども服と絵本の交換会,,,2026-08-01,2026-08-01,10:30,11:00,,「こども服と絵本の交換会」は2026-08-01に10:30から11:00に7階 ワークショップ開催予定です。料金は無料です。詳細は出典URLをご確認ください。,無料,,,053-450-9111,,,7階 ワークショップ,静岡県浜松市中央区鍛冶町100-1,,34.705228,137.730166,,,各回20組,,,,https://kodomokan.entetsuassist-dms.com/event/detail/2452,Web収集: 浜松こども館 イベント; source_id=src_fa82517c47c56702; 説明生成=facts_only,子育て,中央区,,,,
221309,WEBabcfefefc3,静岡県,浜松市,【当日受付できます!!】〈心輝日和(こてるびより)〉糸のアートでシンボルマークを作ろう!,,,2026-08-02,2026-08-02,10:00,11:00,,「【当日受付できます!!】〈心輝日和(こてるびより)〉糸のアートでシンボルマークを作ろう!」は2026-08-02に10:00から11:00に7階 ワークショップ開催予定です。料金は1200円です。詳細は出典URLをご確認ください。,1200円,,,053-450-9111,,,7階 ワークショップ,静岡県浜松市中央区鍛冶町100-1,,34.705228,137.730166,,,,,,,https://kodomokan.entetsuassist-dms.com/event/detail/2761,Web収集: 浜松こども館 イベント; source_id=src_fa82517c47c56702; 説明生成=facts_only,体験・ワークショップ,中央区,,,,
221309,WEB906e6b223d,静岡県,浜松市,〈ガールスカウト静岡県連盟〉親子であそぼう! ワクワクドキトキがいっぱい★科学遊び,,,2026-08-02,2026-08-02,10:30,11:30,,「〈ガールスカウト静岡県連盟〉親子であそぼう! ワクワクドキトキがいっぱい★科学遊び」は2026-08-02に10:30から11:30に6階 ホール開催予定です。料金は100円です。詳細は出典URLをご確認ください。,100円,,浜松こども館,053-450-9111,,ガールスカウト静岡県連盟,6階 ホール,〒430-0933 浜松市中央区鍛冶町100-1 ザザシティ浜松中央館6・7階,,34.705228,137.730166,,,各回15組,,,,https://kodomokan.entetsuassist-dms.com/event/detail/2692,Web収集: 浜松こども館 イベント; source_id=src_fa82517c47c56702; 説明生成=facts_only,科学遊び,中央区,,,,
221309,WEBa3e52e449e,静岡県,浜松市,〈ドラゴンプリンセス〉アクアリウムを作ろう!,,,2026-08-03,2026-08-03,10:15,11:00,,「〈ドラゴンプリンセス〉アクアリウムを作ろう!」は2026-08-03に10:15から11:00に7階 ワークショップ開催予定です。料金は800円です。詳細は出典URLをご確認ください。,800円,,浜松こども館,053-450-9111,,浜松こども館,7階 ワークショップ,〒430-0933 浜松市中央区鍛冶町100-1 ザザシティ浜松中央館6・7階,,34.705228,137.730166,,,各回10組,,,,https://kodomokan.entetsuassist-dms.com/event/detail/2693,Web収集: 浜松こども館 イベント; source_id=src_fa82517c47c56702; 説明生成=facts_only,ワークショップ,浜松市中央区,,,,
221309,WEB3aeeffb710,静岡県,浜松市,【抽選】 わくわく体操教室 ～鉄棒(前周り・逆上り)に挑戦しよう!～ ①10:00～10:45 年少・年中児,,,2026-08-04,2026-08-04,10:00,10:45,,「【抽選】 わくわく体操教室 ～鉄棒(前周り・逆上り)に挑戦しよう!～ ①10:00～10:45 年少・年中児」は2026-08-04に10:00から10:45に浜松市立青少年の家 ホール開催予定です。料金は1000円です。事前申込が必要です。詳細は出典URLをご確認ください。,1000円,,浜松こども館,053-450-9111,,浜松こども館,浜松市立青少年の家 ホール,静岡県浜松市中央区鍛冶町100-1,,34.705228,137.730166,,,25名,2026-07-10,18:00,事前申込が必要です。詳細は出典URLをご確認ください。,https://kodomokan.entetsuassist-dms.com/event/detail/1818,Web収集: 浜松こども館 イベント; source_id=src_fa82517c47c56702; 説明生成=facts_only,スポーツ・レクリエーション,中央区,,,,
221309,WEB9d6394cd15,静岡県,浜松市,【抽選】 わくわく体操教室 ～鉄棒(逆上がり)に挑戦しよう!～ ②11:00～11:45 年長・小学1年生,,,2026-08-04,2026-08-04,11:00,11:45,,「【抽選】 わくわく体操教室 ～鉄棒(逆上がり)に挑戦しよう!～ ②11:00～11:45 年長・小学1年生」は2026-08-04に11:00から11:45に浜松市立青少年の家 ホール開催予定です。料金は1000円です。事前申込が必要です。詳細は出典URLをご確認ください。,1000円,,浜松こども館,053-450-9111,,浜松こども館,浜松市立青少年の家 ホール,静岡県浜松市中央区鍛冶町100-1,,34.705228,137.730166,,,25名,2026-07-10,18:00,事前申込が必要です。詳細は出典URLをご確認ください。,https://kodomokan.entetsuassist-dms.com/event/detail/2694,Web収集: 浜松こども館 イベント; source_id=src_fa82517c47c56702; 説明生成=facts_only,スポーツ・レクリエーション,中央区,,,,
221309,WEBbda1e0e504,静岡県,浜松市,ボランティアさんと遊ぼう ～パネルシアター～,,,2026-08-04,2026-08-04,13:00,15:00,,「ボランティアさんと遊ぼう ～パネルシアター～」は2026-08-04に13:00から15:00にサウンドプレイルーム開催予定です。料金は無料です。詳細は出典URLをご確認ください。,無料,,,053-450-9111,,,サウンドプレイルーム,静岡県浜松市中央区鍛冶町100-1,,34.705228,137.730166,,,,,,,https://kodomokan.entetsuassist-dms.com/event/detail/2770,Web収集: 浜松こども館 イベント; source_id=src_fa82517c47c56702; 説明生成=facts_only,文化施設イベント,中央区,,,,
221309,WEBe946a104ca,静岡県,浜松市,【抽選】 わくわく体操教室 ～鉄棒(逆上がり)に挑戦しよう!～ ③13:00～13:45 小学1・2年生,,,2026-08-04,2026-08-04,13:00,13:45,,「【抽選】 わくわく体操教室 ～鉄棒(逆上がり)に挑戦しよう!～ ③13:00～13:45 小学1・2年生」は2026-08-04に13:00から13:45に浜松市立青少年の家 ホール開催予定です。料金は1000円です。事前申込が必要です。詳細は出典URLをご確認ください。,1000円,,浜松こども館,053-450-9111,,浜松こども館,浜松市立青少年の家 ホール,静岡県浜松市中央区鍛冶町100-1,,34.705228,137.730166,,,25名,2026-07-10,18:00,事前申込が必要です。詳細は出典URLをご確認ください。,https://kodomokan.entetsuassist-dms.com/event/detail/2695,Web収集: 浜松こども館 イベント; source_id=src_fa82517c47c56702; 説明生成=facts_only,スポーツ・レクリエーション,中央区,,,,
221309,WEBdb79ea6d05,静岡県,浜松市,【抽選】 わくわく体操教室 ～鉄棒(逆上り・空中逆上り)に挑戦しよう!～ ④14:00～14:45 小学3年生以上,,,2026-08-04,2026-08-04,14:00,14:45,,「【抽選】 わくわく体操教室 ～鉄棒(逆上り・空中逆上り)に挑戦しよう!～ ④14:00～14:45 小学3年生以上」は2026-08-04に14:00から14:45に浜松市立青少年の家 ホール開催予定です。料金は1000円です。事前申込が必要です。詳細は出典URLをご確認ください。,1000円,,浜松こども館,053-450-9111,,浜松こども館,浜松市立青少年の家 ホール,静岡県浜松市中央区鍛冶町100-1,,34.705228,137.730166,,,25名,2026-07-10,18:00,事前申込が必要です。詳細は出典URLをご確認ください。,https://kodomokan.entetsuassist-dms.com/event/detail/2696,Web収集: 浜松こども館 イベント; source_id=src_fa82517c47c56702; 説明生成=facts_only,スポーツ・レクリエーション,中央区,,,,
221309,WEB04362839b7,静岡県,浜松市,ボランティアさんと遊ぼう ～おりがみ～,,,2026-08-05,2026-08-05,13:00,15:00,,「ボランティアさんと遊ぼう ～おりがみ～」は2026-08-05に13:00から15:00にワークショップ開催予定です。料金は無料です。詳細は出典URLをご確認ください。,無料,,,053-450-9111,,,ワークショップ,静岡県浜松市中央区鍛冶町100-1,,34.705228,137.730166,,,,,,,https://kodomokan.entetsuassist-dms.com/event/detail/2766,Web収集: 浜松こども館 イベント; source_id=src_fa82517c47c56702; 説明生成=facts_only,文化施設イベント,中央区,,,,
221309,WEBd13fbbc58e,静岡県,浜松市,ボランティアさんと遊ぼう ～学生さん～,,,2026-08-06,2026-08-06,13:00,15:00,,「ボランティアさんと遊ぼう ～学生さん～」は2026-08-06に13:00から15:00にホール開催予定です。料金は無料です。詳細は出典URLをご確認ください。,無料,,,053-450-9111,,,ホール,静岡県浜松市中央区鍛冶町100-1,,34.705228,137.730166,,,,,,,https://kodomokan.entetsuassist-dms.com/event/detail/2769,Web収集: 浜松こども館 イベント; source_id=src_fa82517c47c56702; 説明生成=facts_only,文化施設イベント,中央区,,,,
221309,WEB1fdc54c653,静岡県,浜松市,〈おちゃ丸〉ど笑える遠州弁ワールド,,,2026-08-06,2026-08-06,13:30,14:30,,「〈おちゃ丸〉ど笑える遠州弁ワールド」は2026-08-06に13:30から14:30に6階 ホール開催予定です。料金は無料です。詳細は出典URLをご確認ください。,無料,,,053-450-9111,,,6階 ホール,静岡県浜松市中央区鍛冶町100-1,,34.705228,137.730166,,,,,,,https://kodomokan.entetsuassist-dms.com/event/detail/2726,Web収集: 浜松こども館 イベント; source_id=src_fa82517c47c56702; 説明生成=facts_only,文化施設イベント,中央区,,,,
221309,WEBe622af8255,静岡県,浜松市,ボランティアさんと遊ぼう ～工作～,,,2026-08-07,2026-08-07,13:00,13:50,,「ボランティアさんと遊ぼう ～工作～」は2026-08-07に13:00から13:50にワークショップ開催予定です。料金は無料です。詳細は出典URLをご確認ください。,無料,,,053-450-9111,,,ワークショップ,静岡県浜松市中央区鍛冶町100-1,,34.705228,137.730166,,,,,,,https://kodomokan.entetsuassist-dms.com/event/detail/2771,Web収集: 浜松こども館 イベント; source_id=src_fa82517c47c56702; 説明生成=facts_only,文化施設イベント,中央区,,,,
221309,WEBa485aaa0a0,静岡県,浜松市,【特別企画】パパと！いっしょにあそぼ！ねんね・ごろんの赤ちゃんと,,,2026-08-08,2026-08-08,10:30,11:30,,「【特別企画】パパと！いっしょにあそぼ！ねんね・ごろんの赤ちゃんと」は2026-08-08に10:30から11:30に6階 ホール開催予定です。料金は無料です。詳細は出典URLをご確認ください。,無料,,浜松こども館,053-450-9111,,浜松こども館,6階 ホール,〒430-0933 浜松市中央区鍛冶町100-1 ザザシティ浜松中央館6・7階,,34.705228,137.730166,,,20組,,,,https://kodomokan.entetsuassist-dms.com/event/detail/2755,Web収集: 浜松こども館 イベント; source_id=src_fa82517c47c56702; 説明生成=facts_only,子育て,中央区,,,,
221309,WEB310ac726e1,静岡県,浜松市,ボランティアさんと遊ぼう ～こまあそび～,,,2026-08-08,2026-08-08,13:00,15:00,,「ボランティアさんと遊ぼう ～こまあそび～」は2026-08-08に13:00から15:00にホール前開催予定です。料金は無料です。詳細は出典URLをご確認ください。,無料,,浜松こども館,053-450-9111,,浜松こども館,ホール前,〒430-0933 浜松市中央区鍛冶町100-1 ザザシティ浜松中央館6・7階,,34.705228,137.730166,,,なし,,,,https://kodomokan.entetsuassist-dms.com/event/detail/2776,Web収集: 浜松こども館 イベント; source_id=src_fa82517c47c56702; 説明生成=facts_only,あそぶ,中央区,,,,
221309,WEBb1962ba9ab,静岡県,浜松市,【抽選】〈浜松市消防局〉庁舎見学に行こう!,,,2026-08-17,2026-08-17,10:30,12:00,,「【抽選】〈浜松市消防局〉庁舎見学に行こう!」は2026-08-17に10:30から12:00に浜松市消防局開催予定です。料金は無料です。詳細は出典URLをご確認ください。,無料,,浜松市消防局,053-450-9111,,浜松市消防局,浜松市消防局,静岡県浜松市中央区鍛冶町100-1,,34.705228,137.730166,,,,,,,https://kodomokan.entetsuassist-dms.com/event/detail/2697,Web収集: 浜松こども館 イベント; source_id=src_fa82517c47c56702; 説明生成=facts_only,見学,浜松市,,,,
221309,WEB029d2e9495,静岡県,浜松市,ボランティアさんと遊ぼう ～パネルシアター～,,,2026-08-18,2026-08-18,13:00,15:00,,「ボランティアさんと遊ぼう ～パネルシアター～」は2026-08-18に13:00から15:00にサウンドプレイルーム開催予定です。料金は無料です。詳細は出典URLをご確認ください。,無料,,,053-450-9111,,,サウンドプレイルーム,静岡県浜松市中央区鍛冶町100-1,,34.705228,137.730166,,,,,,,https://kodomokan.entetsuassist-dms.com/event/detail/2762,Web収集: 浜松こども館 イベント; source_id=src_fa82517c47c56702; 説明生成=facts_only,文化施設イベント,中央区,,,,
221309,WEBeeb79d7d6b,静岡県,浜松市,〈Lea Lea Kukuna〉蓄光メモスタンドを作ろう!!,,,2026-08-19,2026-08-19,10:30,11:10,,「〈Lea Lea Kukuna〉蓄光メモスタンドを作ろう!!」は2026-08-19に10:30から11:10に7階 ワークショップ開催予定です。料金は1000円です。詳細は出典URLをご確認ください。,1000円,,,053-450-9111,,,7階 ワークショップ,静岡県浜松市中央区鍛冶町100-1,,34.705228,137.730166,,,,,,,https://kodomokan.entetsuassist-dms.com/event/detail/2698,Web収集: 浜松こども館 イベント; source_id=src_fa82517c47c56702; 説明生成=facts_only,ワークショップ,中央区,,,,
221309,WEB26f592d114,静岡県,浜松市,ボランティアさんと遊ぼう ～おりがみ～,,,2026-08-19,2026-08-19,13:00,15:00,,「ボランティアさんと遊ぼう ～おりがみ～」は2026-08-19に13:00から15:00にワークショップ開催予定です。料金は無料です。詳細は出典URLをご確認ください。,無料,,,053-450-9111,,,ワークショップ,静岡県浜松市中央区鍛冶町100-1,,34.705228,137.730166,,,,,,,https://kodomokan.entetsuassist-dms.com/event/detail/2767,Web収集: 浜松こども館 イベント; source_id=src_fa82517c47c56702; 説明生成=facts_only,文化施設イベント,中央区,,,,
221309,WEB8ea1d587e8,静岡県,浜松市,〈花と針金 フルリール〉モールフラワーのチャーム作り,,,2026-08-20,2026-08-20,10:30,11:00,,「〈花と針金 フルリール〉モールフラワーのチャーム作り」は2026-08-20に10:30から11:00に7階 ワークショップ開催予定です。料金は500円です。詳細は出典URLをご確認ください。,500円,,浜松こども館,053-450-9111,,浜松こども館,7階 ワークショップ,〒430-0933 浜松市中央区鍛冶町100-1 ザザシティ浜松中央館6・7階,,34.705228,137.730166,,,各回10組,,,,https://kodomokan.entetsuassist-dms.com/event/detail/2725,Web収集: 浜松こども館 イベント; source_id=src_fa82517c47c56702; 説明生成=facts_only,ワークショップ,浜松市中央区,,,,
221309,WEB3455500533,静岡県,浜松市,ボランティアさんと遊ぼう ～学生さん～,,,2026-08-20,2026-08-20,13:00,15:00,,「ボランティアさんと遊ぼう ～学生さん～」は2026-08-20に13:00から15:00にホール開催予定です。料金は無料です。詳細は出典URLをご確認ください。,無料,,,053-450-9111,,,ホール,静岡県浜松市中央区鍛冶町100-1,,34.705228,137.730166,,,,,,,https://kodomokan.entetsuassist-dms.com/event/detail/2763,Web収集: 浜松こども館 イベント; source_id=src_fa82517c47c56702; 説明生成=facts_only,文化施設イベント,中央区,,,,
221309,WEB22ad544765,静岡県,浜松市,ボランティアさんと遊ぼう ～工作～,,,2026-08-21,2026-08-21,13:00,13:50,,「ボランティアさんと遊ぼう ～工作～」は2026-08-21に13:00から13:50にワークショップ開催予定です。料金は無料です。詳細は出典URLをご確認ください。,無料,,,053-450-9111,,,ワークショップ,静岡県浜松市中央区鍛冶町100-1,,34.705228,137.730166,,,,,,,https://kodomokan.entetsuassist-dms.com/event/detail/2772,Web収集: 浜松こども館 イベント; source_id=src_fa82517c47c56702; 説明生成=facts_only,文化施設イベント,中央区,,,,
221309,WEBda652f7aa2,静岡県,浜松市,ボランティアさんと遊ぼう ～こまあそび～,,,2026-08-22,2026-08-22,13:00,15:00,,「ボランティアさんと遊ぼう ～こまあそび～」は2026-08-22に13:00から15:00にホール前開催予定です。料金は無料です。詳細は出典URLをご確認ください。,無料,,浜松こども館,053-450-9111,,浜松こども館,ホール前,〒430-0933 浜松市中央区鍛冶町100-1 ザザシティ浜松中央館6・7階,,34.705228,137.730166,,,なし,,,,https://kodomokan.entetsuassist-dms.com/event/detail/2773,Web収集: 浜松こども館 イベント; source_id=src_fa82517c47c56702; 説明生成=facts_only,あそぶ,中央区,,,,
221309,WEB24b4426369,静岡県,浜松市,こどもアドボカシーってなんだろう？,,,2026-08-23,2026-08-23,13:30,15:00,,「こどもアドボカシーってなんだろう？」は2026-08-23に13:30から15:00に7階 ワークショップ開催予定です。料金は無料です。詳細は出典URLをご確認ください。,無料,,,053-450-9111,,,7階 ワークショップ,静岡県浜松市中央区鍛冶町100-1,,34.705228,137.730166,,,,,,,https://kodomokan.entetsuassist-dms.com/event/detail/2656,Web収集: 浜松こども館 イベント; source_id=src_fa82517c47c56702; 説明生成=facts_only,文化施設イベント,中央区,,,,
221309,WEB8827d9c730,静岡県,浜松市,こども館なつまつり,,,2026-08-26,2026-08-26,10:30,15:00,,「こども館なつまつり」は2026-08-26に10:30から15:00にこども館館内開催予定です。料金は300円です。詳細は出典URLをご確認ください。,300円,,,053-450-9111,,,こども館館内,静岡県浜松市中央区鍛冶町100-1,,34.705228,137.730166,,,,,,,https://kodomokan.entetsuassist-dms.com/event/detail/2764,Web収集: 浜松こども館 イベント; source_id=src_fa82517c47c56702; 説明生成=facts_only,文化施設イベント,中央区,,,,
221309,WEBfea9a0df37,静岡県,浜松市,こども館なつまつり,,,2026-08-27,2026-08-27,10:30,15:00,,「こども館なつまつり」は2026-08-27に10:30から15:00にこども館館内開催予定です。料金は300円です。詳細は出典URLをご確認ください。,300円,,,053-450-9111,,,こども館館内,静岡県浜松市中央区鍛冶町100-1,,34.705228,137.730166,,,,,,,https://kodomokan.entetsuassist-dms.com/event/detail/2765,Web収集: 浜松こども館 イベント; source_id=src_fa82517c47c56702; 説明生成=facts_only,文化施設イベント,中央区,,,,
221309,WEB7e4b1217f7,静岡県,浜松市,＜MOCOBO＞ウッドクラフト,,,2026-08-29,2026-08-29,10:00,15:00,,「＜MOCOBO＞ウッドクラフト」は2026-08-29に10:00から15:00に7階 ワークショップ開催予定です。料金は700円です。詳細は出典URLをご確認ください。,700円,,,053-450-9111,,,7階 ワークショップ,静岡県浜松市中央区鍛冶町100-1,,34.705228,137.730166,,,,,,,https://kodomokan.entetsuassist-dms.com/event/detail/2616,Web収集: 浜松こども館 イベント; source_id=src_fa82517c47c56702; 説明生成=facts_only,文化施設イベント,中央区,,,,
221309,WEB721ad64765,静岡県,浜松市,親子でワークショップ ～こおりあそび～,,,2026-09-01,2026-09-01,10:30,11:30,,「親子でワークショップ ～こおりあそび～」は2026-09-01に10:30から11:30に7階 おおぞらひろぱ開催予定です。料金は100円です。詳細は出典URLをご確認ください。,100円,,浜松こども館,053-450-9111,,浜松こども館,7階 おおぞらひろぱ,〒430-0933 浜松市中央区鍛冶町100-1 ザザシティ浜松中央館6・7階,,34.705228,137.730166,,,15組,,,,https://kodomokan.entetsuassist-dms.com/event/detail/2719,Web収集: 浜松こども館 イベント; source_id=src_fa82517c47c56702; 説明生成=facts_only,ワークショップ,中央区,,,,
221309,WEB92eee6c0d4,静岡県,浜松市,【抽選】親子でおやつ ～バナナマフィン～,,,2026-09-02,2026-09-02,11:00,11:45,,「【抽選】親子でおやつ ～バナナマフィン～」は2026-09-02に11:00から11:45に7階 おやつ工房開催予定です。料金は300円です。詳細は出典URLをご確認ください。,300円,,,053-450-9111,,,7階 おやつ工房,静岡県浜松市中央区鍛冶町100-1,,34.705228,137.730166,,,,,,,https://kodomokan.entetsuassist-dms.com/event/detail/2714,Web収集: 浜松こども館 イベント; source_id=src_fa82517c47c56702; 説明生成=facts_only,文化施設イベント,中央区,,,,
221309,WEBf03fccfc8d,静岡県,浜松市,助産師さんのベビーマッサージ,,,2026-09-04,2026-09-04,10:30,11:30,,「助産師さんのベビーマッサージ」は2026-09-04に10:30から11:30に6階 ホール開催予定です。料金は300円です。詳細は出典URLをご確認ください。,300円,,,053-450-9111,,,6階 ホール,静岡県浜松市中央区鍛冶町100-1,,34.705228,137.730166,,,,,,,https://kodomokan.entetsuassist-dms.com/event/detail/2720,Web収集: 浜松こども館 イベント; source_id=src_fa82517c47c56702; 説明生成=facts_only,子育て,中央区,,,,
221309,WEBbccc13a557,静岡県,浜松市,みんなでくるくる～!!こまあそび,,,2026-09-05,2026-09-05,14:00,15:00,,「みんなでくるくる～!!こまあそび」は2026-09-05に14:00から15:00に6階 ホール開催予定です。料金は無料です。詳細は出典URLをご確認ください。,無料,,,053-450-9111,,,6階 ホール,静岡県浜松市中央区鍛冶町100-1,,34.705228,137.730166,,,,,,,https://kodomokan.entetsuassist-dms.com/event/detail/2712,Web収集: 浜松こども館 イベント; source_id=src_fa82517c47c56702; 説明生成=facts_only,文化施設イベント,中央区,,,,
221309,WEBe800ebb37f,静岡県,浜松市,【抽選】プレパパ プレママ教室,,,2026-09-06,2026-09-13,10:00,12:00,,「【抽選】プレパパ プレママ教室」は2026-09-06から2026-09-13に10:00から12:00に7階 ワークショップ開催予定です。料金は300円です。詳細は出典URLをご確認ください。,300円,,,053-450-9111,,,7階 ワークショップ,静岡県浜松市中央区鍛冶町100-1,,34.705228,137.730166,,,,,,,https://kodomokan.entetsuassist-dms.com/event/detail/2707,Web収集: 浜松こども館 イベント; source_id=src_fa82517c47c56702; 説明生成=facts_only,子育て,中央区,,,,
221309,WEB43c4a33482,静岡県,浜松市,【抽選】おやつ作り ～フォンダンマフィン～,,,2026-09-06,2026-09-06,11:00,11:45,,「【抽選】おやつ作り ～フォンダンマフィン～」は2026-09-06に11:00から11:45に7階 おやつ工房開催予定です。料金は200円です。詳細は出典URLをご確認ください。,200円,,,053-450-9111,,,7階 おやつ工房,静岡県浜松市中央区鍛冶町100-1,,34.705228,137.730166,,,,,,,https://kodomokan.entetsuassist-dms.com/event/detail/2715,Web収集: 浜松こども館 イベント; source_id=src_fa82517c47c56702; 説明生成=facts_only,文化施設イベント,中央区,,,,
221309,WEBb81494a0fb,静岡県,浜松市,孫とおいでよWeeks,,,2026-09-07,2026-09-20,10:00,17:00,,「孫とおいでよWeeks」は2026-09-07から2026-09-20に10:00から17:00に浜松こども館開催予定です。詳細は出典URLをご確認ください。,,,浜松こども館,053-450-9111,,浜松こども館,浜松こども館,〒430-0933 浜松市中央区鍛冶町100-1 ザザシティ浜松中央館6・7階,,34.705228,137.730166,,,,,,,https://kodomokan.entetsuassist-dms.com/event/detail/2301,Web収集: 浜松こども館 イベント; source_id=src_fa82517c47c56702; 説明生成=facts_only,文化施設イベント,中央区,,,,
221309,WEB9c71fcc0fc,静岡県,浜松市,フルートのコンサート,,,2026-09-08,2026-09-08,11:00,11:30,,「フルートのコンサート」は2026-09-08に11:00から11:30に6階 ホール開催予定です。料金は300円です。詳細は出典URLをご確認ください。,300円,,,053-450-9111,,,6階 ホール,静岡県浜松市中央区鍛冶町100-1,,34.705228,137.730166,,,,,,,https://kodomokan.entetsuassist-dms.com/event/detail/2713,Web収集: 浜松こども館 イベント; source_id=src_fa82517c47c56702; 説明生成=facts_only,文化施設イベント,中央区,,,,
221309,WEBdc4a9ba722,静岡県,浜松市,【抽選】親子でパン作り,,,2026-08-25,2026-08-27,11:30,12:00,,「【抽選】親子でパン作り」は2026-08-25から2026-08-27に11:30から12:00に7階 おやつ工房開催予定です。料金は300円です。詳細は出典URLをご確認ください。,300円,,,053-450-9111,,,7階 おやつ工房,静岡県浜松市中央区鍛冶町100-1,,34.705228,137.730166,,,,,,,https://kodomokan.entetsuassist-dms.com/event/detail/2584,Web収集: 浜松こども館 イベント; source_id=src_fa82517c47c56702; 説明生成=facts_only,文化施設イベント,中央区,,,,
221309,WEBfc2720a911,静岡県,浜松市,命のバトン浜松による 子どもの事故防止と応急手当 今と昔,,,2026-09-12,2026-09-12,13:00,15:00,,「命のバトン浜松による 子どもの事故防止と応急手当 今と昔」は2026-09-12に13:00から15:00に6階 ホール開催予定です。料金は無料です。詳細は出典URLをご確認ください。,無料,,,053-450-9111,,命のバトン浜松,6階 ホール,静岡県浜松市中央区鍛冶町100-1,,34.705228,137.730166,,,,,,,https://kodomokan.entetsuassist-dms.com/event/detail/2756,Web収集: 浜松こども館 イベント; source_id=src_fa82517c47c56702; 説明生成=facts_only,文化施設イベント,中央区,,,,
221309,WEB5d2aa8269e,静岡県,浜松市,よみかたりさん,,,2026-09-13,2026-09-13,10:50,11:20,,「よみかたりさん」は2026-09-13に10:50から11:20に6階 サウンドプレイルーム開催予定です。料金は無料です。詳細は出典URLをご確認ください。,無料,,浜松こども館,053-450-9111,,浜松こども館,6階 サウンドプレイルーム,〒430-0933 浜松市中央区鍛冶町100-1 ザザシティ浜松中央館6・7階,,34.705228,137.730166,,,なし,,,,https://kodomokan.entetsuassist-dms.com/event/detail/2711,Web収集: 浜松こども館 イベント; source_id=src_fa82517c47c56702; 説明生成=facts_only,読み聞かせ,中央区,,,,
221309,WEB59f9ccb5a0,静岡県,浜松市,【抽選】パン作り ～プレーンパン～,,,2026-08-28,2026-08-30,11:30,12:15,,「【抽選】パン作り ～プレーンパン～」は2026-08-28から2026-08-30に11:30から12:15に7階 おやつ工房開催予定です。料金は200円です。詳細は出典URLをご確認ください。,200円,,,053-450-9111,,,7階 おやつ工房,静岡県浜松市中央区鍛冶町100-1,,34.705228,137.730166,,,,,,,https://kodomokan.entetsuassist-dms.com/event/detail/2585,Web収集: 浜松こども館 イベント; source_id=src_fa82517c47c56702; 説明生成=facts_only,文化施設イベント,中央区,,,,
221309,WEB8e5d3480da,静岡県,浜松市,音と遊ぼうリトミック ～2、3歳クラス～,,,2026-09-14,2026-09-14,10:20,11:00,,「音と遊ぼうリトミック ～2、3歳クラス～」は2026-09-14に10:20から11:00に6階 ホール開催予定です。料金は300円です。詳細は出典URLをご確認ください。,300円,,,053-450-9111,,,6階 ホール,静岡県浜松市中央区鍛冶町100-1,,34.705228,137.730166,,,,,,,https://kodomokan.entetsuassist-dms.com/event/detail/2700,Web収集: 浜松こども館 イベント; source_id=src_fa82517c47c56702; 説明生成=facts_only,子育て,中央区,,,,
221309,WEBaccb356922,静岡県,浜松市,音と遊ぼうリトミック ～1歳クラス～,,,2026-09-14,2026-09-14,11:10,11:40,,「音と遊ぼうリトミック ～1歳クラス～」は2026-09-14に11:10から11:40に6階 ホール開催予定です。料金は300円です。詳細は出典URLをご確認ください。,300円,,,053-450-9111,,,6階 ホール,静岡県浜松市中央区鍛冶町100-1,,34.705228,137.730166,,,,,,,https://kodomokan.entetsuassist-dms.com/event/detail/2699,Web収集: 浜松こども館 イベント; source_id=src_fa82517c47c56702; 説明生成=facts_only,子育て,中央区,,,,
221309,WEBeff8548dff,静岡県,浜松市,いっしょにあそぼ! ねんね・ごろんの赤ちゃんと,,,2026-09-15,2026-09-15,10:30,11:30,,「いっしょにあそぼ! ねんね・ごろんの赤ちゃんと」は2026-09-15に10:30から11:30に6階 ホール開催予定です。料金は無料です。詳細は出典URLをご確認ください。,無料,,浜松こども館,053-450-9111,,浜松こども館,6階 ホール,〒430-0933 浜松市中央区鍛冶町100-1 ザザシティ浜松中央館6・7階,,34.705228,137.730166,,,30人,,,,https://kodomokan.entetsuassist-dms.com/event/detail/2716,Web収集: 浜松こども館 イベント; source_id=src_fa82517c47c56702; 説明生成=facts_only,子育て,中央区,,,,
221309,WEB880a0c2d06,静岡県,浜松市,ハロー！みんなでABC ～２、３歳クラス～,,,2026-09-16,2026-09-16,10:30,11:00,,「ハロー！みんなでABC ～２、３歳クラス～」は2026-09-16に10:30から11:00に6階 ホール開催予定です。料金は300円です。詳細は出典URLをご確認ください。,300円,,浜松こども館,053-450-9111,,浜松こども館,6階 ホール,〒430-0933 浜松市中央区鍛冶町100-1 ザザシティ浜松中央館6・7階,,34.705228,137.730166,,,20人,,,,https://kodomokan.entetsuassist-dms.com/event/detail/2653,Web収集: 浜松こども館 イベント; source_id=src_fa82517c47c56702; 説明生成=facts_only,子育て・幼児教育,浜松市中央区,,,,
221309,WEBbb952fb4b4,静岡県,浜松市,ハロー！みんなでABC ～1歳クラス～,,,2026-09-16,2026-09-16,11:10,11:40,,「ハロー！みんなでABC ～1歳クラス～」は2026-09-16に11:10から11:40に6階 ホール開催予定です。料金は300円です。詳細は出典URLをご確認ください。,300円,,浜松こども館,053-450-9111,,浜松こども館,6階 ホール,〒430-0933 浜松市中央区鍛冶町100-1 ザザシティ浜松中央館6・7階,,34.705228,137.730166,,,20人,,,,https://kodomokan.entetsuassist-dms.com/event/detail/2654,Web収集: 浜松こども館 イベント; source_id=src_fa82517c47c56702; 説明生成=facts_only,子育て・幼児教育,浜松市中央区,,,,
221309,WEB4dcdf4b312,静岡県,浜松市,Let’ｓ運動あそびマン,,,2026-09-19,2026-09-19,10:30,11:30,,「Let’ｓ運動あそびマン」は2026-09-19に10:30から11:30に6階 ホール開催予定です。料金は300円です。詳細は出典URLをご確認ください。,300円,,,053-450-9111,,,6階 ホール,静岡県浜松市中央区鍛冶町100-1,,34.705228,137.730166,,,,,,,https://kodomokan.entetsuassist-dms.com/event/detail/2619,Web収集: 浜松こども館 イベント; source_id=src_fa82517c47c56702; 説明生成=facts_only,文化施設イベント,中央区,,,,
221309,WEB877f832dd6,静岡県,浜松市,いっしょにあそぼ! ヨチヨチちゃんと,,,2026-09-24,2026-09-24,10:30,11:30,,「いっしょにあそぼ! ヨチヨチちゃんと」は2026-09-24に10:30から11:30に6階 ホール開催予定です。料金は無料です。詳細は出典URLをご確認ください。,無料,,,053-450-9111,,,6階 ホール,静岡県浜松市中央区鍛冶町100-1,,34.705228,137.730166,,,,,,,https://kodomokan.entetsuassist-dms.com/event/detail/2709,Web収集: 浜松こども館 イベント; source_id=src_fa82517c47c56702; 説明生成=facts_only,子育て,中央区,,,,
221309,WEBe7159d878c,静岡県,浜松市,助産師さんのベビーマッサージ,,,2026-09-25,2026-09-25,10:30,11:30,,「助産師さんのベビーマッサージ」は2026-09-25に10:30から11:30に6階 ホール開催予定です。料金は300円です。詳細は出典URLをご確認ください。,300円,,,053-450-9111,,,6階 ホール,静岡県浜松市中央区鍛冶町100-1,,34.705228,137.730166,,,,,,,https://kodomokan.entetsuassist-dms.com/event/detail/2721,Web収集: 浜松こども館 イベント; source_id=src_fa82517c47c56702; 説明生成=facts_only,子育て,中央区,,,,
221309,WEB97b973b653,静岡県,浜松市,しょうぎに挑戦 ～初心者から上級者まで～,,,2026-09-26,2026-09-26,13:00,15:00,,「しょうぎに挑戦 ～初心者から上級者まで～」は2026-09-26に13:00から15:00に6階 サウンドプレイルーム開催予定です。料金は無料です。詳細は出典URLをご確認ください。,無料,,,053-450-9111,,,6階 サウンドプレイルーム,静岡県浜松市中央区鍛冶町100-1,,34.705228,137.730166,,,,,,,https://kodomokan.entetsuassist-dms.com/event/detail/2718,Web収集: 浜松こども館 イベント; source_id=src_fa82517c47c56702; 説明生成=facts_only,あそぶ,中央区,,,,
221309,WEB0f33f35950,静岡県,浜松市,こどもアドボカシーってなんだろう？,,,2026-09-27,2026-09-27,13:30,15:00,,「こどもアドボカシーってなんだろう？」は2026-09-27に13:30から15:00に7階 ワークショップ開催予定です。料金は無料です。詳細は出典URLをご確認ください。,無料,,,053-450-9111,,,7階 ワークショップ,静岡県浜松市中央区鍛冶町100-1,,34.705228,137.730166,,,,,,,https://kodomokan.entetsuassist-dms.com/event/detail/2723,Web収集: 浜松こども館 イベント; source_id=src_fa82517c47c56702; 説明生成=facts_only,文化施設イベント,中央区,,,,
221309,WEB9eae9feffe,静岡県,浜松市,いっしょにあそぼ! ハイハイ赤ちゃんと,,,2026-09-29,2026-09-29,10:30,11:30,,「いっしょにあそぼ! ハイハイ赤ちゃんと」は2026-09-29に10:30から11:30に6階 ホール開催予定です。料金は無料です。詳細は出典URLをご確認ください。,無料,,浜松こども館,053-450-9111,,浜松こども館,6階 ホール,〒430-0933 浜松市中央区鍛冶町100-1 ザザシティ浜松中央館6・7階,,34.705228,137.730166,,,30人,,,,https://kodomokan.entetsuassist-dms.com/event/detail/2601,Web収集: 浜松こども館 イベント; source_id=src_fa82517c47c56702; 説明生成=facts_only,子育て,中央区,,,,
221309,WEB256cb19c2c,静岡県,浜松市,いっしょにあそぼ! トコトコちゃんと＆ぐっすりねんねのお話会,,,2026-09-30,2026-09-30,10:30,11:30,,「いっしょにあそぼ! トコトコちゃんと＆ぐっすりねんねのお話会」は2026-09-30に10:30から11:30に6階 ホール開催予定です。料金は無料です。詳細は出典URLをご確認ください。,無料,,浜松こども館,053-450-9111,,浜松こども館,6階 ホール,〒430-0933 浜松市中央区鍛冶町100-1 ザザシティ浜松中央館6・7階,,34.705228,137.730166,,,30人,,,,https://kodomokan.entetsuassist-dms.com/event/detail/2652,Web収集: 浜松こども館 イベント; source_id=src_fa82517c47c56702; 説明生成=facts_only,子育て,中央区,,,,
221309,WEBa7f2d74973,静岡県,浜松市,【抽選】親子でパン作り,,,2026-09-15,2026-09-17,11:30,12:00,,「【抽選】親子でパン作り」は2026-09-15から2026-09-17に11:30から12:00に7階 おやつ工房開催予定です。料金は300円です。詳細は出典URLをご確認ください。,300円,,,053-450-9111,,,7階 おやつ工房,静岡県浜松市中央区鍛冶町100-1,,34.705228,137.730166,,,,,,,https://kodomokan.entetsuassist-dms.com/event/detail/2734,Web収集: 浜松こども館 イベント; source_id=src_fa82517c47c56702; 説明生成=facts_only,文化施設イベント,中央区,,,,
221309,WEBb7d3fa1419,静岡県,浜松市,手づくり楽器であそぼう,,,2026-07-24,2026-07-24,11:00,11:30,,「手づくり楽器であそぼう」は2026-07-24に11:00から11:30に6階 ホール開催予定です。料金は300円です。詳細は出典URLをご確認ください。,300円,,浜松こども館,053-450-9111,,浜松こども館,6階 ホール,〒430-0933 浜松市中央区鍛冶町100-1 ザザシティ浜松中央館6・7階,,34.705228,137.730166,,,,,,,https://kodomokan.entetsuassist-dms.com/event/detail/2741,Web収集: 浜松こども館 イベント; source_id=src_fa82517c47c56702; 説明生成=facts_only,文化施設イベント,中央区,,,,
221309,WEB2306e50928,静岡県,浜松市,よみかたりさん,,,2026-10-11,2026-10-11,10:50,11:20,,「よみかたりさん」は2026-10-11に10:50から11:20に6階 サウンドプレイルーム開催予定です。料金は無料です。詳細は出典URLをご確認ください。,無料,,浜松こども館,053-450-9111,,浜松こども館,6階 サウンドプレイルーム,〒430-0933 浜松市中央区鍛冶町100-1 ザザシティ浜松中央館6・7階,,34.705228,137.730166,,,なし,,,,https://kodomokan.entetsuassist-dms.com/event/detail/2768,Web収集: 浜松こども館 イベント; source_id=src_fa82517c47c56702; 説明生成=facts_only,読み語り・人形劇,浜松市中央区,,,,
221309,WEBc06a5282c2,静岡県,浜松市,いっしょにあそぼ! ねんね・ごろんの赤ちゃんと,,,2026-10-13,2026-10-13,10:30,11:30,,「いっしょにあそぼ! ねんね・ごろんの赤ちゃんと」は2026-10-13に10:30から11:30に6階 ホール開催予定です。料金は無料です。詳細は出典URLをご確認ください。,無料,,浜松こども館,053-450-9111,,浜松こども館,6階 ホール,〒430-0933 浜松市中央区鍛冶町100-1 ザザシティ浜松中央館6・7階,,34.705228,137.730166,,,30人,,,,https://kodomokan.entetsuassist-dms.com/event/detail/2737,Web収集: 浜松こども館 イベント; source_id=src_fa82517c47c56702; 説明生成=facts_only,子育て,中央区,,,,
221309,WEBb6df7d7342,静岡県,浜松市,赤ちゃんと一緒にエクササイズ＆おはなし会,,,2026-10-16,2026-10-16,10:30,11:30,,「赤ちゃんと一緒にエクササイズ＆おはなし会」は2026-10-16に10:30から11:30に6階 ホール開催予定です。料金は300円です。詳細は出典URLをご確認ください。,300円,,浜松こども館,053-450-9111,,浜松こども館,6階 ホール,〒430-0933 浜松市中央区鍛冶町100-1 ザザシティ浜松中央館6・7階,,34.705228,137.730166,,,20組,,,,https://kodomokan.entetsuassist-dms.com/event/detail/2731,Web収集: 浜松こども館 イベント; source_id=src_fa82517c47c56702; 説明生成=facts_only,子育て,中央区,,,,
221309,WEB3698c16572,静岡県,浜松市,【抽選】パン作り ～チーズ入りパン～,,,2026-10-02,2026-10-04,11:30,12:15,,「【抽選】パン作り ～チーズ入りパン～」は2026-10-02から2026-10-04に11:30から12:15に7階 おやつ工房開催予定です。料金は200円です。詳細は出典URLをご確認ください。,200円,,,053-450-9111,,,7階 おやつ工房,静岡県浜松市中央区鍛冶町100-1,,34.705228,137.730166,,,,,,,https://kodomokan.entetsuassist-dms.com/event/detail/2733,Web収集: 浜松こども館 イベント; source_id=src_fa82517c47c56702; 説明生成=facts_only,文化施設イベント,中央区,,,,
221309,WEB12ce8d4c9a,静岡県,浜松市,こどもアドボカシーってなんだろう？,,,2026-10-18,2026-10-18,13:30,15:00,,「こどもアドボカシーってなんだろう？」は2026-10-18に13:30から15:00に7階 ワークショップ開催予定です。料金は無料です。詳細は出典URLをご確認ください。,無料,,,053-450-9111,,,7階 ワークショップ,静岡県浜松市中央区鍛冶町100-1,,34.705228,137.730166,,,,,,,https://kodomokan.entetsuassist-dms.com/event/detail/2757,Web収集: 浜松こども館 イベント; source_id=src_fa82517c47c56702; 説明生成=facts_only,文化施設イベント,中央区,,,,
221309,WEB36dd3cd1b5,静岡県,浜松市,いっしょにあそぼ! ハイハイ赤ちゃんと＆ぐっすりねんねのお話会,,,2026-10-20,2026-10-20,10:30,11:30,,「いっしょにあそぼ! ハイハイ赤ちゃんと＆ぐっすりねんねのお話会」は2026-10-20に10:30から11:30に6階 ホール開催予定です。料金は無料です。詳細は出典URLをご確認ください。,無料,,浜松こども館,053-450-9111,,浜松こども館,6階 ホール,〒430-0933 浜松市中央区鍛冶町100-1 ザザシティ浜松中央館6・7階,,34.705228,137.730166,,,30人,,,,https://kodomokan.entetsuassist-dms.com/event/detail/2403,Web収集: 浜松こども館 イベント; source_id=src_fa82517c47c56702; 説明生成=facts_only,子育て,中央区,,,,
221309,WEB78980d8ed2,静岡県,浜松市,ハロー！みんなでABC ～２、３歳クラス～,,,2026-10-21,2026-10-21,10:30,11:00,,「ハロー！みんなでABC ～２、３歳クラス～」は2026-10-21に10:30から11:00に6階 ホール開催予定です。料金は300円です。詳細は出典URLをご確認ください。,300円,,浜松こども館,053-450-9111,,浜松こども館,6階 ホール,〒430-0933 浜松市中央区鍛冶町100-1 ザザシティ浜松中央館6・7階,,34.705228,137.730166,,,20人,,,,https://kodomokan.entetsuassist-dms.com/event/detail/2751,Web収集: 浜松こども館 イベント; source_id=src_fa82517c47c56702; 説明生成=facts_only,子育て・幼児教育,浜松市中央区,,,,
221309,WEB068ccb70d7,静岡県,浜松市,ハロー！みんなでABC ～1歳クラス～,,,2026-10-21,2026-10-21,11:10,11:40,,「ハロー！みんなでABC ～1歳クラス～」は2026-10-21に11:10から11:40に6階 ホール開催予定です。料金は300円です。詳細は出典URLをご確認ください。,300円,,浜松こども館,053-450-9111,,浜松こども館,6階 ホール,〒430-0933 浜松市中央区鍛冶町100-1 ザザシティ浜松中央館6・7階,,34.705228,137.730166,,,20人,,,,https://kodomokan.entetsuassist-dms.com/event/detail/2752,Web収集: 浜松こども館 イベント; source_id=src_fa82517c47c56702; 説明生成=facts_only,子育て・幼児教育,浜松市中央区,,,,
221309,WEB4370ca731f,静岡県,浜松市,いっしょにあそぼ! トコトコちゃんと＆知っておきたい救急のお話し,,,2026-10-22,2026-10-22,10:30,11:30,,「いっしょにあそぼ! トコトコちゃんと＆知っておきたい救急のお話し」は2026-10-22に10:30から11:30に6階 ホール開催予定です。料金は無料です。詳細は出典URLをご確認ください。,無料,,浜松こども館,053-450-9111,,浜松こども館,6階 ホール,〒430-0933 浜松市中央区鍛冶町100-1 ザザシティ浜松中央館6・7階,,34.705228,137.730166,,,30人,,,,https://kodomokan.entetsuassist-dms.com/event/detail/2732,Web収集: 浜松こども館 イベント; source_id=src_fa82517c47c56702; 説明生成=facts_only,子育て,中央区,,,,
221309,WEB470e5c3c30,静岡県,浜松市,親子でワークショップ ～ぷるぷるあそび ～,,,2026-10-27,2026-10-27,10:30,11:30,,「親子でワークショップ ～ぷるぷるあそび ～」は2026-10-27に10:30から11:30に7階 ワークショップ開催予定です。料金は100円です。詳細は出典URLをご確認ください。,100円,,浜松こども館,053-450-9111,,浜松こども館,7階 ワークショップ,〒430-0933 浜松市中央区鍛冶町100-1 ザザシティ浜松中央館6・7階,,34.705228,137.730166,,,15組,,,,https://kodomokan.entetsuassist-dms.com/event/detail/2637,Web収集: 浜松こども館 イベント; source_id=src_fa82517c47c56702; 説明生成=facts_only,ワークショップ,中央区,,,,
221309,WEB23366c4420,静岡県,浜松市,EVENT イベント情報,,,2026-07-18,2026-09-13,10:00,16:00,,「EVENT イベント情報」は2026-07-18から2026-09-13に10:00から16:00に入園ゲート入って正面広場開催予定です。詳細は出典URLをご確認ください。,,,,053-428-5211 FAX：053-428-5200,,,入園ゲート入って正面広場,静岡県浜松市浜名区都田町4263-1,,34.84026,137.732989,,,,,,,https://hamamatsu-fp.co.jp/eventinfo/detail/236,Web収集: はままつフルーツパーク時之栖 イベント; source_id=src_a5e8db1ada379034; 説明生成=facts_only,文化施設イベント,浜名区,,,,
221309,WEBff563b499e,静岡県,浜松市,EVENT イベント情報,,,2026-08-08,2026-08-16,17:15,18:00,,「EVENT イベント情報」は2026-08-08から2026-08-16に17:15から18:00にはままつフルーツパーク時之栖開催予定です。詳細は出典URLをご確認ください。,,,,053-428-5211 FAX：053-428-5200,,,はままつフルーツパーク時之栖,静岡県浜松市浜名区都田町4263-1,,34.84026,137.732989,,,,,,,https://hamamatsu-fp.co.jp/eventinfo/detail/242,Web収集: はままつフルーツパーク時之栖 イベント; source_id=src_a5e8db1ada379034; 説明生成=facts_only,文化施設イベント,浜名区,,,,
221309,WEB1670862ea3,静岡県,浜松市,EVENT イベント情報,,,2026-07-25,2026-07-25,13:00,13:00,,「EVENT イベント情報」は2026-07-25に13:00から13:00にはままつフルーツパーク時之栖開催予定です。詳細は出典URLをご確認ください。,,,,053-428-5211 FAX：053-428-5200,,,はままつフルーツパーク時之栖,静岡県浜松市浜名区都田町4263-1,,34.84026,137.732989,,,,,,,https://hamamatsu-fp.co.jp/eventinfo/detail/247,Web収集: はままつフルーツパーク時之栖 イベント; source_id=src_a5e8db1ada379034; 説明生成=facts_only,文化施設イベント,浜名区,,,,
221309,WEBf6c6235ec5,静岡県,浜松市,EVENT イベント情報,,,2026-08-08,2026-08-08,19:30,19:15,,「EVENT イベント情報」は2026-08-08に19:30から19:15にはままつフルーツパークときのすみか 西エリア開催予定です。詳細は出典URLをご確認ください。,,,,053-428-5211 FAX：053-428-5200,,,はままつフルーツパークときのすみか 西エリア,静岡県浜松市浜名区都田町4263-1,,34.84026,137.732989,,,,,,,https://hamamatsu-fp.co.jp/eventinfo/detail/243,Web収集: はままつフルーツパーク時之栖 イベント; source_id=src_a5e8db1ada379034; 説明生成=facts_only,文化施設イベント,浜名区,,,,
221309,WEBafdf1e96f2,静岡県,浜松市,EVENT イベント情報,,,2026-09-05,2026-09-05,09:00,11:30,,「EVENT イベント情報」は2026-09-05に09:00から11:30にはままつフルーツパーク時之栖 エントランス広場(入園ゲート前)開催予定です。詳細は出典URLをご確認ください。,,,,053-428-5211 FAX：053-428-5200,,,はままつフルーツパーク時之栖 エントランス広場(入園ゲート前),静岡県浜松市浜名区都田町4263-1,,34.84026,137.732989,,,,,,,https://hamamatsu-fp.co.jp/eventinfo/detail/250,Web収集: はままつフルーツパーク時之栖 イベント; source_id=src_a5e8db1ada379034; 説明生成=facts_only,文化施設イベント,浜名区,,,,
221309,WEB2bfa5e80cd,静岡県,浜松市,EVENT イベント情報,,,2026-08-02,2026-08-02,13:00,13:15,,「EVENT イベント情報」は2026-08-02に13:00から13:15にはままつフルーツパーク時之栖開催予定です。詳細は出典URLをご確認ください。,,,,053-428-5211 FAX：053-428-5200,,,はままつフルーツパーク時之栖,静岡県浜松市浜名区都田町4263-1,,34.84026,137.732989,,,,,,,https://hamamatsu-fp.co.jp/eventinfo/detail/245,Web収集: はままつフルーツパーク時之栖 イベント; source_id=src_a5e8db1ada379034; 説明生成=facts_only,文化施設イベント,浜名区,,,,
221309,WEBd1e62b3011,静岡県,浜松市,3.歌声合成ソフトウェアの体験,,,2026-07-24,2026-07-24,09:30,17:00,,「3.歌声合成ソフトウェアの体験」は2026-07-24に09:30から17:00に浜松科学館 常設展2階「音ゾーン」開催予定です。詳細は出典URLをご確認ください。,,,,053-454-0178,,,浜松科学館 常設展2階「音ゾーン」,静岡県浜松市中央区北寺島町256-3,,34.705034,137.739694,,,,,,,https://www.mirai-ra.jp/event/42997/,Web収集: 浜松市科学館 mirai-ra イベント; source_id=src_1fd7ed130ddbf3f6; 説明生成=facts_only,科学体験,中央区,,,,
221309,WEB7d399afa99,静岡県,浜松市,ワークショップ「どこまでのびる？びよ～んスライム」,,,2026-07-14,2026-07-26,13:30,15:30,,「ワークショップ「どこまでのびる？びよ～んスライム」」は2026-07-14から2026-07-26に13:30から15:30にみらいーらルーム フロアマップをみる開催予定です。料金は200円です。詳細は出典URLをご確認ください。,200円,,,053-454-0178,,,みらいーらルーム フロアマップをみる,静岡県浜松市中央区北寺島町256-3,,34.705034,137.739694,,,,,,,https://www.mirai-ra.jp/event/42926/,Web収集: 浜松市科学館 mirai-ra イベント; source_id=src_1fd7ed130ddbf3f6; 説明生成=facts_only,科学体験,中央区,,,,
221309,WEB5db3beec9f,静岡県,浜松市,サイエンスショー,,,2026-07-24,2026-07-24,10:45,13:00,,「サイエンスショー」は2026-07-24に10:45から13:00にみらいーらステージ フロアマップをみる開催予定です。料金は無料です。詳細は出典URLをご確認ください。,無料,,,053-454-0178,,,みらいーらステージ フロアマップをみる,静岡県浜松市中央区北寺島町256-3,,34.705034,137.739694,,,,,,,https://www.mirai-ra.jp/event/2039/,Web収集: 浜松市科学館 mirai-ra イベント; source_id=src_1fd7ed130ddbf3f6; 説明生成=facts_only,科学体験,中央区,,,,
221309,WEB9a416065d2,静岡県,浜松市,みらいーらブックセレクション展,,,2026-06-20,2026-08-31,17:00,,,「みらいーらブックセレクション展」は2026-06-20から2026-08-31に17:00にサイエンスライブラリー フロアマップをみる開催予定です。料金は無料です。詳細は出典URLをご確認ください。,無料,,,053-454-0178,,,サイエンスライブラリー フロアマップをみる,静岡県浜松市中央区北寺島町256-3,,34.705034,137.739694,,,,,,,https://www.mirai-ra.jp/event/42045/,Web収集: 浜松市科学館 mirai-ra イベント; source_id=src_1fd7ed130ddbf3f6; 説明生成=facts_only,科学体験,中央区,,,,
221309,WEB7c13ae415c,静岡県,浜松市,7月25日(土)の特別プログラム,,,2026-07-25,2026-07-25,18:01,20:00,,「7月25日(土)の特別プログラム」は2026-07-25に18:01から20:00にプラネタリウムドーム（3F）開催予定です。料金は600円 / 300円です。詳細は出典URLをご確認ください。,600円 / 300円,,,053-454-0178,,,プラネタリウムドーム（3F）,静岡県浜松市中央区北寺島町256-3,,34.705034,137.739694,,,,,,,https://www.mirai-ra.jp/event/40744/,Web収集: 浜松市科学館 mirai-ra イベント; source_id=src_1fd7ed130ddbf3f6; 説明生成=facts_only,施設イベント,中央区,,,,
221309,WEB2435ea1e43,静岡県,浜松市,【参加者募集】第7回 浜松市小・中学生「発明くふうコンテスト」,,,2026-07-01,2026-08-31,,,,「【参加者募集】第7回 浜松市小・中学生「発明くふうコンテスト」」は2026-07-01から2026-08-31に浜松科学館 mirai-ra開催予定です。詳細は出典URLをご確認ください。,,,,053-454-0178,,,浜松科学館 mirai-ra,静岡県浜松市中央区北寺島町256-3,,34.705034,137.739694,,,,,,,https://www.mirai-ra.jp/event/42936/,Web収集: 浜松市科学館 mirai-ra イベント; source_id=src_1fd7ed130ddbf3f6; 説明生成=facts_only,科学体験,中央区,,,,
221309,WEB9843b70eee,静岡県,浜松市,【参加者募集】第11回 小・中学生「理科研究 プレゼンテーションコンテスト」,,,2026-07-01,2026-09-10,,,,「【参加者募集】第11回 小・中学生「理科研究 プレゼンテーションコンテスト」」は2026-07-01から2026-09-10に浜松科学館 mirai-ra開催予定です。詳細は出典URLをご確認ください。,,,,053-454-0178,,,浜松科学館 mirai-ra,静岡県浜松市中央区北寺島町256-3,,34.705034,137.739694,,,,,,,https://www.mirai-ra.jp/event/42940/,Web収集: 浜松市科学館 mirai-ra イベント; source_id=src_1fd7ed130ddbf3f6; 説明生成=facts_only,科学体験,中央区,,,,
221309,WEB371137087f,静岡県,浜松市,テレビ100周年特別展示,,,2026-07-18,2026-08-31,09:30,18:00,,「テレビ100周年特別展示」は2026-07-18から2026-08-31に09:30から18:00に光ゾーン「イ号」テレビ周辺 フロアマップをみる開催予定です。料金は無料です。詳細は出典URLをご確認ください。,無料,,,053-454-0178,,,光ゾーン「イ号」テレビ周辺 フロアマップをみる,静岡県浜松市中央区北寺島町256-3,,34.705034,137.739694,,,,,,,https://www.mirai-ra.jp/event/42862/,Web収集: 浜松市科学館 mirai-ra イベント; source_id=src_1fd7ed130ddbf3f6; 説明生成=facts_only,科学体験,中央区,,,,
221309,WEB1c60dfd114,静岡県,浜松市,【募集終了】【モニタリング】みらいーら自由に研究ラボ,,,2026-07-25,2026-08-31,09:30,18:00,,「【募集終了】【モニタリング】みらいーら自由に研究ラボ」は2026-07-25から2026-08-31に09:30から18:00に入口ゲート付近 フロアマップをみる開催予定です。料金は無料です。詳細は出典URLをご確認ください。,無料,,,053-454-0178,,,入口ゲート付近 フロアマップをみる,静岡県浜松市中央区北寺島町256-3,,34.705034,137.739694,,,,,,,https://www.mirai-ra.jp/event/42071/,Web収集: 浜松市科学館 mirai-ra イベント; source_id=src_1fd7ed130ddbf3f6; 説明生成=facts_only,科学体験,中央区,,,,
221309,WEB3a36f074ae,静岡県,浜松市,ワークショップ「夏の星空うちわ」,,,2026-07-27,2026-08-09,13:30,15:30,,「ワークショップ「夏の星空うちわ」」は2026-07-27から2026-08-09に13:30から15:30にみらいーらルーム フロアマップをみる開催予定です。料金は200円です。詳細は出典URLをご確認ください。,200円,,,053-454-0178,,,みらいーらルーム フロアマップをみる,静岡県浜松市中央区北寺島町256-3,,34.705034,137.739694,,,,,,,https://www.mirai-ra.jp/event/42931/,Web収集: 浜松市科学館 mirai-ra イベント; source_id=src_1fd7ed130ddbf3f6; 説明生成=facts_only,科学体験,中央区,,,,
221309,WEB054bda2d9c,静岡県,浜松市,手づくり電池教室,,,2026-07-31,2026-07-31,10:00,11:00,,「手づくり電池教室」は2026-07-31に10:00から11:00にみらいーらルーム フロアマップをみる開催予定です。料金は無料です。詳細は出典URLをご確認ください。,無料,,,053-454-0178,,,みらいーらルーム フロアマップをみる,静岡県浜松市中央区北寺島町256-3,,34.705034,137.739694,,,,,,,https://www.mirai-ra.jp/event/43235/,Web収集: 浜松市科学館 mirai-ra イベント; source_id=src_1fd7ed130ddbf3f6; 説明生成=facts_only,科学体験,中央区,,,,
221309,WEB29c3b1797e,静岡県,浜松市,【募集終了】プラネタリウムの裏側大公開ツアー！,,,2026-08-01,2026-08-02,16:45,,,「【募集終了】プラネタリウムの裏側大公開ツアー！」は2026-08-01から2026-08-02に16:45に集合：3Fホワイエ、体験：プラネタリウムドーム、天文事務所 フロアマップをみる開催予定です。料金は無料です。詳細は出典URLをご確認ください。,無料,,,053-454-0178,,,集合：3Fホワイエ、体験：プラネタリウムドーム、天文事務所 フロアマップをみる,静岡県浜松市中央区北寺島町256-3,,34.705034,137.739694,,,,,,,https://www.mirai-ra.jp/event/43014/,Web収集: 浜松市科学館 mirai-ra イベント; source_id=src_1fd7ed130ddbf3f6; 説明生成=facts_only,科学体験,中央区,,,,
221309,WEB2e632d5755,静岡県,浜松市,ちょこっと体験「水車をつくってあそぼう！」,,,2026-08-01,2026-08-02,10:00,11:30,,「ちょこっと体験「水車をつくってあそぼう！」」は2026-08-01から2026-08-02に10:00から11:30にみらいーらルーム フロアマップをみる開催予定です。料金は100円です。詳細は出典URLをご確認ください。,100円,,,053-454-0178,,,みらいーらルーム フロアマップをみる,静岡県浜松市中央区北寺島町256-3,,34.705034,137.739694,,,,,,,https://www.mirai-ra.jp/event/43016/,Web収集: 浜松市科学館 mirai-ra イベント; source_id=src_1fd7ed130ddbf3f6; 説明生成=facts_only,科学体験,中央区,,,,
221309,WEB7f16b8708f,静岡県,浜松市,LaQ（ラキュー）体験イベント,,,2026-08-01,2026-08-01,10:00,16:00,,「LaQ（ラキュー）体験イベント」は2026-08-01に10:00から16:00にミュージアムショップ フロアマップをみる開催予定です。料金は無料です。詳細は出典URLをご確認ください。,無料,,,053-454-0178,,,ミュージアムショップ フロアマップをみる,静岡県浜松市中央区北寺島町256-3,,34.705034,137.739694,,,,,,,https://www.mirai-ra.jp/event/43114/,Web収集: 浜松市科学館 mirai-ra イベント; source_id=src_1fd7ed130ddbf3f6; 説明生成=facts_only,科学体験,中央区,,,,
221309,WEBc2f137e5a2,静岡県,浜松市,手づくり電池教室,,,2026-08-07,2026-08-07,10:45,13:30,,「手づくり電池教室」は2026-08-07に10:45から13:30にサイエンスラボ フロアマップをみる開催予定です。料金は無料です。詳細は出典URLをご確認ください。,無料,,,053-454-0178,,,サイエンスラボ フロアマップをみる,静岡県浜松市中央区北寺島町256-3,,34.705034,137.739694,,,,,,,https://www.mirai-ra.jp/event/43242/,Web収集: 浜松市科学館 mirai-ra イベント; source_id=src_1fd7ed130ddbf3f6; 説明生成=facts_only,科学体験,中央区,,,,
221309,WEBa3b63db1d2,静岡県,浜松市,ドキドキ科学教室「偏光板アートに挑戦！」,,,2026-08-09,2026-08-09,10:00,12:00,,「ドキドキ科学教室「偏光板アートに挑戦！」」は2026-08-09に10:00から12:00にサイエンスラボ フロアマップをみる開催予定です。料金は500円です。詳細は出典URLをご確認ください。,500円,,,053-454-0178,,,サイエンスラボ フロアマップをみる,静岡県浜松市中央区北寺島町256-3,,34.705034,137.739694,,,,,,,https://www.mirai-ra.jp/event/43012/,Web収集: 浜松市科学館 mirai-ra イベント; source_id=src_1fd7ed130ddbf3f6; 説明生成=facts_only,科学体験,中央区,,,,
221309,WEBb8bcfdf22f,静岡県,浜松市,ワークショップ「体温で色変わりスライム」,,,2026-08-10,2026-08-23,13:30,15:30,,「ワークショップ「体温で色変わりスライム」」は2026-08-10から2026-08-23に13:30から15:30にみらいーらルーム フロアマップをみる開催予定です。料金は200円です。詳細は出典URLをご確認ください。,200円,,,053-454-0178,,,みらいーらルーム フロアマップをみる,静岡県浜松市中央区北寺島町256-3,,34.705034,137.739694,,,,,,,https://www.mirai-ra.jp/event/43018/,Web収集: 浜松市科学館 mirai-ra イベント; source_id=src_1fd7ed130ddbf3f6; 説明生成=facts_only,科学体験,中央区,,,,
221309,WEB8478658728,静岡県,浜松市,みて・きいて・さわって楽しむ科学体験,,,2026-08-11,2026-08-11,10:00,11:30,,「みて・きいて・さわって楽しむ科学体験」は2026-08-11に10:00から11:30にみらいーらルーム フロアマップをみる開催予定です。料金は無料です。詳細は出典URLをご確認ください。,無料,,,053-454-0178,,,みらいーらルーム フロアマップをみる,静岡県浜松市中央区北寺島町256-3,,34.705034,137.739694,,,,,,,https://www.mirai-ra.jp/event/42999/,Web収集: 浜松市科学館 mirai-ra イベント; source_id=src_1fd7ed130ddbf3f6; 説明生成=facts_only,科学体験,中央区,,,,
221309,WEB69df7f0337,静岡県,浜松市,ちょこっと体験「多面体サイコロ」,,,2026-08-15,2026-08-16,10:00,11:30,,「ちょこっと体験「多面体サイコロ」」は2026-08-15から2026-08-16に10:00から11:30にみらいーらルーム フロアマップをみる開催予定です。料金は無料です。詳細は出典URLをご確認ください。,無料,,,053-454-0178,,,みらいーらルーム フロアマップをみる,静岡県浜松市中央区北寺島町256-3,,34.705034,137.739694,,,,,,,https://www.mirai-ra.jp/event/43017/,Web収集: 浜松市科学館 mirai-ra イベント; source_id=src_1fd7ed130ddbf3f6; 説明生成=facts_only,科学体験,中央区,,,,
221309,WEBacac48711e,静岡県,浜松市,40周年記念企画「うえちゃん・天玲美音のコラボサイエンスショー」,,,2026-08-16,2026-08-16,13:00,13:45,,「40周年記念企画「うえちゃん・天玲美音のコラボサイエンスショー」」は2026-08-16に13:00から13:45にみらいーらステージ フロアマップをみる開催予定です。料金は無料です。詳細は出典URLをご確認ください。,無料,,,053-454-0178,,,みらいーらステージ フロアマップをみる,静岡県浜松市中央区北寺島町256-3,,34.705034,137.739694,,,,,,,https://www.mirai-ra.jp/event/43001/,Web収集: 浜松市科学館 mirai-ra イベント; source_id=src_1fd7ed130ddbf3f6; 説明生成=facts_only,科学体験,中央区,,,,
221309,WEB7427732181,静岡県,浜松市,綿花ツアー2026,,,2026-08-18,2026-08-18,15:30,16:00,,「綿花ツアー2026」は2026-08-18に15:30から16:00に集合：みらいーらステージ、観察：サイエンス農園 フロアマップをみる開催予定です。料金は無料です。詳細は出典URLをご確認ください。,無料,,,053-454-0178,,,集合：みらいーらステージ、観察：サイエンス農園 フロアマップをみる,静岡県浜松市中央区北寺島町256-3,,34.705034,137.739694,,,,,,,https://www.mirai-ra.jp/event/41962/,Web収集: 浜松市科学館 mirai-ra イベント; source_id=src_1fd7ed130ddbf3f6; 説明生成=facts_only,科学体験,中央区,,,,
221309,WEBd3e5d1856e,静岡県,浜松市,手づくり電池教室,,,2026-08-19,2026-08-19,10:00,11:00,,「手づくり電池教室」は2026-08-19に10:00から11:00にみらいーらルーム フロアマップをみる開催予定です。料金は無料です。詳細は出典URLをご確認ください。,無料,,,053-454-0178,,,みらいーらルーム フロアマップをみる,静岡県浜松市中央区北寺島町256-3,,34.705034,137.739694,,,,,,,https://www.mirai-ra.jp/event/43239/,Web収集: 浜松市科学館 mirai-ra イベント; source_id=src_1fd7ed130ddbf3f6; 説明生成=facts_only,科学体験,中央区,,,,
221309,WEB6fb81e7428,静岡県,浜松市,教員のための博物館の日 2026,,,2026-08-20,2026-08-20,10:00,11:30,,「教員のための博物館の日 2026」は2026-08-20に10:00から11:30にサンエンスラボほか フロアマップをみる開催予定です。料金は無料です。詳細は出典URLをご確認ください。,無料,,,053-454-0178,,,サンエンスラボほか フロアマップをみる,静岡県浜松市中央区北寺島町256-3,,34.705034,137.739694,,,,,,,https://www.mirai-ra.jp/event/41957/,Web収集: 浜松市科学館 mirai-ra イベント; source_id=src_1fd7ed130ddbf3f6; 説明生成=facts_only,科学体験,中央区,,,,
221309,WEB7ae5159082,静岡県,浜松市,手づくり電池教室,,,2026-08-21,2026-08-21,10:00,11:00,,「手づくり電池教室」は2026-08-21に10:00から11:00にみらいーらルーム フロアマップをみる開催予定です。料金は無料です。詳細は出典URLをご確認ください。,無料,,,053-454-0178,,,みらいーらルーム フロアマップをみる,静岡県浜松市中央区北寺島町256-3,,34.705034,137.739694,,,,,,,https://www.mirai-ra.jp/event/43240/,Web収集: 浜松市科学館 mirai-ra イベント; source_id=src_1fd7ed130ddbf3f6; 説明生成=facts_only,科学体験,中央区,,,,
221309,WEB11530afc77,静岡県,浜松市,見えない放射線を見てみよう！,,,2026-08-23,2026-08-23,11:00,15:00,,「見えない放射線を見てみよう！」は2026-08-23に11:00から15:00に出口ゲート付近 フロアマップをみる開催予定です。料金は無料です。詳細は出典URLをご確認ください。,無料,,,053-454-0178,,,出口ゲート付近 フロアマップをみる,静岡県浜松市中央区北寺島町256-3,,34.705034,137.739694,,,,,,,https://www.mirai-ra.jp/event/43013/,Web収集: 浜松市科学館 mirai-ra イベント; source_id=src_1fd7ed130ddbf3f6; 説明生成=facts_only,科学体験,中央区,,,,
221309,WEBd8638c4ccd,静岡県,浜松市,体験★プラネタリウムの解説員になろう！,,,2026-08-25,2026-08-26,17:00,17:45,,「体験★プラネタリウムの解説員になろう！」は2026-08-25から2026-08-26に17:00から17:45にプラネタリウムドーム フロアマップをみる開催予定です。料金は無料です。詳細は出典URLをご確認ください。,無料,,,053-454-0178,,,プラネタリウムドーム フロアマップをみる,静岡県浜松市中央区北寺島町256-3,,34.705034,137.739694,,,,,,,https://www.mirai-ra.jp/event/43015/,Web収集: 浜松市科学館 mirai-ra イベント; source_id=src_1fd7ed130ddbf3f6; 説明生成=facts_only,科学体験,中央区,,,,
221309,WEBd9e08e7f86,静岡県,浜松市,ワークショップ「カッティングマシーンでオリジナルステッカーづくり」,,,2026-08-25,2026-09-06,13:30,15:30,,「ワークショップ「カッティングマシーンでオリジナルステッカーづくり」」は2026-08-25から2026-09-06に13:30から15:30にみらいーらルーム フロアマップをみる開催予定です。料金は200円です。詳細は出典URLをご確認ください。,200円,,,053-454-0178,,,みらいーらルーム フロアマップをみる,静岡県浜松市中央区北寺島町256-3,,34.705034,137.739694,,,,,,,https://www.mirai-ra.jp/event/43019/,Web収集: 浜松市科学館 mirai-ra イベント; source_id=src_1fd7ed130ddbf3f6; 説明生成=facts_only,科学体験,中央区,,,,
221309,WEB9218ccf723,静岡県,浜松市,（8月）1歳誕生日！親子で初めての工作,,,2026-08-31,2026-08-31,10:30,11:15,,「（8月）1歳誕生日！親子で初めての工作」は2026-08-31に10:30から11:15にカフェスペース フロアマップをみる開催予定です。料金は500円です。詳細は出典URLをご確認ください。,500円,,,053-454-0178,,,カフェスペース フロアマップをみる,静岡県浜松市中央区北寺島町256-3,,34.705034,137.739694,,,,,,,https://www.mirai-ra.jp/event/43267/,Web収集: 浜松市科学館 mirai-ra イベント; source_id=src_1fd7ed130ddbf3f6; 説明生成=facts_only,科学体験,中央区,,,,
221309,WEBb9d36f6983,静岡県,浜松市,ワークショップ「アントシアニンで色変わりカード」,,,2026-09-12,2026-09-27,13:30,15:30,,「ワークショップ「アントシアニンで色変わりカード」」は2026-09-12から2026-09-27に13:30から15:30にみらいーらルーム フロアマップをみる開催予定です。料金は100円です。詳細は出典URLをご確認ください。,100円,,,053-454-0178,,,みらいーらルーム フロアマップをみる,静岡県浜松市中央区北寺島町256-3,,34.705034,137.739694,,,,,,,https://www.mirai-ra.jp/event/43122/,Web収集: 浜松市科学館 mirai-ra イベント; source_id=src_1fd7ed130ddbf3f6; 説明生成=facts_only,科学体験,中央区,,,,
221309,WEB9089bd0879,静岡県,浜松市,発明とアイデア展,,,2026-09-12,2026-09-12,09:30,17:00,,「発明とアイデア展」は2026-09-12に09:30から17:00に出口ゲート付近～ホール前 フロアマップをみる開催予定です。料金は無料です。詳細は出典URLをご確認ください。,無料,,,053-454-0178,,,出口ゲート付近～ホール前 フロアマップをみる,静岡県浜松市中央区北寺島町256-3,,34.705034,137.739694,,,,,,,https://www.mirai-ra.jp/event/43115/,Web収集: 浜松市科学館 mirai-ra イベント; source_id=src_1fd7ed130ddbf3f6; 説明生成=facts_only,科学体験,中央区,,,,
221309,WEB9672b82623,静岡県,浜松市,理科自由研究作品展,,,2026-09-12,2026-09-12,09:30,17:00,,「理科自由研究作品展」は2026-09-12に09:30から17:00にホール フロアマップをみる開催予定です。料金は無料です。詳細は出典URLをご確認ください。,無料,,,053-454-0178,,,ホール フロアマップをみる,静岡県浜松市中央区北寺島町256-3,,34.705034,137.739694,,,,,,,https://www.mirai-ra.jp/event/43116/,Web収集: 浜松市科学館 mirai-ra イベント; source_id=src_1fd7ed130ddbf3f6; 説明生成=facts_only,科学体験,中央区,,,,
221309,WEBe1d11eebaf,静岡県,浜松市,（9月）1歳誕生日！親子で初めての工作,,,2026-09-15,2026-09-15,10:30,11:15,,「（9月）1歳誕生日！親子で初めての工作」は2026-09-15に10:30から11:15にカフェスペース フロアマップをみる開催予定です。料金は500円です。詳細は出典URLをご確認ください。,500円,,,053-454-0178,,,カフェスペース フロアマップをみる,静岡県浜松市中央区北寺島町256-3,,34.705034,137.739694,,,,,,,https://www.mirai-ra.jp/event/43268/,Web収集: 浜松市科学館 mirai-ra イベント; source_id=src_1fd7ed130ddbf3f6; 説明生成=facts_only,科学体験,中央区,,,,
221309,WEB7d2d936cc1,静岡県,浜松市,鉄道サイエンスショー×JR東海踏切安全教室,,,2026-09-19,2026-09-20,10:45,15:30,,「鉄道サイエンスショー×JR東海踏切安全教室」は2026-09-19から2026-09-20に10:45から15:30にみらいーらステージ フロアマップをみる開催予定です。料金は無料です。詳細は出典URLをご確認ください。,無料,,,053-454-0178,,,みらいーらステージ フロアマップをみる,静岡県浜松市中央区北寺島町256-3,,34.705034,137.739694,,,,,,,https://www.mirai-ra.jp/event/43117/,Web収集: 浜松市科学館 mirai-ra イベント; source_id=src_1fd7ed130ddbf3f6; 説明生成=facts_only,科学体験,中央区,,,,
221309,WEB6c716e3a3a,静岡県,浜松市,子ども いもの教室,,,2026-09-20,2026-09-20,10:00,11:00,,「子ども いもの教室」は2026-09-20に10:00から11:00にサイエンスラボ フロアマップをみる開催予定です。料金は無料です。詳細は出典URLをご確認ください。,無料,,,053-454-0178,,,サイエンスラボ フロアマップをみる,静岡県浜松市中央区北寺島町256-3,,34.705034,137.739694,,,,,,,https://www.mirai-ra.jp/event/43120/,Web収集: 浜松市科学館 mirai-ra イベント; source_id=src_1fd7ed130ddbf3f6; 説明生成=facts_only,科学体験,中央区,,,,
221309,WEBfc54064b48,静岡県,浜松市,ちょこっと体験「『浜松の偉人』のミニガイドブックをつくろう」,,,2026-09-22,2026-09-23,10:00,11:30,,「ちょこっと体験「『浜松の偉人』のミニガイドブックをつくろう」」は2026-09-22から2026-09-23に10:00から11:30にみらいーらルーム フロアマップをみる開催予定です。料金は無料です。詳細は出典URLをご確認ください。,無料,,,053-454-0178,,,みらいーらルーム フロアマップをみる,静岡県浜松市中央区北寺島町256-3,,34.705034,137.739694,,,,,,,https://www.mirai-ra.jp/event/43123/,Web収集: 浜松市科学館 mirai-ra イベント; source_id=src_1fd7ed130ddbf3f6; 説明生成=facts_only,科学体験,中央区,,,,
221309,WEB27255eedb5,静岡県,浜松市,一般向け学習講座「家具で命を落とさないために～今すぐ取り組む家庭の地震対策～」,,,2026-10-25,2026-10-25,10:00,11:30,,「一般向け学習講座「家具で命を落とさないために～今すぐ取り組む家庭の地震対策～」」は2026-10-25に10:00から11:30に浜松市防災学習センター3階 講座室開催予定です。料金は無料です。詳細は出典URLをご確認ください。,無料,,,053-474-8555,,,浜松市防災学習センター3階 講座室,静岡県浜松市中央区山下町192,,34.718456,137.729544,,,,,,,https://www.hamabosai.jp/event_doc/123224.html,Web収集: 浜松市防災学習センター はま防～家 イベント; source_id=src_877be082e39cc56d; 説明生成=facts_only,防災イベント,中央区,,,,
221309,WEBdcfe5037ae,静岡県,浜松市,一般向け学習講座「災害時のアレルギー対応を考える～支援物資の流通と窓口づくり、命を守る備え～」,,,2026-08-22,2026-08-22,10:00,11:30,,「一般向け学習講座「災害時のアレルギー対応を考える～支援物資の流通と窓口づくり、命を守る備え～」」は2026-08-22に10:00から11:30に浜松市防災学習センター3階 講座室開催予定です。料金は無料です。詳細は出典URLをご確認ください。,無料,,,053-474-8555,,,浜松市防災学習センター3階 講座室,静岡県浜松市中央区山下町192,,34.718456,137.729544,,,,,,,https://www.hamabosai.jp/event_doc/119176.html,Web収集: 浜松市防災学習センター はま防～家 イベント; source_id=src_877be082e39cc56d; 説明生成=facts_only,防災イベント,中央区,,,,
221309,WEBfd952eb5ff,静岡県,浜松市,子ども向け講座「防災自由研究室2026」,,,2026-08-08,2026-08-08,10:00,12:30,,「子ども向け講座「防災自由研究室2026」」は2026-08-08に10:00から12:30に浜松市防災学習センター2階防災いこいの場開催予定です。料金は無料です。詳細は出典URLをご確認ください。,無料,,,053-474-8555,,,浜松市防災学習センター2階防災いこいの場,静岡県浜松市中央区山下町192,,34.718456,137.729544,,,,,,,https://www.hamabosai.jp/event_doc/119830.html,Web収集: 浜松市防災学習センター はま防～家 イベント; source_id=src_877be082e39cc56d; 説明生成=facts_only,防災イベント,中央区,,,,
221309,WEB6abd5a628d,静岡県,浜松市,夏の防災教室2026,,,2026-08-01,2026-08-01,10:00,11:30,,「夏の防災教室2026」は2026-08-01に10:00から11:30に浜松市防災学習センター3階多目的ホール開催予定です。料金は無料です。詳細は出典URLをご確認ください。,無料,,,053-474-8555,,,浜松市防災学習センター3階多目的ホール,静岡県浜松市中央区山下町192,,34.718456,137.729544,,,,,,,https://www.hamabosai.jp/event_doc/119831.html,Web収集: 浜松市防災学習センター はま防～家 イベント; source_id=src_877be082e39cc56d; 説明生成=facts_only,防災イベント,中央区,,,,
221309,WEB137b8a41bd,静岡県,浜松市,一般向け学習講座「3.11 あの日の釜石東中の避難から学ぶ『命を守る行動』」,,,2026-07-25,2026-07-25,10:00,11:30,,「一般向け学習講座「3.11 あの日の釜石東中の避難から学ぶ『命を守る行動』」」は2026-07-25に10:00から11:30に浜松市防災学習センター3階 講座室開催予定です。料金は無料です。詳細は出典URLをご確認ください。,無料,,,053-474-8555,,,浜松市防災学習センター3階 講座室,静岡県浜松市中央区山下町192,,34.718456,137.729544,,,,,,,https://www.hamabosai.jp/event_doc/115585.html,Web収集: 浜松市防災学習センター はま防～家 イベント; source_id=src_877be082e39cc56d; 説明生成=facts_only,防災イベント,中央区,,,,
221309,WEBe6a23bfc18,静岡県,浜松市,関連のあるイベント,,,2026-10-24,2026-10-24,10:00,11:30,,「関連のあるイベント」は2026-10-24に10:00から11:30に鴨江アートセンター開催予定です。料金は無料です。詳細は出典URLをご確認ください。,無料,,,,,,鴨江アートセンター,静岡県浜松市中央区鴨江町1番地,,34.704995,137.724658,,,,,,,https://kamoeartcenter.org/events/20261106/,Web収集: 鴨江アートセンター イベント; source_id=src_df79a213fea81da0; 説明生成=facts_only,アート展示,中央区,,,,
221309,WEBf537403673,静岡県,浜松市,イベント参加について,,,2026-09-26,2026-09-26,10:00,15:00,,「イベント参加について」は2026-09-26に10:00から15:00に鴨江アートセンター開催予定です。料金は1000円です。詳細は出典URLをご確認ください。,1000円,,,053-458-5360,,,鴨江アートセンター,静岡県浜松市中央区鴨江町1番地,,34.704995,137.724658,,,,,,,https://kamoeartcenter.org/events/20260926-led/,Web収集: 鴨江アートセンター イベント; source_id=src_df79a213fea81da0; 説明生成=facts_only,ワークショップ,中央区,,,,
221309,WEB78dc88f24d,静岡県,浜松市,イベント参加について,,,2026-09-19,2026-09-19,09:00,13:00,,「イベント参加について」は2026-09-19に09:00から13:00に鴨江アートセンター開催予定です。料金は700円です。詳細は出典URLをご確認ください。,700円,,,053-458-5360,,,鴨江アートセンター,静岡県浜松市中央区鴨江町1番地,,34.704995,137.724658,,,,,,,https://kamoeartcenter.org/events/20260919-asaichi-ws/,Web収集: 鴨江アートセンター イベント; source_id=src_df79a213fea81da0; 説明生成=facts_only,ワークショップ,中央区,,,,
221309,WEB38fd88a3e5,静岡県,浜松市,Event SHOP 2026.9.19_Sat 朝市 かもえのあさいち〈9月〉,,,2026-09-19,2026-09-19,10:00,12:00,,「Event SHOP 2026.9.19_Sat 朝市 かもえのあさいち〈9月〉」は2026-09-19に10:00から12:00に鴨江アートセンター開催予定です。詳細は出典URLをご確認ください。,,,,,,,鴨江アートセンター,静岡県浜松市中央区鴨江町1番地,,34.704995,137.724658,,,,,,,https://kamoeartcenter.org/events/20260919-asaichi/,Web収集: 鴨江アートセンター イベント; source_id=src_df79a213fea81da0; 説明生成=facts_only,施設イベント,中央区,,,,
221309,WEB79131882ae,静岡県,浜松市,イベント参加について,,,2026-09-12,2026-09-12,10:00,12:30,,「イベント参加について」は2026-09-12に10:00から12:30に鴨江アートセンター 3階 301開催予定です。料金は500円です。詳細は出典URLをご確認ください。,500円,,,053-458-5360 E-mail: event@kamoeartcenter.org,,,鴨江アートセンター 3階 301,静岡県浜松市中央区鴨江町1番地,,34.704995,137.724658,,,,,,,https://kamoeartcenter.org/events/20260912/,Web収集: 鴨江アートセンター イベント; source_id=src_df79a213fea81da0; 説明生成=facts_only,施設イベント,中央区,,,,
221309,WEB6fb9ee0162,静岡県,浜松市,イベント参加について,,,2026-09-05,2026-09-05,14:00,16:00,,「イベント参加について」は2026-09-05に14:00から16:00に浜松市鴨江アートセンター東階段ニッチ開催予定です。料金は200円です。詳細は出典URLをご確認ください。,200円,,,053-458-5360,,,浜松市鴨江アートセンター東階段ニッチ,静岡県浜松市中央区鴨江町1番地,,34.704995,137.724658,,,,,,,https://kamoeartcenter.org/events/20260905/,Web収集: 鴨江アートセンター イベント; source_id=src_df79a213fea81da0; 説明生成=facts_only,アート展示,中央区,,,,
221309,WEB7914cf6b7f,静岡県,浜松市,2026年 8月16日（日）14：00～20：00 8月22日（土）14：00～20：00,,,2026-08-16,2026-08-22,14:00,20:00,,「2026年 8月16日（日）14：00～20：00 8月22日（土）14：00～20：00」は2026-08-16から2026-08-22に14:00から20:00に鴨江アートセンター 1階ロビー開催予定です。料金は無料です。詳細は出典URLをご確認ください。,無料,,,,,,鴨江アートセンター 1階ロビー,静岡県浜松市中央区鴨江町1番地,,34.704995,137.724658,,,,,,,https://kamoeartcenter.org/events/20260816-ijichi/,Web収集: 鴨江アートセンター イベント; source_id=src_df79a213fea81da0; 説明生成=facts_only,施設イベント,中央区,,,,
221309,WEB60db348488,静岡県,浜松市,関連のあるイベント,,,2026-08-08,2026-08-08,13:00,17:00,,「関連のあるイベント」は2026-08-08に13:00から17:00に木下惠介記念館（旧浜松銀行協会）開催予定です。料金は1000円です。詳細は出典URLをご確認ください。,1000円,,,053-458-5360,,,木下惠介記念館（旧浜松銀行協会）,静岡県浜松市中央区鴨江町1番地,,34.704995,137.724658,,,,,,,https://kamoeartcenter.org/events/20260808-documentary-vol5/,Web収集: 鴨江アートセンター イベント; source_id=src_df79a213fea81da0; 説明生成=facts_only,施設イベント,中央区,,,,
221309,WEB74d0345a8b,静岡県,浜松市,イベント参加について,,,2026-08-02,2026-08-09,10:00,12:00,,「イベント参加について」は2026-08-02から2026-08-09に10:00から12:00に鴨江アートセンター 2階 201開催予定です。料金は1500円です。詳細は出典URLをご確認ください。,1500円,,,053-458-5360,,,鴨江アートセンター 2階 201,静岡県浜松市中央区鴨江町1番地,,34.704995,137.724658,,,,,,,https://kamoeartcenter.org/events/20260802%e2%80%900809/,Web収集: 鴨江アートセンター イベント; source_id=src_df79a213fea81da0; 説明生成=facts_only,施設イベント,中央区,,,,
221309,WEB036fa934f6,静岡県,浜松市,イベント参加について,,,2026-07-26,2026-07-26,13:30,15:30,,「イベント参加について」は2026-07-26に13:30から15:30に鴨江アートセンター開催予定です。料金は無料です。詳細は出典URLをご確認ください。,無料,,,053-458-5360,,,鴨江アートセンター,静岡県浜松市中央区鴨江町1番地,,34.704995,137.724658,,,,,,,https://kamoeartcenter.org/events/20260726-air/,Web収集: 鴨江アートセンター イベント; source_id=src_df79a213fea81da0; 説明生成=facts_only,施設イベント,中央区,,,,
221309,WEB1e024ae327,静岡県,浜松市,イベント参加について,,,2026-07-25,2026-08-01,14:00,16:00,,「イベント参加について」は2026-07-25から2026-08-01に14:00から16:00に鴨江アートセンター開催予定です。料金は無料です。詳細は出典URLをご確認ください。,無料,,,053-458-5360,,,鴨江アートセンター,静岡県浜松市中央区鴨江町1番地,,34.704995,137.724658,,,,,,,https://kamoeartcenter.org/events/20260725-ryo/,Web収集: 鴨江アートセンター イベント; source_id=src_df79a213fea81da0; 説明生成=facts_only,施設イベント,中央区,,,,
221309,WEBd00dee597a,静岡県,浜松市,イベント参加について,,,2026-07-25,2026-07-25,10:00,12:00,,「イベント参加について」は2026-07-25に10:00から12:00に鴨江アートセンター開催予定です。料金は700円です。詳細は出典URLをご確認ください。,700円,,,053-458-5360,,,鴨江アートセンター,静岡県浜松市中央区鴨江町1番地,,34.704995,137.724658,,,,,,,https://kamoeartcenter.org/events/20260725/,Web収集: 鴨江アートセンター イベント; source_id=src_df79a213fea81da0; 説明生成=facts_only,ワークショップ,中央区,,,,
221309,WEBf6070cb368,静岡県,浜松市,対象 小学6年生以上,,,2026-10-03,2026-10-03,19:00,21:00,,「対象 小学6年生以上」は2026-10-03に19:00から21:00に江之島アーチェリー場開催予定です。詳細は出典URLをご確認ください。,,,,,,,江之島アーチェリー場,浜松市中央区江之島町1197,,34.648941,137.789673,,,,,,,https://hamamatsu-sports.or.jp/item/class_venue_address/minami-ku/%e5%9f%ba%e7%a4%8e%e6%8a%80%e8%a1%93%e3%81%ae%e6%8c%87%e5%b0%8e%e3%81%a8%e7%9a%84%e3%82%92%e7%8b%99%e3%81%a3%e3%81%9f%e7%b7%b4%e7%bf%92%e3%82%92%e8%a1%8c%e3%81%84%e3%81%be%e3%81%99-10.html,Web収集: 浜松市スポーツ協会 教室・イベント; source_id=src_c9e59312d4809087; 説明生成=facts_only; ジオコーディング補完: 浜松市中央区江之島町1197,スポーツ・教室,中央区,,,,
221309,WEBbc2528d0d4,静岡県,浜松市,対象 年長児以上,,,2026-10-03,2026-10-03,18:10,19:40,,「対象 年長児以上」は2026-10-03に18:10から19:40に可美公園総合センター 体育館開催予定です。詳細は出典URLをご確認ください。,,,,,,,可美公園総合センター 体育館,浜松市中央区増楽町920-2,,34.687073,137.694717,,,,,,,https://hamamatsu-sports.or.jp/item/class_venue_address/minami-ku/%e3%82%a4%e3%83%b3%e3%83%a9%e3%82%a4%e3%83%b3%e3%82%b9%e3%82%b1%e3%83%bc%e3%83%88%e6%95%99%e5%ae%a4-3.html,Web収集: 浜松市スポーツ協会 教室・イベント; source_id=src_c9e59312d4809087; 説明生成=facts_only,スポーツ・教室,浜松市中央区,,,,
221309,WEBaacc87a810,静岡県,浜松市,対象 年少児以上、親子、高齢者,,,2026-10-01,2026-10-01,19:30,20:30,,「対象 年少児以上、親子、高齢者」は2026-10-01に19:30から20:30に浜北道院開催予定です。詳細は出典URLをご確認ください。,,,,,,,浜北道院,浜松市浜名区中瀬1125,,34.818108,137.808578,,,,,,,https://hamamatsu-sports.or.jp/item/class_venue_address/hamakita-ku/%e5%b0%91%e6%9e%97%e5%af%ba%e6%8b%b3%e6%b3%95%e3%82%92%e4%bd%93%e9%a8%93%e3%81%97%e3%81%a6%e3%81%bf%e3%82%88%e3%81%86%ef%bc%81-31.html,Web収集: 浜松市スポーツ協会 教室・イベント; source_id=src_c9e59312d4809087; 説明生成=facts_only; ジオコーディング補完: 浜松市浜名区中瀬1125,スポーツ・教室,中央区,,,,
221309,WEBec3853a03c,静岡県,浜松市,対象 一般,,,2026-09-30,2026-12-04,13:30,14:30,,「対象 一般」は2026-09-30から2026-12-04に13:30から14:30に四ツ池公園 浜松球場開催予定です。詳細は出典URLをご確認ください。,,,,,,,四ツ池公園 浜松球場,浜松市中央区上島6丁目19-1,,34.743416,137.736115,,,,,,,https://hamamatsu-sports.or.jp/item/class_venue_address/naka-ku/%e3%82%b9%e3%83%88%e3%83%ac%e3%83%83%e3%83%81%e3%82%92%e9%80%9a%e3%81%98%e3%81%a6%e5%81%a5%e5%ba%b7%e3%81%a5%e3%81%8f%e3%82%8a%e3%82%92%e3%81%97%e3%81%be%e3%81%97%e3%82%87%e3%81%86%ef%bc%81.html,Web収集: 浜松市スポーツ協会 教室・イベント; source_id=src_c9e59312d4809087; 説明生成=facts_only,スポーツ・教室,中央区,,,,
221309,WEBf18f28c16d,静岡県,浜松市,対象 3～18歳（高校生）,,,2026-10-03,2026-10-03,13:30,16:00,,「対象 3～18歳（高校生）」は2026-10-03に13:30から16:00に遠州灘海浜公園 相撲場開催予定です。詳細は出典URLをご確認ください。,,,,,,,遠州灘海浜公園 相撲場,浜松市中央区中田島町1674,,34.665016,137.741699,,,,,,,https://hamamatsu-sports.or.jp/item/class_venue_address/minami-ku/%e5%9b%bd%e6%8a%80%e3%81%a7%e3%81%82%e3%82%8b%e7%9b%b8%e6%92%b2%e3%82%92%e9%80%9a%e3%81%98%e3%81%a6%e3%80%81%e7%a4%bc%e5%84%80%e3%82%84%e6%80%9d%e3%81%84%e3%82%84%e3%82%8a%e3%80%81%e6%b0%97-14.html,Web収集: 浜松市スポーツ協会 教室・イベント; source_id=src_c9e59312d4809087; 説明生成=facts_only,スポーツ・教室,中央区,,,,
221309,WEBbb3d85a599,静岡県,浜松市,対象 年長児～高校生,,,2026-10-03,2026-12-05,09:00,10:25,,「対象 年長児～高校生」は2026-10-03から2026-12-05に09:00から10:25に曳馬協働センター開催予定です。詳細は出典URLをご確認ください。,,,,,,,曳馬協働センター,浜松市中央区和田町808-1,,34.718025,137.766769,,,,,,,https://hamamatsu-sports.or.jp/item/class_venue_address/higashi-ku/%e6%a5%bd%e3%81%97%e3%81%84%e3%83%80%e3%83%b3%e3%82%b9%e9%81%8b%e5%8b%95%e3%82%92%e3%81%a8%e3%81%8a%e3%81%97%e3%81%a6%e3%80%81%e4%bd%93%e5%8a%9b%e3%81%a8%e9%9f%b3%e6%a5%bd%e3%82%bb%e3%83%b3%e3%82%b9-4.html,Web収集: 浜松市スポーツ協会 教室・イベント; source_id=src_c9e59312d4809087; 説明生成=facts_only,スポーツ・教室,中央区,,,,
221309,WEBcc0b974806,静岡県,浜松市,対象 ［木曜コース］一般 ［土曜コース］中学生以上 ［日曜コース］高校生以上,,,2026-10-01,2027-01-10,10:00,12:00,,「対象 ［木曜コース］一般 ［土曜コース］中学生以上 ［日曜コース］高校生以上」は2026-10-01から2027-01-10に10:00から12:00に浜松アリーナ開催予定です。詳細は出典URLをご確認ください。,,,,053-461-1111,,,浜松アリーナ,浜松市中央区和田町808-1,,34.718025,137.766769,,,,,,,https://hamamatsu-sports.or.jp/item/class_venue_address/higashi-ku/%e6%ad%a9%e3%81%8d%e6%96%b9%e3%80%81%e4%bd%93%e3%81%ae%e4%bd%bf%e3%81%84%e6%96%b9%e3%80%81%e6%ad%a3%e3%81%97%e3%81%84%e5%a7%bf%e5%8b%a2%e3%80%81%e3%83%ab%e3%83%b3%e3%83%90%e3%80%81%e3%83%af%e3%83%ab.html,Web収集: 浜松市スポーツ協会 教室・イベント; source_id=src_c9e59312d4809087; 説明生成=facts_only; ジオコーディング補完: 浜松市中央区和田町808-1,スポーツ・教室,中央区,,,,
221309,WEB8bc9d2f948,静岡県,浜松市,対象 小学生～中学2年生までの親子,,,2026-10-03,2026-10-03,09:00,10:00,,「対象 小学生～中学2年生までの親子」は2026-10-03に09:00から10:00にアマチュアボクシングリードジム開催予定です。詳細は出典URLをご確認ください。,,,,,,,アマチュアボクシングリードジム,浜松市中央区有玉北町,,34.767532,137.753937,,,,,,,https://hamamatsu-sports.or.jp/item/class_venue_address/higashi-ku/%e3%83%9c%e3%82%af%e3%82%b7%e3%83%b3%e3%82%b0%e3%82%92%e9%80%9a%e3%81%97%e3%81%a6%e5%bf%83%e8%ba%ab%e3%81%ae%e8%82%b2%e6%88%90%e3%80%81%e9%81%8b%e5%8b%95%e4%b8%8d%e8%b6%b3%e8%a7%a3%e6%b6%88%e3%83%bb-2.html,Web収集: 浜松市スポーツ協会 教室・イベント; source_id=src_c9e59312d4809087; 説明生成=facts_only; ジオコーディング補完: 浜松市中央区有玉北町,スポーツ・教室,中央区,,,,
221309,WEB4cd0781460,静岡県,浜松市,対象 小学生以上,,,2026-10-02,2026-10-02,19:00,21:00,,「対象 小学生以上」は2026-10-02に19:00から21:00に笠井柔道館開催予定です。詳細は出典URLをご確認ください。,,,,,,,笠井柔道館,浜松市中央区中郡町72,,34.776169,137.78392,,,,,,,https://hamamatsu-sports.or.jp/item/class_venue_address/higashi-ku/%e6%a5%bd%e3%81%97%e3%81%bf%e3%81%aa%e3%81%8c%e3%82%89%e4%bd%93%e5%8a%9b%e3%82%a2%e3%83%83%e3%83%97%ef%bc%81%e3%83%90%e3%83%a9%e3%83%b3%e3%82%b9%e3%81%ae%e3%81%a8%e3%82%8c%e3%81%9f%e4%bd%93%e3%82%92-6.html,Web収集: 浜松市スポーツ協会 教室・イベント; source_id=src_c9e59312d4809087; 説明生成=facts_only; ジオコーディング補完: 浜松市中央区中郡町72,スポーツ・教室,中央区,,,,
221309,WEB2daab92e6f,静岡県,浜松市,対象 中学生以上,,,2026-09-27,2026-12-27,14:00,15:25,,「対象 中学生以上」は2026-09-27から2026-12-27に14:00から15:25に浜松アリーナ開催予定です。詳細は出典URLをご確認ください。,,,,053-461-1111,,,浜松アリーナ,浜松市中央区和田町808-1,,34.718025,137.766769,,,,,,,https://hamamatsu-sports.or.jp/item/class_venue_address/higashi-ku/%e5%81%a5%e5%ba%b7%e5%a2%97%e9%80%b2%ef%bc%81%e5%a4%aa%e6%a5%b5%e6%8b%b3%e6%8a%80%e8%83%bd%e5%90%91%e4%b8%8a%ef%bc%81-12.html,Web収集: 浜松市スポーツ協会 教室・イベント; source_id=src_c9e59312d4809087; 説明生成=facts_only; ジオコーディング補完: 浜松市中央区和田町808-1,スポーツ・教室,中央区,,,,
221309,WEB67efd65d6b,静岡県,浜松市,対象 中学生、一般成人,,,2026-09-03,2026-10-01,19:00,21:00,,「対象 中学生、一般成人」は2026-09-03から2026-10-01に19:00から21:00に花川運動公園 庭球場開催予定です。詳細は出典URLをご確認ください。,,,,,,,花川運動公園 庭球場,浜松市中央区西丘町724,,34.772957,137.689911,,,,,,,https://hamamatsu-sports.or.jp/item/class_venue_address/naka-ku/%e3%82%bd%e3%83%95%e3%83%88%e3%83%86%e3%83%8b%e3%82%b9%e6%95%99%e5%ae%a4.html,Web収集: 浜松市スポーツ協会 教室・イベント; source_id=src_c9e59312d4809087; 説明生成=facts_only,スポーツ教室,中央区,,,,
221309,WEBc189b1c0a9,静岡県,浜松市,対象 60歳以上,,,2026-09-30,2026-12-04,09:30,11:30,,「対象 60歳以上」は2026-09-30から2026-12-04に09:30から11:30に四ツ池公園 浜松球場開催予定です。詳細は出典URLをご確認ください。,,,,,,,四ツ池公園 浜松球場,浜松市中央区上島6丁目19-1,,34.743416,137.736115,,,,,,,https://hamamatsu-sports.or.jp/item/class_venue_address/naka-ku/%e3%82%b9%e3%83%88%e3%83%ac%e3%83%83%e3%83%81%e3%82%84%e3%82%a6%e3%82%a9%e3%83%bc%e3%82%ad%e3%83%b3%e3%82%b0%e3%80%81%e7%b0%a1%e5%8d%98%e3%81%aa%e3%82%b9%e3%83%9d%e3%83%bc%e3%83%84%e3%82%92%e9%80%9a.html,Web収集: 浜松市スポーツ協会 教室・イベント; source_id=src_c9e59312d4809087; 説明生成=facts_only,スポーツ教室,中央区,,,,
221309,WEB254923fd08,静岡県,浜松市,対象 一般成人 ※保護者同伴の場合、中学生以上可,,,2026-09-19,2026-10-03,19:30,20:30,,「対象 一般成人 ※保護者同伴の場合、中学生以上可」は2026-09-19から2026-10-03に19:30から20:30にサーラグリーンフィールド (浜北平口サッカー場)開催予定です。詳細は出典URLをご確認ください。,,,,,,,サーラグリーンフィールド (浜北平口サッカー場),浜松市浜名区平口,,34.799557,137.761536,,,,,,,https://hamamatsu-sports.or.jp/item/class_venue_address/hamakita-ku/%e7%a7%8b%e3%81%ae%e5%a4%9c%e7%a9%ba%e3%82%92%e6%84%9f%e3%81%98%e3%81%aa%e3%81%8c%e3%82%89%e3%83%a8%e3%82%ac%e3%81%a7%e3%83%aa%e3%83%a9%e3%82%af%e3%82%bc%e3%83%bc%e3%82%b7%e3%83%a7%e3%83%b3%e3%82%92-2.html,Web収集: 浜松市スポーツ協会 教室・イベント; source_id=src_c9e59312d4809087; 説明生成=facts_only; ジオコーディング補完: 浜松市浜名区平口,スポーツ・教室,中央区,,,,
221309,WEBfba67e24b1,静岡県,浜松市,対象 一般,,,2026-10-02,2026-12-04,14:15,15:15,,「対象 一般」は2026-10-02から2026-12-04に14:15から15:15に浜北体育館開催予定です。詳細は出典URLをご確認ください。,,,,053-585-1173,,,浜北体育館,浜松市浜名区西美薗29,,34.793667,137.790085,,,,,,,https://hamamatsu-sports.or.jp/item/class_venue_address/hamakita-ku/%e4%bd%93%e6%93%8d%e3%81%a8%e7%ad%8b%e3%83%88%e3%83%ac%e3%80%81%e3%82%bb%e3%83%ab%e3%83%95%e7%9f%af%e6%ad%a3%e3%81%a7%e6%ad%aa%e3%81%be%e3%81%aa%e3%81%84%e8%ba%ab%e4%bd%93%e3%81%a5%e3%81%8f%e3%82%8a-8.html,Web収集: 浜松市スポーツ協会 教室・イベント; source_id=src_c9e59312d4809087; 説明生成=facts_only; ジオコーディング補完: 浜松市浜名区西美薗29,スポーツ教室,中央区,,,,
221309,WEB39ab043686,静岡県,浜松市,対象 成人,,,2026-10-02,2026-12-04,10:30,11:30,,「対象 成人」は2026-10-02から2026-12-04に10:30から11:30に浜北体育館開催予定です。詳細は出典URLをご確認ください。,,,,053-585-1173,,,浜北体育館,浜松市浜名区西美薗29,,34.793667,137.790085,,,,,,,https://hamamatsu-sports.or.jp/item/class_venue_address/hamakita-ku/%e3%83%a8%e3%82%ac%e3%82%84%e3%82%a8%e3%82%af%e3%82%b5%e3%82%b5%e3%82%a4%e3%82%ba%e3%81%a7%e3%82%b7%e3%82%a7%e3%82%a4%e3%83%97%e3%82%a2%e3%83%83%e3%83%97%ef%bc%86%e3%83%aa%e3%83%95%e3%83%ac-27.html,Web収集: 浜松市スポーツ協会 教室・イベント; source_id=src_c9e59312d4809087; 説明生成=facts_only; ジオコーディング補完: 浜松市浜名区西美薗29,スポーツ・教室,中央区,,,,
221309,WEB7046e29941,静岡県,浜松市,対象 成人,,,2026-10-02,2026-12-04,09:30,10:15,,「対象 成人」は2026-10-02から2026-12-04に09:30から10:15に浜北体育館開催予定です。詳細は出典URLをご確認ください。,,,,053-585-1173,,,浜北体育館,浜松市浜名区西美薗29,,34.793667,137.790085,,,,,,,https://hamamatsu-sports.or.jp/item/class_venue_address/hamakita-ku/%e3%83%aa%e3%82%ba%e3%83%a0%e3%81%ab%e3%81%ae%e3%81%9b%e3%81%9f%e5%85%a8%e8%ba%ab%e9%81%8b%e5%8b%95%e3%81%a7%e6%a5%bd%e3%81%97%e3%81%8f%e5%bf%83%e8%ba%ab%e3%81%ae%e3%83%aa%e3%83%95%e3%83%ac%e3%83%83-6.html,Web収集: 浜松市スポーツ協会 教室・イベント; source_id=src_c9e59312d4809087; 説明生成=facts_only; ジオコーディング補完: 浜松市浜名区西美薗29,スポーツ・教室,中央区,,,,
221309,WEBd840b02a9d,静岡県,浜松市,対象 一般,,,2026-09-01,2026-12-01,10:30,11:30,,「対象 一般」は2026-09-01から2026-12-01に10:30から11:30に浜北体育館開催予定です。詳細は出典URLをご確認ください。,,,,053-585-1173,,,浜北体育館,浜松市浜名区西美薗29,,34.793667,137.790085,,,,,,,https://hamamatsu-sports.or.jp/item/class_venue_address/hamakita-ku/%e5%91%bc%e5%90%b8%e3%81%a8%e4%bd%93%e3%82%92%e6%84%8f%e8%ad%98%e3%81%97%e3%81%a6%e3%80%81%e4%bd%93%e5%8a%9b%e5%90%91%e4%b8%8a%e3%83%bb%e5%a7%bf%e5%8b%a2%e6%94%b9%e5%96%84%e3%82%92%e7%9b%ae%e6%8c%87.html,Web収集: 浜松市スポーツ協会 教室・イベント; source_id=src_c9e59312d4809087; 説明生成=facts_only; ジオコーディング補完: 浜松市浜名区西美薗29,スポーツ・教室,中央区,,,,
221309,WEB0bb97a4c16,静岡県,浜松市,対象 一般,,,2026-09-07,2026-12-07,10:30,11:30,,「対象 一般」は2026-09-07から2026-12-07に10:30から11:30に浜北体育館開催予定です。詳細は出典URLをご確認ください。,,,,053-585-1173,,,浜北体育館,浜松市浜名区西美薗29,,34.793667,137.790085,,,,,,,https://hamamatsu-sports.or.jp/item/class_venue_address/hamakita-ku/%e5%88%9d%e5%bf%83%e8%80%85%e5%90%91%e3%81%91%e3%81%ae%e3%83%94%e3%83%a9%e3%83%86%e3%82%a3%e3%82%b9%e3%81%a8%e3%82%b9%e3%83%88%e3%83%ac%e3%83%83%e3%83%81%e3%83%9d%e3%83%bc%e3%83%ab%e3%81%a7%e8%ba%ab-2.html,Web収集: 浜松市スポーツ協会 教室・イベント; source_id=src_c9e59312d4809087; 説明生成=facts_only; ジオコーディング補完: 浜松市浜名区西美薗29,スポーツ・教室,中央区,,,,
221309,WEBa6d82edd1f,静岡県,浜松市,対象 一般,,,2026-10-02,2026-12-04,19:10,20:00,,「対象 一般」は2026-10-02から2026-12-04に19:10から20:00にサーラグリーンアリーナ (浜北総合体育館)開催予定です。詳細は出典URLをご確認ください。,,,,053-585-1222,,,サーラグリーンアリーナ (浜北総合体育館),浜松市浜名区平口5042-133,,34.803871,137.748276,,,,,,,https://hamamatsu-sports.or.jp/item/class_venue_address/hamakita-ku/%e5%91%bc%e5%90%b8%e3%81%a8%e8%ba%ab%e4%bd%93%e3%82%92%e6%84%8f%e8%ad%98%e3%81%97%e3%81%a6%e3%80%81%e4%bd%93%e5%8a%9b%e5%90%91%e4%b8%8a%e3%83%bb%e5%a7%bf%e5%8b%a2%e6%94%b9%e5%96%84%e3%82%92%e7%9b%ae-2.html,Web収集: 浜松市スポーツ協会 教室・イベント; source_id=src_c9e59312d4809087; 説明生成=facts_only; ジオコーディング補完: 浜松市浜名区平口5042-133,スポーツ・教室,中央区,,,,
221309,WEBf5293c1d5e,静岡県,浜松市,対象 【木曜コース・初級クラス】：成人女性 / 【木曜コース・中級クラス】：バレエ経験のある成人女性 / 【土曜コース・プレ中級クラス】：バレエ経験のある成人女性,,,2026-10-01,2026-12-12,19:00,20:00,,「対象 【木曜コース・初級クラス】：成人女性 / 【木曜コース・中級クラス】：バレエ経験のある成人女性 / 【土曜コース・プレ中級クラス】：バ」は2026-10-01から2026-12-12に19:00から20:00にサーラグリーンアリーナ (浜北総合体育館)開催予定です。詳細は出典URLをご確認ください。,,,,053-585-1222,,,サーラグリーンアリーナ (浜北総合体育館),浜松市浜名区平口5042-133,,34.803871,137.748276,,,,,,,https://hamamatsu-sports.or.jp/item/class_venue_address/hamakita-ku/%e6%ad%a3%e3%81%97%e3%81%84%e5%a7%bf%e5%8b%a2%e3%81%a5%e3%81%8f%e3%82%8a%e3%81%ae%e3%81%9f%e3%82%81%e3%81%ae%e3%83%90%e3%83%ac%e3%82%a8%e3%82%a8%e3%82%af%e3%82%b5%e3%82%b5%e3%82%a4%e3%82%ba-12.html,Web収集: 浜松市スポーツ協会 教室・イベント; source_id=src_c9e59312d4809087; 説明生成=facts_only; ジオコーディング補完: 浜松市浜名区平口5042-133,スポーツ・教室,中央区,,,,
221309,WEBf872999b10,静岡県,浜松市,対象 年少児～小学生,,,2026-10-08,2026-12-12,15:20,16:10,,「対象 年少児～小学生」は2026-10-08から2026-12-12に15:20から16:10にサーラグリーンアリーナ (浜北総合体育館)開催予定です。詳細は出典URLをご確認ください。,,,,053-585-1222,,,サーラグリーンアリーナ (浜北総合体育館),浜松市浜名区平口5042番地の133,,34.803871,137.748276,,,,,,,https://hamamatsu-sports.or.jp/item/class_venue_address/hamakita-ku/%e3%83%90%e3%83%ac%e3%82%a8%e3%81%a7%e6%a5%bd%e3%81%97%e3%81%8f%e8%ba%ab%e4%bd%93%e3%82%92%e5%8b%95%e3%81%8b%e3%81%9d%e3%81%86%ef%bc%81%e3%83%aa%e3%82%ba%e3%83%a0%e6%84%9f%e3%83%bb%e4%bd%93%e5%8a%9b-5.html,Web収集: 浜松市スポーツ協会 教室・イベント; source_id=src_c9e59312d4809087; 説明生成=facts_only; ジオコーディング補完: 浜松市浜名区平口5042番地の133,スポーツ・教室,中央区,,,,
221309,WEB527fd6db4a,静岡県,浜松市,対象 小学生～一般,,,2026-10-06,2026-12-01,19:00,20:30,,「対象 小学生～一般」は2026-10-06から2026-12-01に19:00から20:30にサーラグリーンアリーナ (浜北総合体育館)開催予定です。詳細は出典URLをご確認ください。,,,,,,,サーラグリーンアリーナ (浜北総合体育館),浜松市浜名区平口5042-133,,34.803871,137.748276,,,,,,,https://hamamatsu-sports.or.jp/item/class_venue_address/hamakita-ku/%e5%8d%93%e7%90%83%e3%82%92%e9%80%9a%e3%81%97%e3%81%a6%e3%82%b9%e3%83%9d%e3%83%bc%e3%83%84%e3%82%92%e6%a5%bd%e3%81%97%e3%82%82%e3%81%86%ef%bc%81-4.html,Web収集: 浜松市スポーツ協会 教室・イベント; source_id=src_c9e59312d4809087; 説明生成=facts_only; ジオコーディング補完: 浜松市浜名区平口5042-133,スポーツ教室,中央区,,,,
221309,WEBc02de221f3,静岡県,浜松市,対象 ［①クラス］年長児～小学生 / ［②クラス］小学生 / ［③クラス］小学生,,,2026-10-06,2026-12-01,18:00,18:45,,「対象 ［①クラス］年長児～小学生 / ［②クラス］小学生 / ［③クラス］小学生」は2026-10-06から2026-12-01に18:00から18:45にサーラグリーンアリーナ (浜北総合体育館)開催予定です。詳細は出典URLをご確認ください。,,,,053-585-1222,,,サーラグリーンアリーナ (浜北総合体育館),浜松市浜名区平口5042-133,,34.803871,137.748276,,,,,,,https://hamamatsu-sports.or.jp/item/class_venue_address/hamakita-ku/%e3%83%88%e3%83%a9%e3%83%b3%e3%83%9d%e3%83%aa%e3%83%b3%e3%81%ae%e3%82%b3%e3%83%84%e3%82%92%e6%8e%b4%e3%82%93%e3%81%a7%e3%81%84%e3%82%8d%e3%82%93%e3%81%aa%e6%8a%80%e3%81%ab%e6%8c%91%e6%88%a6%e3%81%97.html,Web収集: 浜松市スポーツ協会 教室・イベント; source_id=src_c9e59312d4809087; 説明生成=facts_only; ジオコーディング補完: 浜松市浜名区平口5042-133,スポーツ・教室,中央区,,,,
221309,WEB1c2d432aef,静岡県,浜松市,対象 一般,,,2026-09-10,2026-12-03,13:45,14:45,,「対象 一般」は2026-09-10から2026-12-03に13:45から14:45にサーラグリーンアリーナ (浜北総合体育館)開催予定です。詳細は出典URLをご確認ください。,,,,053-585-1222,,,サーラグリーンアリーナ (浜北総合体育館),浜松市浜名区平口5042-133,,34.803871,137.748276,,,,,,,https://hamamatsu-sports.or.jp/item/class_venue_address/hamakita-ku/%e4%bd%93%e6%93%8d%e3%81%a8%e7%ad%8b%e3%83%88%e3%83%ac%e3%80%81%e3%82%bb%e3%83%ab%e3%83%95%e7%9f%af%e6%ad%a3%e3%81%a7%e6%ad%aa%e3%81%be%e3%81%aa%e3%81%84%e8%ba%ab%e4%bd%93%e3%81%a5%e3%81%8f%e3%82%8a-3.html,Web収集: 浜松市スポーツ協会 教室・イベント; source_id=src_c9e59312d4809087; 説明生成=facts_only; ジオコーディング補完: 浜松市浜名区平口5042-133,スポーツ教室,中央区,,,,
221309,WEBec12eb5e19,静岡県,浜松市,対象 一般,,,2026-09-10,2026-12-03,11:10,12:10,,「対象 一般」は2026-09-10から2026-12-03に11:10から12:10にサーラグリーンアリーナ (浜北総合体育館)開催予定です。詳細は出典URLをご確認ください。,,,,053-585-1222,,,サーラグリーンアリーナ (浜北総合体育館),浜松市浜名区平口5042-133,,34.803871,137.748276,,,,,,,https://hamamatsu-sports.or.jp/item/class_venue_address/hamakita-ku/%e3%83%aa%e3%82%ba%e3%83%a0%e3%81%ab%e3%81%ae%e3%81%9b%e3%81%9f%e5%85%a8%e8%ba%ab%e9%81%8b%e5%8b%95%e3%81%a7%e6%a5%bd%e3%81%97%e3%81%8f%e3%82%b7%e3%82%a7%e3%82%a4%e3%83%97%e3%82%a2%e3%83%83%e3%83%97-4.html,Web収集: 浜松市スポーツ協会 教室・イベント; source_id=src_c9e59312d4809087; 説明生成=facts_only; ジオコーディング補完: 浜松市浜名区平口5042-133,スポーツ・教室,中央区,,,,
221309,WEB7da8314a22,静岡県,浜松市,対象 一般,,,2026-09-10,2026-12-03,10:10,11:00,,「対象 一般」は2026-09-10から2026-12-03に10:10から11:00にサーラグリーンアリーナ (浜北総合体育館)開催予定です。詳細は出典URLをご確認ください。,,,,053-585-1222,,,サーラグリーンアリーナ (浜北総合体育館),浜松市浜名区平口5042-133,,34.803871,137.748276,,,,,,,https://hamamatsu-sports.or.jp/item/class_venue_address/hamakita-ku/%e3%83%a8%e3%82%ac%e3%82%84%e3%82%a8%e3%82%af%e3%82%b5%e3%82%b5%e3%82%a4%e3%82%ba%e3%81%a7%e3%82%b7%e3%82%a7%e3%82%a4%e3%83%97%e3%82%a2%e3%83%83%e3%83%97%ef%bc%86%e3%83%aa%e3%83%95%e3%83%ac-26.html,Web収集: 浜松市スポーツ協会 教室・イベント; source_id=src_c9e59312d4809087; 説明生成=facts_only; ジオコーディング補完: 浜松市浜名区平口5042-133,スポーツ・教室,中央区,,,,
221309,WEB3f7984ec7c,静岡県,浜松市,対象 一般,,,2026-09-10,2026-12-03,09:20,10:00,,「対象 一般」は2026-09-10から2026-12-03に09:20から10:00にサーラグリーンアリーナ (浜北総合体育館)開催予定です。詳細は出典URLをご確認ください。,,,,053-585-1222,,,サーラグリーンアリーナ (浜北総合体育館),浜松市浜名区平口5042-133,,34.803871,137.748276,,,,,,,https://hamamatsu-sports.or.jp/item/class_venue_address/hamakita-ku/%e3%82%a6%e3%82%a7%e3%83%bc%e3%83%96%e3%82%b9%e3%83%88%e3%83%ac%e3%83%83%e3%83%81%e3%83%aa%e3%83%b3%e3%82%b0%e3%81%a7%e5%bf%83%e8%ba%ab%e3%81%a8%e3%82%82%e3%81%ab%e3%83%aa%e3%83%95%e3%83%ac%e3%83%83-2.html,Web収集: 浜松市スポーツ協会 教室・イベント; source_id=src_c9e59312d4809087; 説明生成=facts_only; ジオコーディング補完: 浜松市浜名区平口5042-133,スポーツ・教室,中央区,,,,
221309,WEBb88254bc7d,静岡県,浜松市,対象 【1歳4ヶ月～2歳クラス】：1歳4ヶ月～2歳児と保護者 / 【2～3歳児クラス】：2～3歳児と保護者,,,2026-09-10,2026-10-01,10:00,10:50,,「対象 【1歳4ヶ月～2歳クラス】：1歳4ヶ月～2歳児と保護者 / 【2～3歳児クラス】：2～3歳児と保護者」は2026-09-10から2026-10-01に10:00から10:50にサーラグリーンアリーナ (浜北総合体育館)開催予定です。詳細は出典URLをご確認ください。,,,,053-585-1222,,,サーラグリーンアリーナ (浜北総合体育館),浜松市浜名区平口5042-133,,34.803871,137.748276,,,,,,,https://hamamatsu-sports.or.jp/item/class_venue_address/hamakita-ku/%e5%ba%83%e3%81%84%e4%bd%93%e8%82%b2%e9%a4%a8%e3%81%ae%e4%b8%ad%e3%80%81%e8%a6%aa%e5%ad%90%e3%81%a7%e6%a5%bd%e3%81%97%e3%81%8f%e9%81%8b%e5%8b%95%ef%bc%86%e3%82%b9%e3%82%ad%e3%83%b3%e3%82%b7%e3%83%83-2.html,Web収集: 浜松市スポーツ協会 教室・イベント; source_id=src_c9e59312d4809087; 説明生成=facts_only; ジオコーディング補完: 浜松市浜名区平口5042-133,スポーツ・教室,中央区,,,,
221309,WEB1dd9048941,静岡県,浜松市,対象 小学生,,,2026-09-21,2026-09-21,09:30,10:30,,「対象 小学生」は2026-09-21に09:30から10:30に浜松アリーナ開催予定です。詳細は出典URLをご確認ください。,,,,,,,浜松アリーナ,浜松市中央区和田町808-1,,34.718025,137.766769,,,,,,,https://hamamatsu-sports.or.jp/item/class_venue_address/higashi-ku/%e4%bd%93%e5%8a%9b%e3%83%86%e3%82%b9%e3%83%88%e3%81%ab%e5%90%91%e3%81%91%e3%81%a6%e3%80%81%e6%ad%a3%e3%81%97%e3%81%84%e3%83%9c%e3%83%bc%e3%83%ab%e3%81%ae%e6%8a%95%e3%81%92%e6%96%b9%e3%82%92%e5%ad%a6.html,Web収集: 浜松市スポーツ協会 教室・イベント; source_id=src_c9e59312d4809087; 説明生成=facts_only; ジオコーディング補完: 浜松市中央区和田町808-1,スポーツ・教室,中央区,,,,
221309,WEBcc574d35b7,静岡県,浜松市,対象 小学4年生～中学3年生,,,2026-08-21,2026-08-21,10:30,,,「対象 小学4年生～中学3年生」は2026-08-21に10:30にかわな野外活動センター開催予定です。詳細は出典URLをご確認ください。,,,,,,,かわな野外活動センター,浜松市浜名区引佐町川名455-5,,34.872658,137.698654,,,,,,,https://hamamatsu-sports.or.jp/item/class_venue_address/kita-ku/%e5%ad%90%e3%81%a9%e3%82%82%e3%81%9f%e3%81%a1%e3%81%ab%e5%a4%a7%e4%ba%ba%e6%b0%97%ef%bc%81%e3%81%8b%e3%82%8f%e3%81%aa%e3%81%ae%e8%87%aa%e7%84%b6%e3%82%92%e6%a5%bd%e3%81%97%e3%81%bf%e3%80%81%e6%80%9d.html,Web収集: 浜松市スポーツ協会 教室・イベント; source_id=src_c9e59312d4809087; 説明生成=facts_only,スポーツ・教室,中央区,,,,
221309,WEBd31d98c01e,静岡県,浜松市,対象 3～18歳（高校生まで）,,,2026-09-05,2026-09-05,13:30,16:00,,「対象 3～18歳（高校生まで）」は2026-09-05に13:30から16:00に遠州灘海浜公園 相撲場開催予定です。詳細は出典URLをご確認ください。,,,,,,,遠州灘海浜公園 相撲場,浜松市中央区中田島町1674,,34.665016,137.741699,,,,,,,https://hamamatsu-sports.or.jp/item/class_venue_address/minami-ku/%e5%9b%bd%e6%8a%80%e3%81%a7%e3%81%82%e3%82%8b%e7%9b%b8%e6%92%b2%e3%82%92%e9%80%9a%e3%81%98%e3%81%a6%e3%80%81%e7%a4%bc%e5%84%80%e3%82%84%e6%80%9d%e3%81%84%e3%82%84%e3%82%8a%e3%80%81%e6%b0%97-13.html,Web収集: 浜松市スポーツ協会 教室・イベント; source_id=src_c9e59312d4809087; 説明生成=facts_only,スポーツ・教室,中央区,,,,
221309,WEBbea1f8b6fb,静岡県,浜松市,対象 小学生以上,,,2026-09-13,2026-09-13,07:45,08:00,,「対象 小学生以上」は2026-09-13に07:45から08:00に佐鳴湖西岸開催予定です。詳細は出典URLをご確認ください。,,,,,,,佐鳴湖西岸,浜松市中央区,,34.710808,137.726303,,,,,,,https://hamamatsu-sports.or.jp/item/class_venue_address/nishi-ku/%e3%82%b8%e3%83%a7%e3%82%ae%e3%83%b3%e3%82%b0%e6%95%99%e5%ae%a4-7.html,Web収集: 浜松市スポーツ協会 教室・イベント; source_id=src_c9e59312d4809087; 説明生成=facts_only; ジオコーディング補完: 浜松市中央区,スポーツ・教室,中央区,,,,
221309,WEB9392a82642,静岡県,浜松市,対象 小学生以上,,,2026-09-05,2026-09-05,18:00,19:00,,「対象 小学生以上」は2026-09-05に18:00から19:00に笠井柔道館開催予定です。詳細は出典URLをご確認ください。,,,,,,,笠井柔道館,浜松市中央区中郡町72,,34.776169,137.78392,,,,,,,https://hamamatsu-sports.or.jp/item/class_venue_address/higashi-ku/%e6%a5%bd%e3%81%97%e3%81%bf%e3%81%aa%e3%81%8c%e3%82%89%e4%bd%93%e5%8a%9b%e3%82%a2%e3%83%83%e3%83%97%ef%bc%81%e3%83%90%e3%83%a9%e3%83%b3%e3%82%b9%e3%81%ae%e3%81%a8%e3%82%8c%e3%81%9f%e4%bd%93%e3%82%92-5.html,Web収集: 浜松市スポーツ協会 教室・イベント; source_id=src_c9e59312d4809087; 説明生成=facts_only; ジオコーディング補完: 浜松市中央区中郡町72,スポーツ・教室,中央区,,,,
221309,WEB964d649a8d,静岡県,浜松市,対象 中学生以上,,,2026-08-22,2026-10-03,13:30,14:55,,「対象 中学生以上」は2026-08-22から2026-10-03に13:30から14:55に浜松アリーナ開催予定です。詳細は出典URLをご確認ください。,,,,053-461-1111,,,浜松アリーナ,浜松市中央区和田町808-1,,34.718025,137.766769,,,,,,,https://hamamatsu-sports.or.jp/item/class_venue_address/higashi-ku/%e5%81%a5%e5%ba%b7%e5%a2%97%e9%80%b2%ef%bc%81%e5%a4%aa%e6%a5%b5%e6%8b%b3%e6%8a%80%e8%83%bd%e5%90%91%e4%b8%8a%ef%bc%81-11.html,Web収集: 浜松市スポーツ協会 教室・イベント; source_id=src_c9e59312d4809087; 説明生成=facts_only; ジオコーディング補完: 浜松市中央区和田町808-1,スポーツ・教室,中央区,,,,
221309,WEB479bfdb352,静岡県,浜松市,対象 小学1～4年生,,,2026-08-20,2026-08-20,09:30,11:45,,「対象 小学1～4年生」は2026-08-20に09:30から11:45にサーラグリーンアリーナ (浜北総合体育館)開催予定です。詳細は出典URLをご確認ください。,,,,,,,サーラグリーンアリーナ (浜北総合体育館),浜松市浜名区平口5042-133,,34.803871,137.748276,,,,,,,https://hamamatsu-sports.or.jp/item/class_venue_address/hamakita-ku/%e3%81%af%e3%81%be%e3%81%8d%e3%81%9f%e3%82%b9%e3%83%9d%e3%83%bc%e3%83%84%e5%a1%be-202408.html,Web収集: 浜松市スポーツ協会 教室・イベント; source_id=src_c9e59312d4809087; 説明生成=facts_only; ジオコーディング補完: 浜松市浜名区平口5042-133,スポーツ教室,中央区,,,,
221309,WEB978db8b84d,静岡県,浜松市,対象 一般,,,2026-09-03,2026-12-03,10:30,11:30,,「対象 一般」は2026-09-03から2026-12-03に10:30から11:30に浜北体育館開催予定です。詳細は出典URLをご確認ください。,,,,053-585-1173,,,浜北体育館,浜松市浜名区西美薗29,,34.793667,137.790085,,,,,,,https://hamamatsu-sports.or.jp/item/class_venue_address/hamakita-ku/%e5%91%bc%e5%90%b8%e3%81%a8%e4%bd%93%e3%82%92%e6%84%8f%e8%ad%98%e3%81%97%e3%81%a6%e3%80%81%e4%bd%93%e5%8a%9b%e5%90%91%e4%b8%8a%e3%83%bb%e5%a7%bf%e5%8b%a2%e6%94%b9%e5%96%84%e3%82%92%e7%9b%ae%e6%8c%87-4.html,Web収集: 浜松市スポーツ協会 教室・イベント; source_id=src_c9e59312d4809087; 説明生成=facts_only; ジオコーディング補完: 浜松市浜名区西美薗29,スポーツ・教室,中央区,,,,
221309,WEBa0eb980ac2,静岡県,浜松市,対象 小学1～4年生,,,2026-07-25,2026-07-25,09:30,11:30,,「対象 小学1～4年生」は2026-07-25に09:30から11:30にサーラグリーンアリーナ (浜北総合体育館)開催予定です。詳細は出典URLをご確認ください。,,,,053-585-1222,,,サーラグリーンアリーナ (浜北総合体育館),浜松市浜名区平口5042-133,,34.803871,137.748276,,,,,,,https://hamamatsu-sports.or.jp/item/class_venue_address/hamakita-ku/%e6%b5%9c%e5%8c%97%e5%a4%8f%e4%bc%91%e3%81%bf%e3%83%81%e3%83%a3%e3%83%ac%e3%83%b3%e3%82%b8%e7%90%83%e6%8a%80%e6%95%99%e5%ae%a4-2024.html,Web収集: 浜松市スポーツ協会 教室・イベント; source_id=src_c9e59312d4809087; 説明生成=facts_only; ジオコーディング補完: 浜松市浜名区平口5042-133,スポーツ教室,中央区,,,,
221309,WEB859010ae30,静岡県,浜松市,対象 5歳以上,,,2026-09-03,2026-09-03,19:15,20:15,,「対象 5歳以上」は2026-09-03に19:15から20:15に三方ヶ原道院開催予定です。詳細は出典URLをご確認ください。,,,,,,,三方ヶ原道院,浜松市中央区三方原2393-1,,34.781647,137.711975,,,,,,,https://hamamatsu-sports.or.jp/item/class_venue_address/kita-ku/%e5%b0%91%e6%9e%97%e5%af%ba%e6%8b%b3%e6%b3%95%e3%82%92%e4%bd%93%e9%a8%93%e3%81%97%e3%81%a6%e3%81%bf%e3%82%88%e3%81%86%ef%bc%81-30.html,Web収集: 浜松市スポーツ協会 教室・イベント; source_id=src_c9e59312d4809087; 説明生成=facts_only; ジオコーディング補完: 浜松市中央区三方原2393-1,スポーツ・教室,中央区,,,,
221309,WEBdfe3dfd3e1,静岡県,浜松市,対象 年長児以上,,,2026-09-05,2026-09-05,18:10,19:40,,「対象 年長児以上」は2026-09-05に18:10から19:40に可美公園総合センター 体育館開催予定です。詳細は出典URLをご確認ください。,,,,,,,可美公園総合センター 体育館,浜松市中央区増楽町920-2,,34.687073,137.694717,,,,,,,https://hamamatsu-sports.or.jp/item/class_venue_address/minami-ku/%e3%82%a4%e3%83%b3%e3%83%a9%e3%82%a4%e3%83%b3%e3%82%b9%e3%82%b1%e3%83%bc%e3%83%88%e6%95%99%e5%ae%a4-2.html,Web収集: 浜松市スポーツ協会 教室・イベント; source_id=src_c9e59312d4809087; 説明生成=facts_only,スポーツ・教室,浜松市中央区,,,,
221309,WEBbe9fcd71bd,静岡県,浜松市,対象 小学6年生以上,,,2026-08-29,2026-09-02,19:00,21:00,,「対象 小学6年生以上」は2026-08-29から2026-09-02に19:00から21:00に江之島アーチェリー場開催予定です。詳細は出典URLをご確認ください。,,,,,,,江之島アーチェリー場,浜松市中央区江之島町1197,,34.648941,137.789673,,,,,,,https://hamamatsu-sports.or.jp/item/class_venue_address/minami-ku/%e5%9f%ba%e7%a4%8e%e6%8a%80%e8%a1%93%e3%81%ae%e6%8c%87%e5%b0%8e%e3%81%a8%e7%9a%84%e3%82%92%e7%8b%99%e3%81%a3%e3%81%9f%e7%b7%b4%e7%bf%92%e3%82%92%e8%a1%8c%e3%81%84%e3%81%be%e3%81%99-9.html,Web収集: 浜松市スポーツ協会 教室・イベント; source_id=src_c9e59312d4809087; 説明生成=facts_only; ジオコーディング補完: 浜松市中央区江之島町1197,スポーツ・教室,中央区,,,,
221309,WEBbe952c9e0d,静岡県,浜松市,対象 中学生～65歳,,,2026-09-11,2026-10-02,19:00,20:30,,「対象 中学生～65歳」は2026-09-11から2026-10-02に19:00から20:30に可美公園 テニスコート開催予定です。詳細は出典URLをご確認ください。,,,,,,,可美公園 テニスコート,浜松市中央区増楽町920-2,,34.687073,137.694717,,,,,,,https://hamamatsu-sports.or.jp/item/class_venue_address/minami-ku/%e3%83%86%e3%83%8b%e3%82%b9%e3%81%ae%e5%9f%ba%e7%a4%8e%e3%81%8b%e3%82%89%e6%9c%80%e7%b5%82%e6%97%a5%e3%81%af%e6%a5%bd%e3%81%97%e3%81%8f%e3%82%b2%e3%83%bc%e3%83%a0%e3%81%8c%e3%81%a7%e3%81%8d%e3%82%8b.html,Web収集: 浜松市スポーツ協会 教室・イベント; source_id=src_c9e59312d4809087; 説明生成=facts_only,スポーツ・教室,中央区,,,,
221309,WEB304d81614c,静岡県,浜松市,対象 成人,,,2026-09-29,2026-12-01,09:15,10:30,,「対象 成人」は2026-09-29から2026-12-01に09:15から10:30に四ツ池公園 浜松球場開催予定です。詳細は出典URLをご確認ください。,,,,,,,四ツ池公園 浜松球場,浜松市中央区上島6丁目19-1,,34.743416,137.736115,,,,,,,https://hamamatsu-sports.or.jp/item/class_venue_address/naka-ku/%e3%83%94%e3%83%a9%e3%83%86%e3%82%a3%e3%82%b9%e3%82%92%e9%80%9a%e3%81%98%e3%81%a6%e4%bd%93%e3%82%92%e6%95%b4%e3%81%88%e3%80%81%e5%bf%83%e8%ba%ab%e3%81%ae%e3%83%aa%e3%83%95%e3%83%ac%e3%83%83%e3%82%b7-2.html,Web収集: 浜松市スポーツ協会 教室・イベント; source_id=src_c9e59312d4809087; 説明生成=facts_only,スポーツ・教室,中央区,,,,
221309,WEB6b4c03e701,静岡県,浜松市,対象 成人,,,2026-09-14,2026-12-04,19:30,20:30,,「対象 成人」は2026-09-14から2026-12-04に19:30から20:30に四ツ池公園 浜松球場開催予定です。詳細は出典URLをご確認ください。,,,,,,,四ツ池公園 浜松球場,浜松市中央区上島6丁目19-1,,34.743416,137.736115,,,,,,,https://hamamatsu-sports.or.jp/item/class_venue_address/naka-ku/%e3%83%a8%e3%82%ac%e3%82%92%e9%80%9a%e3%81%98%e3%81%a6%e3%80%81%e6%97%a5%e9%a0%83%e3%81%ae%e7%94%9f%e6%b4%bb%e3%81%ae%e7%96%b2%e3%82%8c%e3%82%84%e3%82%b9%e3%83%88%e3%83%ac%e3%82%b9%e3%82%92%e8%a7%a3-7.html,Web収集: 浜松市スポーツ協会 教室・イベント; source_id=src_c9e59312d4809087; 説明生成=facts_only,スポーツ・教室,中央区,,,,
221309,WEBa9d4fc242b,静岡県,浜松市,対象 成人,,,2026-10-01,2026-12-03,13:00,14:00,,「対象 成人」は2026-10-01から2026-12-03に13:00から14:00に四ツ池公園 浜松球場開催予定です。詳細は出典URLをご確認ください。,,,,,,,四ツ池公園 浜松球場,浜松市中央区上島6丁目19-1,,34.743416,137.736115,,,,,,,https://hamamatsu-sports.or.jp/item/class_venue_address/naka-ku/%e8%83%8c%e9%aa%a8%e3%81%ae%e6%ad%aa%e3%81%bf%e3%82%92%e6%95%b4%e3%81%88%e3%82%8b%e3%81%93%e3%81%a8%e3%81%a7%e3%80%81%e8%82%a9%e3%81%93%e3%82%8a%e3%82%84%e8%85%b0%e7%97%9b%e3%81%aa%e3%81%a9%e3%81%ae-2.html,Web収集: 浜松市スポーツ協会 教室・イベント; source_id=src_c9e59312d4809087; 説明生成=facts_only,スポーツ・教室,中央区,,,,
221309,WEB44d2bf420f,静岡県,浜松市,対象 成人,,,2026-09-14,2026-12-07,13:30,14:45,,「対象 成人」は2026-09-14から2026-12-07に13:30から14:45に四ツ池公園 浜松球場開催予定です。詳細は出典URLをご確認ください。,,,,,,,四ツ池公園 浜松球場,浜松市中央区上島6丁目19-1,,34.743416,137.736115,,,,,,,https://hamamatsu-sports.or.jp/item/class_venue_address/naka-ku/%e5%a7%bf%e5%8b%a2%e6%94%b9%e5%96%84%e3%81%ae%e3%81%9f%e3%82%81%e3%81%ae%e3%82%b9%e3%83%88%e3%83%ac%e3%83%83%e3%83%81%e3%80%81%e4%bd%93%e5%b9%b9%e3%82%b1%e3%82%a2%e3%80%81%e9%aa%a8%e7%9b%a4%e5%ba%95.html,Web収集: 浜松市スポーツ協会 教室・イベント; source_id=src_c9e59312d4809087; 説明生成=facts_only,スポーツ・教室,中央区,,,,
221309,WEBa9bac7b694,静岡県,浜松市,対象 成人,,,2026-09-14,2026-12-07,11:05,12:20,,「対象 成人」は2026-09-14から2026-12-07に11:05から12:20に四ツ池公園 浜松球場開催予定です。詳細は出典URLをご確認ください。,,,,,,,四ツ池公園 浜松球場,浜松市中央区上島6丁目19-1,,34.743416,137.736115,,,,,,,https://hamamatsu-sports.or.jp/item/class_venue_address/naka-ku/%e3%83%a8%e3%82%ac%e3%80%81%e3%83%94%e3%83%a9%e3%83%86%e3%82%a3%e3%82%b9%e3%82%92%e9%80%9a%e3%81%98%e3%81%a6%e6%97%a5%e9%a0%83%e3%81%ae%e7%94%9f%e6%b4%bb%e3%81%ae%e7%96%b2%e3%82%8c%e3%82%84%e3%80%81-3.html,Web収集: 浜松市スポーツ協会 教室・イベント; source_id=src_c9e59312d4809087; 説明生成=facts_only,スポーツ・教室,中央区,,,,
221309,WEB1b8eeb190b,静岡県,浜松市,対象 成人,,,2026-09-14,2026-12-03,09:30,10:45,,「対象 成人」は2026-09-14から2026-12-03に09:30から10:45に四ツ池公園 浜松球場開催予定です。詳細は出典URLをご確認ください。,,,,,,,四ツ池公園 浜松球場,浜松市中央区上島6丁目19-1,,34.743416,137.736115,,,,,,,https://hamamatsu-sports.or.jp/item/class_venue_address/naka-ku/%e3%82%86%e3%81%a3%e3%81%9f%e3%82%8a%e3%81%a8%e3%81%97%e3%81%9f%e5%91%bc%e5%90%b8%e3%81%ab%e6%a7%98%e3%80%85%e3%81%aa%e3%83%9d%e3%83%bc%e3%82%ba%e3%82%92%e5%90%88%e3%82%8f%e3%81%9b%e3%80%81%e5%bf%83-2.html,Web収集: 浜松市スポーツ協会 教室・イベント; source_id=src_c9e59312d4809087; 説明生成=facts_only,スポーツ・教室,中央区,,,,
221309,WEB7c4a644620,静岡県,浜松市,対象 小学1年生～小学3年生,,,2026-10-17,2026-10-18,10:30,,,「対象 小学1年生～小学3年生」は2026-10-17から2026-10-18に10:30にかわな野外活動センター開催予定です。詳細は出典URLをご確認ください。,,,,,,,かわな野外活動センター,浜松市浜名区引佐町川名455-5,,34.872658,137.698654,,,,,,,https://hamamatsu-sports.or.jp/item/class_venue_address/kita-ku/%e5%ad%90%e3%81%a9%e3%82%82%e3%81%9f%e3%81%a1%e3%81%ab%e5%a4%a7%e4%ba%ba%e6%b0%97%ef%bc%81%e6%80%9d%e3%81%84%e5%87%ba%e3%82%92%e3%81%9f%e3%81%8f%e3%81%95%e3%82%93%e3%81%a4%e3%81%8f%e3%82%8d-10.html,Web収集: 浜松市スポーツ協会 教室・イベント; source_id=src_c9e59312d4809087; 説明生成=facts_only,スポーツ・教室,中央区,,,,
221309,WEB82188eb339,静岡県,浜松市,対象 18歳以上,,,2026-08-07,2026-09-04,10:15,11:15,,「対象 18歳以上」は2026-08-07から2026-09-04に10:15から11:15に舞阪総合体育館(舞童夢)開催予定です。詳細は出典URLをご確認ください。,,,,053-597-2800,,,舞阪総合体育館(舞童夢),浜松市中央区舞阪町舞阪2623-32,,34.679581,137.612503,,,,,,,https://hamamatsu-sports.or.jp/item/class_venue_address/nishi-ku/%e8%85%b0%e7%97%9b%e3%82%84%e8%82%a9%e3%81%93%e3%82%8a%e3%81%ab%e5%8a%b9%e3%81%8f%e3%82%b9%e3%83%88%e3%83%ac%e3%83%83%e3%83%81%e3%82%84%e3%83%9e%e3%83%83%e3%82%b5%e3%83%bc%e3%82%b8%e3%81%a7%e5%bf%83-5.html,Web収集: 浜松市スポーツ協会 教室・イベント; source_id=src_c9e59312d4809087; 説明生成=facts_only; ジオコーディング補完: 浜松市中央区舞阪町舞阪2623-32,スポーツ・教室,中央区,,,,
221309,WEB3aab528d62,静岡県,浜松市,対象 一般,,,2026-08-12,2026-10-07,19:30,21:00,,「対象 一般」は2026-08-12から2026-10-07に19:30から21:00に舞阪総合体育館(舞童夢)開催予定です。詳細は出典URLをご確認ください。,,,,053-597-2800,,,舞阪総合体育館(舞童夢),浜松市中央区舞阪町舞阪2623-32,,34.679581,137.612503,,,,,,,https://hamamatsu-sports.or.jp/item/class_venue_address/nishi-ku/%e5%85%a8%e8%ba%ab%e3%82%92%e4%bd%bf%e3%81%a3%e3%81%9f%e5%a4%aa%e6%a5%b5%e6%8b%b3%e3%81%ae%e5%8b%95%e3%81%8d%e3%82%92%e7%bf%92%e5%be%97%e3%81%99%e3%82%8b%e3%81%93%e3%81%a8%e3%81%a7%e5%bf%83%e8%ba%ab-7.html,Web収集: 浜松市スポーツ協会 教室・イベント; source_id=src_c9e59312d4809087; 説明生成=facts_only; ジオコーディング補完: 浜松市中央区舞阪町舞阪2623-32,スポーツ・教室,中央区,,,,
221309,WEBf65f7fd735,静岡県,浜松市,対象 18歳以上,,,2026-08-11,2026-10-06,10:10,11:10,,「対象 18歳以上」は2026-08-11から2026-10-06に10:10から11:10に舞阪総合体育館(舞童夢)開催予定です。詳細は出典URLをご確認ください。,,,,053-597-2800,,,舞阪総合体育館(舞童夢),浜松市中央区舞阪町舞阪2623-32,,34.679581,137.612503,,,,,,,https://hamamatsu-sports.or.jp/item/class_venue_address/nishi-ku/%e3%82%b9%e3%83%86%e3%83%83%e3%83%97%e5%8f%b0%e6%98%87%e9%99%8d%e3%81%ae%e3%82%a8%e3%82%a2%e3%83%ad%e3%83%93%e3%82%af%e3%82%b9%e3%81%a7%e3%82%b7%e3%82%a7%e3%82%a4%e3%83%97%e3%82%a2%e3%83%83%e3%83%97-5.html,Web収集: 浜松市スポーツ協会 教室・イベント; source_id=src_c9e59312d4809087; 説明生成=facts_only; ジオコーディング補完: 浜松市中央区舞阪町舞阪2623-32,スポーツ・教室,中央区,,,,
221309,WEB45030aece5,静岡県,浜松市,対象 18歳以上,,,2026-08-03,2026-09-07,09:30,10:30,,「対象 18歳以上」は2026-08-03から2026-09-07に09:30から10:30に舞阪総合体育館(舞童夢)開催予定です。詳細は出典URLをご確認ください。,,,,053-597-2800,,,舞阪総合体育館(舞童夢),浜松市中央区舞阪町舞阪2623-32,,34.679581,137.612503,,,,,,,https://hamamatsu-sports.or.jp/item/class_venue_address/nishi-ku/%e9%80%b1%e3%81%ab%e4%b8%80%e5%9b%9e%e3%80%81%e4%bd%93%e3%81%ae%e3%82%86%e3%81%8c%e3%81%bf%e3%82%92%e6%94%b9%e5%96%84%e3%81%97%e5%bf%83%e3%82%82%e4%bd%93%e3%82%82%e3%82%b9%e3%83%83%e3%82%ad%e3%83%aa-2.html,Web収集: 浜松市スポーツ協会 教室・イベント; source_id=src_c9e59312d4809087; 説明生成=facts_only; ジオコーディング補完: 浜松市中央区舞阪町舞阪2623-32,スポーツ・教室,中央区,,,,
221309,WEB9aa50ff535,静岡県,浜松市,対象 小1～3クラス：小学1～3年生 ／ 小3～6クラス：小学3～6年生,,,2026-08-20,2026-11-05,16:40,17:40,,「対象 小1～3クラス：小学1～3年生 ／ 小3～6クラス：小学3～6年生」は2026-08-20から2026-11-05に16:40から17:40に浜北体育館開催予定です。詳細は出典URLをご確認ください。,,,,053-585-1173,,,浜北体育館,浜松市浜名区西美薗30,,34.793667,137.790085,,,,,,,https://hamamatsu-sports.or.jp/item/class_venue_address/hamakita-ku/k-pop%e3%83%80%e3%83%b3%e3%82%b9%e3%81%a7%e3%82%ab%e3%83%83%e3%82%b3%e3%82%88%e3%81%8f%e8%ba%ab%e4%bd%93%e3%82%92%e5%8b%95%e3%81%8b%e3%81%9d%e3%81%86%ef%bc%81.html,Web収集: 浜松市スポーツ協会 教室・イベント; source_id=src_c9e59312d4809087; 説明生成=facts_only; ジオコーディング補完: 浜松市浜名区西美薗30,スポーツ・教室,中央区,,,,
221309,WEBd75ea485ca,静岡県,浜松市,対象 成人,,,2026-09-18,2026-11-06,19:30,21:00,,「対象 成人」は2026-09-18から2026-11-06に19:30から21:00にサンライフ浜北開催予定です。詳細は出典URLをご確認ください。,,,,053-586-1881,,,サンライフ浜北,浜松市浜名区竜南27,,34.784817,137.814621,,,,,,,https://hamamatsu-sports.or.jp/item/class_venue_address/hamakita-ku/%e5%8d%93%e7%90%83%e3%82%92%e9%80%9a%e3%81%97%e3%81%a6%e3%82%b9%e3%83%9d%e3%83%bc%e3%83%84%e3%82%92%e6%a5%bd%e3%81%97%e3%82%82%e3%81%86%ef%bc%81-3.html,Web収集: 浜松市スポーツ協会 教室・イベント; source_id=src_c9e59312d4809087; 説明生成=facts_only; ジオコーディング補完: 浜松市浜名区竜南27,スポーツ教室,中央区,,,,
221309,WEB89a5f1c05d,静岡県,浜松市,対象 一般,,,2026-09-04,2026-12-04,10:30,11:30,,「対象 一般」は2026-09-04から2026-12-04に10:30から11:30にサンライフ浜北開催予定です。詳細は出典URLをご確認ください。,,,,053-585-1222,,,サンライフ浜北,浜松市浜名区竜南27,,34.784817,137.814621,,,,,,,https://hamamatsu-sports.or.jp/item/class_venue_address/hamakita-ku/%e8%83%8c%e9%aa%a8%e3%82%b3%e3%83%b3%e3%83%87%e3%82%a3%e3%82%b7%e3%83%a7%e3%83%8b%e3%83%b3%e3%82%b0%e6%95%99%e5%ae%a4%e3%82%b5%e3%83%b3%e3%83%a9%e3%82%a4%e3%83%95%e6%b5%9c%e5%8c%97.html,Web収集: 浜松市スポーツ協会 教室・イベント; source_id=src_c9e59312d4809087; 説明生成=facts_only; ジオコーディング補完: 浜松市浜名区竜南27,スポーツ教室,中央区,,,,
221309,WEBd6aaf6d2ac,静岡県,浜松市,対象 一般,,,2026-09-03,2026-12-03,14:00,15:00,,「対象 一般」は2026-09-03から2026-12-03に14:00から15:00にサンライフ浜北開催予定です。詳細は出典URLをご確認ください。,,,,053-586-1881,,,サンライフ浜北,浜松市浜名区竜南27,,34.784817,137.814621,,,,,,,https://hamamatsu-sports.or.jp/item/class_venue_address/hamakita-ku/%e3%83%94%e3%83%a9%e3%83%86%e3%82%a3%e3%82%b9%e3%81%a8%e9%aa%a8%e7%9b%a4%e4%bd%93%e6%93%8d%e3%81%a7%e3%81%8d%e3%82%8c%e3%81%84%e3%81%aa%e8%ba%ab%e4%bd%93%e3%81%a5%e3%81%8f%e3%82%8a%ef%bc%81.html,Web収集: 浜松市スポーツ協会 教室・イベント; source_id=src_c9e59312d4809087; 説明生成=facts_only; ジオコーディング補完: 浜松市浜名区竜南27,スポーツ教室,中央区,,,,
221309,WEB273dbff01f,静岡県,浜松市,対象 一般,,,2026-09-08,2026-12-01,20:20,21:10,,「対象 一般」は2026-09-08から2026-12-01に20:20から21:10にサンライフ浜北開催予定です。詳細は出典URLをご確認ください。,,,,053-586-1881,,,サンライフ浜北,浜松市浜名区竜南27,,34.784817,137.814621,,,,,,,https://hamamatsu-sports.or.jp/item/class_venue_address/hamakita-ku/%e3%83%aa%e3%82%ba%e3%83%a0%e3%81%ab%e3%81%ae%e3%81%9b%e3%81%9f%e5%85%a8%e8%ba%ab%e9%81%8b%e5%8b%95%e3%81%a7%e6%a5%bd%e3%81%97%e3%81%8f%e3%82%b7%e3%82%a7%e3%82%a4%e3%83%97%e3%82%a2%e3%83%83%e3%83%97-3.html,Web収集: 浜松市スポーツ協会 教室・イベント; source_id=src_c9e59312d4809087; 説明生成=facts_only; ジオコーディング補完: 浜松市浜名区竜南27,スポーツ・教室,中央区,,,,
221309,WEB8fd62f49ef,静岡県,浜松市,対象 一般,,,2026-08-04,2026-09-01,20:20,21:10,,「対象 一般」は2026-08-04から2026-09-01に20:20から21:10にサンライフ浜北開催予定です。詳細は出典URLをご確認ください。,,,,053-586-1881,,,サンライフ浜北,浜松市浜名区竜南27,,34.784817,137.814621,,,,,,,https://hamamatsu-sports.or.jp/item/class_venue_address/hamakita-ku/%e3%83%aa%e3%82%ba%e3%83%a0%e3%81%ab%e3%81%ae%e3%81%9b%e3%81%9f%e5%85%a8%e8%ba%ab%e9%81%8b%e5%8b%95%e3%81%a7%e6%a5%bd%e3%81%97%e3%81%8f%e3%82%b7%e3%82%a7%e3%82%a4%e3%83%97%e3%82%a2%e3%83%83%e3%83%97-2.html,Web収集: 浜松市スポーツ協会 教室・イベント; source_id=src_c9e59312d4809087; 説明生成=facts_only; ジオコーディング補完: 浜松市浜名区竜南27,スポーツ・教室,中央区,,,,
221309,WEB1a22e65691,静岡県,浜松市,対象 一般,,,2026-09-08,2026-12-01,19:20,20:10,,「対象 一般」は2026-09-08から2026-12-01に19:20から20:10にサンライフ浜北開催予定です。詳細は出典URLをご確認ください。,,,,053-586-1881,,,サンライフ浜北,浜松市浜名区竜南27,,34.784817,137.814621,,,,,,,https://hamamatsu-sports.or.jp/item/class_venue_address/hamakita-ku/%e3%83%aa%e3%83%a9%e3%83%83%e3%82%af%e3%82%b9%e3%81%8c%e7%9b%ae%e7%9a%84%e3%81%ae%e3%82%84%e3%81%95%e3%81%97%e3%82%81%e3%83%a8%e3%82%ac%e3%80%82%e3%81%bb%e3%81%90%e3%81%97%e3%81%a8%e3%83%a8-10.html,Web収集: 浜松市スポーツ協会 教室・イベント; source_id=src_c9e59312d4809087; 説明生成=facts_only; ジオコーディング補完: 浜松市浜名区竜南27,スポーツ・教室,中央区,,,,
221309,WEB1f2f130f65,静岡県,浜松市,対象 一般,,,2026-08-04,2026-09-01,19:20,20:10,,「対象 一般」は2026-08-04から2026-09-01に19:20から20:10にサンライフ浜北開催予定です。詳細は出典URLをご確認ください。,,,,053-586-1881,,,サンライフ浜北,浜松市浜名区竜南27,,34.784817,137.814621,,,,,,,https://hamamatsu-sports.or.jp/item/class_venue_address/hamakita-ku/%e3%83%aa%e3%83%a9%e3%83%83%e3%82%af%e3%82%b9%e3%81%8c%e7%9b%ae%e7%9a%84%e3%81%ae%e3%82%84%e3%81%95%e3%81%97%e3%82%81%e3%83%a8%e3%82%ac%e3%80%82%e3%81%bb%e3%81%90%e3%81%97%e3%81%a8%e3%83%a8%e3%82%ac-9.html,Web収集: 浜松市スポーツ協会 教室・イベント; source_id=src_c9e59312d4809087; 説明生成=facts_only; ジオコーディング補完: 浜松市浜名区竜南27,スポーツ・教室,中央区,,,,
221309,WEB8e87f1d3cd,静岡県,浜松市,対象 18歳以上,,,2026-08-01,2026-09-05,10:15,11:15,,「対象 18歳以上」は2026-08-01から2026-09-05に10:15から11:15に舞阪総合体育館(舞童夢)開催予定です。詳細は出典URLをご確認ください。,,,,053-597-2800,,,舞阪総合体育館(舞童夢),浜松市中央区舞阪町舞阪2623-32,,34.679581,137.612503,,,,,,,https://hamamatsu-sports.or.jp/item/class_venue_address/nishi-ku/%e8%85%b0%e7%97%9b%e3%82%84%e8%82%a9%e3%81%93%e3%82%8a%e3%81%ab%e5%8a%b9%e3%81%8f%e3%82%b9%e3%83%88%e3%83%ac%e3%83%83%e3%83%81%e3%82%84%e3%83%9e%e3%83%83%e3%82%b5%e3%83%bc%e3%82%b8%e3%81%a7%e5%bf%83-4.html,Web収集: 浜松市スポーツ協会 教室・イベント; source_id=src_c9e59312d4809087; 説明生成=facts_only; ジオコーディング補完: 浜松市中央区舞阪町舞阪2623-32,スポーツ・教室,中央区,,,,
221309,WEB57403f4ecf,静岡県,浜松市,対象 幼児クラス：年少～年長児 / 小1～3クラス：小学1～3年生 / 小3～6クラス：小学3～6年生 / 中学生～成人,,,2026-08-19,2026-11-04,15:30,16:30,,「対象 幼児クラス：年少～年長児 / 小1～3クラス：小学1～3年生 / 小3～6クラス：小学3～6年生 / 中学生～成人」は2026-08-19から2026-11-04に15:30から16:30にサーラグリーンアリーナ (浜北総合体育館)開催予定です。詳細は出典URLをご確認ください。,,,,053-585-1222,,,サーラグリーンアリーナ (浜北総合体育館),浜松市浜名区平口5042-133,,34.803871,137.748276,,,,,,,https://hamamatsu-sports.or.jp/item/class_venue_address/hamakita-ku/%e3%83%87%e3%82%a3%e3%82%ba%e3%83%8b%e3%83%bc%e3%82%bd%e3%83%b3%e3%82%b0%e7%ad%89%e8%81%9e%e3%81%8d%e3%81%aa%e3%81%98%e3%81%bf%e3%81%ae%e3%81%82%e3%82%8b%e6%9b%b2%e3%81%a7%e6%a5%bd%e3%81%97%e3%81%8f-6.html,Web収集: 浜松市スポーツ協会 教室・イベント; source_id=src_c9e59312d4809087; 説明生成=facts_only; ジオコーディング補完: 浜松市浜名区平口5042-133,スポーツ・教室,中央区,,,,
221309,WEB72da91cba5,静岡県,浜松市,対象 未経験者：高校生以上（的前で弓を引いたことがない方・原則毎回参加できる方） ／ 経験者：高校生以上（三段まで）（的前で弓を引いたことがある方、初心者コース修了者）（原則毎回参加できる方）,,,2026-09-01,2026-11-05,18:30,20:30,,「対象 未経験者：高校生以上（的前で弓を引いたことがない方・原則毎回参加できる方） ／ 経験者：高校生以上（三段まで）（的前で弓を引いたことが」は2026-09-01から2026-11-05に18:30から20:30に可美公園 弓道場開催予定です。詳細は出典URLをご確認ください。,,,,,,,可美公園 弓道場,浜松市中央区増楽町920-2,,34.687073,137.694717,,,,,,,https://hamamatsu-sports.or.jp/item/class_venue_address/minami-ku/%e5%bc%93%e9%81%93%e3%82%92%e5%a7%8b%e3%82%81%e3%81%a6%e3%81%bf%e3%81%be%e3%81%9b%e3%82%93%e3%81%8b%ef%bc%9f-6.html,Web収集: 浜松市スポーツ協会 教室・イベント; source_id=src_c9e59312d4809087; 説明生成=facts_only,スポーツ・教室,中央区,,,,
221309,WEB17c76d624e,静岡県,浜松市,対象 小学５年生以上（小学生は保護者同伴）,,,2026-07-26,2026-07-26,15:00,16:30,,「対象 小学５年生以上（小学生は保護者同伴）」は2026-07-26に15:00から16:30に浜松アリーナ開催予定です。詳細は出典URLをご確認ください。,,,,,,,浜松アリーナ,浜松市中央区和田町808-1,,34.718025,137.766769,,,,,,,https://hamamatsu-sports.or.jp/item/class_venue_address/higashi-ku/%e3%82%a2%e3%83%aa%e3%83%bc%e3%83%8a_%e3%82%b9%e3%83%9d%e3%83%bc%e3%83%84%e5%81%a5%e5%ba%b7%e7%9b%b8%e8%ab%87%e8%ac%9b%e6%bc%94%e4%bc%9a_%e8%85%b0%e7%97%9b%e4%ba%88%e9%98%b2_202507.html,Web収集: 浜松市スポーツ協会 教室・イベント; source_id=src_c9e59312d4809087; 説明生成=facts_only; ジオコーディング補完: 浜松市中央区和田町808-1,スポーツ教室,中央区,,,,
221309,WEBe84c260220,静岡県,浜松市,対象 小学1～4年生,,,2026-07-27,2026-07-27,10:00,11:30,,「対象 小学1～4年生」は2026-07-27に10:00から11:30に舞阪総合体育館(舞童夢)開催予定です。詳細は出典URLをご確認ください。,,,,,,,舞阪総合体育館(舞童夢),中央区舞阪町舞阪2623-32,,34.679581,137.612503,,,,,,,https://hamamatsu-sports.or.jp/item/class_venue_address/nishi-ku/%e8%88%9e%e9%98%aa_%e8%b6%b3%e3%82%92%e9%80%9f%e3%81%8f%e3%81%99%e3%82%8b%e6%95%99%e5%ae%a4_2025.html,Web収集: 浜松市スポーツ協会 教室・イベント; source_id=src_c9e59312d4809087; 説明生成=facts_only; ジオコーディング補完: 中央区舞阪町舞阪2623-32,スポーツ・教室,中央区,,,,
221309,WEB1227676581,静岡県,浜松市,対象 小学生以上,,,2026-07-12,2026-09-07,14:00,15:25,,「対象 小学生以上」は2026-07-12から2026-09-07に14:00から15:25に浜松アリーナ開催予定です。詳細は出典URLをご確認ください。,,,,053-461-1111,,,浜松アリーナ,浜松市中央区和田町808-1,,34.718025,137.766769,,,,,,,https://hamamatsu-sports.or.jp/item/class_venue_address/higashi-ku/%e5%a4%aa%e6%a5%b5%e6%8b%b3%e6%95%99%e5%ae%a4_202507.html,Web収集: 浜松市スポーツ協会 教室・イベント; source_id=src_c9e59312d4809087; 説明生成=facts_only; ジオコーディング補完: 浜松市中央区和田町808-1,スポーツ教室,中央区,,,,
221309,WEBddb1ce637a,静岡県,浜松市,対象 一般,,,2026-11-07,2026-11-07,09:30,12:00,,「対象 一般」は2026-11-07に09:30から12:00に舞阪総合体育館(舞童夢)開催予定です。詳細は出典URLをご確認ください。,,,,053-597-2800,,,舞阪総合体育館(舞童夢),浜松市中央区舞阪町舞阪2623-32,,34.679581,137.612503,,,,,,,https://hamamatsu-sports.or.jp/item/class_venue_address/nishi-ku/%e8%88%9e%e9%98%aa-%e3%83%8e%e3%83%ab%e3%83%87%e3%82%a3%e3%83%83%e3%82%af%e3%83%bb%e3%82%a6%e3%82%a9%e3%83%bc%e3%82%af%e4%bd%93%e9%a8%93%e5%9e%8b%e9%81%bf%e9%9b%a3%e8%a8%93%e7%b7%b4-202511.html,Web収集: 浜松市スポーツ協会 教室・イベント; source_id=src_c9e59312d4809087; 説明生成=facts_only; ジオコーディング補完: 浜松市中央区舞阪町舞阪2623-32,スポーツ・教室,中央区,,,,
221309,WEB2d7f9c7220,静岡県,浜松市,対象 小学生以上,,,2026-12-05,2026-12-05,19:00,21:00,,「対象 小学生以上」は2026-12-05に19:00から21:00に笠井柔道館開催予定です。詳細は出典URLをご確認ください。,,,,,,,笠井柔道館,浜松市中央区中郡町72,,34.776169,137.78392,,,,,,,https://hamamatsu-sports.or.jp/item/class_venue_address/higashi-ku/%e6%a5%bd%e3%81%97%e3%81%bf%e3%81%aa%e3%81%8c%e3%82%89%e4%bd%93%e5%8a%9b%e3%82%a2%e3%83%83%e3%83%97%ef%bc%81%e3%83%90%e3%83%a9%e3%83%b3%e3%82%b9%e3%81%ae%e3%81%a8%e3%82%8c%e3%81%9f%e4%bd%93-11.html,Web収集: 浜松市スポーツ協会 教室・イベント; source_id=src_c9e59312d4809087; 説明生成=facts_only; ジオコーディング補完: 浜松市中央区中郡町72,スポーツ・教室,中央区,,,,
221309,WEB36a3176463,静岡県,浜松市,対象 一般,,,2026-10-10,2026-12-05,20:10,21:10,,「対象 一般」は2026-10-10から2026-12-05に20:10から21:10にサーラグリーンアリーナ (浜北総合体育館)開催予定です。詳細は出典URLをご確認ください。,,,,053-585-1222,,,サーラグリーンアリーナ (浜北総合体育館),浜松市浜名区平口5042-133,,34.803871,137.748276,,,,,,,https://hamamatsu-sports.or.jp/item/class_venue_address/hamakita-ku/%e8%84%82%e8%82%aa%e7%87%83%e7%84%bc%e3%83%bb%e5%bc%95%e3%81%8d%e7%b7%a0%e3%82%81%e3%81%ab%e5%8a%b9%e6%9e%9c%e5%a4%a7%ef%bc%81%e3%83%91%e3%83%b3%e3%83%81%e3%82%84%e3%82%ad%e3%83%83%e3%82%af%e3%81%ae-7.html,Web収集: 浜松市スポーツ協会 教室・イベント; source_id=src_c9e59312d4809087; 説明生成=facts_only; ジオコーディング補完: 浜松市浜名区平口5042-133,スポーツ・教室,中央区,,,,
221309,WEB1b128f384d,静岡県,浜松市,対象 18歳以上,,,2026-10-30,2026-12-04,13:30,14:30,,「対象 18歳以上」は2026-10-30から2026-12-04に13:30から14:30に舞阪総合体育館(舞童夢)開催予定です。詳細は出典URLをご確認ください。,,,,053-597-2800,,,舞阪総合体育館(舞童夢),浜松市中央区舞阪町舞阪2623-32,,34.679581,137.612503,,,,,,,https://hamamatsu-sports.or.jp/item/class_venue_address/nishi-ku/%e8%88%9e%e9%98%aa-%e8%ba%ab%e4%bd%93%e3%81%b2%e3%81%8d%e3%81%97%e3%82%81%e3%82%a8%e3%82%af%e3%82%b5%e3%82%b5%e3%82%a4%e3%82%ba-202510.html,Web収集: 浜松市スポーツ協会 教室・イベント; source_id=src_c9e59312d4809087; 説明生成=facts_only; ジオコーディング補完: 浜松市中央区舞阪町舞阪2623-32,スポーツ・教室,中央区,,,,
221309,WEB088c2d6b35,静岡県,浜松市,対象 どなたでも,,,2026-10-19,2026-10-19,09:30,11:30,,「対象 どなたでも」は2026-10-19に09:30から11:30に可美公園総合センター 体育館開催予定です。詳細は出典URLをご確認ください。,,,,,,,可美公園総合センター 体育館,浜松市中央区増楽町920-2,,34.687073,137.694717,,,,,,,https://hamamatsu-sports.or.jp/item/class_venue_address/minami-ku/%e3%83%ac%e3%82%af-%e3%83%aa%e3%82%ba%e3%83%a0%e3%83%95%e3%82%a3%e3%83%83%e3%83%88%e3%83%8d%e3%82%b9%e3%81%ae%e9%9b%86%e3%81%84-2025.html,Web収集: 浜松市スポーツ協会 教室・イベント; source_id=src_c9e59312d4809087; 説明生成=facts_only,スポーツ・教室,浜松市中央区,,,,
221309,WEB0cf6ea267e,静岡県,浜松市,対象 誰でも ※グループは20歳以上を1人以上含むこと ※1グループ2～5名で構成,,,2026-11-16,2026-11-16,10:00,13:00,,「対象 誰でも ※グループは20歳以上を1人以上含むこと ※1グループ2～5名で構成」は2026-11-16に10:00から13:00に三ヶ日町周辺開催予定です。詳細は出典URLをご確認ください。,,,,,,,三ヶ日町周辺,浜松市北区三ヶ日町三ヶ日500-1,,34.710808,137.726303,,,,,,,https://hamamatsu-sports.or.jp/item/class_venue_address/kita-ku/%e3%83%ad%e3%82%b2%e3%82%a4%e3%83%8b%e3%83%b3%e3%82%b0%e3%82%92%e6%a5%bd%e3%81%97%e3%82%82%e3%81%86%ef%bc%81.html,Web収集: 浜松市スポーツ協会 教室・イベント; source_id=src_c9e59312d4809087; 説明生成=facts_only; ジオコーディング補完: 浜松市北区三ヶ日町三ヶ日500-1,スポーツ・教室,中央区,,,,
221309,WEB909b2f6783,静岡県,浜松市,対象 4歳以上,,,2026-10-03,2026-10-03,19:30,20:30,,「対象 4歳以上」は2026-10-03に19:30から20:30に浜松城北工業高等学校 武道館開催予定です。詳細は出典URLをご確認ください。,,,,,,,浜松城北工業高等学校 武道館,浜松市中央区住吉5-16-1,,34.736397,137.727097,,,,,,,https://hamamatsu-sports.or.jp/item/class_venue_address/naka-ku/%e6%a5%bd%e3%81%97%e3%81%8f%e7%a9%ba%e6%89%8b%e3%82%92%e5%ad%a6%e3%81%b3%e3%80%81%e7%a4%bc%e5%84%80%e6%ad%a3%e3%81%97%e3%81%8f%e3%80%81%e5%bf%83%e8%ba%ab%e3%81%a8%e3%82%82%e3%81%ab%e5%bc%b7-23.html,Web収集: 浜松市スポーツ協会 教室・イベント; source_id=src_c9e59312d4809087; 説明生成=facts_only,スポーツ・教室,中央区,,,,
221309,WEB14d534057b,静岡県,浜松市,対象 高校生以上,,,2026-10-05,2026-12-07,18:00,20:00,,「対象 高校生以上」は2026-10-05から2026-12-07に18:00から20:00に可美協働センター ホール開催予定です。詳細は出典URLをご確認ください。,,,,053-461-1111,,,可美協働センター ホール,浜松市中央区和田町808-1,,34.705228,137.730166,,,,,,,https://hamamatsu-sports.or.jp/item/class_venue_address/minami-ku/%e6%ad%a9%e3%81%8d%e6%96%b9%e3%80%81%e4%bd%93%e3%81%ae%e4%bd%bf%e3%81%84%e6%96%b9%e3%80%81%e6%ad%a3%e3%81%97%e3%81%84%e5%a7%bf%e5%8b%a2%e3%80%81%e3%83%aa%e3%83%bc%e3%83%89%e3%81%a8%e3%83%95%e3%82%a9-5.html,Web収集: 浜松市スポーツ協会 教室・イベント; source_id=src_c9e59312d4809087; 説明生成=facts_only,スポーツ・教室,中央区,,,,
221309,WEB173d60eef7,静岡県,浜松市,対象 小学生以上,,,2026-10-04,2026-12-07,14:00,15:25,,「対象 小学生以上」は2026-10-04から2026-12-07に14:00から15:25に浜松アリーナ開催予定です。詳細は出典URLをご確認ください。,,,,053-461-1111,,,浜松アリーナ,浜松市中央区和田町808-1,,34.718025,137.766769,,,,,,,https://hamamatsu-sports.or.jp/item/class_venue_address/higashi-ku/%e5%81%a5%e5%ba%b7%e5%a2%97%e9%80%b2%ef%bc%81%e5%a4%aa%e6%a5%b5%e6%8b%b3%e6%8a%80%e8%83%bd%e5%90%91%e4%b8%8a%ef%bc%81-8.html,Web収集: 浜松市スポーツ協会 教室・イベント; source_id=src_c9e59312d4809087; 説明生成=facts_only; ジオコーディング補完: 浜松市中央区和田町808-1,スポーツ教室,中央区,,,,
221309,WEBc6fed4e5b6,静岡県,浜松市,対象 小学3年生～小学6年生,,,2026-08-24,2026-08-24,10:00,11:30,,「対象 小学3年生～小学6年生」は2026-08-24に10:00から11:30に舞阪総合体育館(舞童夢)開催予定です。詳細は出典URLをご確認ください。,,,,,,,舞阪総合体育館(舞童夢),浜松市中央区舞阪町舞阪2623-32,,34.679581,137.612503,,,,,,,https://hamamatsu-sports.or.jp/item/class_venue_address/nishi-ku/%e8%88%9e%e9%98%aa-%e3%83%97%e3%83%ad%e3%82%b9%e3%83%9d%e3%83%bc%e3%83%841day%e3%82%af%e3%83%aa%e3%83%8b%e3%83%83%e3%82%af-2025.html,Web収集: 浜松市スポーツ協会 教室・イベント; source_id=src_c9e59312d4809087; 説明生成=facts_only; ジオコーディング補完: 浜松市中央区舞阪町舞阪2623-32,スポーツ・教室,中央区,,,,
221309,WEB82cd965243,静岡県,浜松市,対象 成人,,,2026-09-02,2026-12-02,09:20,10:50,,「対象 成人」は2026-09-02から2026-12-02に09:20から10:50に明神池運動公園（庭球場）開催予定です。詳細は出典URLをご確認ください。,,,,053-585-1222,,,明神池運動公園（庭球場）,浜松市浜名区宮口391-5,,34.832928,137.764542,,,,,,,https://hamamatsu-sports.or.jp/item/class_venue_address/hamakita-ku/%e3%83%a9%e3%83%aa%e3%83%bc%e3%82%84%e8%a9%a6%e5%90%88%e3%81%8c%e3%81%a7%e3%81%8d%e3%82%8b%e3%82%88%e3%81%86%e6%a5%bd%e3%81%97%e3%81%8f%e3%83%86%e3%83%8b%e3%82%b9%e3%82%92%e5%ad%a6%e3%81%b3%e3%81%be.html,Web収集: 浜松市スポーツ協会 教室・イベント; source_id=src_c9e59312d4809087; 説明生成=facts_only,スポーツ・教室,中央区,,,,
221309,WEB5139ceb77b,静岡県,浜松市,対象 小学1～4年生,,,2026-09-02,2026-10-07,16:00,17:00,,「対象 小学1～4年生」は2026-09-02から2026-10-07に16:00から17:00にサーラグリーンフィールド (浜北平口サッカー場)開催予定です。詳細は出典URLをご確認ください。,,,,053-585-1222,,,サーラグリーンフィールド (浜北平口サッカー場),浜松市浜名区平口5042-133,,34.803871,137.748276,,,,,,,https://hamamatsu-sports.or.jp/item/class_venue_address/hamakita-ku/%e3%83%aa%e3%83%ac%e3%83%bc%e3%82%84%e7%90%83%e6%8a%80%e3%81%aa%e3%81%a9%e3%80%81%e6%a5%bd%e3%81%97%e3%81%8f%e5%8b%95%e3%81%84%e3%81%a6%e3%82%b9%e3%83%9d%e3%83%bc%e3%83%84%e3%82%92%e3%82%82%e3%81%a3-5.html,Web収集: 浜松市スポーツ協会 教室・イベント; source_id=src_c9e59312d4809087; 説明生成=facts_only; ジオコーディング補完: 浜松市浜名区平口5042-133,スポーツ教室,中央区,,,,
221309,WEBf50ae51938,静岡県,浜松市,対象 年中児～小学生,,,2026-09-05,2026-11-07,17:00,17:45,,「対象 年中児～小学生」は2026-09-05から2026-11-07に17:00から17:45にサーラグリーンフィールド (浜北平口サッカー場)開催予定です。詳細は出典URLをご確認ください。,,,,,,,サーラグリーンフィールド (浜北平口サッカー場),浜松市浜名区平口5042-133,,34.803871,137.748276,,,,,,,https://hamamatsu-sports.or.jp/item/class_venue_address/hamakita-ku/%e3%80%8c%e8%b5%b0%e3%82%8b%e3%83%bb%e6%8a%95%e3%81%92%e3%82%8b%e3%83%bb%e8%b7%b3%e3%81%b6%e3%80%8d%e3%81%ae%e5%9f%ba%e6%9c%ac%e5%8b%95%e4%bd%9c%e3%82%92%e6%a5%bd%e3%81%97%e3%81%8f%e5%ad%a6%e3%82%93-3.html,Web収集: 浜松市スポーツ協会 教室・イベント; source_id=src_c9e59312d4809087; 説明生成=facts_only; ジオコーディング補完: 浜松市浜名区平口5042-133,スポーツ・教室,中央区,,,,
221309,WEB25726e1aef,静岡県,浜松市,対象 【リトルクラス】年少児 【キッズクラス】年中児～小学1年生 【ジュニアクラス】小学1～4年生,,,2026-09-04,2026-12-04,15:20,16:10,,「対象 【リトルクラス】年少児 【キッズクラス】年中児～小学1年生 【ジュニアクラス】小学1～4年生」は2026-09-04から2026-12-04に15:20から16:10にサーラグリーンアリーナ (浜北総合体育館)開催予定です。詳細は出典URLをご確認ください。,,,,,,,サーラグリーンアリーナ (浜北総合体育館),浜松市浜名区平口5042-133,,34.803871,137.748276,,,,,,,https://hamamatsu-sports.or.jp/item/class_venue_address/hamakita-ku/%e3%83%9e%e3%83%83%e3%83%88%e3%82%84%e8%b7%b3%e3%81%b3%e7%ae%b1%e3%80%81%e9%89%84%e6%a3%92%e9%81%8a%e3%81%b3%e3%81%a7%e6%a5%bd%e3%81%97%e3%81%8f%e4%bd%93%e3%82%92%e5%8b%95%e3%81%8b%e3%81%9d%e3%81%86-4.html,Web収集: 浜松市スポーツ協会 教室・イベント; source_id=src_c9e59312d4809087; 説明生成=facts_only; ジオコーディング補完: 浜松市浜名区平口5042-133,スポーツ教室,中央区,,,,
221309,WEBedde7b31c3,静岡県,浜松市,対象 一般,,,2026-07-30,2026-08-06,13:45,14:45,,「対象 一般」は2026-07-30から2026-08-06に13:45から14:45にサーラグリーンアリーナ (浜北総合体育館)開催予定です。詳細は出典URLをご確認ください。,,,,053-585-1222,,,サーラグリーンアリーナ (浜北総合体育館),浜松市浜名区平口5042-133,,34.803871,137.748276,,,,,,,https://hamamatsu-sports.or.jp/item/class_venue_address/hamakita-ku/%e4%bd%93%e6%93%8d%e3%81%a8%e7%ad%8b%e3%83%88%e3%83%ac%e3%80%81%e3%82%bb%e3%83%ab%e3%83%95%e7%9f%af%e6%ad%a3%e3%81%a7%e6%ad%aa%e3%81%be%e3%81%aa%e3%81%84%e8%ba%ab%e4%bd%93%e3%81%a5%e3%81%8f%e3%82%8a-2.html,Web収集: 浜松市スポーツ協会 教室・イベント; source_id=src_c9e59312d4809087; 説明生成=facts_only; ジオコーディング補完: 浜松市浜名区平口5042-133,スポーツ教室,中央区,,,,
221309,WEB64f216298b,静岡県,浜松市,対象 一般,,,2026-07-30,2026-08-06,11:10,12:10,,「対象 一般」は2026-07-30から2026-08-06に11:10から12:10にサーラグリーンアリーナ (浜北総合体育館)開催予定です。詳細は出典URLをご確認ください。,,,,053-585-1222,,,サーラグリーンアリーナ (浜北総合体育館),浜松市浜名区平口5042-133,,34.803871,137.748276,,,,,,,https://hamamatsu-sports.or.jp/item/class_venue_address/hamakita-ku/%e3%83%aa%e3%82%ba%e3%83%a0%e3%81%ab%e3%81%ae%e3%81%9b%e3%81%9f%e5%85%a8%e8%ba%ab%e9%81%8b%e5%8b%95%e3%81%a7%e6%a5%bd%e3%81%97%e3%81%8f%e3%82%b7%e3%82%a7%e3%82%a4%e3%83%97%e3%82%a2%e3%83%83%e3%83%97.html,Web収集: 浜松市スポーツ協会 教室・イベント; source_id=src_c9e59312d4809087; 説明生成=facts_only; ジオコーディング補完: 浜松市浜名区平口5042-133,スポーツ・教室,中央区,,,,
221309,WEB508a124ed3,静岡県,浜松市,対象 一般,,,2026-07-30,2026-08-06,10:10,11:00,,「対象 一般」は2026-07-30から2026-08-06に10:10から11:00にサーラグリーンアリーナ (浜北総合体育館)開催予定です。詳細は出典URLをご確認ください。,,,,053-585-1222,,,サーラグリーンアリーナ (浜北総合体育館),浜松市浜名区平口5042-133,,34.803871,137.748276,,,,,,,https://hamamatsu-sports.or.jp/item/class_venue_address/hamakita-ku/%e3%83%a8%e3%82%ac%e3%82%84%e3%82%a8%e3%82%af%e3%82%b5%e3%82%b5%e3%82%a4%e3%82%ba%e3%81%a7%e3%82%b7%e3%82%a7%e3%82%a4%e3%83%97%e3%82%a2%e3%83%83%e3%83%97%ef%bc%86%e3%83%aa%e3%83%95%e3%83%ac-25.html,Web収集: 浜松市スポーツ協会 教室・イベント; source_id=src_c9e59312d4809087; 説明生成=facts_only; ジオコーディング補完: 浜松市浜名区平口5042-133,スポーツ・教室,中央区,,,,
221309,WEBf7b4bd45a2,静岡県,浜松市,対象 一般,,,2026-07-30,2026-08-06,09:20,10:00,,「対象 一般」は2026-07-30から2026-08-06に09:20から10:00にサーラグリーンアリーナ (浜北総合体育館)開催予定です。詳細は出典URLをご確認ください。,,,,053-585-1222,,,サーラグリーンアリーナ (浜北総合体育館),浜松市浜名区平口5042-133,,34.803871,137.748276,,,,,,,https://hamamatsu-sports.or.jp/item/class_venue_address/hamakita-ku/%e3%82%a6%e3%82%a7%e3%83%bc%e3%83%96%e3%82%b9%e3%83%88%e3%83%ac%e3%83%83%e3%83%81%e3%83%aa%e3%83%b3%e3%82%b0%e3%81%a7%e5%bf%83%e8%ba%ab%e3%81%a8%e3%82%82%e3%81%ab%e3%83%aa%e3%83%95%e3%83%ac%e3%83%83.html,Web収集: 浜松市スポーツ協会 教室・イベント; source_id=src_c9e59312d4809087; 説明生成=facts_only; ジオコーディング補完: 浜松市浜名区平口5042-133,スポーツ・教室,中央区,,,,
221309,WEB47a17ba446,静岡県,浜松市,対象 【年少～年長クラス】年少～年長 【小学1～3年生クラス】小学1～3年生 【小学3～6年生クラス】小学3～6年生 【中学生～一般クラス】中学生～一般,,,2026-08-19,2026-11-04,15:30,16:30,,「対象 【年少～年長クラス】年少～年長 【小学1～3年生クラス】小学1～3年生 【小学3～6年生クラス】小学3～6年生 【中学生～一般クラス】」は2026-08-19から2026-11-04に15:30から16:30にサーラグリーンアリーナ (浜北総合体育館)開催予定です。詳細は出典URLをご確認ください。,,,,053-585-1222,,,サーラグリーンアリーナ (浜北総合体育館),浜松市浜名区平口5042-133,,34.803871,137.748276,,,,,,,https://hamamatsu-sports.or.jp/item/class_venue_address/hamakita-ku/j-pop%e3%82%84%e3%83%86%e3%83%bc%e3%83%9e%e3%83%91%e3%83%bc%e3%82%af%e3%81%ae%e6%9b%b2%e3%81%a7%e6%a5%bd%e3%81%97%e3%81%8f%e8%b8%8a%e3%82%8a%e3%81%be%e3%81%97%e3%82%87%e3%81%86%ef%bc%81-8.html,Web収集: 浜松市スポーツ協会 教室・イベント; source_id=src_c9e59312d4809087; 説明生成=facts_only; ジオコーディング補完: 浜松市浜名区平口5042-133,スポーツ・教室,中央区,,,,
221309,WEB8b8460f617,静岡県,浜松市,対象 中学生～成人,,,2026-08-18,2026-11-03,20:00,21:00,,「対象 中学生～成人」は2026-08-18から2026-11-03に20:00から21:00にサーラグリーンアリーナ (浜北総合体育館)開催予定です。詳細は出典URLをご確認ください。,,,,053-585-1222,,,サーラグリーンアリーナ (浜北総合体育館),浜松市浜名区平口5042-133,,34.803871,137.748276,,,,,,,https://hamamatsu-sports.or.jp/item/class_venue_address/hamakita-ku/%e8%81%9e%e3%81%8d%e3%81%aa%e3%81%98%e3%81%bf%e3%81%ae%e3%81%82%e3%82%8b%e6%9b%b2%e3%81%a7%e6%a5%bd%e3%81%97%e3%81%8f%e8%ba%ab%e4%bd%93%e3%82%92%e5%8b%95%e3%81%8b%e3%81%9d%e3%81%86%ef%bc%81-2.html,Web収集: 浜松市スポーツ協会 教室・イベント; source_id=src_c9e59312d4809087; 説明生成=facts_only; ジオコーディング補完: 浜松市浜名区平口5042-133,スポーツ・教室,中央区,,,,
221309,WEB9da69dad88,静岡県,浜松市,対象 幼児クラス：年少～年長児 / 小1～3クラス：小学1～3年生 / 小3～6クラス：小学3～6年生,,,2026-08-18,2026-11-03,15:30,16:30,,「対象 幼児クラス：年少～年長児 / 小1～3クラス：小学1～3年生 / 小3～6クラス：小学3～6年生」は2026-08-18から2026-11-03に15:30から16:30にサーラグリーンアリーナ (浜北総合体育館)開催予定です。詳細は出典URLをご確認ください。,,,,053-585-1222,,,サーラグリーンアリーナ (浜北総合体育館),浜松市浜名区平口5042-133,,34.803871,137.748276,,,,,,,https://hamamatsu-sports.or.jp/item/class_venue_address/hamakita-ku/%e8%81%9e%e3%81%8d%e3%81%aa%e3%81%98%e3%81%bf%e3%81%ae%e3%81%82%e3%82%8b%e6%9b%b2%e3%81%a7%e6%a5%bd%e3%81%97%e3%81%8f%e8%ba%ab%e4%bd%93%e3%82%92%e5%8b%95%e3%81%8b%e3%81%9d%e3%81%86%ef%bc%81.html,Web収集: 浜松市スポーツ協会 教室・イベント; source_id=src_c9e59312d4809087; 説明生成=facts_only; ジオコーディング補完: 浜松市浜名区平口5042-133,スポーツ・教室,中央区,,,,
221309,WEB19216ab286,静岡県,浜松市,対象 ［幼児クラス］年中・年長児 / ［小学1～2年生クラス］小学1～2年生 / ［小学3～4年生クラス］小学3～4年生 / ［小学5年生～中学生クラス］小学5年生～中学生,,,2026-08-17,2026-11-02,15:30,16:30,,「対象 ［幼児クラス］年中・年長児 / ［小学1～2年生クラス］小学1～2年生 / ［小学3～4年生クラス］小学3～4年生 / ［小学5年生～」は2026-08-17から2026-11-02に15:30から16:30にサーラグリーンアリーナ (浜北総合体育館)開催予定です。詳細は出典URLをご確認ください。,,,,053-585-1222,,,サーラグリーンアリーナ (浜北総合体育館),浜松市浜名区平口5042-133,,34.803871,137.748276,,,,,,,https://hamamatsu-sports.or.jp/item/class_venue_address/hamakita-ku/%e9%9f%b3%e6%a5%bd%e3%81%ab%e5%90%88%e3%82%8f%e3%81%9b%e3%81%a6%e6%a5%bd%e3%81%97%e3%81%8f%e4%bd%93%e3%82%92%e5%8b%95%e3%81%8b%e3%81%9d%e3%81%86%ef%bc%81-13.html,Web収集: 浜松市スポーツ協会 教室・イベント; source_id=src_c9e59312d4809087; 説明生成=facts_only; ジオコーディング補完: 浜松市浜名区平口5042-133,スポーツ・教室,中央区,,,,
221309,WEB1cb665f73e,静岡県,浜松市,対象 50歳以上,,,2026-08-03,2026-11-04,09:00,10:15,,「対象 50歳以上」は2026-08-03から2026-11-04に09:00から10:15にサーラグリーンアリーナ (浜北総合体育館)開催予定です。詳細は出典URLをご確認ください。,,,,053-585-1222,,,サーラグリーンアリーナ (浜北総合体育館),浜松市浜名区平口5042-133,,34.803871,137.748276,,,,,,,https://hamamatsu-sports.or.jp/item/class_venue_address/hamakita-ku/%e6%a5%bd%e3%81%97%e3%81%8f%e4%bd%93%e3%82%92%e5%8b%95%e3%81%8b%e3%81%97%e3%81%a6%e5%bf%83%e8%ba%ab%e3%83%aa%e3%83%95%e3%83%ac%e3%83%83%e3%82%b7%e3%83%a5%ef%bc%86%e9%81%8b%e5%8b%95%e4%b8%8d%e8%b6%b3-2.html,Web収集: 浜松市スポーツ協会 教室・イベント; source_id=src_c9e59312d4809087; 説明生成=facts_only; ジオコーディング補完: 浜松市浜名区平口5042-133,スポーツ・教室,中央区,,,,
221309,WEBc38a5b393a,静岡県,浜松市,対象 年少,,,2026-09-07,2026-09-07,16:00,17:00,,「対象 年少」は2026-09-07に16:00から17:00に浜松アリーナ開催予定です。詳細は出典URLをご確認ください。,,,,053-461-1111,,,浜松アリーナ,浜松市中央区和田町808-1,,34.718025,137.766769,,,,,,,https://hamamatsu-sports.or.jp/item/class_venue_address/higashi-ku/%e9%81%8b%e5%8b%95%e9%81%8a%e3%81%b3%e3%82%92%e9%80%9a%e3%81%98%e3%81%a6%e3%80%81%e6%a5%bd%e3%81%97%e3%81%bf%e3%81%aa%e3%81%8c%e3%82%89%e9%81%8b%e5%8b%95%e8%83%bd%e5%8a%9b%e5%90%91%e4%b8%8a%e3%82%92-2.html,Web収集: 浜松市スポーツ協会 教室・イベント; source_id=src_c9e59312d4809087; 説明生成=facts_only; ジオコーディング補完: 浜松市中央区和田町808-1,スポーツ・教室,中央区,,,,
221309,WEB609dd5d164,静岡県,浜松市,対象 50歳以上,,,2026-09-18,2026-12-04,09:30,11:30,,「対象 50歳以上」は2026-09-18から2026-12-04に09:30から11:30に可美公園総合センター 体育館開催予定です。詳細は出典URLをご確認ください。,,,,053-461-1111,,,可美公園総合センター 体育館,浜松市中央区増楽町920-2,,34.687073,137.694717,,,,,,,https://hamamatsu-sports.or.jp/item/class_venue_address/minami-ku/%e4%bb%b2%e9%96%93%e3%81%a8%e4%b8%80%e7%b7%92%e3%81%ab%e3%83%ac%e3%82%af%e3%83%aa%e3%82%a8%e3%83%bc%e3%82%b7%e3%83%a7%e3%83%b3%e3%82%b9%e3%83%9d%e3%83%bc%e3%83%84%e3%82%92%e3%81%97%e3%82%88%e3%81%86-6.html,Web収集: 浜松市スポーツ協会 教室・イベント; source_id=src_c9e59312d4809087; 説明生成=facts_only,スポーツ教室,浜松市中央区,,,,
221309,WEB603d622911,静岡県,浜松市,対象 50歳以上,,,2026-09-08,2026-10-06,09:30,11:30,,「対象 50歳以上」は2026-09-08から2026-10-06に09:30から11:30に浜松アリーナ開催予定です。詳細は出典URLをご確認ください。,,,,053-461-1111,,,浜松アリーナ,浜松市中央区和田町808-1,,34.718025,137.766769,,,,,,,https://hamamatsu-sports.or.jp/item/class_venue_address/higashi-ku/%e3%82%b9%e3%83%88%e3%83%ac%e3%83%83%e3%83%81%e3%82%84%e3%82%a6%e3%82%a9%e3%83%bc%e3%82%ad%e3%83%b3%e3%82%b0%e3%80%81%e3%81%8b%e3%82%93%e3%81%9f%e3%82%93%e3%81%aa%e3%82%b9%e3%83%9d%e3%83%bc%e3%83%84.html,Web収集: 浜松市スポーツ協会 教室・イベント; source_id=src_c9e59312d4809087; 説明生成=facts_only; ジオコーディング補完: 浜松市中央区和田町808-1,スポーツ教室,中央区,,,,
221309,WEBf99472834f,静岡県,浜松市,対象 20歳以上,,,2026-09-03,2026-10-08,10:00,11:30,,「対象 20歳以上」は2026-09-03から2026-10-08に10:00から11:30に浜松アリーナ開催予定です。詳細は出典URLをご確認ください。,,,,053-461-1111,,,浜松アリーナ,浜松市中央区和田町808-1,,34.718025,137.766769,,,,,,,https://hamamatsu-sports.or.jp/item/class_venue_address/higashi-ku/%e3%82%86%e3%81%a3%e3%81%8f%e3%82%8a%e5%91%bc%e5%90%b8%e3%81%a7%e5%bf%83%e8%ba%ab%e3%81%ae%e3%83%90%e3%83%a9%e3%83%b3%e3%82%b9%e3%82%92%e6%95%b4%e3%81%88%e3%82%88%e3%81%86%ef%bc%81-8.html,Web収集: 浜松市スポーツ協会 教室・イベント; source_id=src_c9e59312d4809087; 説明生成=facts_only; ジオコーディング補完: 浜松市中央区和田町808-1,スポーツ・教室,中央区,,,,
221309,WEB1a25ca4ae5,静岡県,浜松市,対象 小学生・中学生,,,2026-09-04,2026-12-04,17:45,19:05,,「対象 小学生・中学生」は2026-09-04から2026-12-04に17:45から19:05に浜松アリーナ開催予定です。詳細は出典URLをご確認ください。,,,,,,,浜松アリーナ,浜松市中央区和田町808-1,,34.718025,137.766769,,,,,,,https://hamamatsu-sports.or.jp/item/class_venue_address/higashi-ku/%e5%8d%93%e7%90%83%e3%81%ab%e6%8c%91%e6%88%a6%e3%81%97%e3%81%a6%e3%81%bf%e3%82%88%e3%81%86%ef%bc%81-4.html,Web収集: 浜松市スポーツ協会 教室・イベント; source_id=src_c9e59312d4809087; 説明生成=facts_only; ジオコーディング補完: 浜松市中央区和田町808-1,スポーツ・教室,中央区,,,,
221309,WEB2f285193ca,静岡県,浜松市,対象 18歳以上,,,2026-09-04,2026-12-04,19:30,21:00,,「対象 18歳以上」は2026-09-04から2026-12-04に19:30から21:00に浜松アリーナ開催予定です。詳細は出典URLをご確認ください。,,,,,,,浜松アリーナ,浜松市中央区和田町808-1,,34.718025,137.766769,,,,,,,https://hamamatsu-sports.or.jp/item/class_venue_address/higashi-ku/%e3%83%90%e3%83%89%e3%83%9f%e3%83%b3%e3%83%88%e3%83%b3%e6%95%99%e5%ae%a4%e3%81%ab%e6%8c%91%e6%88%a6%e3%81%97%e3%81%a6%e3%81%bf%e3%82%88%e3%81%86%ef%bc%81-10.html,Web収集: 浜松市スポーツ協会 教室・イベント; source_id=src_c9e59312d4809087; 説明生成=facts_only; ジオコーディング補完: 浜松市中央区和田町808-1,スポーツ教室,中央区,,,,
221309,WEB0a4f07cc05,静岡県,浜松市,対象 小学生,,,2026-09-04,2026-12-04,17:20,18:20,,「対象 小学生」は2026-09-04から2026-12-04に17:20から18:20に浜松アリーナ開催予定です。詳細は出典URLをご確認ください。,,,,,,,浜松アリーナ,浜松市中央区和田町808-1,,34.718025,137.766769,,,,,,,https://hamamatsu-sports.or.jp/item/class_venue_address/higashi-ku/%e3%83%90%e3%83%89%e3%83%9f%e3%83%b3%e3%83%88%e3%83%b3%e6%95%99%e5%ae%a4%e3%81%ab%e6%8c%91%e6%88%a6%e3%81%97%e3%81%a6%e3%81%bf%e3%82%88%e3%81%86%ef%bc%81-7.html,Web収集: 浜松市スポーツ協会 教室・イベント; source_id=src_c9e59312d4809087; 説明生成=facts_only; ジオコーディング補完: 浜松市中央区和田町808-1,スポーツ教室,中央区,,,,
221309,WEBada4726a75,静岡県,浜松市,対象 年中～小学6年生,,,2026-09-04,2026-12-04,16:15,17:15,,「対象 年中～小学6年生」は2026-09-04から2026-12-04に16:15から17:15に浜松アリーナ開催予定です。詳細は出典URLをご確認ください。,,,,,,,浜松アリーナ,浜松市中央区和田町808-1,,34.718025,137.766769,,,,,,,https://hamamatsu-sports.or.jp/item/class_venue_address/higashi-ku/%e3%83%88%e3%83%a9%e3%83%b3%e3%83%9d%e3%83%aa%e3%83%b3%e3%81%a7%e7%a9%ba%e4%b8%ad%e6%84%9f%e8%a6%9a%e3%80%81%e4%bd%93%e5%b9%b9%e3%83%90%e3%83%a9%e3%83%b3%e3%82%b9%e3%80%81%e6%9f%94%e8%bb%9f%e6%80%a7.html,Web収集: 浜松市スポーツ協会 教室・イベント; source_id=src_c9e59312d4809087; 説明生成=facts_only; ジオコーディング補完: 浜松市中央区和田町808-1,スポーツ・教室,中央区,,,,
221309,WEB4482b7970f,静岡県,浜松市,対象 1歳半～3歳4ヶ月の子と親,,,2026-09-09,2026-09-09,10:30,11:15,,「対象 1歳半～3歳4ヶ月の子と親」は2026-09-09に10:30から11:15に浜松アリーナ開催予定です。詳細は出典URLをご確認ください。,,,,053-461-1111,,,浜松アリーナ,浜松市中央区和田町808-1,,34.718025,137.766769,,,,,,,https://hamamatsu-sports.or.jp/item/class_venue_address/higashi-ku/%e8%a6%aa%e5%ad%90%e3%81%a7%e6%a5%bd%e3%81%97%e3%81%8f%e3%81%8b%e3%82%89%e3%81%a0%e3%82%92%e5%8b%95%e3%81%8b%e3%81%9d%e3%81%86%ef%bc%81-14.html,Web収集: 浜松市スポーツ協会 教室・イベント; source_id=src_c9e59312d4809087; 説明生成=facts_only; ジオコーディング補完: 浜松市中央区和田町808-1,スポーツ・教室,中央区,,,,
221309,WEBa870e5c2f9,静岡県,浜松市,対象 小学生～中学生,,,2026-08-06,2026-08-27,19:00,20:30,,「対象 小学生～中学生」は2026-08-06から2026-08-27に19:00から20:30に浜松工業高等学校 グラウンド開催予定です。詳細は出典URLをご確認ください。,,,,,,,浜松工業高等学校 グラウンド,浜松市中央区初生町1150,,34.772896,137.729095,,,,,,,https://hamamatsu-sports.or.jp/item/class_venue_address/minami-ku/%e3%83%91%e3%82%b9%e3%81%a8%e3%83%a9%e3%83%b3%e3%83%8b%e3%83%b3%e3%82%b0%e3%81%a7%e5%ae%89%e5%85%a8%e3%81%ab%e3%83%a9%e3%82%b0%e3%83%93%e3%83%bc%e3%82%92%e6%a5%bd%e3%81%97%e3%82%82%e3%81%86%ef%bc%81.html,Web収集: 浜松市スポーツ協会 教室・イベント; source_id=src_c9e59312d4809087; 説明生成=facts_only,スポーツ・教室,中央区,,,,
221309,WEBf668fd49ff,静岡県,浜松市,対象 未経験者：高校生以上（的前で弓を引いたことがない方・原則毎回参加できる方） ／ 経験者：高校生以上（四段まで）（的前で弓を引いたことがある方・原則毎回参加できる方）,,,2026-09-01,2026-11-05,10:00,12:00,,「対象 未経験者：高校生以上（的前で弓を引いたことがない方・原則毎回参加できる方） ／ 経験者：高校生以上（四段まで）（的前で弓を引いたことが」は2026-09-01から2026-11-05に10:00から12:00に可美公園 弓道場開催予定です。詳細は出典URLをご確認ください。,,,,,,,可美公園 弓道場,浜松市中央区増楽町920-2,,34.687073,137.694717,,,,,,,https://hamamatsu-sports.or.jp/item/class_venue_address/minami-ku/%e5%bc%93%e9%81%93%e3%82%92%e5%a7%8b%e3%82%81%e3%81%a6%e3%81%bf%e3%81%be%e3%81%9b%e3%82%93%e3%81%8b%ef%bc%9f-7.html,Web収集: 浜松市スポーツ協会 教室・イベント; source_id=src_c9e59312d4809087; 説明生成=facts_only,スポーツ・教室,中央区,,,,
221309,WEB19c333c9f5,静岡県,浜松市,対象 マラソン大会出場を目指す中学生以上,,,2026-12-20,2026-12-20,10:00,11:30,,「対象 マラソン大会出場を目指す中学生以上」は2026-12-20に10:00から11:30に雄踏総合体育館開催予定です。詳細は出典URLをご確認ください。,,,,,,,雄踏総合体育館,静岡県浜松市中央区雄踏町宇布見9981－1,,34.702572,137.617462,,,,,,,https://hamamatsu-sports.or.jp/item/class_venue_address/nishi-ku/%e3%83%a9%e3%83%b3%e3%83%8b%e3%83%b3%e3%82%b0%e4%bb%b2%e9%96%93%e5%a4%a7%e5%8b%9f%e9%9b%86%ef%bc%81%e3%83%9e%e3%83%a9%e3%82%bd%e3%83%b3%e3%80%81%e3%82%b8%e3%83%a7%e3%82%ae%e3%83%b3%e3%82%b0%e3%81%ae-5.html,Web収集: 浜松市スポーツ協会 教室・イベント; source_id=src_c9e59312d4809087; 説明生成=facts_only; ジオコーディング補完: 静岡県浜松市中央区雄踏町宇布見9981－1,スポーツイベント,中央区,,,,
221309,WEB590284b7c6,静岡県,浜松市,対象 小学4年生～中学3年生,,,2026-12-26,2026-12-26,10:30,,,「対象 小学4年生～中学3年生」は2026-12-26に10:30にかわな野外活動センター開催予定です。詳細は出典URLをご確認ください。,,,,,,,かわな野外活動センター,浜松市浜名区引佐町川名455-5,,34.872658,137.698654,,,,,,,https://hamamatsu-sports.or.jp/item/class_venue_address/kita-ku/%e5%ad%90%e3%81%a9%e3%82%82%e3%81%9f%e3%81%a1%e3%81%ab%e5%a4%a7%e4%ba%ba%e6%b0%97%ef%bc%81%e6%80%9d%e3%81%84%e5%87%ba%e3%82%92%e3%81%9f%e3%81%8f%e3%81%95%e3%82%93%e3%81%a4%e3%81%8f%e3%82%8d%e3%81%86-9.html,Web収集: 浜松市スポーツ協会 教室・イベント; source_id=src_c9e59312d4809087; 説明生成=facts_only,スポーツ・教室,中央区,,,,
221309,WEBd4497c0e03,静岡県,浜松市,対象 ①年少児～年長児 ②小学1～6年生,,,2026-07-03,2026-09-04,16:00,17:00,,「対象 ①年少児～年長児 ②小学1～6年生」は2026-07-03から2026-09-04に16:00から17:00に雄踏総合体育館開催予定です。詳細は出典URLをご確認ください。,,,,,,,雄踏総合体育館,浜松市中央区雄踏町宇布見9981-1,,34.702572,137.617462,,,,,,,https://hamamatsu-sports.or.jp/item/class_venue_address/nishi-ku/%e8%b7%b3%e3%81%b3%e7%ae%b1%e3%82%84%e3%83%9e%e3%83%83%e3%83%88%e3%80%81%e9%89%84%e6%a3%92%e3%81%aa%e3%81%a9%e3%80%82-%e8%89%b2%e3%80%85%e3%81%aa%e7%a8%ae%e7%9b%ae%e3%82%92%e7%b5%8c%e9%a8%93-15.html,Web収集: 浜松市スポーツ協会 教室・イベント; source_id=src_c9e59312d4809087; 説明生成=facts_only; ジオコーディング補完: 浜松市中央区雄踏町宇布見9981-1,スポーツ・教室,中央区,,,,
221309,WEBef70f30545,静岡県,浜松市,対象 年中～小学6年生,,,2026-07-02,2026-09-03,17:00,18:00,,「対象 年中～小学6年生」は2026-07-02から2026-09-03に17:00から18:00に雄踏総合体育館開催予定です。詳細は出典URLをご確認ください。,,,,,,,雄踏総合体育館,浜松市中央区雄踏町宇布見9981-1,,34.702572,137.617462,,,,,,,https://hamamatsu-sports.or.jp/item/class_venue_address/nishi-ku/%e3%81%af%e3%81%98%e3%82%81%e3%81%a6%e3%81%ae%e6%96%b9%e3%81%a7%e3%82%82%e5%a4%a7%e4%b8%88%e5%a4%ab%e3%80%81%e4%b8%80%e7%b7%92%e3%81%ab%e5%9f%ba%e7%a4%8e%e3%81%8b%e3%82%89%e5%ad%a6%e3%81%b3-11.html,Web収集: 浜松市スポーツ協会 教室・イベント; source_id=src_c9e59312d4809087; 説明生成=facts_only; ジオコーディング補完: 浜松市中央区雄踏町宇布見9981-1,スポーツ・教室,中央区,,,,
221309,WEBa77ab38167,静岡県,浜松市,対象 ①小学1～3年生 ②小学4～6年生,,,2026-07-01,2026-09-02,16:30,17:30,,「対象 ①小学1～3年生 ②小学4～6年生」は2026-07-01から2026-09-02に16:30から17:30に雄踏総合体育館開催予定です。詳細は出典URLをご確認ください。,,,,,,,雄踏総合体育館,浜松市中央区雄踏町宇布見9981-1,,34.702572,137.617462,,,,,,,https://hamamatsu-sports.or.jp/item/class_venue_address/nishi-ku/%e8%bf%91%e5%b9%b4%e3%81%af%e7%94%b7%e5%a5%b3%e3%81%a8%e3%82%82%e3%81%ab%e6%97%a5%e6%9c%ac%e9%81%b8%e6%89%8b%e3%81%ae%e4%b8%96%e7%95%8c%e5%a4%a7%e4%bc%9a%e3%81%a7%e3%81%ae%e6%b4%bb%e8%ba%8d-10.html,Web収集: 浜松市スポーツ協会 教室・イベント; source_id=src_c9e59312d4809087; 説明生成=facts_only; ジオコーディング補完: 浜松市中央区雄踏町宇布見9981-1,スポーツイベント,中央区,,,,
221309,WEB6a635eb84d,静岡県,浜松市,対象 ①年中～年長児 ②小学1～3年生 ③小学4～6年生,,,2026-07-01,2026-09-02,15:30,16:30,,「対象 ①年中～年長児 ②小学1～3年生 ③小学4～6年生」は2026-07-01から2026-09-02に15:30から16:30に雄踏総合体育館開催予定です。詳細は出典URLをご確認ください。,,,,,,,雄踏総合体育館,浜松市中央区雄踏町宇布見9981-1,,34.702572,137.617462,,,,,,,https://hamamatsu-sports.or.jp/item/class_venue_address/nishi-ku/%e9%9f%b3%e6%a5%bd%e3%81%ab%e5%90%88%e3%82%8f%e3%81%9b%e3%81%a6%e7%be%8e%e3%81%97%e3%81%8f%e8%ba%ab%e4%bd%93%e8%a1%a8%e7%8f%be%e3%82%92%e3%81%99%e3%82%8b%e3%82%b9%e3%83%9d%e3%83%bc%e3%83%84-11.html,Web収集: 浜松市スポーツ協会 教室・イベント; source_id=src_c9e59312d4809087; 説明生成=facts_only; ジオコーディング補完: 浜松市中央区雄踏町宇布見9981-1,スポーツ教室,中央区,,,,
221309,WEBde0f033b20,静岡県,浜松市,対象 ①年中児～小学1年生 ②小学2～6年生,,,2026-06-30,2026-09-01,15:30,16:30,,「対象 ①年中児～小学1年生 ②小学2～6年生」は2026-06-30から2026-09-01に15:30から16:30に雄踏総合体育館開催予定です。詳細は出典URLをご確認ください。,,,,,,,雄踏総合体育館,浜松市中央区雄踏町宇布見9981-1,,34.702572,137.617462,,,,,,,https://hamamatsu-sports.or.jp/item/class_venue_address/nishi-ku/%e9%9b%a8%e3%81%ae%e6%97%a5%e3%81%a7%e3%82%82%e3%80%81%e3%81%8a%e3%82%82%e3%81%84%e3%81%a3%e3%81%8d%e3%82%8a%e3%82%b5%e3%83%83%e3%82%ab%e3%83%bc%e3%81%ae%e7%b7%b4%e7%bf%92%e3%81%8c%e3%81%a7-11.html,Web収集: 浜松市スポーツ協会 教室・イベント; source_id=src_c9e59312d4809087; 説明生成=facts_only; ジオコーディング補完: 浜松市中央区雄踏町宇布見9981-1,スポーツ・教室,中央区,,,,
221309,WEBdcd2ad10be,静岡県,浜松市,対象 小学3～6年生,,,2026-07-06,2026-09-07,17:00,18:00,,「対象 小学3～6年生」は2026-07-06から2026-09-07に17:00から18:00に雄踏総合体育館開催予定です。詳細は出典URLをご確認ください。,,,,,,,雄踏総合体育館,浜松市中央区雄踏町宇布見9981-1,,34.702572,137.617462,,,,,,,https://hamamatsu-sports.or.jp/item/class_venue_address/nishi-ku/%e5%ae%a4%e5%86%85%e3%81%ae%e3%83%86%e3%83%8b%e3%82%b9%e6%95%99%e5%ae%a4%e3%81%a0%e3%81%8b%e3%82%89%e9%9b%a8%e3%81%ae%e6%97%a5%e3%81%a7%e3%82%82%e5%ae%89%e5%bf%83%ef%bc%81%e3%81%be%e3%81%9a%e3%81%af-3.html,Web収集: 浜松市スポーツ協会 教室・イベント; source_id=src_c9e59312d4809087; 説明生成=facts_only; ジオコーディング補完: 浜松市中央区雄踏町宇布見9981-1,スポーツ教室,中央区,,,,
221309,WEB871ff44811,静岡県,浜松市,対象 成人,,,2026-07-17,2026-09-04,20:00,21:00,,「対象 成人」は2026-07-17から2026-09-04に20:00から21:00に雄踏総合体育館開催予定です。詳細は出典URLをご確認ください。,,,,,,,雄踏総合体育館,浜松市中央区雄踏町宇布見9981-1,,34.702572,137.617462,,,,,,,https://hamamatsu-sports.or.jp/item/class_venue_address/nishi-ku/%e3%81%aa%e3%81%8b%e3%81%aa%e3%81%8b%e5%af%9d%e4%bb%98%e3%81%91%e3%81%aa%e3%81%84%e4%ba%ba%e3%81%ab%e3%82%aa%e3%82%b9%e3%82%b9%e3%83%a1%e3%81%ae%e6%95%99%e5%ae%a4%e3%81%a7%e3%81%99%ef%bc%81%e8%87%aa-9.html,Web収集: 浜松市スポーツ協会 教室・イベント; source_id=src_c9e59312d4809087; 説明生成=facts_only; ジオコーディング補完: 浜松市中央区雄踏町宇布見9981-1,スポーツ教室,中央区,,,,
221309,WEBef74738698,静岡県,浜松市,対象 成人,,,2026-07-17,2026-09-04,19:00,20:00,,「対象 成人」は2026-07-17から2026-09-04に19:00から20:00に雄踏総合体育館開催予定です。詳細は出典URLをご確認ください。,,,,,,,雄踏総合体育館,浜松市中央区雄踏町宇布見9981-1,,34.702572,137.617462,,,,,,,https://hamamatsu-sports.or.jp/item/class_venue_address/nishi-ku/%e4%bb%8a%e3%81%be%e3%81%a71%e7%a7%92%e3%82%82%e8%b8%8a%e3%81%a3%e3%81%9f%e3%81%93%e3%81%a8%e3%81%8c%e3%81%aa%e3%81%84%e4%ba%ba%e3%81%a7%e3%82%82%e5%a4%a7%e4%b8%88%e5%a4%ab%ef%bc%81%e3%81%94-10.html,Web収集: 浜松市スポーツ協会 教室・イベント; source_id=src_c9e59312d4809087; 説明生成=facts_only; ジオコーディング補完: 浜松市中央区雄踏町宇布見9981-1,スポーツ・教室,中央区,,,,
221309,WEBaee20ce416,静岡県,浜松市,対象 成人,,,2026-07-03,2026-09-04,14:30,15:30,,「対象 成人」は2026-07-03から2026-09-04に14:30から15:30に雄踏総合体育館開催予定です。詳細は出典URLをご確認ください。,,,,,,,雄踏総合体育館,浜松市中央区雄踏町宇布見9981-1,,34.702572,137.617462,,,,,,,https://hamamatsu-sports.or.jp/item/class_venue_address/nishi-ku/%e3%81%9f%e3%81%8a%e3%82%84%e3%81%8b%e3%81%ab%e3%80%81%e3%81%9d%e3%81%97%e3%81%a6%e3%81%97%e3%81%aa%e3%82%84%e3%81%8b%e3%81%ab%ef%bc%81%e3%80%80%e6%ad%a3%e3%81%97%e3%81%84%e5%91%bc%e5%90%b8%e6%b3%95-2.html,Web収集: 浜松市スポーツ協会 教室・イベント; source_id=src_c9e59312d4809087; 説明生成=facts_only; ジオコーディング補完: 浜松市中央区雄踏町宇布見9981-1,スポーツ・教室,中央区,,,,
221309,WEBff8a196c6d,静岡県,浜松市,対象 成人,,,2026-07-02,2026-09-03,20:00,21:00,,「対象 成人」は2026-07-02から2026-09-03に20:00から21:00に雄踏総合体育館開催予定です。詳細は出典URLをご確認ください。,,,,,,,雄踏総合体育館,浜松市中央区雄踏町宇布見9981-1,,34.702572,137.617462,,,,,,,https://hamamatsu-sports.or.jp/item/class_venue_address/nishi-ku/%e6%a5%bd%e3%81%97%e3%81%8f%e6%bf%80%e3%81%97%e3%81%8f%e3%82%a8%e3%82%a2%e3%83%ad%e3%83%93%e3%82%af%e3%82%b9%ef%bc%81%ef%bc%81%e6%97%a5%e9%a0%83%e3%81%ae%e5%ae%b6%e4%ba%8b%e3%82%84%e4%bb%95%e4%ba%8b-3.html,Web収集: 浜松市スポーツ協会 教室・イベント; source_id=src_c9e59312d4809087; 説明生成=facts_only; ジオコーディング補完: 浜松市中央区雄踏町宇布見9981-1,スポーツ・教室,中央区,,,,
221309,WEBf21efe7bed,静岡県,浜松市,対象 成人,,,2026-07-02,2026-09-03,14:45,15:45,,「対象 成人」は2026-07-02から2026-09-03に14:45から15:45に雄踏総合体育館開催予定です。詳細は出典URLをご確認ください。,,,,,,,雄踏総合体育館,浜松市中央区雄踏町宇布見9981-1,,34.702572,137.617462,,,,,,,https://hamamatsu-sports.or.jp/item/class_venue_address/nishi-ku/%e8%87%aa%e5%88%86%e3%81%ae%e3%83%ac%e3%83%99%e3%83%ab%e3%81%ab%e5%90%88%e3%82%8f%e3%81%9b%e3%81%a6%e3%80%81%e7%be%8e%e5%ae%b9%e3%81%a8%e5%81%a5%e5%ba%b7%e3%81%ae%e5%90%91%e4%b8%8a%e3%82%92%e6%84%8f-3.html,Web収集: 浜松市スポーツ協会 教室・イベント; source_id=src_c9e59312d4809087; 説明生成=facts_only; ジオコーディング補完: 浜松市中央区雄踏町宇布見9981-1,スポーツ・教室,中央区,,,,
221309,WEBacfda02774,静岡県,浜松市,対象 成人,,,2026-07-02,2026-09-03,10:30,11:30,,「対象 成人」は2026-07-02から2026-09-03に10:30から11:30に雄踏総合体育館開催予定です。詳細は出典URLをご確認ください。,,,,,,,雄踏総合体育館,浜松市中央区雄踏町宇布見9981-1,,34.702572,137.617462,,,,,,,https://hamamatsu-sports.or.jp/item/class_venue_address/nishi-ku/%e3%83%a9%e3%83%86%e3%83%b3%e9%9f%b3%e6%a5%bd%e3%82%84%e3%83%92%e3%83%83%e3%83%97%e3%83%9b%e3%83%83%e3%83%97%e3%81%aa%e3%81%a9%e3%81%ae%e3%83%aa%e3%82%ba%e3%83%a0%e3%81%ab%e5%90%88%e3%82%8f-12.html,Web収集: 浜松市スポーツ協会 教室・イベント; source_id=src_c9e59312d4809087; 説明生成=facts_only; ジオコーディング補完: 浜松市中央区雄踏町宇布見9981-1,スポーツ・教室,中央区,,,,
221309,WEB13278f9ad3,静岡県,浜松市,対象 成人,,,2026-07-01,2026-09-02,18:30,19:30,,「対象 成人」は2026-07-01から2026-09-02に18:30から19:30に雄踏総合体育館開催予定です。詳細は出典URLをご確認ください。,,,,,,,雄踏総合体育館,浜松市中央区雄踏町宇布見9981-1,,34.702572,137.617462,,,,,,,https://hamamatsu-sports.or.jp/item/class_venue_address/nishi-ku/%e3%83%a8%e3%82%ac%e3%81%ae%e5%91%bc%e5%90%b8%e6%b3%95%e3%82%92%e6%84%8f%e8%ad%98%e3%81%97%e3%81%a6%e5%bf%83%e3%81%a8%e4%bd%93%e3%81%ae%e3%83%90%e3%83%a9%e3%83%b3%e3%82%b9%e3%82%92%e8%ba%ab-13.html,Web収集: 浜松市スポーツ協会 教室・イベント; source_id=src_c9e59312d4809087; 説明生成=facts_only; ジオコーディング補完: 浜松市中央区雄踏町宇布見9981-1,スポーツ教室,中央区,,,,
221309,WEB4971b0cd7e,静岡県,浜松市,対象 成人,,,2026-07-03,2026-09-04,09:30,10:30,,「対象 成人」は2026-07-03から2026-09-04に09:30から10:30に雄踏総合体育館開催予定です。詳細は出典URLをご確認ください。,,,,,,,雄踏総合体育館,浜松市中央区雄踏町宇布見9981-1,,34.702572,137.617462,,,,,,,https://hamamatsu-sports.or.jp/item/class_venue_address/nishi-ku/%e3%81%af%e3%81%98%e3%82%81%e3%81%a6%e3%81%ae%e6%96%b9%e3%81%a7%e3%82%82%e5%a4%a7%e4%b8%88%e5%a4%ab%e3%80%81%e3%83%a8%e3%82%ac%e3%81%ae%e5%9f%ba%e6%9c%ac%e3%82%92%e3%82%8f%e3%81%8b%e3%82%8a-27.html,Web収集: 浜松市スポーツ協会 教室・イベント; source_id=src_c9e59312d4809087; 説明生成=facts_only; ジオコーディング補完: 浜松市中央区雄踏町宇布見9981-1,スポーツ・教室,中央区,,,,
221309,WEB04200eb675,静岡県,浜松市,対象 成人,,,2026-07-01,2026-09-02,13:30,14:30,,「対象 成人」は2026-07-01から2026-09-02に13:30から14:30に雄踏総合体育館開催予定です。詳細は出典URLをご確認ください。,,,,,,,雄踏総合体育館,浜松市中央区雄踏町宇布見9981-1,,34.702572,137.617462,,,,,,,https://hamamatsu-sports.or.jp/item/class_venue_address/nishi-ku/%e3%81%af%e3%81%98%e3%82%81%e3%81%a6%e3%81%ae%e6%96%b9%e3%81%a7%e3%82%82%e5%a4%a7%e4%b8%88%e5%a4%ab%e3%80%81%e3%83%a8%e3%82%ac%e3%81%ae%e5%9f%ba%e6%9c%ac%e3%82%92%e3%82%8f%e3%81%8b%e3%82%8a-26.html,Web収集: 浜松市スポーツ協会 教室・イベント; source_id=src_c9e59312d4809087; 説明生成=facts_only; ジオコーディング補完: 浜松市中央区雄踏町宇布見9981-1,スポーツ・教室,中央区,,,,
221309,WEB73e1cfc1e0,静岡県,浜松市,対象 成人,,,2026-07-01,2026-09-02,10:40,11:40,,「対象 成人」は2026-07-01から2026-09-02に10:40から11:40に雄踏総合体育館開催予定です。詳細は出典URLをご確認ください。,,,,,,,雄踏総合体育館,浜松市中央区雄踏町宇布見9981-1,,34.702572,137.617462,,,,,,,https://hamamatsu-sports.or.jp/item/class_venue_address/nishi-ku/%e3%83%80%e3%82%a4%e3%82%a8%e3%83%83%e3%83%88%e3%81%ab%e6%ac%a0%e3%81%8b%e3%81%9b%e3%81%aa%e3%81%84%e3%80%81%e5%9f%ba%e7%a4%8e%e4%bb%a3%e8%ac%9d%e3%82%a2%e3%83%83%e3%83%97%e3%81%ae%e3%81%9f%e3%82%81-3.html,Web収集: 浜松市スポーツ協会 教室・イベント; source_id=src_c9e59312d4809087; 説明生成=facts_only; ジオコーディング補完: 浜松市中央区雄踏町宇布見9981-1,スポーツ・教室,中央区,,,,
221309,WEB2e3792adff,静岡県,浜松市,対象 成人,,,2026-07-06,2026-09-07,09:30,10:30,,「対象 成人」は2026-07-06から2026-09-07に09:30から10:30に雄踏総合体育館開催予定です。詳細は出典URLをご確認ください。,,,,,,,雄踏総合体育館,浜松市中央区雄踏町宇布見9981-1,,34.702572,137.617462,,,,,,,https://hamamatsu-sports.or.jp/item/class_venue_address/nishi-ku/%e3%83%af%e3%82%af%e3%83%af%e3%82%af%e3%81%97%e3%81%aa%e3%81%8c%e3%82%89%e6%a5%bd%e3%80%85%e6%a5%bd%e3%81%97%e3%81%84%ef%bc%81%e5%85%a8%e8%ba%ab%e3%81%ae%e7%ad%8b%e8%82%89%e3%82%92%e3%83%90-12.html,Web収集: 浜松市スポーツ協会 教室・イベント; source_id=src_c9e59312d4809087; 説明生成=facts_only; ジオコーディング補完: 浜松市中央区雄踏町宇布見9981-1,スポーツ・教室,中央区,,,,
221309,WEB569d25d64b,静岡県,浜松市,対象 小学1～4年生,,,2026-07-25,2026-07-25,10:00,11:30,,「対象 小学1～4年生」は2026-07-25に10:00から11:30に舞阪総合体育館(舞童夢)開催予定です。詳細は出典URLをご確認ください。,,,,,,,舞阪総合体育館(舞童夢),中央区舞阪町舞阪2623-32,,34.679581,137.612503,,,,,,,https://hamamatsu-sports.or.jp/item/class_venue_address/nishi-ku/%e7%9f%ad%e8%b7%9d%e9%9b%a2%e8%b5%b0%e3%82%92%e9%80%9f%e3%81%8f%e8%b5%b0%e3%82%8b%e3%81%9f%e3%82%81%e3%81%ae%e3%83%88%e3%83%ac%e3%83%bc%e3%83%8b%e3%83%b3%e3%82%b0%e3%82%84%e3%82%b3%e3%83%84%e3%82%92-2.html,Web収集: 浜松市スポーツ協会 教室・イベント; source_id=src_c9e59312d4809087; 説明生成=facts_only; ジオコーディング補完: 中央区舞阪町舞阪2623-32,スポーツ・教室,中央区,,,,
221309,WEBca52a22fdc,静岡県,浜松市,対象 小学生,,,2026-08-25,2026-08-25,13:15,14:30,,「対象 小学生」は2026-08-25に13:15から14:30に浜松アリーナ開催予定です。詳細は出典URLをご確認ください。,,,,,,,浜松アリーナ,浜松市中央区和田町808-1,,34.718025,137.766769,,,,,,,https://hamamatsu-sports.or.jp/item/class_venue_address/higashi-ku/%e9%81%8b%e5%8b%95%e4%bc%9a%e3%82%84%e4%bd%93%e5%8a%9b%e3%83%86%e3%82%b9%e3%83%88%e3%81%ab%e5%90%91%e3%81%91%e3%81%a6%e3%80%81%e6%ad%a3%e3%81%97%e3%81%84%e8%b5%b0%e3%82%8a%e6%96%b9%e3%82%92%e5%ad%a6.html,Web収集: 浜松市スポーツ協会 教室・イベント; source_id=src_c9e59312d4809087; 説明生成=facts_only; ジオコーディング補完: 浜松市中央区和田町808-1,スポーツ教室,中央区,,,,
221309,WEB34da369af5,静岡県,浜松市,対象 18歳以上,,,2026-07-16,2026-08-06,13:30,14:30,,「対象 18歳以上」は2026-07-16から2026-08-06に13:30から14:30に舞阪総合体育館(舞童夢)開催予定です。詳細は出典URLをご確認ください。,,,,053-597-2800,,,舞阪総合体育館(舞童夢),浜松市中央区舞阪町舞阪2623-32,,34.679581,137.612503,,,,,,,https://hamamatsu-sports.or.jp/item/class_venue_address/nishi-ku/%e8%ba%ab%e4%bd%93%e3%81%ae%e3%82%b3%e3%82%a2%e3%81%aa%e9%83%a8%e5%88%86%e3%82%92%e9%8d%9b%e3%81%88%e3%81%a6%e5%8b%95%e3%81%8d%e3%82%84%e3%81%99%e3%81%84%e4%bd%93%e3%82%92%e4%bd%9c%e3%82%8a%e3%81%be-2.html,Web収集: 浜松市スポーツ協会 教室・イベント; source_id=src_c9e59312d4809087; 説明生成=facts_only; ジオコーディング補完: 浜松市中央区舞阪町舞阪2623-32,スポーツ・教室,中央区,,,,
221309,WEBa363d9a3f7,静岡県,浜松市,対象 18歳以上,,,2026-07-16,2026-08-06,10:45,11:45,,「対象 18歳以上」は2026-07-16から2026-08-06に10:45から11:45に舞阪総合体育館(舞童夢)開催予定です。詳細は出典URLをご確認ください。,,,,053-597-2800,,,舞阪総合体育館(舞童夢),浜松市中央区舞阪町舞阪2623-32,,34.679581,137.612503,,,,,,,https://hamamatsu-sports.or.jp/item/class_venue_address/nishi-ku/%e3%83%94%e3%83%a9%e3%83%86%e3%82%a3%e3%82%b9%e3%81%ae%e5%8b%95%e4%bd%9c%e3%82%92%e7%bf%92%e5%be%97%e3%81%99%e3%82%8b%e3%81%93%e3%81%a8%e3%81%a7%e3%80%81%e3%81%8b%e3%82%89%e3%81%a0%e3%81%ae%e3%82%86-8.html,Web収集: 浜松市スポーツ協会 教室・イベント; source_id=src_c9e59312d4809087; 説明生成=facts_only; ジオコーディング補完: 浜松市中央区舞阪町舞阪2623-32,スポーツ・教室,中央区,,,,
221309,WEB9f8916476a,静岡県,浜松市,対象 18歳以上,,,2026-07-16,2026-08-27,09:30,10:30,,「対象 18歳以上」は2026-07-16から2026-08-27に09:30から10:30に舞阪総合体育館(舞童夢)開催予定です。詳細は出典URLをご確認ください。,,,,053-597-2800,,,舞阪総合体育館(舞童夢),浜松市中央区舞阪町舞阪2623-32,,34.679581,137.612503,,,,,,,https://hamamatsu-sports.or.jp/item/class_venue_address/nishi-ku/%e4%bd%93%e3%81%ae%e3%82%86%e3%81%8c%e3%81%bf%e3%82%92%e6%95%b4%e3%81%88%e7%ad%8b%e5%8a%9b%e5%bc%b7%e5%8c%96%ef%bc%81%e5%a7%bf%e5%8b%a2%e3%81%ae%e7%9f%af%e6%ad%a3%e3%82%84%e7%96%b2%e3%82%8c-10.html,Web収集: 浜松市スポーツ協会 教室・イベント; source_id=src_c9e59312d4809087; 説明生成=facts_only; ジオコーディング補完: 浜松市中央区舞阪町舞阪2623-32,スポーツ・教室,中央区,,,,
221309,WEB288d052f39,静岡県,浜松市,対象 18歳以上,,,2026-07-08,2026-09-02,13:30,14:30,,「対象 18歳以上」は2026-07-08から2026-09-02に13:30から14:30に舞阪総合体育館(舞童夢)開催予定です。詳細は出典URLをご確認ください。,,,,053-597-2800,,,舞阪総合体育館(舞童夢),浜松市中央区舞阪町舞阪2623-32,,34.679581,137.612503,,,,,,,https://hamamatsu-sports.or.jp/item/class_venue_address/nishi-ku/%e9%80%b1%e3%81%ab%e4%b8%80%e5%9b%9e%e3%80%81%e3%82%b9%e3%83%88%e3%83%ac%e3%83%83%e3%83%81%e3%81%a8%e3%83%aa%e3%82%ba%e3%83%a0%e4%bd%93%e6%93%8d%e3%81%a7%e9%81%8b%e5%8b%95%e4%b8%8d%e8%b6%b3%e8%a7%a3.html,Web収集: 浜松市スポーツ協会 教室・イベント; source_id=src_c9e59312d4809087; 説明生成=facts_only; ジオコーディング補完: 浜松市中央区舞阪町舞阪2623-32,スポーツ教室,中央区,,,,
221309,WEB7d54027e43,静岡県,浜松市,対象 小学4～6年生、社会人,,,2026-10-07,2026-12-02,18:40,20:30,,「対象 小学4～6年生、社会人」は2026-10-07から2026-12-02に18:40から20:30に可美公園総合センター 体育館開催予定です。詳細は出典URLをご確認ください。,,,,,,,可美公園総合センター 体育館,浜松市中央区増楽町920-2,,34.687073,137.694717,,,,,,,https://hamamatsu-sports.or.jp/item/class_venue_address/minami-ku/%e6%b5%9c%e6%9d%be%e5%8d%93%e7%90%83%e6%95%99%e5%ae%a4-202604.html,Web収集: 浜松市スポーツ協会 教室・イベント; source_id=src_c9e59312d4809087; 説明生成=facts_only,スポーツ・教室,浜松市中央区,,,,
221309,WEB5a8e35686d,静岡県,浜松市,対象 小学生(初心者),,,2026-07-23,2026-08-04,09:00,11:00,,「対象 小学生(初心者)」は2026-07-23から2026-08-04に09:00から11:00に天竜庭球場開催予定です。詳細は出典URLをご確認ください。,,,,053-925-8061,,,天竜庭球場,天竜区山東2311-1,,34.881065,137.828018,,,,,,,https://hamamatsu-sports.or.jp/item/class_venue_address/tenryu-ku/%e3%83%86%e3%83%8b%e3%82%b9%e3%82%92%e9%80%9a%e3%81%97%e3%81%a6%e5%a4%8f%e4%bc%91%e3%81%bf%e4%b8%ad%e3%81%ae%e4%bd%93%e5%8a%9b%e5%a2%97%e9%80%b2%e3%81%a8%e4%bb%96%e6%a0%a1%e3%81%ae%e5%85%90%e7%ab%a5.html,Web収集: 浜松市スポーツ協会 教室・イベント; source_id=src_c9e59312d4809087; 説明生成=facts_only; ジオコーディング補完: 天竜区山東2311-1,スポーツ・教室,中央区,,,,
221309,WEB7da5f11799,静岡県,浜松市,対象 一般,,,2026-07-08,2026-09-02,20:10,21:10,,「対象 一般」は2026-07-08から2026-09-02に20:10から21:10に浜北体育館開催予定です。詳細は出典URLをご確認ください。,,,,053-585-1173,,,浜北体育館,浜松市浜名区西美薗29,,34.793667,137.790085,,,,,,,https://hamamatsu-sports.or.jp/item/class_venue_address/hamakita-ku/%e3%82%b9%e3%83%88%e3%83%ac%e3%83%83%e3%83%81%e3%81%a8%e3%81%8b%e3%82%93%e3%81%9f%e3%82%93%e7%ad%8b%e3%83%88%e3%83%ac%e3%81%a7%e8%ba%ab%e4%bd%93%e3%82%92%e6%95%b4%e3%81%88%e3%81%be%e3%81%97%e3%82%87-6.html,Web収集: 浜松市スポーツ協会 教室・イベント; source_id=src_c9e59312d4809087; 説明生成=facts_only; ジオコーディング補完: 浜松市浜名区西美薗29,スポーツ・教室,中央区,,,,
221309,WEB4e5d7ea729,静岡県,浜松市,対象 一般,,,2026-07-08,2026-09-02,19:00,20:00,,「対象 一般」は2026-07-08から2026-09-02に19:00から20:00に浜北体育館開催予定です。詳細は出典URLをご確認ください。,,,,053-585-1173,,,浜北体育館,浜松市浜名区西美薗29,,34.793667,137.790085,,,,,,,https://hamamatsu-sports.or.jp/item/class_venue_address/hamakita-ku/%e3%83%aa%e3%82%ba%e3%83%a0%e3%81%ab%e3%81%ae%e3%81%9b%e3%81%9f%e5%85%a8%e8%ba%ab%e9%81%8b%e5%8b%95%e3%81%a8%e3%80%81%e3%81%8b%e3%82%93%e3%81%9f%e3%82%93%e7%ad%8b%e3%83%88%e3%83%ac%e7%ad%89%e3%81%a7-6.html,Web収集: 浜松市スポーツ協会 教室・イベント; source_id=src_c9e59312d4809087; 説明生成=facts_only; ジオコーディング補完: 浜松市浜名区西美薗29,スポーツ・教室,中央区,,,,
221309,WEB43af77c63a,静岡県,浜松市,対象 50歳以上の女性,,,2026-07-07,2026-09-01,13:30,14:30,,「対象 50歳以上の女性」は2026-07-07から2026-09-01に13:30から14:30に浜北体育館開催予定です。詳細は出典URLをご確認ください。,,,,053-585-1173,,,浜北体育館,浜松市浜名区西美薗29,,34.793667,137.790085,,,,,,,https://hamamatsu-sports.or.jp/item/class_venue_address/hamakita-ku/%e6%9b%b4%e5%b9%b4%e6%9c%9f%e7%97%87%e7%8a%b6%e3%81%a8%e8%87%aa%e5%88%86%e3%81%ae%e8%ba%ab%e4%bd%93%e3%82%92%e7%9f%a5%e3%81%a3%e3%81%a6%e3%80%81%e6%a5%bd%e3%81%97%e3%81%84%e5%b9%b8-9.html,Web収集: 浜松市スポーツ協会 教室・イベント; source_id=src_c9e59312d4809087; 説明生成=facts_only; ジオコーディング補完: 浜松市浜名区西美薗29,スポーツ・教室,中央区,,,,
221309,WEBa6a46cecb1,静岡県,浜松市,対象 小学生,,,2026-07-09,2026-09-03,17:15,18:45,,「対象 小学生」は2026-07-09から2026-09-03に17:15から18:45に明神池運動公園（庭球場）開催予定です。詳細は出典URLをご確認ください。,,,,053-585-1222,,,明神池運動公園（庭球場）,浜松市浜名区宮口391-5,,34.832928,137.764542,,,,,,,https://hamamatsu-sports.or.jp/item/class_venue_address/hamakita-ku/%e7%a1%ac%e5%bc%8f%e3%83%86%e3%83%8b%e3%82%b9%e3%82%92%e9%80%9a%e3%81%97%e3%81%a6%e3%82%b9%e3%83%9d%e3%83%bc%e3%83%84%e3%82%92%e5%a5%bd%e3%81%8d%e3%81%ab%e3%81%aa%e3%82%8d%e3%81%86%ef%bc%81.html,Web収集: 浜松市スポーツ協会 教室・イベント; source_id=src_c9e59312d4809087; 説明生成=facts_only,スポーツ教室,中央区,,,,
221309,WEB9b61176ab5,静岡県,浜松市,対象 小学4～6年生 ＊中学生(初心者)可,,,2026-07-09,2026-09-03,19:10,20:30,,「対象 小学4～6年生 ＊中学生(初心者)可」は2026-07-09から2026-09-03に19:10から20:30に明神池運動公園（庭球場）開催予定です。詳細は出典URLをご確認ください。,,,,053-585-1222,,,明神池運動公園（庭球場）,浜松市浜名区宮口391-5,,34.832928,137.764542,,,,,,,https://hamamatsu-sports.or.jp/item/class_venue_address/hamakita-ku/%e3%82%bd%e3%83%95%e3%83%88%e3%83%86%e3%83%8b%e3%82%b9%e3%82%92%e9%80%9a%e3%81%97%e3%81%a6%e3%82%b9%e3%83%9d%e3%83%bc%e3%83%84%e3%82%92%e5%a5%bd%e3%81%8d%e3%81%ab%e3%81%aa%e3%82%8d%e3%81%86%ef%bc%81.html,Web収集: 浜松市スポーツ協会 教室・イベント; source_id=src_c9e59312d4809087; 説明生成=facts_only,スポーツ教室,中央区,,,,
221309,WEB38ff0ab7c8,静岡県,浜松市,対象 小学1～4年生,,,2026-07-27,2026-08-03,17:30,18:45,,「対象 小学1～4年生」は2026-07-27から2026-08-03に17:30から18:45にサーラグリーンフィールド (浜北平口サッカー場)開催予定です。詳細は出典URLをご確認ください。,,,,053-585-1222,,,サーラグリーンフィールド (浜北平口サッカー場),浜松市浜北区平口3071-1,,34.791546,137.783157,,,,,,,https://hamamatsu-sports.or.jp/item/class_venue_address/hamakita-ku/%e5%ba%83%e3%81%84%e3%82%b0%e3%83%a9%e3%82%a6%e3%83%b3%e3%83%89%e3%81%a7%e6%a5%bd%e3%81%97%e3%81%8f%e5%8b%95%e3%81%84%e3%81%a6%e3%82%b9%e3%83%9d%e3%83%bc%e3%83%84%e3%82%92%e3%82%82%e3%81%a3%e3%81%a8.html,Web収集: 浜松市スポーツ協会 教室・イベント; source_id=src_c9e59312d4809087; 説明生成=facts_only; ジオコーディング補完: 浜松市浜北区平口3071-1,スポーツ教室,中央区,,,,
221309,WEB05b5360e47,静岡県,浜松市,対象 40～60歳男性,,,2026-08-22,2026-08-22,19:30,20:15,,「対象 40～60歳男性」は2026-08-22に19:30から20:15に浜松アリーナ開催予定です。詳細は出典URLをご確認ください。,,,,,,,浜松アリーナ,浜松市中央区和田町808-1,,34.718025,137.766769,,,,,,,https://hamamatsu-sports.or.jp/item/class_venue_address/higashi-ku/%e3%80%90%e6%96%b0%e8%a6%8f%e6%95%99%e5%ae%a4%e3%80%91%e7%94%b7%e6%80%a7%e9%99%90%e5%ae%9a%ef%bc%81%ef%bc%81%e7%ad%8b%e5%8a%9b%e3%82%a2%e3%83%83%e3%83%97%e3%80%81%e5%81%a5%e5%ba%b7%e3%81%a5%e3%81%8f.html,Web収集: 浜松市スポーツ協会 教室・イベント; source_id=src_c9e59312d4809087; 説明生成=facts_only; ジオコーディング補完: 浜松市中央区和田町808-1,スポーツ教室,中央区,,,,
221309,WEB99f2f4888e,静岡県,浜松市,対象 年中・年長 ／ 小学1~2年生,,,2026-08-23,2026-08-23,09:30,10:20,,「対象 年中・年長 ／ 小学1~2年生」は2026-08-23に09:30から10:20に浜松アリーナ開催予定です。詳細は出典URLをご確認ください。,,,,053-461-1111,,,浜松アリーナ,浜松市中央区和田町808-1,,34.718025,137.766769,,,,,,,https://hamamatsu-sports.or.jp/item/class_venue_address/higashi-ku/%e8%8b%a6%e6%89%8b%e6%84%8f%e8%ad%98%e3%81%ae%e3%81%82%e3%82%8b%e3%83%9e%e3%83%83%e3%83%88%e3%82%92%e3%80%81%e8%a6%96%e7%82%b9%e3%82%92%e5%a4%89%e3%81%88%e3%81%9f%e3%82%a2%e3%83%97%e3%83%ad%e3%83%bc-2.html,Web収集: 浜松市スポーツ協会 教室・イベント; source_id=src_c9e59312d4809087; 説明生成=facts_only; ジオコーディング補完: 浜松市中央区和田町808-1,スポーツ・教室,中央区,,,,
221309,WEBcc4fd0cdcc,静岡県,浜松市,対象 3～18歳（高校生まで）,,,2026-08-01,2026-08-01,13:30,16:00,,「対象 3～18歳（高校生まで）」は2026-08-01に13:30から16:00に遠州灘海浜公園 相撲場開催予定です。詳細は出典URLをご確認ください。,,,,,,,遠州灘海浜公園 相撲場,浜松市中央区中田島町1674,,34.665016,137.741699,,,,,,,https://hamamatsu-sports.or.jp/item/class_venue_address/minami-ku/%e5%9b%bd%e6%8a%80%e3%81%a7%e3%81%82%e3%82%8b%e7%9b%b8%e6%92%b2%e3%82%92%e9%80%9a%e3%81%98%e3%81%a6%e3%80%81%e7%a4%bc%e5%84%80%e3%82%84%e6%80%9d%e3%81%84%e3%82%84%e3%82%8a%e3%80%81%e6%b0%97-12.html,Web収集: 浜松市スポーツ協会 教室・イベント; source_id=src_c9e59312d4809087; 説明生成=facts_only,スポーツ・教室,中央区,,,,
221309,WEB9a19042b40,静岡県,浜松市,対象 5歳以上,,,2026-08-04,2026-08-04,19:00,21:00,,「対象 5歳以上」は2026-08-04に19:00から21:00に浜松蒲道院開催予定です。詳細は出典URLをご確認ください。,,,,,,,浜松蒲道院,浜松市中央区上西町37-1,,34.720146,137.752563,,,,,,,https://hamamatsu-sports.or.jp/item/class_venue_address/kita-ku/%e5%b0%91%e6%9e%97%e5%af%ba%e6%8b%b3%e6%b3%95%e3%82%92%e4%bd%93%e9%a8%93%e3%81%97%e3%81%a6%e3%81%bf%e3%82%88%e3%81%86%ef%bc%81-29.html,Web収集: 浜松市スポーツ協会 教室・イベント; source_id=src_c9e59312d4809087; 説明生成=facts_only; ジオコーディング補完: 浜松市中央区上西町37-1,スポーツ・教室,中央区,,,,
221309,WEB1aaa6ed69d,静岡県,浜松市,対象 小学5年生以上,,,2026-08-08,2026-11-14,10:00,12:00,,「対象 小学5年生以上」は2026-08-08から2026-11-14に10:00から12:00に毎日ボウル芳川開催予定です。詳細は出典URLをご確認ください。,,,,,,,毎日ボウル芳川,浜松市中央区四本松町460-11,,34.685257,137.766617,,,,,,,https://hamamatsu-sports.or.jp/item/class_venue_address/minami-ku/%e5%81%a5%e5%ba%b7%e3%81%ab%e3%83%9c%e3%82%a6%e3%83%aa%e3%83%b3%e3%82%b0%e3%80%81%e3%82%b9%e3%83%9d%e3%83%bc%e3%83%84%e3%81%ab%e3%83%9c%e3%82%a6%e3%83%aa%e3%83%b3%e3%82%b0%e3%80%80%e3%81%bc%e3%81%a1-6.html,Web収集: 浜松市スポーツ協会 教室・イベント; source_id=src_c9e59312d4809087; 説明生成=facts_only; ジオコーディング補完: 浜松市中央区四本松町460-11,スポーツ教室,中央区,,,,
221309,WEB8b8d69dd2d,静岡県,浜松市,対象 小学生（剣道未経験者）,,,2026-08-07,2026-08-07,10:00,12:00,,「対象 小学生（剣道未経験者）」は2026-08-07に10:00から12:00に浜松剣道連盟道場開催予定です。詳細は出典URLをご確認ください。,,,,,,,浜松剣道連盟道場,浜松市中央区鴨江3-64-21,,34.706413,137.70784,,,,,,,https://hamamatsu-sports.or.jp/item/class_venue_address/naka-ku/%e6%a5%bd%e3%81%97%e3%81%8f%e5%89%a3%e9%81%93%e3%82%92%e5%ad%a6%e3%81%b3%e3%80%81%e7%a4%bc%e5%84%80%e6%ad%a3%e3%81%97%e3%81%8f%e3%80%81%e5%bf%83%e8%ba%ab%e3%81%a8%e3%82%82%e3%81%ab%e5%bc%b7%e3%81%8f-3.html,Web収集: 浜松市スポーツ協会 教室・イベント; source_id=src_c9e59312d4809087; 説明生成=facts_only; ジオコーディング補完: 浜松市中央区鴨江3-64-21,スポーツ・教室,中央区,,,,
221309,WEB135b61e879,静岡県,浜松市,対象 小学生（剣道未経験者）,,,2026-07-24,2026-07-24,10:00,12:00,,「対象 小学生（剣道未経験者）」は2026-07-24に10:00から12:00に浜松剣道連盟道場開催予定です。詳細は出典URLをご確認ください。,,,,,,,浜松剣道連盟道場,浜松市中央区鴨江3-64-21,,34.706413,137.70784,,,,,,,https://hamamatsu-sports.or.jp/item/class_venue_address/naka-ku/%e6%a5%bd%e3%81%97%e3%81%8f%e5%89%a3%e9%81%93%e3%82%92%e5%ad%a6%e3%81%b3%e3%80%81%e7%a4%bc%e5%84%80%e6%ad%a3%e3%81%97%e3%81%8f%e3%80%81%e5%bf%83%e8%ba%ab%e3%81%a8%e3%82%82%e3%81%ab%e5%bc%b7%e3%81%8f-2.html,Web収集: 浜松市スポーツ協会 教室・イベント; source_id=src_c9e59312d4809087; 説明生成=facts_only; ジオコーディング補完: 浜松市中央区鴨江3-64-21,スポーツ・教室,中央区,,,,
221309,WEBef76b37dfa,静岡県,浜松市,対象 高校生以上,,,2026-04-05,2026-09-06,18:00,20:00,,「対象 高校生以上」は2026-04-05から2026-09-06に18:00から20:00に可美協働センター ホール開催予定です。詳細は出典URLをご確認ください。,,,,053-461-1111,,,可美協働センター ホール,浜松市中央区和田町808-1,,34.705228,137.730166,,,,,,,https://hamamatsu-sports.or.jp/item/class_venue_address/minami-ku/%e7%a4%be%e4%ba%a4%e3%83%80%e3%83%b3%e3%82%b9%e6%95%99%e5%ae%a4%ef%bc%88%e5%8f%af%e7%be%8e%ef%bc%89-202604.html,Web収集: 浜松市スポーツ協会 教室・イベント; source_id=src_c9e59312d4809087; 説明生成=facts_only,スポーツ・教室,中央区,,,,
221309,WEB4e7b1a7495,静岡県,浜松市,対象 小学生～成人,,,2026-08-10,2026-10-05,19:00,20:00,,「対象 小学生～成人」は2026-08-10から2026-10-05に19:00から20:00に引佐総合体育館 柔道場開催予定です。詳細は出典URLをご確認ください。,,,,,,,引佐総合体育館 柔道場,浜松市浜名区引佐町横尾500,,34.835167,137.66304,,,,,,,https://hamamatsu-sports.or.jp/item/class_venue_address/kita-ku/%e5%bc%95%e4%bd%90%e5%90%88%e6%b0%97%e9%81%93%e6%95%99%e5%ae%a4-2026.html,Web収集: 浜松市スポーツ協会 教室・イベント; source_id=src_c9e59312d4809087; 説明生成=facts_only; ジオコーディング補完: 浜松市浜名区引佐町横尾500,スポーツ・教室,中央区,,,,
221309,WEB5aa32e126c,静岡県,浜松市,対象 小学生～成人,,,2026-08-06,2026-10-01,19:00,20:00,,「対象 小学生～成人」は2026-08-06から2026-10-01に19:00から20:00に浜北武道館開催予定です。詳細は出典URLをご確認ください。,,,,,,,浜北武道館,浜松市浜名区竜南26,,34.784817,137.814621,,,,,,,https://hamamatsu-sports.or.jp/item/class_venue_address/hamakita-ku/%e6%b5%9c%e5%8c%97%e5%90%88%e6%b0%97%e9%81%93%e6%95%99%e5%ae%a4-2026.html,Web収集: 浜松市スポーツ協会 教室・イベント; source_id=src_c9e59312d4809087; 説明生成=facts_only; ジオコーディング補完: 浜松市浜名区竜南26,スポーツ・教室,中央区,,,,
221309,WEBd6377dd31f,静岡県,浜松市,対象 小学生～成人,,,2026-08-04,2026-10-06,19:00,20:00,,「対象 小学生～成人」は2026-08-04から2026-10-06に19:00から20:00に天竜武道館開催予定です。詳細は出典URLをご確認ください。,,,,,,,天竜武道館,浜松市天竜区二俣町二俣557-1,,34.872311,137.813278,,,,,,,https://hamamatsu-sports.or.jp/item/class_venue_address/tenryu-ku/%e5%a4%a9%e7%ab%9c%e5%90%88%e6%b0%97%e9%81%93-2026.html,Web収集: 浜松市スポーツ協会 教室・イベント; source_id=src_c9e59312d4809087; 説明生成=facts_only; ジオコーディング補完: 浜松市天竜区二俣町二俣557-1,スポーツ・教室,中央区,,,,
221309,WEB957b894fe3,静岡県,浜松市,対象 朝コース：成人 ／ 夜コース：小学生～成人,,,2026-08-06,2026-10-02,11:00,13:00,,「対象 朝コース：成人 ／ 夜コース：小学生～成人」は2026-08-06から2026-10-02に11:00から13:00に浜松市武道館開催予定です。詳細は出典URLをご確認ください。,,,,,,,浜松市武道館,浜松市中央区西浅田2-3-1,,34.696167,137.725021,,,,,,,https://hamamatsu-sports.or.jp/item/class_venue_address/naka-ku/%e5%90%88%e6%b0%97%e9%81%93%e6%95%99%e5%ae%a4-2026.html,Web収集: 浜松市スポーツ協会 教室・イベント; source_id=src_c9e59312d4809087; 説明生成=facts_only; ジオコーディング補完: 浜松市中央区西浅田2-3-1,スポーツ・教室,中央区,,,,
221309,WEB40f5fa6425,静岡県,浜松市,対象 指導者を目指している方、年間を通じて所定の単位を取得できる方（年12回、原則として1年間で32単位以上取得で修了）,,,2026-04-15,2027-02-17,19:00,20:30,,「対象 指導者を目指している方、年間を通じて所定の単位を取得できる方（年12回、原則として1年間で32単位以上取得で修了）」は2026-04-15から2027-02-17に19:00から20:30に浜松アリーナ開催予定です。詳細は出典URLをご確認ください。,,,,,,,浜松アリーナ,浜松市中央区和田町808-1,,34.718025,137.766769,,,,,,,https://hamamatsu-sports.or.jp/item/class_venue_address/higashi-ku/%e4%bb%a4%e5%92%8c8%e5%b9%b4%e5%ba%a6%e6%b5%9c%e6%9d%be%e5%b8%82%e5%9c%b0%e5%9f%9f%e3%82%b9%e3%83%9d%e3%83%bc%e3%83%84%e6%8c%87%e5%b0%8e%e8%80%85%e9%a4%8a%e6%88%90%e8%ac%9b%e7%bf%92%e4%bc%9a.html,Web収集: 浜松市スポーツ協会 教室・イベント; source_id=src_c9e59312d4809087; 説明生成=facts_only; ジオコーディング補完: 浜松市中央区和田町808-1,スポーツ教室,中央区,,,,
221309,WEBf38082edf4,静岡県,浜松市,対象 ［木曜コース］一般 / ［土曜コース］中学生以上,,,2026-04-02,2026-09-05,10:00,12:00,,「対象 ［木曜コース］一般 / ［土曜コース］中学生以上」は2026-04-02から2026-09-05に10:00から12:00に浜松アリーナ開催予定です。詳細は出典URLをご確認ください。,,,,053-461-1111,,,浜松アリーナ,浜松市中央区和田町808-1,,34.718025,137.766769,,,,,,,https://hamamatsu-sports.or.jp/item/class_venue_address/higashi-ku/%e7%a4%be%e4%ba%a4%e3%83%80%e3%83%b3%e3%82%b9%e6%95%99%e5%ae%a4%ef%bc%88%e6%9c%a8%e6%9b%9c-%e5%9c%9f%e6%9b%9c%ef%bc%89-202604.html,Web収集: 浜松市スポーツ協会 教室・イベント; source_id=src_c9e59312d4809087; 説明生成=facts_only; ジオコーディング補完: 浜松市中央区和田町808-1,スポーツ・教室,中央区,,,,
221309,WEB47c1f295c7,静岡県,浜松市,対象 中学生以上,,,2026-06-06,2026-09-06,13:30,14:55,,「対象 中学生以上」は2026-06-06から2026-09-06に13:30から14:55に浜松アリーナ開催予定です。詳細は出典URLをご確認ください。,,,,053-461-1111,,,浜松アリーナ,浜松市中央区和田町808-1,,34.718025,137.766769,,,,,,,https://hamamatsu-sports.or.jp/item/class_venue_address/higashi-ku/%e5%81%a5%e5%ba%b7%e5%a2%97%e9%80%b2%ef%bc%81%e5%a4%aa%e6%a5%b5%e6%8b%b3%e6%8a%80%e8%83%bd%e5%90%91%e4%b8%8a%ef%bc%81-10.html,Web収集: 浜松市スポーツ協会 教室・イベント; source_id=src_c9e59312d4809087; 説明生成=facts_only; ジオコーディング補完: 浜松市中央区和田町808-1,スポーツ・教室,中央区,,,,
221309,WEBa06b3974af,静岡県,浜松市,対象 16歳以上,,,2026-07-07,2026-09-01,09:30,10:30,,「対象 16歳以上」は2026-07-07から2026-09-01に09:30から10:30に浜松アリーナ開催予定です。詳細は出典URLをご確認ください。,,,,,,,浜松アリーナ,浜松市中央区和田町808-1,,34.718025,137.766769,,,,,,,https://hamamatsu-sports.or.jp/item/class_venue_address/higashi-ku/%e3%82%a4%e3%83%b3%e3%83%8a%e3%83%bc%e3%83%9e%e3%83%83%e3%82%b9%e3%83%ab%e3%82%92%e9%8d%9b%e3%81%88%e5%bf%83%e8%ba%ab%e3%81%ae%e5%86%85%e9%83%a8%e3%81%8b%e3%82%89%e6%95%b4%e3%81%88%e3%82%88%e3%81%86.html,Web収集: 浜松市スポーツ協会 教室・イベント; source_id=src_c9e59312d4809087; 説明生成=facts_only; ジオコーディング補完: 浜松市中央区和田町808-1,スポーツ・教室,中央区,,,,
221309,WEB7b48415c92,静岡県,浜松市,対象 16歳以上,,,2026-07-01,2026-09-02,20:15,21:05,,「対象 16歳以上」は2026-07-01から2026-09-02に20:15から21:05に浜松アリーナ開催予定です。詳細は出典URLをご確認ください。,,,,,,,浜松アリーナ,浜松市中央区和田町808-1,,34.718025,137.766769,,,,,,,https://hamamatsu-sports.or.jp/item/class_venue_address/higashi-ku/%e3%82%86%e3%81%a3%e3%81%8f%e3%82%8a%e5%91%bc%e5%90%b8%e3%81%a7%e5%bf%83%e8%ba%ab%e3%81%ae%e3%83%90%e3%83%a9%e3%83%b3%e3%82%b9%e3%82%92%e6%95%b4%e3%81%88%e3%82%88%e3%81%86%ef%bc%81-5.html,Web収集: 浜松市スポーツ協会 教室・イベント; source_id=src_c9e59312d4809087; 説明生成=facts_only; ジオコーディング補完: 浜松市中央区和田町808-1,スポーツ・教室,中央区,,,,
221309,WEB5eadc66321,静岡県,浜松市,対象 16歳以上,,,2026-07-08,2026-09-02,09:30,10:30,,「対象 16歳以上」は2026-07-08から2026-09-02に09:30から10:30に浜松アリーナ開催予定です。詳細は出典URLをご確認ください。,,,,,,,浜松アリーナ,浜松市中央区和田町808-1,,34.718025,137.766769,,,,,,,https://hamamatsu-sports.or.jp/item/class_venue_address/higashi-ku/%e3%82%a4%e3%83%b3%e3%83%8a%e3%83%bc%e3%83%9e%e3%83%83%e3%82%b9%e3%83%ab%e3%82%92%e9%8d%9b%e3%81%88%e3%80%81%e3%82%86%e3%81%a3%e3%81%8f%e3%82%8a%e5%91%bc%e5%90%b8%e3%81%a7%e5%bf%83%e8%ba%ab%e3%81%ae.html,Web収集: 浜松市スポーツ協会 教室・イベント; source_id=src_c9e59312d4809087; 説明生成=facts_only; ジオコーディング補完: 浜松市中央区和田町808-1,スポーツ・教室,中央区,,,,
221309,WEB964eff45e3,静岡県,浜松市,対象 16歳以上,,,2026-07-07,2026-09-01,13:30,14:20,,「対象 16歳以上」は2026-07-07から2026-09-01に13:30から14:20に浜松アリーナ開催予定です。詳細は出典URLをご確認ください。,,,,,,,浜松アリーナ,浜松市中央区和田町808-1,,34.718025,137.766769,,,,,,,https://hamamatsu-sports.or.jp/item/class_venue_address/higashi-ku/%e3%82%a4%e3%83%b3%e3%83%8a%e3%83%bc%e3%83%9e%e3%83%83%e3%82%b9%e3%83%ab%e3%82%92%e9%8d%9b%e3%81%88%e3%80%81%e5%bf%83%e8%ba%ab%e3%81%ae%e5%86%85%e9%83%a8%e3%81%8b%e3%82%89%e6%95%b4%e3%81%88%e3%82%88-2.html,Web収集: 浜松市スポーツ協会 教室・イベント; source_id=src_c9e59312d4809087; 説明生成=facts_only; ジオコーディング補完: 浜松市中央区和田町808-1,スポーツ・教室,中央区,,,,
221309,WEB3fffcaa6bf,静岡県,浜松市,対象 16歳以上,,,2026-07-07,2026-09-01,19:00,19:50,,「対象 16歳以上」は2026-07-07から2026-09-01に19:00から19:50に浜松アリーナ開催予定です。詳細は出典URLをご確認ください。,,,,,,,浜松アリーナ,浜松市中央区和田町808-1,,34.718025,137.766769,,,,,,,https://hamamatsu-sports.or.jp/item/class_venue_address/higashi-ku/%e3%82%a4%e3%83%b3%e3%83%8a%e3%83%bc%e3%83%9e%e3%83%83%e3%82%b9%e3%83%ab%e3%82%92%e9%8d%9b%e3%81%88%e3%80%81%e5%bf%83%e8%ba%ab%e3%81%ae%e5%86%85%e9%83%a8%e3%81%8b%e3%82%89%e6%95%b4%e3%81%88%e3%82%88.html,Web収集: 浜松市スポーツ協会 教室・イベント; source_id=src_c9e59312d4809087; 説明生成=facts_only; ジオコーディング補完: 浜松市中央区和田町808-1,スポーツ・教室,中央区,,,,
221309,WEBdb8ef8c4f4,静岡県,浜松市,対象 16歳以上,,,2026-07-07,2026-09-01,10:45,11:35,,「対象 16歳以上」は2026-07-07から2026-09-01に10:45から11:35に浜松アリーナ開催予定です。詳細は出典URLをご確認ください。,,,,,,,浜松アリーナ,浜松市中央区和田町808-1,,34.718025,137.766769,,,,,,,https://hamamatsu-sports.or.jp/item/class_venue_address/higashi-ku/%e3%83%aa%e3%82%ba%e3%83%a0%e3%81%ae%e5%90%88%e3%82%8f%e3%81%9b%e3%81%a6%e4%bd%93%e3%82%92%e5%8b%95%e3%81%8b%e3%81%97%e3%80%81%e5%bf%83%e8%ba%ab%e3%81%a8%e3%82%82%e3%81%ab%e3%83%aa%e3%83%95%e3%83%ac.html,Web収集: 浜松市スポーツ協会 教室・イベント; source_id=src_c9e59312d4809087; 説明生成=facts_only; ジオコーディング補完: 浜松市中央区和田町808-1,スポーツ・教室,中央区,,,,
221309,WEBa7fecf0708,静岡県,浜松市,対象 16歳以上,,,2026-07-08,2026-09-02,10:40,11:40,,「対象 16歳以上」は2026-07-08から2026-09-02に10:40から11:40に浜松アリーナ開催予定です。詳細は出典URLをご確認ください。,,,,,,,浜松アリーナ,浜松市中央区和田町808-1,,34.718025,137.766769,,,,,,,https://hamamatsu-sports.or.jp/item/class_venue_address/higashi-ku/%e3%83%aa%e3%82%ba%e3%83%a0%e3%81%ab%e5%90%88%e3%82%8f%e3%81%9b%e5%bf%83%e8%ba%ab%e3%81%a8%e3%82%82%e3%81%ab%e3%83%aa%e3%83%95%e3%83%ac%e3%83%83%e3%82%b7%e3%83%a5%ef%bc%81-4.html,Web収集: 浜松市スポーツ協会 教室・イベント; source_id=src_c9e59312d4809087; 説明生成=facts_only; ジオコーディング補完: 浜松市中央区和田町808-1,スポーツ・教室,中央区,,,,
221309,WEBc800425727,静岡県,浜松市,対象 16歳以上,,,2026-07-18,2026-09-05,13:30,14:30,,「対象 16歳以上」は2026-07-18から2026-09-05に13:30から14:30に浜松アリーナ開催予定です。詳細は出典URLをご確認ください。,,,,,,,浜松アリーナ,浜松市中央区和田町808-1,,34.718025,137.766769,,,,,,,https://hamamatsu-sports.or.jp/item/class_venue_address/higashi-ku/%e3%82%86%e3%81%a3%e3%81%8f%e3%82%8a%e5%91%bc%e5%90%b8%e3%81%a7%e5%bf%83%e8%ba%ab%e3%81%ae%e3%83%90%e3%83%a9%e3%83%b3%e3%82%b9%e3%82%92%e6%95%b4%e3%81%88%e3%82%88%e3%81%86%ef%bc%81-4.html,Web収集: 浜松市スポーツ協会 教室・イベント; source_id=src_c9e59312d4809087; 説明生成=facts_only; ジオコーディング補完: 浜松市中央区和田町808-1,スポーツ・教室,中央区,,,,
221309,WEBa5bd59c314,静岡県,浜松市,対象 16歳以上,,,2026-07-09,2026-09-03,20:10,21:10,,「対象 16歳以上」は2026-07-09から2026-09-03に20:10から21:10に浜松アリーナ開催予定です。詳細は出典URLをご確認ください。,,,,,,,浜松アリーナ,浜松市中央区和田町808-1,,34.718025,137.766769,,,,,,,https://hamamatsu-sports.or.jp/item/class_venue_address/higashi-ku/%e9%9f%b3%e6%a5%bd%e3%81%ab%e5%90%88%e3%82%8f%e3%81%9b%e3%81%a6%e6%9c%89%e9%85%b8%e7%b4%a0%e9%81%8b%e5%8b%95%ef%bc%8b%e7%ad%8b%e5%8a%9b%e3%83%88%e3%83%ac%e3%83%bc%e3%83%8b%e3%83%b3%e3%82%b0%e3%81%a7-3.html,Web収集: 浜松市スポーツ協会 教室・イベント; source_id=src_c9e59312d4809087; 説明生成=facts_only; ジオコーディング補完: 浜松市中央区和田町808-1,スポーツ・教室,中央区,,,,
221309,WEB8a6d9df17e,静岡県,浜松市,対象 16歳以上,,,2026-07-03,2026-09-04,13:30,14:20,,「対象 16歳以上」は2026-07-03から2026-09-04に13:30から14:20に浜松アリーナ開催予定です。詳細は出典URLをご確認ください。,,,,,,,浜松アリーナ,浜松市中央区和田町808-1,,34.718025,137.766769,,,,,,,https://hamamatsu-sports.or.jp/item/class_venue_address/higashi-ku/%e8%ba%ab%e4%bd%93%e3%81%ab%e7%94%9f%e3%81%98%e3%81%a6%e3%81%84%e3%82%8b%e3%82%86%e3%81%8c%e3%81%bf%e3%82%92%e6%ad%a3%e3%81%97%e3%81%8f%e6%95%b4%e3%81%88%e3%81%be%e3%81%97%e3%82%87%e3%81%86%ef%bc%81.html,Web収集: 浜松市スポーツ協会 教室・イベント; source_id=src_c9e59312d4809087; 説明生成=facts_only; ジオコーディング補完: 浜松市中央区和田町808-1,スポーツ・教室,中央区,,,,
221309,WEB5c4e3b065b,静岡県,浜松市,対象 16歳以上,,,2026-07-09,2026-09-03,19:00,20:00,,「対象 16歳以上」は2026-07-09から2026-09-03に19:00から20:00に浜松アリーナ開催予定です。詳細は出典URLをご確認ください。,,,,,,,浜松アリーナ,浜松市中央区和田町808-1,,34.718025,137.766769,,,,,,,https://hamamatsu-sports.or.jp/item/class_venue_address/higashi-ku/%e3%82%b9%e3%83%88%e3%83%ac%e3%83%83%e3%83%81%e3%83%9d%e3%83%bc%e3%83%ab%e3%82%92%e4%bd%bf%e3%81%a3%e3%81%a6%e3%82%ab%e3%83%a9%e3%83%80%e3%82%92%e6%95%b4%e3%81%88%e3%80%81%e6%b0%97%e6%8c%81%e3%81%a1.html,Web収集: 浜松市スポーツ協会 教室・イベント; source_id=src_c9e59312d4809087; 説明生成=facts_only; ジオコーディング補完: 浜松市中央区和田町808-1,スポーツ・教室,中央区,,,,
221309,WEB01cc372994,静岡県,浜松市,対象 16歳以上,,,2026-07-13,2026-09-05,13:30,14:30,,「対象 16歳以上」は2026-07-13から2026-09-05に13:30から14:30に浜松アリーナ開催予定です。詳細は出典URLをご確認ください。,,,,,,,浜松アリーナ,浜松市中央区和田町808-1,,34.718025,137.766769,,,,,,,https://hamamatsu-sports.or.jp/item/class_venue_address/higashi-ku/%e3%82%86%e3%81%a3%e3%81%8f%e3%82%8a%e5%91%bc%e5%90%b8%e3%81%a7%e5%bf%83%e8%ba%ab%e3%81%ae%e3%83%90%e3%83%a9%e3%83%b3%e3%82%b9%e3%82%92%e6%95%b4%e3%81%88%e3%82%88%e3%81%86%ef%bc%81.html,Web収集: 浜松市スポーツ協会 教室・イベント; source_id=src_c9e59312d4809087; 説明生成=facts_only; ジオコーディング補完: 浜松市中央区和田町808-1,スポーツ・教室,中央区,,,,
221309,WEBab0c6934f5,静岡県,浜松市,対象 16歳以上,,,2026-07-03,2026-09-04,19:00,19:50,,「対象 16歳以上」は2026-07-03から2026-09-04に19:00から19:50に浜松アリーナ開催予定です。詳細は出典URLをご確認ください。,,,,,,,浜松アリーナ,浜松市中央区和田町808-1,,34.718025,137.766769,,,,,,,https://hamamatsu-sports.or.jp/item/class_venue_address/higashi-ku/%e3%83%ac%e3%83%99%e3%83%ab%e3%82%a2%e3%83%83%e3%83%97%e3%81%97%e3%81%9f%e3%83%a8%e3%82%ac%e3%81%a8%e5%91%bc%e5%90%b8%e3%81%ab%e6%84%8f%e8%ad%98%e3%82%92%e5%90%91%e3%81%91%e3%81%a6%e5%bf%83%e8%ba%ab.html,Web収集: 浜松市スポーツ協会 教室・イベント; source_id=src_c9e59312d4809087; 説明生成=facts_only; ジオコーディング補完: 浜松市中央区和田町808-1,スポーツ・教室,中央区,,,,
221309,WEB57e7db51bf,静岡県,浜松市,対象 16歳以上,,,2026-07-03,2026-09-04,09:30,10:30,,「対象 16歳以上」は2026-07-03から2026-09-04に09:30から10:30に浜松アリーナ開催予定です。詳細は出典URLをご確認ください。,,,,,,,浜松アリーナ,浜松市中央区和田町808-1,,34.718025,137.766769,,,,,,,https://hamamatsu-sports.or.jp/item/class_venue_address/higashi-ku/%e9%9f%b3%e6%a5%bd%e3%81%ab%e5%90%88%e3%82%8f%e3%81%9b%e3%81%a6%e6%a5%bd%e3%81%97%e3%81%8f%e4%bd%93%e3%82%92%e5%8b%95%e3%81%8b%e3%81%9d%e3%81%86%ef%bc%81-12.html,Web収集: 浜松市スポーツ協会 教室・イベント; source_id=src_c9e59312d4809087; 説明生成=facts_only; ジオコーディング補完: 浜松市中央区和田町808-1,スポーツ・教室,中央区,,,,
221309,WEB6486c1f74f,静岡県,浜松市,対象 16歳以上,,,2026-07-03,2026-09-04,20:10,21:00,,「対象 16歳以上」は2026-07-03から2026-09-04に20:10から21:00に浜松アリーナ開催予定です。詳細は出典URLをご確認ください。,,,,,,,浜松アリーナ,浜松市中央区和田町808-1,,34.718025,137.766769,,,,,,,https://hamamatsu-sports.or.jp/item/class_venue_address/higashi-ku/%e9%aa%a8%e7%9b%a4%e3%81%8b%e3%82%89%e8%83%8c%e9%aa%a8%e3%82%84%e8%82%a9%e7%94%b2%e9%aa%a8%e3%81%ae%e6%ad%aa%e3%81%bf%e3%82%92%e6%95%b4%e3%81%88%e3%81%a6%e5%bf%83%e8%ba%ab%e3%81%a8%e3%82%82%e3%81%ab.html,Web収集: 浜松市スポーツ協会 教室・イベント; source_id=src_c9e59312d4809087; 説明生成=facts_only; ジオコーディング補完: 浜松市中央区和田町808-1,スポーツ・教室,中央区,,,,
221309,WEB461278444b,静岡県,浜松市,対象 4歳～小学3年生 ／ 小学1～6年生,,,2026-07-07,2026-09-01,16:15,17:15,,「対象 4歳～小学3年生 ／ 小学1～6年生」は2026-07-07から2026-09-01に16:15から17:15に浜松アリーナ開催予定です。詳細は出典URLをご確認ください。,,,,,,,浜松アリーナ,浜松市中央区和田町808-1,,34.718025,137.766769,,,,,,,https://hamamatsu-sports.or.jp/item/class_venue_address/higashi-ku/%e3%83%aa%e3%82%ba%e3%83%a0%e3%81%ab%e3%81%82%e3%82%8f%e3%81%9b%e3%81%a6%e4%bd%93%e3%82%92%e5%8b%95%e3%81%8b%e3%81%97%e3%81%a6%e3%81%bf%e3%82%88%e3%81%86%ef%bc%81-8.html,Web収集: 浜松市スポーツ協会 教室・イベント; source_id=src_c9e59312d4809087; 説明生成=facts_only; ジオコーディング補完: 浜松市中央区和田町808-1,スポーツ・教室,中央区,,,,
221309,WEBa2e5f7b41c,静岡県,浜松市,対象 16歳以上,,,2026-07-01,2026-09-02,19:10,19:55,,「対象 16歳以上」は2026-07-01から2026-09-02に19:10から19:55に浜松アリーナ開催予定です。詳細は出典URLをご確認ください。,,,,,,,浜松アリーナ,浜松市中央区和田町808-1,,34.718025,137.766769,,,,,,,https://hamamatsu-sports.or.jp/item/class_venue_address/higashi-ku/%e3%83%aa%e3%82%ba%e3%83%a0%e3%81%ab%e5%90%88%e3%82%8f%e3%81%9b%e5%bf%83%e8%ba%ab%e3%81%a8%e3%82%82%e3%81%ab%e3%83%aa%e3%83%95%e3%83%ac%e3%83%83%e3%82%b7%e3%83%a5%ef%bc%81-3.html,Web収集: 浜松市スポーツ協会 教室・イベント; source_id=src_c9e59312d4809087; 説明生成=facts_only; ジオコーディング補完: 浜松市中央区和田町808-1,スポーツ・教室,中央区,,,,
221309,WEB8ee4f5c0e4,静岡県,浜松市,対象 16歳以上,,,2026-07-18,2026-09-05,09:30,10:30,,「対象 16歳以上」は2026-07-18から2026-09-05に09:30から10:30に浜松アリーナ開催予定です。詳細は出典URLをご確認ください。,,,,,,,浜松アリーナ,浜松市中央区和田町808-1,,34.718025,137.766769,,,,,,,https://hamamatsu-sports.or.jp/item/class_venue_address/higashi-ku/%e3%82%b9%e3%83%86%e3%83%83%e3%83%97%e5%8f%b0%e3%82%92%e4%bd%bf%e3%81%a3%e3%81%9f%e6%9c%89%e9%85%b8%e7%b4%a0%e9%81%8b%e5%8b%95%e3%81%a7%e5%bf%83%e8%ba%ab%e3%81%a8%e3%82%82%e3%81%ab%e3%83%aa%e3%83%95-3.html,Web収集: 浜松市スポーツ協会 教室・イベント; source_id=src_c9e59312d4809087; 説明生成=facts_only; ジオコーディング補完: 浜松市中央区和田町808-1,スポーツ・教室,中央区,,,,
221309,WEB8c1c0d972d,静岡県,浜松市,対象 16歳以上,,,2026-07-01,2026-09-09,14:00,15:00,,「対象 16歳以上」は2026-07-01から2026-09-09に14:00から15:00に浜松アリーナ開催予定です。詳細は出典URLをご確認ください。,,,,,,,浜松アリーナ,浜松市中央区和田町808-1,,34.718025,137.766769,,,,,,,https://hamamatsu-sports.or.jp/item/class_venue_address/higashi-ku/%e3%83%aa%e3%82%ba%e3%83%a0%e3%81%ab%e5%90%88%e3%82%8f%e3%81%9b%e5%bf%83%e8%ba%ab%e3%81%a8%e3%82%82%e3%81%ab%e3%83%aa%e3%83%95%e3%83%ac%e3%83%83%e3%82%b7%e3%83%a5%ef%bc%81-2.html,Web収集: 浜松市スポーツ協会 教室・イベント; source_id=src_c9e59312d4809087; 説明生成=facts_only; ジオコーディング補完: 浜松市中央区和田町808-1,スポーツ・教室,中央区,,,,
221309,WEB897b2001d7,静岡県,浜松市,対象 16歳以上,,,2026-07-13,2026-09-07,11:00,12:00,,「対象 16歳以上」は2026-07-13から2026-09-07に11:00から12:00に浜松アリーナ開催予定です。詳細は出典URLをご確認ください。,,,,,,,浜松アリーナ,浜松市中央区和田町808-1,,34.718025,137.766769,,,,,,,https://hamamatsu-sports.or.jp/item/class_venue_address/higashi-ku/%e3%83%9c%e3%83%87%e3%82%a3%e3%83%a1%e3%82%a4%e3%82%af%e3%82%92%e3%81%97%e3%82%88%e3%81%86%ef%bc%81.html,Web収集: 浜松市スポーツ協会 教室・イベント; source_id=src_c9e59312d4809087; 説明生成=facts_only; ジオコーディング補完: 浜松市中央区和田町808-1,スポーツ・教室,中央区,,,,
221309,WEB44d67dd1ba,静岡県,浜松市,対象 【サッカー（浜北体育館）】①年中児～小学1年生/②小学2～6年生 ／ 【バドミントン(浜北体育館)】①小学生/②小学4年生(経験者)～中学生 ／ 【チアダンス】小学生 ／ 【体育】①年少～年長児/②小学生 ／ 【新体操】①年中・年長児/②小学1・2年生/③小学3～6年生,,,2026-07-01,2026-09-07,15:30,16:30,,「対象 【サッカー（浜北体育館）】①年中児～小学1年生/②小学2～6年生 ／ 【バドミントン(浜北体育館)】①小学生/②小学4年生(経験者)～」は2026-07-01から2026-09-07に15:30から16:30にサーラグリーンアリーナ (浜北総合体育館)開催予定です。詳細は出典URLをご確認ください。,,,,,,,サーラグリーンアリーナ (浜北総合体育館),静岡県浜松市浜名区平口5042-133,,34.803871,137.748276,,,,,,,https://hamamatsu-sports.or.jp/item/class_venue_address/hamakita-ku/%e3%81%84%e3%82%8d%e3%81%84%e3%82%8d%e3%81%aa%e7%a8%ae%e7%9b%ae%e3%81%ae%e4%b8%ad%e3%81%8b%e3%82%89%e8%87%aa%e5%88%86%e3%81%ab%e5%90%88%e3%81%a3%e3%81%9f%e3%82%b9%e3%83%9d%e3%83%bc%e3%83%84%e3%82%92.html,Web収集: 浜松市スポーツ協会 教室・イベント; source_id=src_c9e59312d4809087; 説明生成=facts_only; ジオコーディング補完: 静岡県浜松市浜名区平口5042-133,スポーツ教室,中央区,,,,
221309,WEB3b19323b22,静岡県,浜松市,対象 小学生,,,2026-07-04,2026-09-05,13:00,13:50,,「対象 小学生」は2026-07-04から2026-09-05に13:00から13:50に浜北体育館開催予定です。詳細は出典URLをご確認ください。,,,,053-585-1173,,,浜北体育館,浜松市浜名区西美薗29,,34.793667,137.790085,,,,,,,https://hamamatsu-sports.or.jp/item/class_venue_address/hamakita-ku/%e9%9f%b3%e6%a5%bd%e3%81%ab%e5%90%88%e3%82%8f%e3%81%9b%e3%81%a6%e3%82%b8%e3%83%a3%e3%83%b3%e3%83%97%e9%81%8b%e5%8b%95%e7%ad%89%e3%82%92%e8%a1%8c%e3%81%86%e3%81%93%e3%81%a8%e3%81%a7%e3%82%b9%e3%83%9d-4.html,Web収集: 浜松市スポーツ協会 教室・イベント; source_id=src_c9e59312d4809087; 説明生成=facts_only; ジオコーディング補完: 浜松市浜名区西美薗29,スポーツ教室,中央区,,,,
221309,WEB415cc17c20,静岡県,浜松市,対象 一般,,,2026-07-03,2026-09-04,14:15,15:15,,「対象 一般」は2026-07-03から2026-09-04に14:15から15:15に浜北体育館開催予定です。詳細は出典URLをご確認ください。,,,,053-585-1173,,,浜北体育館,浜松市浜名区西美薗29,,34.793667,137.790085,,,,,,,https://hamamatsu-sports.or.jp/item/class_venue_address/hamakita-ku/%e4%bd%93%e6%93%8d%e3%81%a8%e7%ad%8b%e3%83%88%e3%83%ac%e3%80%81%e3%82%bb%e3%83%ab%e3%83%95%e7%9f%af%e6%ad%a3%e3%81%a7%e6%ad%aa%e3%81%be%e3%81%aa%e3%81%84%e8%ba%ab%e4%bd%93%e3%81%a5%e3%81%8f%e3%82%8a.html,Web収集: 浜松市スポーツ協会 教室・イベント; source_id=src_c9e59312d4809087; 説明生成=facts_only; ジオコーディング補完: 浜松市浜名区西美薗29,スポーツ教室,中央区,,,,
221309,WEB13520f5d46,静岡県,浜松市,対象 成人,,,2026-07-03,2026-09-04,10:30,11:30,,「対象 成人」は2026-07-03から2026-09-04に10:30から11:30に浜北体育館開催予定です。詳細は出典URLをご確認ください。,,,,053-585-1173,,,浜北体育館,浜松市浜名区西美薗29,,34.793667,137.790085,,,,,,,https://hamamatsu-sports.or.jp/item/class_venue_address/hamakita-ku/%e3%83%a8%e3%82%ac%e3%82%84%e3%82%a8%e3%82%af%e3%82%b5%e3%82%b5%e3%82%a4%e3%82%ba%e3%81%a7%e3%82%b7%e3%82%a7%e3%82%a4%e3%83%97%e3%82%a2%e3%83%83%e3%83%97%ef%bc%86%e3%83%aa%e3%83%95%e3%83%ac-24.html,Web収集: 浜松市スポーツ協会 教室・イベント; source_id=src_c9e59312d4809087; 説明生成=facts_only; ジオコーディング補完: 浜松市浜名区西美薗29,スポーツ・教室,中央区,,,,
221309,WEB3c3dc27099,静岡県,浜松市,対象 成人,,,2026-07-03,2026-09-04,09:30,10:15,,「対象 成人」は2026-07-03から2026-09-04に09:30から10:15に浜北体育館開催予定です。詳細は出典URLをご確認ください。,,,,053-585-1173,,,浜北体育館,浜松市浜名区西美薗29,,34.793667,137.790085,,,,,,,https://hamamatsu-sports.or.jp/item/class_venue_address/hamakita-ku/%e3%83%aa%e3%82%ba%e3%83%a0%e3%81%ab%e3%81%ae%e3%81%9b%e3%81%9f%e5%85%a8%e8%ba%ab%e9%81%8b%e5%8b%95%e3%81%a7%e6%a5%bd%e3%81%97%e3%81%8f%e5%bf%83%e8%ba%ab%e3%81%ae%e3%83%aa%e3%83%95%e3%83%ac%e3%83%83-5.html,Web収集: 浜松市スポーツ協会 教室・イベント; source_id=src_c9e59312d4809087; 説明生成=facts_only; ジオコーディング補完: 浜松市浜名区西美薗29,スポーツ・教室,中央区,,,,
221309,WEBdab5851915,静岡県,浜松市,対象 一般,,,2026-07-03,2026-09-04,19:10,20:00,,「対象 一般」は2026-07-03から2026-09-04に19:10から20:00にサーラグリーンアリーナ (浜北総合体育館)開催予定です。詳細は出典URLをご確認ください。,,,,053-585-1222,,,サーラグリーンアリーナ (浜北総合体育館),浜松市浜名区平口5042-133,,34.803871,137.748276,,,,,,,https://hamamatsu-sports.or.jp/item/class_venue_address/hamakita-ku/%e5%91%bc%e5%90%b8%e3%81%a8%e8%ba%ab%e4%bd%93%e3%82%92%e6%84%8f%e8%ad%98%e3%81%97%e3%81%a6%e3%80%81%e4%bd%93%e5%8a%9b%e5%90%91%e4%b8%8a%e3%83%bb%e5%a7%bf%e5%8b%a2%e6%94%b9%e5%96%84%e3%82%92%e7%9b%ae.html,Web収集: 浜松市スポーツ協会 教室・イベント; source_id=src_c9e59312d4809087; 説明生成=facts_only; ジオコーディング補完: 浜松市浜名区平口5042-133,スポーツ・教室,中央区,,,,
221309,WEB753932baa2,静岡県,浜松市,対象 【木曜コース・初級クラス】：成人女性 / 【木曜コース・中級クラス】：バレエ経験のある成人女性 / 【土曜コース・プレ中級クラス】：バレエ経験のある成人女性,,,2026-07-02,2026-09-05,19:00,20:00,,「対象 【木曜コース・初級クラス】：成人女性 / 【木曜コース・中級クラス】：バレエ経験のある成人女性 / 【土曜コース・プレ中級クラス】：バ」は2026-07-02から2026-09-05に19:00から20:00にサーラグリーンアリーナ (浜北総合体育館)開催予定です。詳細は出典URLをご確認ください。,,,,053-585-1222,,,サーラグリーンアリーナ (浜北総合体育館),浜松市浜名区平口5042-133,,34.803871,137.748276,,,,,,,https://hamamatsu-sports.or.jp/item/class_venue_address/hamakita-ku/%e6%ad%a3%e3%81%97%e3%81%84%e5%a7%bf%e5%8b%a2%e3%81%a5%e3%81%8f%e3%82%8a%e3%81%ae%e3%81%9f%e3%82%81%e3%81%ae%e3%83%90%e3%83%ac%e3%82%a8%e3%82%a8%e3%82%af%e3%82%b5%e3%82%b5%e3%82%a4%e3%82%ba-11.html,Web収集: 浜松市スポーツ協会 教室・イベント; source_id=src_c9e59312d4809087; 説明生成=facts_only; ジオコーディング補完: 浜松市浜名区平口5042-133,スポーツ・教室,中央区,,,,
221309,WEB0e3e6de794,静岡県,浜松市,対象 年少児～小学生,,,2026-07-02,2026-09-05,15:20,16:10,,「対象 年少児～小学生」は2026-07-02から2026-09-05に15:20から16:10にサーラグリーンアリーナ (浜北総合体育館)開催予定です。詳細は出典URLをご確認ください。,,,,053-585-1222,,,サーラグリーンアリーナ (浜北総合体育館),浜松市浜名区平口5042番地の133,,34.803871,137.748276,,,,,,,https://hamamatsu-sports.or.jp/item/class_venue_address/hamakita-ku/%e3%83%90%e3%83%ac%e3%82%a8%e3%81%a7%e6%a5%bd%e3%81%97%e3%81%8f%e8%ba%ab%e4%bd%93%e3%82%92%e5%8b%95%e3%81%8b%e3%81%9d%e3%81%86%ef%bc%81%e3%83%aa%e3%82%ba%e3%83%a0%e6%84%9f%e3%83%bb%e4%bd%93%e5%8a%9b-4.html,Web収集: 浜松市スポーツ協会 教室・イベント; source_id=src_c9e59312d4809087; 説明生成=facts_only; ジオコーディング補完: 浜松市浜名区平口5042番地の133,スポーツ・教室,中央区,,,,
221309,WEB24ba321677,静岡県,浜松市,令和8年度 中学生・高校生世代対象 情報活用講座,,,2026-08-24,2026-08-24,10:00,12:00,,「令和8年度 中学生・高校生世代対象 情報活用講座」は2026-08-24に10:00から12:00に中央図書館 2階 大会議室開催予定です。事前申込が必要です。詳細は出典URLをご確認ください。,,,中央図書館（担当：増井）,053-401-2445,,中央図書館,中央図書館 2階 大会議室,浜松市中央区松城町214番地の21,,34.709576,137.725403,,,20名,,,事前申込が必要です。詳細は出典URLをご確認ください。,https://www.lib-city-hamamatsu.jp/access/chuo/event/chuo_2026_jyohokatsuyokouza.html,Web収集: 中央図書館 イベント; source_id=src_80362b02f67130f0; 説明生成=facts_only; ジオコーディング補完: 浜松市中央区松城町214番地の21,講座,中央区,,,,
221309,WEB7c2f22aeb2,静岡県,浜松市,読み聞かせボランティア養成講座,,,2026-09-15,2026-11-24,10:00,12:00,,「読み聞かせボランティア養成講座」は2026-09-15から2026-11-24に10:00から12:00に中央図書館 大会議室開催予定です。詳細は出典URLをご確認ください。,,,中央図書館,053-456-0234・Fax：053-453-2324 ／ E-Mail：chuo@city.hamamatsu.shizuoka.jp,,浜松市中央図書館,中央図書館 大会議室,浜松市中央区松城町214番地の21,,34.709576,137.725403,,,30人,2026-09-07,17:00,,https://www.lib-city-hamamatsu.jp/access/chuo/event/2026_yomikikase_volunteer.html,Web収集: 中央図書館 イベント; source_id=src_80362b02f67130f0; 説明生成=facts_only; ジオコーディング補完: 浜松市中央区松城町214番地の21,講座・ワークショップ,中央区,,,,
221309,WEBf20790afa5,静岡県,浜松市,令和8年度 古文書解読会,,,2026-10-10,2026-10-10,10:00,16:30,,「令和8年度 古文書解読会」は2026-10-10に10:00から16:30に中央図書館開催予定です。詳細は出典URLをご確認ください。,,,,053-456-0234・Fax：053-453-2324 ／ E-Mail：chuo@city.hamamatsu.shizuoka.jp,,,中央図書館,浜松市中央区松城町214番地の21,,34.709576,137.725403,,,,,,,https://www.lib-city-hamamatsu.jp/access/chuo/event/komonjokaidoku_2026.html,Web収集: 中央図書館 イベント; source_id=src_80362b02f67130f0; 説明生成=facts_only; ジオコーディング補完: 浜松市中央区松城町214番地の21,文化・歴史,中央区,,,,
221309,WEBbc732d5b0b,静岡県,浜松市,子ども読書推進講演会「科学絵本に込めたメッセージ ～編集者の目線から～」,,,2026-10-18,2026-10-18,02:00,04:00,,「子ども読書推進講演会「科学絵本に込めたメッセージ ～編集者の目線から～」」は2026-10-18に02:00から04:00に中央図書館 2階 大会議室開催予定です。料金は無料です。詳細は出典URLをご確認ください。,無料,,中央図書館,053-456-0234・Fax：053-453-2324 ／ E-Mail：chuo@city.hamamatsu.shizuoka.jp,,中央図書館,中央図書館 2階 大会議室,浜松市中央区松城町214番地の21,,34.709576,137.725403,,,80人,2026-09-30,17:00,,https://www.lib-city-hamamatsu.jp/access/chuo/event/chuo_2026_kodomodokusyo.html,Web収集: 中央図書館 イベント; source_id=src_80362b02f67130f0; 説明生成=facts_only; ジオコーディング補完: 浜松市中央区松城町214番地の21,講演会,中央区,,,,
221309,WEB132248f0be,静岡県,浜松市,まいにちおはなし会,,,2026-07-26,2026-07-26,10:30,11:00,,「まいにちおはなし会」は2026-07-26に10:30から11:00に中央図書館 おはなしのへや開催予定です。詳細は出典URLをご確認ください。,,,中央図書館,053-456-0234・Fax：053-453-2324 ／ E-Mail：chuo@city.hamamatsu.shizuoka.jp,,中央図書館,中央図書館 おはなしのへや,浜松市中央区松城町214番地の21,,34.709576,137.725403,,,,,,,https://www.lib-city-hamamatsu.jp/access/chuo/event/chuo_mainichi_ohanashikai_2026.html,Web収集: 中央図書館 イベント; source_id=src_80362b02f67130f0; 説明生成=facts_only; ジオコーディング補完: 浜松市中央区松城町214番地の21,図書館イベント,中央区,,,,
221309,WEB1da4c0275b,静岡県,浜松市,こども郷土研究講座「国鉄（ＪＲ東海）浜松工場の輝かしい歴史～ＳＬから新幹線まで」,,,2026-08-01,2026-08-01,02:00,04:00,,「こども郷土研究講座「国鉄（ＪＲ東海）浜松工場の輝かしい歴史～ＳＬから新幹線まで」」は2026-08-01に02:00から04:00に中央図書館 2階 大会議室開催予定です。事前申込が必要です。詳細は出典URLをご確認ください。,,,,053-456-0234・Fax：053-453-2324 ／ E-Mail：chuo@city.hamamatsu.shizuoka.jp,,中央図書館,中央図書館 2階 大会議室,浜松市中央区松城町214番地の21,,34.709576,137.725403,,,20名,,,事前申込が必要です。詳細は出典URLをご確認ください。,https://www.lib-city-hamamatsu.jp/access/chuo/event/kodomokyoudokouza_202608.html,Web収集: 中央図書館 イベント; source_id=src_80362b02f67130f0; 説明生成=facts_only; ジオコーディング補完: 浜松市中央区松城町214番地の21,講座,中央区,,,,
221309,WEB48ed519b40,静岡県,浜松市,夏休み親子新聞講座,,,2026-08-07,2026-08-07,02:00,16:00,,「夏休み親子新聞講座」は2026-08-07に02:00から16:00に中央図書館 2階 会議室開催予定です。事前申込が必要です。詳細は出典URLをご確認ください。,,,中央図書館（担当：増井）,053-401-2445,,中央図書館,中央図書館 2階 会議室,浜松市中央区松城町214番地の21,,34.709576,137.725403,,,20組,,,事前申込が必要です。詳細は出典URLをご確認ください。,https://www.lib-city-hamamatsu.jp/access/chuo/event/oyako_shinbun_summer2026.html,Web収集: 中央図書館 イベント; source_id=src_80362b02f67130f0; 説明生成=facts_only; ジオコーディング補完: 浜松市中央区松城町214番地の21,講座,中央区,,,,
221309,WEB3ee760ddf2,静岡県,浜松市,【一般】もっと知ろう！肝臓病,,,2026-07-24,2026-08-26,,,,「【一般】もっと知ろう！肝臓病」は2026-07-24から2026-08-26に中央図書館 一般展示コーナー開催予定です。詳細は出典URLをご確認ください。,,,,053-456-0234・Fax：053-453-2324 ／ E-Mail：chuo@city.hamamatsu.shizuoka.jp,,,中央図書館 一般展示コーナー,浜松市中央区松城町214番地の21,,34.709576,137.725403,,,,,,,https://www.lib-city-hamamatsu.jp/access/chuo/event/chuo_tenji202608.html,Web収集: 中央図書館 イベント; source_id=src_80362b02f67130f0; 説明生成=facts_only; ジオコーディング補完: 浜松市中央区松城町214番地の21,展示,中央区,,,,
221309,WEB7a7954772c,静岡県,浜松市,【児童】本の中に「いろんな食べ物」みーつけた！,,,2026-07-24,2026-08-26,,,,「【児童】本の中に「いろんな食べ物」みーつけた！」は2026-07-24から2026-08-26に中央図書館 児童展示コーナー開催予定です。詳細は出典URLをご確認ください。,,,,053-456-0234・Fax：053-453-2324 ／ E-Mail：chuo@city.hamamatsu.shizuoka.jp,,,中央図書館 児童展示コーナー,浜松市中央区松城町214番地の21,,34.709576,137.725403,,,,,,,https://www.lib-city-hamamatsu.jp/access/chuo/event/chuo_tenji202608_02.html,Web収集: 中央図書館 イベント; source_id=src_80362b02f67130f0; 説明生成=facts_only; ジオコーディング補完: 浜松市中央区松城町214番地の21,展示,中央区,,,,
221309,WEB9f2888081f,静岡県,浜松市,【一般】映像化された本たち,,,2026-07-01,2026-07-31,,,,「【一般】映像化された本たち」は2026-07-01から2026-07-31に中央図書館駅前分室 企画展示コーナー開催予定です。詳細は出典URLをご確認ください。,,,,053-456-0234・Fax：053-453-2324 ／ E-Mail：chuo@city.hamamatsu.shizuoka.jp,,,中央図書館駅前分室 企画展示コーナー,浜松市中央区旭町12番地の1 遠鉄百貨店新館9階,,34.704544,137.733429,,,,,,,https://www.lib-city-hamamatsu.jp/access/ekimae/event/ekimae_tenji2026no14.html,Web収集: 駅前分室 イベント; source_id=src_0f9d478e75dae8d2; 説明生成=facts_only; ジオコーディング補完: 浜松市中央区旭町12番地の1 遠鉄百貨店新館9階,展示,中央区,,,,
221309,WEB719a8bca90,静岡県,浜松市,【一般】物語で旅する日本,,,2026-07-01,2026-07-31,,,,「【一般】物語で旅する日本」は2026-07-01から2026-07-31に中央図書館駅前分室 ミニ企画展示コーナー開催予定です。詳細は出典URLをご確認ください。,,,,053-456-0234・Fax：053-453-2324 ／ E-Mail：chuo@city.hamamatsu.shizuoka.jp,,,中央図書館駅前分室 ミニ企画展示コーナー,浜松市中央区旭町12番地の1 遠鉄百貨店新館9階,,34.704544,137.733429,,,,,,,https://www.lib-city-hamamatsu.jp/access/ekimae/event/ekimae_tenji2026no15.html,Web収集: 駅前分室 イベント; source_id=src_0f9d478e75dae8d2; 説明生成=facts_only; ジオコーディング補完: 浜松市中央区旭町12番地の1 遠鉄百貨店新館9階,展示,中央区,,,,
221309,WEB13c1c2244b,静岡県,浜松市,ナクソス・ミュージック・ライブラリー,,,2026-04-01,2027-03-31,,,,「ナクソス・ミュージック・ライブラリー」は2026-04-01から2027-03-31に中央図書館駅前分室開催予定です。料金は無料です。詳細は出典URLをご確認ください。,無料,,,053-456-0234・Fax：053-453-2324 ／ E-Mail：chuo@city.hamamatsu.shizuoka.jp,,,中央図書館駅前分室,浜松市中央区旭町12番地の1 遠鉄百貨店新館9階,,34.704544,137.733429,,,,,,,https://www.lib-city-hamamatsu.jp/access/ekimae/event/ekimae_event2026no04.html,Web収集: 駅前分室 イベント; source_id=src_0f9d478e75dae8d2; 説明生成=facts_only; ジオコーディング補完: 浜松市中央区旭町12番地の1 遠鉄百貨店新館9階,図書館イベント,中央区,,,,
221309,WEBa3cce034ac,静岡県,浜松市,図書館俳句ポスト,,,2026-04-01,2027-03-31,,,,「図書館俳句ポスト」は2026-04-01から2027-03-31に中央図書館駅前分室開催予定です。料金は無料です。詳細は出典URLをご確認ください。,無料,,,053-456-0234・Fax：053-453-2324 ／ E-Mail：chuo@city.hamamatsu.shizuoka.jp,,現代俳句協会,中央図書館駅前分室,浜松市中央区旭町12番地の1 遠鉄百貨店新館9階,,34.704544,137.733429,,,,,,,https://www.lib-city-hamamatsu.jp/access/ekimae/event/ekimae_enent2026no02.html,Web収集: 駅前分室 イベント; source_id=src_0f9d478e75dae8d2; 説明生成=facts_only; ジオコーディング補完: 浜松市中央区旭町12番地の1 遠鉄百貨店新館9階,文化・芸術,中央区,,,,
221309,WEB6a4d9bef3d,静岡県,浜松市,屋外ブックポスト,,,2026-04-01,2027-03-31,,,,「屋外ブックポスト」は2026-04-01から2027-03-31にソラモ 東側開催予定です。詳細は出典URLをご確認ください。,,,,053-456-0234・Fax：053-453-2324 ／ E-Mail：chuo@city.hamamatsu.shizuoka.jp,,,ソラモ 東側,浜松市中央区旭町12番地の1 遠鉄百貨店新館9階,,34.704544,137.733429,,,,,,,https://www.lib-city-hamamatsu.jp/access/ekimae/event/ekimae_enent2026no01.html,Web収集: 駅前分室 イベント; source_id=src_0f9d478e75dae8d2; 説明生成=facts_only; ジオコーディング補完: 浜松市中央区旭町12番地の1 遠鉄百貨店新館9階,図書館イベント,中央区,,,,
221309,WEBdb1221b535,静岡県,浜松市,認知症相談会 in 城北図書館,,,2026-05-21,2027-01-21,10:00,,,「認知症相談会 in 城北図書館」は2026-05-21から2027-01-21に10:00に城北図書館2階 第二研修室開催予定です。料金は無料です。事前申込が必要です。詳細は出典URLをご確認ください。,無料,,城北図書館,053-456-0234・Fax：053-453-2324 ／ E-Mail：chuo@city.hamamatsu.shizuoka.jp,,城北図書館,城北図書館2階 第二研修室,浜松市中央区和地山二丁目37番2号,,34.730076,137.718582,,,各日2組（1組30分）,,,事前申込が必要です。詳細は出典URLをご確認ください。,https://www.lib-city-hamamatsu.jp/access/johoku/event/johoku_event26-16.html,Web収集: 城北図書館 イベント; source_id=src_51aad99d0546ad14; 説明生成=facts_only; ジオコーディング補完: 浜松市中央区和地山二丁目37番2号,相談会,中央区,,,,
221309,WEBfe19192341,静岡県,浜松市,リサイクル点字用紙で作る星かざり,,,2026-08-02,2026-08-02,10:00,13:50,,「リサイクル点字用紙で作る星かざり」は2026-08-02に10:00から13:50に城北図書館2階 講座室開催予定です。料金は無料です。詳細は出典URLをご確認ください。,無料,,城北図書館,053-456-0234・Fax：053-453-2324 ／ E-Mail：chuo@city.hamamatsu.shizuoka.jp,,城北図書館,城北図書館2階 講座室,浜松市中央区和地山二丁目37番2号,,34.730076,137.718582,,,各20人,,,,https://www.lib-city-hamamatsu.jp/access/johoku/event/johoku_event26-31.html,Web収集: 城北図書館 イベント; source_id=src_51aad99d0546ad14; 説明生成=facts_only; ジオコーディング補完: 浜松市中央区和地山二丁目37番2号,工作・体験,中央区,,,,
221309,WEB72c4c13aa7,静岡県,浜松市,図書館はみんなの調べ学習応援団,,,2026-07-01,2026-08-26,,,,「図書館はみんなの調べ学習応援団」は2026-07-01から2026-08-26に城北図書館 1階ロビー開催予定です。詳細は出典URLをご確認ください。,,,,053-456-0234・Fax：053-453-2324 ／ E-Mail：chuo@city.hamamatsu.shizuoka.jp,,城北図書館,城北図書館 1階ロビー,浜松市中央区和地山二丁目37番2号,,34.730076,137.718582,,,,,,,https://www.lib-city-hamamatsu.jp/access/johoku/event/johoku_kodomo26-24.html,Web収集: 城北図書館 イベント; source_id=src_51aad99d0546ad14; 説明生成=facts_only; ジオコーディング補完: 浜松市中央区和地山二丁目37番2号,図書館イベント,中央区,,,,
221309,WEBeb61f9eafe,静岡県,浜松市,図書館ツアー,,,2026-08-06,2026-08-06,02:00,15:30,,「図書館ツアー」は2026-08-06に02:00から15:30に城北図書館2階 講座室開催予定です。詳細は出典URLをご確認ください。,,,城北図書館,053-456-0234・Fax：053-453-2324 ／ E-Mail：chuo@city.hamamatsu.shizuoka.jp,,城北図書館,城北図書館2階 講座室,浜松市中央区和地山二丁目37番2号,,34.730076,137.718582,,,10人,,,,https://www.lib-city-hamamatsu.jp/access/johoku/event/johoku_event26-36.html,Web収集: 城北図書館 イベント; source_id=src_51aad99d0546ad14; 説明生成=facts_only; ジオコーディング補完: 浜松市中央区和地山二丁目37番2号,講座・体験,中央区,,,,
221309,WEBbc4f4b0254,静岡県,浜松市,【一般】子育て支援コーナー,,,2026-04-01,2027-03-31,,,,「【一般】子育て支援コーナー」は2026-04-01から2027-03-31に城北図書館 児童特設コーナー開催予定です。詳細は出典URLをご確認ください。,,,,053-456-0234・Fax：053-453-2324 ／ E-Mail：chuo@city.hamamatsu.shizuoka.jp,,,城北図書館 児童特設コーナー,浜松市中央区和地山二丁目37番2号,,34.730076,137.718582,,,,,,,https://www.lib-city-hamamatsu.jp/access/johoku/event/johoku_tenji26-02-2.html,Web収集: 城北図書館 イベント; source_id=src_51aad99d0546ad14; 説明生成=facts_only; ジオコーディング補完: 浜松市中央区和地山二丁目37番2号,図書館イベント,中央区,,,,
221309,WEBa6ecf706a8,静岡県,浜松市,【YA】本の世界へ踏み出そう！,,,2026-04-01,2027-03-31,,,,「【YA】本の世界へ踏み出そう！」は2026-04-01から2027-03-31に城北図書館1階 ヤング展示コーナー開催予定です。詳細は出典URLをご確認ください。,,,,053-456-0234・Fax：053-453-2324 ／ E-Mail：chuo@city.hamamatsu.shizuoka.jp,,,城北図書館1階 ヤング展示コーナー,浜松市中央区和地山二丁目37番2号,,34.730076,137.718582,,,,,,,https://www.lib-city-hamamatsu.jp/access/johoku/event/johoku_tenji26-t2.html,Web収集: 城北図書館 イベント; source_id=src_51aad99d0546ad14; 説明生成=facts_only; ジオコーディング補完: 浜松市中央区和地山二丁目37番2号,図書館イベント,中央区,,,,
221309,WEB710390b79c,静岡県,浜松市,就活応援コーナー,,,2026-04-01,2027-03-31,,,,「就活応援コーナー」は2026-04-01から2027-03-31に城北図書館2階 ビジネス支援コーナー開催予定です。詳細は出典URLをご確認ください。,,,,053-456-0234・Fax：053-453-2324 ／ E-Mail：chuo@city.hamamatsu.shizuoka.jp,,,城北図書館2階 ビジネス支援コーナー,浜松市中央区和地山二丁目37番2号,,34.730076,137.718582,,,,,,,https://www.lib-city-hamamatsu.jp/access/johoku/event/johoku_tenji26-t4.html,Web収集: 城北図書館 イベント; source_id=src_51aad99d0546ad14; 説明生成=facts_only; ジオコーディング補完: 浜松市中央区和地山二丁目37番2号,図書館イベント,中央区,,,,
221309,WEB3fae4cf92a,静岡県,浜松市,【児童】夏のしゅくだい 何にしよう？,,,2026-06-26,2026-08-26,,,,「【児童】夏のしゅくだい 何にしよう？」は2026-06-26から2026-08-26に城北図書館1階 児童展示コーナー開催予定です。詳細は出典URLをご確認ください。,,,,053-456-0234・Fax：053-453-2324 ／ E-Mail：chuo@city.hamamatsu.shizuoka.jp,,,城北図書館1階 児童展示コーナー,浜松市中央区和地山二丁目37番2号,,34.730076,137.718582,,,,,,,https://www.lib-city-hamamatsu.jp/access/johoku/event/johoku_tenji26-26.html,Web収集: 城北図書館 イベント; source_id=src_51aad99d0546ad14; 説明生成=facts_only; ジオコーディング補完: 浜松市中央区和地山二丁目37番2号,展示,中央区,,,,
221309,WEB1fe289760c,静岡県,浜松市,【YA】読書感想文・調べ学習に挑戦!!,,,2026-06-26,2026-08-26,,,,「【YA】読書感想文・調べ学習に挑戦!!」は2026-06-26から2026-08-26に城北図書館1階 YA展示コーナー開催予定です。詳細は出典URLをご確認ください。,,,,053-456-0234・Fax：053-453-2324 ／ E-Mail：chuo@city.hamamatsu.shizuoka.jp,,城北図書館,城北図書館1階 YA展示コーナー,浜松市中央区和地山二丁目37番2号,,34.730076,137.718582,,,,,,,https://www.lib-city-hamamatsu.jp/access/johoku/event/johoku_tenji26-030.html,Web収集: 城北図書館 イベント; source_id=src_51aad99d0546ad14; 説明生成=facts_only; ジオコーディング補完: 浜松市中央区和地山二丁目37番2号,展示,中央区,,,,
221309,WEB654df7bedc,静岡県,浜松市,【医療】肝臓週間,,,2026-07-14,2026-08-02,,,,「【医療】肝臓週間」は2026-07-14から2026-08-02に城北図書館 一般展示コーナー開催予定です。詳細は出典URLをご確認ください。,,,,053-456-0234・Fax：053-453-2324 ／ E-Mail：chuo@city.hamamatsu.shizuoka.jp,,城北図書館,城北図書館 一般展示コーナー,浜松市中央区和地山二丁目37番2号,,34.730076,137.718582,,,,,,,https://www.lib-city-hamamatsu.jp/access/johoku/event/johoku_tenji26-41.html,Web収集: 城北図書館 イベント; source_id=src_51aad99d0546ad14; 説明生成=facts_only; ジオコーディング補完: 浜松市中央区和地山二丁目37番2号,展示,中央区,,,,
221309,WEBe53c5a7da6,静岡県,浜松市,【医療】読んで楽になる介護,,,2026-07-24,2026-09-23,,,,「【医療】読んで楽になる介護」は2026-07-24から2026-09-23に城北図書館 2階医療・健康情報コーナー開催予定です。詳細は出典URLをご確認ください。,,,,053-456-0234・Fax：053-453-2324 ／ E-Mail：chuo@city.hamamatsu.shizuoka.jp,,城北図書館,城北図書館 2階医療・健康情報コーナー,浜松市中央区和地山二丁目37番2号,,34.730076,137.718582,,,,,,,https://www.lib-city-hamamatsu.jp/access/johoku/event/johoku_tenji26-32.html,Web収集: 城北図書館 イベント; source_id=src_51aad99d0546ad14; 説明生成=facts_only; ジオコーディング補完: 浜松市中央区和地山二丁目37番2号,展示,中央区,,,,
221309,WEB34459f9f59,静岡県,浜松市,【ビジネス】広報のシゴト,,,2026-07-24,2026-09-23,,,,「【ビジネス】広報のシゴト」は2026-07-24から2026-09-23に城北図書館 2階ビジネス支援コーナー開催予定です。詳細は出典URLをご確認ください。,,,,053-456-0234・Fax：053-453-2324 ／ E-Mail：chuo@city.hamamatsu.shizuoka.jp,,城北図書館,城北図書館 2階ビジネス支援コーナー,浜松市中央区和地山二丁目37番2号,,34.730076,137.718582,,,,,,,https://www.lib-city-hamamatsu.jp/access/johoku/event/johoku_tenji26-33.html,Web収集: 城北図書館 イベント; source_id=src_51aad99d0546ad14; 説明生成=facts_only; ジオコーディング補完: 浜松市中央区和地山二丁目37番2号,展示,中央区,,,,
221309,WEBe796739f1a,静岡県,浜松市,【一般】きらめく五・七・五,,,2026-07-24,2026-08-26,,,,「【一般】きらめく五・七・五」は2026-07-24から2026-08-26に城北図書館1階 一般展示コーナー開催予定です。詳細は出典URLをご確認ください。,,,,053-456-0234・Fax：053-453-2324 ／ E-Mail：chuo@city.hamamatsu.shizuoka.jp,,城北図書館,城北図書館1階 一般展示コーナー,浜松市中央区和地山二丁目37番2号,,34.730076,137.718582,,,,,,,https://www.lib-city-hamamatsu.jp/access/johoku/event/johoku_tenji26-35.html,Web収集: 城北図書館 イベント; source_id=src_51aad99d0546ad14; 説明生成=facts_only; ジオコーディング補完: 浜松市中央区和地山二丁目37番2号,展示,中央区,,,,
221309,WEB763da68c9b,静岡県,浜松市,こころの健康情報局,,,2026-04-01,2027-03-31,,,,「こころの健康情報局」は2026-04-01から2027-03-31に城北図書館2階 医療・健康情報コーナー開催予定です。詳細は出典URLをご確認ください。,,,,053-456-0234・Fax：053-453-2324 ／ E-Mail：chuo@city.hamamatsu.shizuoka.jp,,,城北図書館2階 医療・健康情報コーナー,浜松市中央区和地山二丁目37番2号,,34.730076,137.718582,,,,,,,https://www.lib-city-hamamatsu.jp/access/johoku/event/johoku_info26-t5.html,Web収集: 城北図書館 イベント; source_id=src_51aad99d0546ad14; 説明生成=facts_only; ジオコーディング補完: 浜松市中央区和地山二丁目37番2号,図書館イベント,中央区,,,,
221309,WEB7057832e7e,静岡県,浜松市,図書館俳句ポスト,,,2026-04-01,2027-03-31,,,,「図書館俳句ポスト」は2026-04-01から2027-03-31に城北図書館 1階 一般展示コーナー開催予定です。詳細は出典URLをご確認ください。,,,,053-456-0234・Fax：053-453-2324 ／ E-Mail：chuo@city.hamamatsu.shizuoka.jp,,,城北図書館 1階 一般展示コーナー,浜松市中央区和地山二丁目37番2号,,34.730076,137.718582,,,,,,,https://www.lib-city-hamamatsu.jp/access/johoku/event/johoku_info26-05.html,Web収集: 城北図書館 イベント; source_id=src_51aad99d0546ad14; 説明生成=facts_only; ジオコーディング補完: 浜松市中央区和地山二丁目37番2号,図書館イベント,中央区,,,,
221309,WEBb3ff6a6692,静岡県,浜松市,ナクソス・ミュージック・ライブラリー,,,2026-04-01,2027-03-31,,,,「ナクソス・ミュージック・ライブラリー」は2026-04-01から2027-03-31に城北図書館開催予定です。料金は無料です。詳細は出典URLをご確認ください。,無料,,,053-456-0234・Fax：053-453-2324 ／ E-Mail：chuo@city.hamamatsu.shizuoka.jp,,,城北図書館,浜松市中央区和地山二丁目37番2号,,34.730076,137.718582,,,,,,,https://www.lib-city-hamamatsu.jp/access/johoku/event/johoku_info26-04.html,Web収集: 城北図書館 イベント; source_id=src_51aad99d0546ad14; 説明生成=facts_only; ジオコーディング補完: 浜松市中央区和地山二丁目37番2号,図書館イベント,中央区,,,,
221309,WEB7cd006ef08,静岡県,浜松市,本と雑誌のリユース,,,2026-04-01,2027-03-31,,,,「本と雑誌のリユース」は2026-04-01から2027-03-31に城北図書館1階 エレベーター前記載台横開催予定です。詳細は出典URLをご確認ください。,,,,053-456-0234・Fax：053-453-2324 ／ E-Mail：chuo@city.hamamatsu.shizuoka.jp,,,城北図書館1階 エレベーター前記載台横,浜松市中央区和地山二丁目37番2号,,34.730076,137.718582,,,,,,,https://www.lib-city-hamamatsu.jp/access/johoku/event/johoku_info26-03.html,Web収集: 城北図書館 イベント; source_id=src_51aad99d0546ad14; 説明生成=facts_only; ジオコーディング補完: 浜松市中央区和地山二丁目37番2号,図書館イベント,中央区,,,,
221309,WEB89f6000acc,静岡県,浜松市,城北図書館だより,,,2026-07-07,2026-09-30,,,,「城北図書館だより」は2026-07-07から2026-09-30に城北図書館開催予定です。詳細は出典URLをご確認ください。,,,,053-456-0234・Fax：053-453-2324 ／ E-Mail：chuo@city.hamamatsu.shizuoka.jp,,,城北図書館,浜松市中央区和地山二丁目37番2号,,34.730076,137.718582,,,,,,,https://www.lib-city-hamamatsu.jp/access/johoku/event/johoku_info26-01.html,Web収集: 城北図書館 イベント; source_id=src_51aad99d0546ad14; 説明生成=facts_only; ジオコーディング補完: 浜松市中央区和地山二丁目37番2号,図書館イベント,中央区,,,,
221309,WEB3b417c1a6e,静岡県,浜松市,図書館俳句ポスト,,,2026-04-01,2027-03-31,,,,「図書館俳句ポスト」は2026-04-01から2027-03-31に南図書館 １階カウンター付近開催予定です。料金は無料です。詳細は出典URLをご確認ください。,無料,,南図書館,053-456-0234・Fax：053-453-2324 ／ E-Mail：chuo@city.hamamatsu.shizuoka.jp,,南図書館,南図書館 １階カウンター付近,浜松市中央区海老塚二丁目25番17号,,34.696949,137.734116,,,,,,,https://www.lib-city-hamamatsu.jp/access/minami/event/minami_ev_26008.html,Web収集: 南図書館 イベント; source_id=src_df9a0a12114c349d; 説明生成=facts_only; ジオコーディング補完: 浜松市中央区海老塚二丁目25番17号,文化・芸術,南区,,,,
221309,WEB95443860ec,静岡県,浜松市,南図書館 夏休み16㎜フィルム映画会,,,2026-08-09,2026-08-09,10:30,11:30,,「南図書館 夏休み16㎜フィルム映画会」は2026-08-09に10:30から11:30に南図書館 2階 こどものへや開催予定です。料金は無料です。事前申込が必要です。詳細は出典URLをご確認ください。,無料,,南図書館,053-456-0234・Fax：053-453-2324 ／ E-Mail：chuo@city.hamamatsu.shizuoka.jp,,南図書館,南図書館 2階 こどものへや,浜松市中央区海老塚二丁目25番17号,,34.696949,137.734116,,,20人,,,事前申込が必要です。詳細は出典URLをご確認ください。,https://www.lib-city-hamamatsu.jp/access/minami/event/minami_ev_26102.html,Web収集: 南図書館 イベント; source_id=src_df9a0a12114c349d; 説明生成=facts_only; ジオコーディング補完: 浜松市中央区海老塚二丁目25番17号,映画会,中央区,,,,
221309,WEBa7d2f283fa,静岡県,浜松市,つくってあそぼう ヨーヨーつり,,,2026-07-25,2026-07-25,02:00,15:45,,「つくってあそぼう ヨーヨーつり」は2026-07-25に02:00から15:45に南図書館 ２階こどものへや開催予定です。料金は無料です。詳細は出典URLをご確認ください。,無料,,南図書館,053-456-0234・Fax：053-453-2324 ／ E-Mail：chuo@city.hamamatsu.shizuoka.jp,,南図書館,南図書館 ２階こどものへや,浜松市中央区海老塚二丁目25番17号,,34.696949,137.734116,,,各回4組,,,,https://www.lib-city-hamamatsu.jp/access/minami/event/minami_tenji20260018.html,Web収集: 南図書館 イベント; source_id=src_df9a0a12114c349d; 説明生成=facts_only; ジオコーディング補完: 浜松市中央区海老塚二丁目25番17号,工作,南区,,,,
221309,WEBf3c09c768c,静岡県,浜松市,【YA】読書沼へようこそ！,,,2026-07-01,2026-09-30,,,,「【YA】読書沼へようこそ！」は2026-07-01から2026-09-30に南図書館 2階 ヤングアダルト展示コーナー開催予定です。詳細は出典URLをご確認ください。,,,,053-456-0234・Fax：053-453-2324 ／ E-Mail：chuo@city.hamamatsu.shizuoka.jp,,,南図書館 2階 ヤングアダルト展示コーナー,浜松市中央区海老塚二丁目25番17号,,34.696949,137.734116,,,,,,,https://www.lib-city-hamamatsu.jp/access/minami/event/minami_tenji26019.html,Web収集: 南図書館 イベント; source_id=src_df9a0a12114c349d; 説明生成=facts_only; ジオコーディング補完: 浜松市中央区海老塚二丁目25番17号,図書館イベント,中央区,,,,
221309,WEBa51e1c50b5,静岡県,浜松市,【児童】読書感想文お助け隊,,,2026-07-08,2026-08-30,,,,「【児童】読書感想文お助け隊」は2026-07-08から2026-08-30に南図書館 １階展示コーナー開催予定です。詳細は出典URLをご確認ください。,,,,053-456-0234・Fax：053-453-2324 ／ E-Mail：chuo@city.hamamatsu.shizuoka.jp,,,南図書館 １階展示コーナー,浜松市中央区海老塚二丁目25番17号,,34.696949,137.734116,,,,,,,https://www.lib-city-hamamatsu.jp/access/minami/event/minami_tenji_26002.html,Web収集: 南図書館 イベント; source_id=src_df9a0a12114c349d; 説明生成=facts_only; ジオコーディング補完: 浜松市中央区海老塚二丁目25番17号,図書館イベント,中央区,,,,
221309,WEB8a97c04824,静岡県,浜松市,就職活動支援コーナー,,,2026-04-01,2027-03-31,,,,「就職活動支援コーナー」は2026-04-01から2027-03-31に南図書館2階 就職活動支援コーナー開催予定です。詳細は出典URLをご確認ください。,,,,053-456-0234・Fax：053-453-2324 ／ E-Mail：chuo@city.hamamatsu.shizuoka.jp,,,南図書館2階 就職活動支援コーナー,浜松市中央区海老塚二丁目25番17号,,34.696949,137.734116,,,,,,,https://www.lib-city-hamamatsu.jp/access/minami/event/minami_ev_26002.html,Web収集: 南図書館 イベント; source_id=src_df9a0a12114c349d; 説明生成=facts_only; ジオコーディング補完: 浜松市中央区海老塚二丁目25番17号,図書館イベント,中央区,,,,
221309,WEB3b6610761a,静岡県,浜松市,ナクソス・ミュージック・ライブラリー,,,2026-04-01,2027-03-31,,,,「ナクソス・ミュージック・ライブラリー」は2026-04-01から2027-03-31に南図書館開催予定です。料金は無料です。詳細は出典URLをご確認ください。,無料,,,053-456-0234・Fax：053-453-2324 ／ E-Mail：chuo@city.hamamatsu.shizuoka.jp,,,南図書館,浜松市中央区海老塚二丁目25番17号,,34.696949,137.734116,,,,,,,https://www.lib-city-hamamatsu.jp/access/minami/event/minami_ev_26-3.html,Web収集: 南図書館 イベント; source_id=src_df9a0a12114c349d; 説明生成=facts_only; ジオコーディング補完: 浜松市中央区海老塚二丁目25番17号,図書館イベント,中央区,,,,
221309,WEB1c89fcf67b,静岡県,浜松市,おはなし＆ワークショップ 「伊場遺跡からはっくつされた『木簡(もっかん)』ってなあに？」,,,2026-08-09,2026-08-09,11:00,11:20,,「おはなし＆ワークショップ 「伊場遺跡からはっくつされた『木簡(もっかん)』ってなあに？」」は2026-08-09に11:00から11:20に西図書館 おはなしのへや開催予定です。料金は無料です。詳細は出典URLをご確認ください。,無料,,西図書館,053-456-0234・Fax：053-453-2324 ／ E-Mail：chuo@city.hamamatsu.shizuoka.jp,,西図書館,西図書館 おはなしのへや,浜松市中央区西伊場町77番8号,,34.698112,137.7052,,,12組,,,,https://www.lib-city-hamamatsu.jp/access/nisi/event/nisi_event20260809mokkan.html,Web収集: 西図書館 イベント; source_id=src_5086c6b8a017144f; 説明生成=facts_only; ジオコーディング補完: 浜松市中央区西伊場町77番8号,ワークショップ,中央区,,,,
221309,WEB9f3aa6c637,静岡県,浜松市,図書館はみんなの調べ学習応援団,,,2026-07-01,2026-08-30,,,,「図書館はみんなの調べ学習応援団」は2026-07-01から2026-08-30に西図書館 児童コーナー開催予定です。詳細は出典URLをご確認ください。,,,,053-456-0234・Fax：053-453-2324 ／ E-Mail：chuo@city.hamamatsu.shizuoka.jp,,,西図書館 児童コーナー,浜松市中央区西伊場町77番8号,,34.698112,137.7052,,,,,,,https://www.lib-city-hamamatsu.jp/access/nisi/event/nisi_kodomo20260617.html,Web収集: 西図書館 イベント; source_id=src_5086c6b8a017144f; 説明生成=facts_only; ジオコーディング補完: 浜松市中央区西伊場町77番8号,図書館イベント,中央区,,,,
221309,WEB72abdcefcc,静岡県,浜松市,《受付終了》左官の技でつくる 光るどろだんご,,,2026-08-05,2026-08-05,01:00,03:30,,「《受付終了》左官の技でつくる 光るどろだんご」は2026-08-05に01:00から03:30に西図書館 エントランス展示コーナー開催予定です。料金は300円です。詳細は出典URLをご確認ください。,300円,,,053-456-0234・Fax：053-453-2324 ／ E-Mail：chuo@city.hamamatsu.shizuoka.jp,,西図書館,西図書館 エントランス展示コーナー,浜松市中央区西伊場町77番8号,,34.698112,137.7052,,,15人,,,,https://www.lib-city-hamamatsu.jp/access/nisi/event/nisi_event20260617.html,Web収集: 西図書館 イベント; source_id=src_5086c6b8a017144f; 説明生成=facts_only; ジオコーディング補完: 浜松市中央区西伊場町77番8号,講座,中央区,,,,
221309,WEB0d515b0eaa,静岡県,浜松市,【児童】過去の課題図書を読んでみよう,,,2026-06-02,2026-08-30,,,,「【児童】過去の課題図書を読んでみよう」は2026-06-02から2026-08-30に西図書館 児童展示コーナー開催予定です。詳細は出典URLをご確認ください。,,,,053-456-0234・Fax：053-453-2324 ／ E-Mail：chuo@city.hamamatsu.shizuoka.jp,,西図書館,西図書館 児童展示コーナー,浜松市中央区西伊場町77番8号,,34.698112,137.7052,,,,,,,https://www.lib-city-hamamatsu.jp/access/nisi/event/nisi_tenji20260527.html,Web収集: 西図書館 イベント; source_id=src_5086c6b8a017144f; 説明生成=facts_only; ジオコーディング補完: 浜松市中央区西伊場町77番8号,展示,中央区,,,,
221309,WEB5bed8af7f9,静岡県,浜松市,【一般】夏を楽しむための一冊を見つけよう！,,,2026-07-01,2026-07-31,,,,「【一般】夏を楽しむための一冊を見つけよう！」は2026-07-01から2026-07-31に西図書館 一般展示コーナー開催予定です。詳細は出典URLをご確認ください。,,,,053-456-0234・Fax：053-453-2324 ／ E-Mail：chuo@city.hamamatsu.shizuoka.jp,,,西図書館 一般展示コーナー,浜松市中央区西伊場町77番8号,,34.698112,137.7052,,,,,,,https://www.lib-city-hamamatsu.jp/access/nisi/event/nisi_tenji20260620.html,Web収集: 西図書館 イベント; source_id=src_5086c6b8a017144f; 説明生成=facts_only; ジオコーディング補完: 浜松市中央区西伊場町77番8号,図書館イベント,中央区,,,,
221309,WEB78ecd8b214,静岡県,浜松市,いもねこショップのクッキー販売,,,2026-04-01,2026-09-27,01:00,03:30,,「いもねこショップのクッキー販売」は2026-04-01から2026-09-27に01:00から03:30に西図書館 展示室開催予定です。詳細は出典URLをご確認ください。,,,,053-456-0234・Fax：053-453-2324 ／ E-Mail：chuo@city.hamamatsu.shizuoka.jp,,,西図書館 展示室,浜松市中央区西伊場町77番8号,,34.698112,137.7052,,,,,,,https://www.lib-city-hamamatsu.jp/access/nisi/event/nisi_info20260530.html,Web収集: 西図書館 イベント; source_id=src_5086c6b8a017144f; 説明生成=facts_only; ジオコーディング補完: 浜松市中央区西伊場町77番8号,図書館イベント,中央区,,,,
221309,WEB3f88ba54ca,静岡県,浜松市,ナクソス・ミュージック・ライブラリー,,,2026-04-01,2027-03-31,,,,「ナクソス・ミュージック・ライブラリー」は2026-04-01から2027-03-31に西図書館開催予定です。料金は無料です。詳細は出典URLをご確認ください。,無料,,,053-456-0234・Fax：053-453-2324 ／ E-Mail：chuo@city.hamamatsu.shizuoka.jp,,,西図書館,浜松市中央区西伊場町77番8号,,34.698112,137.7052,,,,,,,https://www.lib-city-hamamatsu.jp/access/nisi/event/nisi_info20260401.html,Web収集: 西図書館 イベント; source_id=src_5086c6b8a017144f; 説明生成=facts_only; ジオコーディング補完: 浜松市中央区西伊場町77番8号,図書館イベント,中央区,,,,
221309,WEB98c67883d1,静岡県,浜松市,短冊を飾って、星に願いを（七夕飾り）,,,2026-06-12,2026-07-26,,,,「短冊を飾って、星に願いを（七夕飾り）」は2026-06-12から2026-07-26に北図書館 1階 玄関開催予定です。詳細は出典URLをご確認ください。,,,,053-456-0234・Fax：053-453-2324 ／ E-Mail：chuo@city.hamamatsu.shizuoka.jp,,北図書館,北図書館 1階 玄関,浜松市中央区葵東一丁目15番1号,,34.757179,137.721222,,,,,,,https://www.lib-city-hamamatsu.jp/access/kita/event/kita_event_2026_no9_tanabata.html,Web収集: 北図書館 イベント; source_id=src_c2b5027dc5215989; 説明生成=facts_only; ジオコーディング補完: 浜松市中央区葵東一丁目15番1号,展示,北区,,,,
221309,WEBd7cff47377,静岡県,浜松市,夏休みに、百人一首であそぼう！,,,2026-07-26,2026-07-26,02:00,04:00,,「夏休みに、百人一首であそぼう！」は2026-07-26に02:00から04:00に北図書館 2階 おはなしのへや開催予定です。料金は無料です。詳細は出典URLをご確認ください。,無料,,北図書館,053-456-0234・Fax：053-453-2324 ／ E-Mail：chuo@city.hamamatsu.shizuoka.jp,,三方原百人一首の会,北図書館 2階 おはなしのへや,浜松市中央区葵東一丁目15番1号,,34.757179,137.721222,,,20名,2026-07-04,09:00,,https://www.lib-city-hamamatsu.jp/access/kita/event/kita_hon_event_2026_no01_hyakun.html,Web収集: 北図書館 イベント; source_id=src_c2b5027dc5215989; 説明生成=facts_only; ジオコーディング補完: 浜松市中央区葵東一丁目15番1号,図書館イベント,北区,,,,
221309,WEBe3c275aa39,静岡県,浜松市,昼間ですが、星空教室,,,2026-07-29,2026-07-29,02:00,03:30,,「昼間ですが、星空教室」は2026-07-29に02:00から03:30に北図書館 2階 講座室開催予定です。料金は無料です。詳細は出典URLをご確認ください。,無料,,北図書館,053-456-0234・Fax：053-453-2324 ／ E-Mail：chuo@city.hamamatsu.shizuoka.jp,,北図書館,北図書館 2階 講座室,浜松市中央区葵東一丁目15番1号,,34.757179,137.721222,,,10組（親子）,,,,https://www.lib-city-hamamatsu.jp/access/kita/event/kita_event_2026_no16_hoshizo.html,Web収集: 北図書館 イベント; source_id=src_c2b5027dc5215989; 説明生成=facts_only; ジオコーディング補完: 浜松市中央区葵東一丁目15番1号,講座・教室,北区,,,,
221309,WEB24cb596940,静岡県,浜松市,子ども図書館員,,,2026-08-05,2026-08-05,10:00,12:00,,「子ども図書館員」は2026-08-05に10:00から12:00に北図書館 2階 講座室ほか開催予定です。料金は無料です。詳細は出典URLをご確認ください。,無料,,北図書館,053-456-0234・Fax：053-453-2324 ／ E-Mail：chuo@city.hamamatsu.shizuoka.jp,,北図書館,北図書館 2階 講座室ほか,浜松市中央区葵東一丁目15番1号,,34.757179,137.721222,,,5人,2026-07-25,09:00,,https://www.lib-city-hamamatsu.jp/access/kita/event/kita_event_2026_no17_kodomotosy.html,Web収集: 北図書館 イベント; source_id=src_c2b5027dc5215989; 説明生成=facts_only; ジオコーディング補完: 浜松市中央区葵東一丁目15番1号,体験・講座,北区,,,,
221309,WEB92e10d3c3b,静岡県,浜松市,【一般】 7月「一緒に」,,,2026-07-01,2026-07-31,,,,「【一般】 7月「一緒に」」は2026-07-01から2026-07-31に北図書館開催予定です。詳細は出典URLをご確認ください。,,,,053-456-0234・Fax：053-453-2324 ／ E-Mail：chuo@city.hamamatsu.shizuoka.jp,,,北図書館,浜松市中央区葵東一丁目15番1号,,34.757179,137.721222,,,,,,,https://www.lib-city-hamamatsu.jp/access/kita/event/kita_adult_tennji_2026_no15_issyoni.html,Web収集: 北図書館 イベント; source_id=src_c2b5027dc5215989; 説明生成=facts_only; ジオコーディング補完: 浜松市中央区葵東一丁目15番1号,展示,北区,,,,
221309,WEB8454ff9d72,静岡県,浜松市,【児童】7月「今年は何に熱くなる！？」,,,2026-07-01,2026-07-31,,,,「【児童】7月「今年は何に熱くなる！？」」は2026-07-01から2026-07-31に北図書館 2階展示コーナー開催予定です。詳細は出典URLをご確認ください。,,,,053-456-0234・Fax：053-453-2324 ／ E-Mail：chuo@city.hamamatsu.shizuoka.jp,,,北図書館 2階展示コーナー,浜松市中央区葵東一丁目15番1号,,34.757179,137.721222,,,,,,,https://www.lib-city-hamamatsu.jp/access/kita/event/kita_child_tennji_2026_no14_kotoshihananiniatsukunaru.html,Web収集: 北図書館 イベント; source_id=src_c2b5027dc5215989; 説明生成=facts_only; ジオコーディング補完: 浜松市中央区葵東一丁目15番1号,展示,北区,,,,
221309,WEB1da48b6572,静岡県,浜松市,【企画展示】「エシカル消費ってなんだろう？」,,,2026-07-01,2026-07-31,,,,「【企画展示】「エシカル消費ってなんだろう？」」は2026-07-01から2026-07-31に北図書館 ２F展示スペース開催予定です。詳細は出典URLをご確認ください。,,,,053-456-0234・Fax：053-453-2324 ／ E-Mail：chuo@city.hamamatsu.shizuoka.jp,,浜松市くらしのセンター,北図書館 ２F展示スペース,浜松市中央区葵東一丁目15番1号,,34.757179,137.721222,,,,,,,https://www.lib-city-hamamatsu.jp/access/kita/event/kita_jisyu_tenji_2026_no12_eshikaru.html,Web収集: 北図書館 イベント; source_id=src_c2b5027dc5215989; 説明生成=facts_only; ジオコーディング補完: 浜松市中央区葵東一丁目15番1号,展示,北区,,,,
221309,WEB80aa6efea5,静岡県,浜松市,北としょかんだより7月号,,,2026-07-01,2026-07-31,,,,「北としょかんだより7月号」は2026-07-01から2026-07-31に北図書館開催予定です。詳細は出典URLをご確認ください。,,,,053-456-0234・Fax：053-453-2324 ／ E-Mail：chuo@city.hamamatsu.shizuoka.jp,,,北図書館,浜松市中央区葵東一丁目15番1号,,34.757179,137.721222,,,,,,,https://www.lib-city-hamamatsu.jp/access/kita/event/kita_news_202607.html,Web収集: 北図書館 イベント; source_id=src_c2b5027dc5215989; 説明生成=facts_only; ジオコーディング補完: 浜松市中央区葵東一丁目15番1号,図書館イベント,中央区,,,,
221309,WEB89e226ccd9,静岡県,浜松市,《受付終了》図書館員体験,,,2026-08-01,2026-08-01,10:00,12:00,,「《受付終了》図書館員体験」は2026-08-01に10:00から12:00に積志図書館内開催予定です。料金は無料です。詳細は出典URLをご確認ください。,無料,,,053-456-0234・Fax：053-453-2324 ／ E-Mail：chuo@city.hamamatsu.shizuoka.jp,,積志図書館,積志図書館内,浜松市中央区積志町1819番地,,34.769825,137.762115,,,6名,,,,https://www.lib-city-hamamatsu.jp/access/sekisi/event/sekisi-tosyokanintaiken2026.html,Web収集: 積志図書館 イベント; source_id=src_d0c3b38694056758; 説明生成=facts_only; ジオコーディング補完: 浜松市中央区積志町1819番地,体験,中央区,,,,
221309,WEBe6143fc115,静岡県,浜松市,【受付終了】夏休み工作会「おはな万華鏡」,,,2026-08-02,2026-08-02,09:30,10:30,,「【受付終了】夏休み工作会「おはな万華鏡」」は2026-08-02に09:30から10:30に積志図書館 2階 多目的室開催予定です。料金は無料です。詳細は出典URLをご確認ください。,無料,,積志図書館,053-456-0234・Fax：053-453-2324 ／ E-Mail：chuo@city.hamamatsu.shizuoka.jp,,積志図書館,積志図書館 2階 多目的室,浜松市中央区積志町1819番地,,34.769825,137.762115,,,各回10名,,,,https://www.lib-city-hamamatsu.jp/access/sekisi/event/sekisi-natuyasumikousakuka2026.html,Web収集: 積志図書館 イベント; source_id=src_d0c3b38694056758; 説明生成=facts_only; ジオコーディング補完: 浜松市中央区積志町1819番地,工作,中央区,,,,
221309,WEB1dd60d3815,静岡県,浜松市,【児童】のりもの,,,2026-07-01,2026-07-31,,,,「【児童】のりもの」は2026-07-01から2026-07-31に積志図書館 児童展示コーナー開催予定です。詳細は出典URLをご確認ください。,,,,053-456-0234・Fax：053-453-2324 ／ E-Mail：chuo@city.hamamatsu.shizuoka.jp,,積志図書館,積志図書館 児童展示コーナー,浜松市中央区積志町1819番地,,34.769825,137.762115,,,,,,,https://www.lib-city-hamamatsu.jp/access/sekisi/event/sekisi-jidoutenji202607.html,Web収集: 積志図書館 イベント; source_id=src_d0c3b38694056758; 説明生成=facts_only; ジオコーディング補完: 浜松市中央区積志町1819番地,展示,中央区,,,,
221309,WEBe4a1ca095b,静岡県,浜松市,【一般】大人の自由研究,,,2026-07-01,2026-07-31,,,,「【一般】大人の自由研究」は2026-07-01から2026-07-31に積志図書館 一般展示コーナー開催予定です。詳細は出典URLをご確認ください。,,,,053-456-0234・Fax：053-453-2324 ／ E-Mail：chuo@city.hamamatsu.shizuoka.jp,,,積志図書館 一般展示コーナー,浜松市中央区積志町1819番地,,34.769825,137.762115,,,,,,,https://www.lib-city-hamamatsu.jp/access/sekisi/event/sekisi_ippantenji202607.html,Web収集: 積志図書館 イベント; source_id=src_d0c3b38694056758; 説明生成=facts_only; ジオコーディング補完: 浜松市中央区積志町1819番地,展示,中央区,,,,
221309,WEB748a4124c7,静岡県,浜松市,【特別展示】宿題お助けコーナー,,,2026-07-18,2026-08-30,,,,「【特別展示】宿題お助けコーナー」は2026-07-18から2026-08-30に積志図書館 東側出入口付近開催予定です。詳細は出典URLをご確認ください。,,,,053-456-0234・Fax：053-453-2324 ／ E-Mail：chuo@city.hamamatsu.shizuoka.jp,,積志図書館,積志図書館 東側出入口付近,浜松市中央区積志町1819番地,,34.769825,137.762115,,,,,,,https://www.lib-city-hamamatsu.jp/access/sekisi/event/sekisi-syukudaiotasuke2026.html,Web収集: 積志図書館 イベント; source_id=src_d0c3b38694056758; 説明生成=facts_only; ジオコーディング補完: 浜松市中央区積志町1819番地,図書館イベント,中央区,,,,
221309,WEBa337ef9727,静岡県,浜松市,積志としょかんだより7月号,,,2026-07-01,2026-07-31,,,,「積志としょかんだより7月号」は2026-07-01から2026-07-31に積志図書館開催予定です。詳細は出典URLをご確認ください。,,,,053-456-0234・Fax：053-453-2324 ／ E-Mail：chuo@city.hamamatsu.shizuoka.jp,,積志図書館,積志図書館,浜松市中央区積志町1819番地,,34.769825,137.762115,,,,,,,https://www.lib-city-hamamatsu.jp/access/sekisi/event/sekisi_tosyokandayori202607.html,Web収集: 積志図書館 イベント; source_id=src_d0c3b38694056758; 説明生成=facts_only; ジオコーディング補完: 浜松市中央区積志町1819番地,図書館だより,中央区,,,,
221309,WEBaf787ae75f,静岡県,浜松市,≪受付終了≫「洗濯のり」で サンキャッチャーをつくろう,,,2026-07-25,2026-07-25,10:00,10:45,,「≪受付終了≫「洗濯のり」で サンキャッチャーをつくろう」は2026-07-25に10:00から10:45に東図書館2階 おはなしのへや開催予定です。料金は無料です。詳細は出典URLをご確認ください。,無料,,東図書館,053-456-0234・Fax：053-453-2324 ／ E-Mail：chuo@city.hamamatsu.shizuoka.jp,,東図書館,東図書館2階 おはなしのへや,浜松市中央区子安町309番地の1,,34.713192,137.761826,,,8名,,,,https://www.lib-city-hamamatsu.jp/access/higasi/event/higasi-event20260627_2.html,Web収集: 東図書館 イベント; source_id=src_619383ee6a909f2b; 説明生成=facts_only; ジオコーディング補完: 浜松市中央区子安町309番地の1,工作,東区,,,,
221309,WEB7803ec1c03,静岡県,浜松市,テイボー工場見学＆ワークショップ,,,2026-08-06,2026-08-06,09:20,11:00,,「テイボー工場見学＆ワークショップ」は2026-08-06に09:20から11:00にテイボー株式会社 向宿工場（中央区向宿1-2-1）開催予定です。料金は無料です。詳細は出典URLをご確認ください。,無料,,東図書館,053-456-0234・Fax：053-453-2324 ／ E-Mail：chuo@city.hamamatsu.shizuoka.jp,,東図書館,テイボー株式会社 向宿工場（中央区向宿1-2-1）,中央区向宿1-2-1,,34.708672,137.750244,,,10組（1組：子ども1～2名+保護者1名）,2026-07-18,09:00,,https://www.lib-city-hamamatsu.jp/access/higasi/event/higasi_event_teibo20260806.html,Web収集: 東図書館 イベント; source_id=src_619383ee6a909f2b; 説明生成=facts_only; ジオコーディング補完: 中央区向宿1-2-1,"工場見学, ワークショップ",中央区,,,,
221309,WEB67229dc337,静岡県,浜松市,図書館はみんなの調べ学習応援団,,,2026-07-17,2026-08-30,,,,「図書館はみんなの調べ学習応援団」は2026-07-17から2026-08-30に東図書館 2階 多目的室開催予定です。料金は無料です。詳細は出典URLをご確認ください。,無料,,,053-456-0234・Fax：053-453-2324 ／ E-Mail：chuo@city.hamamatsu.shizuoka.jp,,東図書館,東図書館 2階 多目的室,浜松市中央区子安町309番地の1,,34.713192,137.761826,,,おもに小学生のみなさまと保護者さま,,,,https://www.lib-city-hamamatsu.jp/access/higasi/event/higasi-event_20260605_01.html,Web収集: 東図書館 イベント; source_id=src_619383ee6a909f2b; 説明生成=facts_only; ジオコーディング補完: 浜松市中央区子安町309番地の1,図書館イベント,東区,,,,
221309,WEB62b0bba684,静岡県,浜松市,夏休み東図書館スタンプカード,,,2026-07-21,2026-08-30,,,,「夏休み東図書館スタンプカード」は2026-07-21から2026-08-30に東図書館 1階 カウンター開催予定です。詳細は出典URLをご確認ください。,,,東図書館,053-456-0234・Fax：053-453-2324 ／ E-Mail：chuo@city.hamamatsu.shizuoka.jp,,東図書館,東図書館 1階 カウンター,浜松市中央区子安町309番地の1,,34.713192,137.761826,,,,,,,https://www.lib-city-hamamatsu.jp/access/higasi/event/higasi-event_20260721.html,Web収集: 東図書館 イベント; source_id=src_619383ee6a909f2b; 説明生成=facts_only; ジオコーディング補完: 浜松市中央区子安町309番地の1,図書館イベント,中央区,,,,
221309,WEBa03baff098,静岡県,浜松市,東図書館夏まつり,,,2026-08-01,2026-08-01,10:00,12:00,,「東図書館夏まつり」は2026-08-01に10:00から12:00に東図書館 2階おはなしのへや開催予定です。事前申込が必要です。詳細は出典URLをご確認ください。,,,東図書館,053-456-0234・Fax：053-453-2324 ／ E-Mail：chuo@city.hamamatsu.shizuoka.jp,,東図書館,東図書館 2階おはなしのへや,浜松市中央区子安町309番地の1,,34.713192,137.761826,,,,,,事前申込が必要です。詳細は出典URLをご確認ください。,https://www.lib-city-hamamatsu.jp/access/higasi/event/higasi-event_20260801.html,Web収集: 東図書館 イベント; source_id=src_619383ee6a909f2b; 説明生成=facts_only; ジオコーディング補完: 浜松市中央区子安町309番地の1,夏まつり,中央区,,,,
221309,WEB2b0f8e83f3,静岡県,浜松市,【医療・健康情報コーナー】ミニ展示,,,2026-04-01,2027-03-31,,,,「【医療・健康情報コーナー】ミニ展示」は2026-04-01から2027-03-31に東図書館1階 医療・健康情報コーナー開催予定です。詳細は出典URLをご確認ください。,,,,053-456-0234・Fax：053-453-2324 ／ E-Mail：chuo@city.hamamatsu.shizuoka.jp,,,東図書館1階 医療・健康情報コーナー,浜松市中央区子安町309番地の1,,34.713192,137.761826,,,,,,,https://www.lib-city-hamamatsu.jp/access/higasi/event/higasi_tenji_iryou_2026031002.html,Web収集: 東図書館 イベント; source_id=src_619383ee6a909f2b; 説明生成=facts_only; ジオコーディング補完: 浜松市中央区子安町309番地の1,図書館イベント,中央区,,,,
221309,WEBa530a701f5,静岡県,浜松市,【一般】健康筋肉,,,2026-07-01,2026-07-31,,,,「【一般】健康筋肉」は2026-07-01から2026-07-31に東図書館１階 一般展示コーナー開催予定です。詳細は出典URLをご確認ください。,,,,053-456-0234・Fax：053-453-2324 ／ E-Mail：chuo@city.hamamatsu.shizuoka.jp,,,東図書館１階 一般展示コーナー,浜松市中央区子安町309番地の1,,34.713192,137.761826,,,,,,,https://www.lib-city-hamamatsu.jp/access/higasi/event/higasi-teiji20260627_1.html,Web収集: 東図書館 イベント; source_id=src_619383ee6a909f2b; 説明生成=facts_only; ジオコーディング補完: 浜松市中央区子安町309番地の1,図書館イベント,中央区,,,,
221309,WEBa452e44ef9,静岡県,浜松市,【児童】読書感想文にチャレンジ！,,,2026-07-01,2026-08-30,,,,「【児童】読書感想文にチャレンジ！」は2026-07-01から2026-08-30に東図書館2階 児童展示コーナー開催予定です。詳細は出典URLをご確認ください。,,,,053-456-0234・Fax：053-453-2324 ／ E-Mail：chuo@city.hamamatsu.shizuoka.jp,,,東図書館2階 児童展示コーナー,浜松市中央区子安町309番地の1,,34.713192,137.761826,,,,,,,https://www.lib-city-hamamatsu.jp/access/higasi/event/higasi-tenji_jidou202607_08.html,Web収集: 東図書館 イベント; source_id=src_619383ee6a909f2b; 説明生成=facts_only; ジオコーディング補完: 浜松市中央区子安町309番地の1,図書館イベント,中央区,,,,
221309,WEBddf333d7f6,静岡県,浜松市,すくすくタイム,,,2026-04-01,2027-03-31,10:00,12:00,,「すくすくタイム」は2026-04-01から2027-03-31に10:00から12:00に東図書館 2階おはなしのへや、児童コーナー開催予定です。詳細は出典URLをご確認ください。,,,東図書館,053-456-0234・Fax：053-453-2324 ／ E-Mail：chuo@city.hamamatsu.shizuoka.jp,,東図書館,東図書館 2階おはなしのへや、児童コーナー,浜松市中央区子安町309番地の1,,34.713192,137.761826,,,,,,,https://www.lib-city-hamamatsu.jp/access/higasi/event/higasi_other_sukusuku2604-2.html,Web収集: 東図書館 イベント; source_id=src_619383ee6a909f2b; 説明生成=facts_only; ジオコーディング補完: 浜松市中央区子安町309番地の1,子育て支援,中央区,,,,
221309,WEB8f1987ce8e,静岡県,浜松市,ナクソス・ミュージック・ライブラリー,,,2026-04-01,2027-03-31,,,,「ナクソス・ミュージック・ライブラリー」は2026-04-01から2027-03-31に東図書館開催予定です。料金は無料です。詳細は出典URLをご確認ください。,無料,,,053-456-0234・Fax：053-453-2324 ／ E-Mail：chuo@city.hamamatsu.shizuoka.jp,,,東図書館,浜松市中央区子安町309番地の1,,34.713192,137.761826,,,,,,,https://www.lib-city-hamamatsu.jp/access/higasi/event/higasi_ev_naxos20260401_2703.html,Web収集: 東図書館 イベント; source_id=src_619383ee6a909f2b; 説明生成=facts_only; ジオコーディング補完: 浜松市中央区子安町309番地の1,図書館イベント,中央区,,,,
221309,WEBb74d32a2ec,静岡県,浜松市,「いもねこショップ」クッキー販売,,,2026-04-25,2027-03-31,01:00,15:30,,「「いもねこショップ」クッキー販売」は2026-04-25から2027-03-31に01:00から15:30に東図書館出入口ゲート前開催予定です。詳細は出典URLをご確認ください。,,,東図書館,053-456-0234・Fax：053-453-2324 ／ E-Mail：chuo@city.hamamatsu.shizuoka.jp,,東図書館,東図書館出入口ゲート前,浜松市中央区子安町309番地の1,,34.713192,137.761826,,,,,,,https://www.lib-city-hamamatsu.jp/access/higasi/event/higasi_event202604_202703-2-2.html,Web収集: 東図書館 イベント; source_id=src_619383ee6a909f2b; 説明生成=facts_only; ジオコーディング補完: 浜松市中央区子安町309番地の1,販売,東区,,,,
221309,WEBdca1b3272a,静岡県,浜松市,東図書館だより 2026年夏号,,,2026-07-01,2026-09-30,,,,「東図書館だより 2026年夏号」は2026-07-01から2026-09-30に東図書館開催予定です。詳細は出典URLをご確認ください。,,,,053-456-0234・Fax：053-453-2324 ／ E-Mail：chuo@city.hamamatsu.shizuoka.jp,,,東図書館,浜松市中央区子安町309番地の1,,34.713192,137.761826,,,,,,,https://www.lib-city-hamamatsu.jp/access/higasi/event/higasi_newsletter_2026_070809.html,Web収集: 東図書館 イベント; source_id=src_619383ee6a909f2b; 説明生成=facts_only; ジオコーディング補完: 浜松市中央区子安町309番地の1,図書館イベント,中央区,,,,
221309,WEBea7a969769,静岡県,浜松市,えほんとわらべうたの会（こうさぎのおはなし会）,,,2026-04-01,2027-03-31,,,,「えほんとわらべうたの会（こうさぎのおはなし会）」は2026-04-01から2027-03-31に流通元町図書館 読み聞かせコーナー開催予定です。詳細は出典URLをご確認ください。,,,,053-456-0234・Fax：053-453-2324 ／ E-Mail：chuo@city.hamamatsu.shizuoka.jp,,流通元町図書館,流通元町図書館 読み聞かせコーナー,浜松市中央区流通元町20番2号,,34.740631,137.79129,,,なし,,,,https://www.lib-city-hamamatsu.jp/access/ryuutuu/event/ryuutuu_event_20260311-1.html,Web収集: 流通元町図書館 イベント; source_id=src_45611c1d9e426b7d; 説明生成=facts_only; ジオコーディング補完: 浜松市中央区流通元町20番2号,読み聞かせ,中央区,,,,
221309,WEB9c79527935,静岡県,浜松市,図書館はみんなの調べ学習応援団,,,2026-07-03,2026-08-30,,,,「図書館はみんなの調べ学習応援団」は2026-07-03から2026-08-30に流通元町図書館 児童コーナー開催予定です。詳細は出典URLをご確認ください。,,,,053-456-0234・Fax：053-453-2324 ／ E-Mail：chuo@city.hamamatsu.shizuoka.jp,,流通元町図書館,流通元町図書館 児童コーナー,浜松市中央区流通元町20番2号,,34.740631,137.79129,,,,,,,https://www.lib-city-hamamatsu.jp/access/ryuutuu/event/ryuutuu_event_20260628-1.html,Web収集: 流通元町図書館 イベント; source_id=src_45611c1d9e426b7d; 説明生成=facts_only; ジオコーディング補完: 浜松市中央区流通元町20番2号,図書館イベント,中央区,,,,
221309,WEB5e23b679ca,静岡県,浜松市,季節のあいさつを送ろう～手作り暑中・残暑見舞い～,,,2026-07-14,2026-08-23,09:00,12:00,,「季節のあいさつを送ろう～手作り暑中・残暑見舞い～」は2026-07-14から2026-08-23に09:00から12:00に流通元町図書館 児童コーナー開催予定です。料金は無料です。事前申込が必要です。詳細は出典URLをご確認ください。,無料,,流通元町図書館,053-456-0234・Fax：053-453-2324 ／ E-Mail：chuo@city.hamamatsu.shizuoka.jp,,流通元町図書館,流通元町図書館 児童コーナー,浜松市中央区流通元町20番2号,,34.740631,137.79129,,,,,,事前申込が必要です。詳細は出典URLをご確認ください。,https://www.lib-city-hamamatsu.jp/access/ryuutuu/event/ryuutuu_event_20260623-1.html,Web収集: 流通元町図書館 イベント; source_id=src_45611c1d9e426b7d; 説明生成=facts_only; ジオコーディング補完: 浜松市中央区流通元町20番2号,工作・体験,中央区,,,,
221309,WEBfb19688728,静岡県,浜松市,夏休み児童企画「夏のおたのしみ会～こわいおはなし～」,,,2026-08-08,2026-08-08,03:00,,,「夏休み児童企画「夏のおたのしみ会～こわいおはなし～」」は2026-08-08に03:00に流通元町図書館 読み聞かせコーナー開催予定です。料金は無料です。詳細は出典URLをご確認ください。,無料,,,053-456-0234・Fax：053-453-2324 ／ E-Mail：chuo@city.hamamatsu.shizuoka.jp,,,流通元町図書館 読み聞かせコーナー,浜松市中央区流通元町20番2号,,34.740631,137.79129,,,,,,,https://www.lib-city-hamamatsu.jp/access/ryuutuu/event/ryuutuu_event_20260702-1.html,Web収集: 流通元町図書館 イベント; source_id=src_45611c1d9e426b7d; 説明生成=facts_only; ジオコーディング補完: 浜松市中央区流通元町20番2号,図書館イベント,中央区,,,,
221309,WEBad2ae4eef8,静岡県,浜松市,【一般】自然を尊ぶ,,,2026-07-03,2026-07-31,,,,「【一般】自然を尊ぶ」は2026-07-03から2026-07-31に流通元町図書館 一般展示コーナー開催予定です。詳細は出典URLをご確認ください。,,,,053-456-0234・Fax：053-453-2324 ／ E-Mail：chuo@city.hamamatsu.shizuoka.jp,,,流通元町図書館 一般展示コーナー,浜松市中央区流通元町20番2号,,34.740631,137.79129,,,,,,,https://www.lib-city-hamamatsu.jp/access/ryuutuu/event/ryuutuu_tenji_20260628-2.html,Web収集: 流通元町図書館 イベント; source_id=src_45611c1d9e426b7d; 説明生成=facts_only; ジオコーディング補完: 浜松市中央区流通元町20番2号,図書館イベント,中央区,,,,
221309,WEB2881a926be,静岡県,浜松市,【児童】海はひろいな大きいな,,,2026-07-03,2026-07-31,,,,「【児童】海はひろいな大きいな」は2026-07-03から2026-07-31に流通元町図書館 児童展示コーナー開催予定です。詳細は出典URLをご確認ください。,,,,053-456-0234・Fax：053-453-2324 ／ E-Mail：chuo@city.hamamatsu.shizuoka.jp,,流通元町図書館,流通元町図書館 児童展示コーナー,浜松市中央区流通元町20番2号,,34.740631,137.79129,,,,,,,https://www.lib-city-hamamatsu.jp/access/ryuutuu/event/ryuutuu_tenji_20260619-2.html,Web収集: 流通元町図書館 イベント; source_id=src_45611c1d9e426b7d; 説明生成=facts_only; ジオコーディング補完: 浜松市中央区流通元町20番2号,展示,中央区,,,,
221309,WEBdd7c3cead1,静岡県,浜松市,「夏休み中高生向けのおすすめの本集めました」,,,2026-07-03,2026-08-30,,,,「「夏休み中高生向けのおすすめの本集めました」」は2026-07-03から2026-08-30に流通元町図書館 エントランスコーナー開催予定です。詳細は出典URLをご確認ください。,,,,053-456-0234・Fax：053-453-2324 ／ E-Mail：chuo@city.hamamatsu.shizuoka.jp,,,流通元町図書館 エントランスコーナー,浜松市中央区流通元町20番2号,,34.740631,137.79129,,,,,,,https://www.lib-city-hamamatsu.jp/access/ryuutuu/event/ryuutuu_tenji_20260619-1.html,Web収集: 流通元町図書館 イベント; source_id=src_45611c1d9e426b7d; 説明生成=facts_only; ジオコーディング補完: 浜松市中央区流通元町20番2号,図書館イベント,中央区,,,,
221309,WEBa58e4235ba,静岡県,浜松市,【児童】夏休み特別展示「夏休みに読む本きめた？～読書感想文にも～」,,,2026-07-03,2026-08-30,,,,「【児童】夏休み特別展示「夏休みに読む本きめた？～読書感想文にも～」」は2026-07-03から2026-08-30に流通元町図書館 エントランスコーナー開催予定です。詳細は出典URLをご確認ください。,,,,053-456-0234・Fax：053-453-2324 ／ E-Mail：chuo@city.hamamatsu.shizuoka.jp,,,流通元町図書館 エントランスコーナー,浜松市中央区流通元町20番2号,,34.740631,137.79129,,,,,,,https://www.lib-city-hamamatsu.jp/access/ryuutuu/event/ryuutuu_tenji_20260617-1.html,Web収集: 流通元町図書館 イベント; source_id=src_45611c1d9e426b7d; 説明生成=facts_only; ジオコーディング補完: 浜松市中央区流通元町20番2号,図書館イベント,中央区,,,,
221309,WEB9bc7639efb,静岡県,浜松市,【一般・児童】東行政センター「ユニバーサルデザイン製品展2026」連携企画展示「みんなのUD」,,,2026-07-21,2026-07-31,,,,「【一般・児童】東行政センター「ユニバーサルデザイン製品展2026」連携企画展示「みんなのUD」」は2026-07-21から2026-07-31に流通元町図書館 エントランスコーナー開催予定です。詳細は出典URLをご確認ください。,,,,053-456-0234・Fax：053-453-2324 ／ E-Mail：chuo@city.hamamatsu.shizuoka.jp,,,流通元町図書館 エントランスコーナー,浜松市中央区流通元町20番2号,,34.740631,137.79129,,,,,,,https://www.lib-city-hamamatsu.jp/access/ryuutuu/event/ryuutuu_tenji_20260708-1.html,Web収集: 流通元町図書館 イベント; source_id=src_45611c1d9e426b7d; 説明生成=facts_only; ジオコーディング補完: 浜松市中央区流通元町20番2号,展示,中央区,,,,
221309,WEB7732e53e9e,静岡県,浜松市,図書館俳句ポスト,,,2026-04-01,2027-03-31,,,,「図書館俳句ポスト」は2026-04-01から2027-03-31に流通元町図書館 俳句の里コーナー開催予定です。料金は無料です。詳細は出典URLをご確認ください。,無料,,,053-456-0234・Fax：053-453-2324 ／ E-Mail：chuo@city.hamamatsu.shizuoka.jp,,流通元町図書館,流通元町図書館 俳句の里コーナー,浜松市中央区流通元町20番2号,,34.740631,137.79129,,,どなたでも,,,,https://www.lib-city-hamamatsu.jp/access/ryuutuu/event/ryuutuu_event_20260311-3.html,Web収集: 流通元町図書館 イベント; source_id=src_45611c1d9e426b7d; 説明生成=facts_only,文化・芸術,中央区,,,,
221309,WEBd10389ee57,静岡県,浜松市,すくすくタイム,,,2026-04-01,2027-03-31,10:45,12:00,,「すくすくタイム」は2026-04-01から2027-03-31に10:45から12:00に流通元町図書館 読み聞かせコーナー開催予定です。詳細は出典URLをご確認ください。,,,流通元町図書館,053-456-0234・Fax：053-453-2324 ／ E-Mail：chuo@city.hamamatsu.shizuoka.jp,,流通元町図書館,流通元町図書館 読み聞かせコーナー,浜松市中央区流通元町20番2号,,34.740631,137.79129,,,,,,,https://www.lib-city-hamamatsu.jp/access/ryuutuu/event/ryuutuu_oshirase_20260311-2.html,Web収集: 流通元町図書館 イベント; source_id=src_45611c1d9e426b7d; 説明生成=facts_only; ジオコーディング補完: 浜松市中央区流通元町20番2号,子育て・親子,中央区,,,,
221309,WEBe72b88c9ba,静岡県,浜松市,ナクソス・ミュージック・ライブラリー,,,2026-04-01,2027-03-31,,,,「ナクソス・ミュージック・ライブラリー」は2026-04-01から2027-03-31に流通元町図書館開催予定です。料金は無料です。詳細は出典URLをご確認ください。,無料,,,053-456-0234・Fax：053-453-2324 ／ E-Mail：chuo@city.hamamatsu.shizuoka.jp,,,流通元町図書館,浜松市中央区流通元町20番2号,,34.740631,137.79129,,,,,,,https://www.lib-city-hamamatsu.jp/access/ryuutuu/event/ryuutuu_oshirase_20260401-1.html,Web収集: 流通元町図書館 イベント; source_id=src_45611c1d9e426b7d; 説明生成=facts_only; ジオコーディング補完: 浜松市中央区流通元町20番2号,図書館イベント,中央区,,,,
221309,WEBac8909580a,静岡県,浜松市,流通元町図書館だより 2026年度2号,,,2026-07-21,2026-09-30,,,,「流通元町図書館だより 2026年度2号」は2026-07-21から2026-09-30に流通元町図書館開催予定です。詳細は出典URLをご確認ください。,,,,053-456-0234・Fax：053-453-2324 ／ E-Mail：chuo@city.hamamatsu.shizuoka.jp,,,流通元町図書館,浜松市中央区流通元町20番2号,,34.740631,137.79129,,,,,,,https://www.lib-city-hamamatsu.jp/access/ryuutuu/event/ryuutuu_oshirase_20260702-1.html,Web収集: 流通元町図書館 イベント; source_id=src_45611c1d9e426b7d; 説明生成=facts_only; ジオコーディング補完: 浜松市中央区流通元町20番2号,図書館イベント,中央区,,,,
221309,WEB968319253f,静岡県,浜松市,《受付終了》図書館のおしごと体験,,,2026-08-02,2026-08-02,10:00,12:00,,「《受付終了》図書館のおしごと体験」は2026-08-02に10:00から12:00にはまゆう図書館 グループ学習室開催予定です。料金は無料です。詳細は出典URLをご確認ください。,無料,,,053-456-0234・Fax：053-453-2324 ／ E-Mail：chuo@city.hamamatsu.shizuoka.jp,,はまゆう図書館,はまゆう図書館 グループ学習室,浜松市中央区大人見町1750番地の394,,34.738914,137.653839,,,5人,,,,https://www.lib-city-hamamatsu.jp/access/hamayuu/event/hamayu_kodomo28.html,Web収集: はまゆう図書館 イベント; source_id=src_40c6d967345b7374; 説明生成=facts_only; ジオコーディング補完: 浜松市中央区大人見町1750番地の394,体験,中央区,,,,
221309,WEBc74fa0086a,静岡県,浜松市,2026 夏休み なぞときチャレンジ 『浜松千夜一夜物語』,,,2026-07-24,2026-08-30,,,,「2026 夏休み なぞときチャレンジ 『浜松千夜一夜物語』」は2026-07-24から2026-08-30に舞阪図書館 および 舞阪郷土資料館 館内開催予定です。料金は無料です。詳細は出典URLをご確認ください。,無料,,,053-456-0234・Fax：053-453-2324 ／ E-Mail：chuo@city.hamamatsu.shizuoka.jp,,,舞阪図書館 および 舞阪郷土資料館 館内,浜松市中央区舞阪町舞阪2668番地の56,,34.679863,137.606964,,,,,,,https://www.lib-city-hamamatsu.jp/access/maisaka/event/maisaka-event-20260717-1.html,Web収集: 舞阪図書館 イベント; source_id=src_3fdf5aaa3b063483; 説明生成=facts_only; ジオコーディング補完: 浜松市中央区舞阪町舞阪2668番地の56,図書館イベント,中央区,,,,
221309,WEB43557804e6,静岡県,浜松市,音読体験「早口ことば」 と 大人のためのお話し会（落語）,,,2026-08-23,2026-08-23,10:00,11:30,,「音読体験「早口ことば」 と 大人のためのお話し会（落語）」は2026-08-23に10:00から11:30に舞阪図書館 2階 講座室2 および １階ブラウジングスペース開催予定です。詳細は出典URLをご確認ください。,,,舞阪図書館,053-456-0234・Fax：053-453-2324 ／ E-Mail：chuo@city.hamamatsu.shizuoka.jp,,舞阪図書館,舞阪図書館 2階 講座室2 および １階ブラウジングスペース,浜松市中央区舞阪町舞阪2668番地の56,,34.679863,137.606964,,,20名,,,,https://www.lib-city-hamamatsu.jp/access/maisaka/event/maisaka-event-20260717-2.html,Web収集: 舞阪図書館 イベント; source_id=src_3fdf5aaa3b063483; 説明生成=facts_only; ジオコーディング補完: 浜松市中央区舞阪町舞阪2668番地の56,文化・芸術,中央区,,,,
221309,WEB387383b334,静岡県,浜松市,七夕「ほしにねがいを！」,,,2026-07-01,2026-08-09,,,,「七夕「ほしにねがいを！」」は2026-07-01から2026-08-09に舞阪図書館 正面入口開催予定です。料金は無料です。詳細は出典URLをご確認ください。,無料,,,053-456-0234・Fax：053-453-2324 ／ E-Mail：chuo@city.hamamatsu.shizuoka.jp,,,舞阪図書館 正面入口,浜松市中央区舞阪町舞阪2668番地の56,,34.679863,137.606964,,,小学生以下,,,,https://www.lib-city-hamamatsu.jp/access/maisaka/event/maisaka-kiz-event-20260618.html,Web収集: 舞阪図書館 イベント; source_id=src_3fdf5aaa3b063483; 説明生成=facts_only; ジオコーディング補完: 浜松市中央区舞阪町舞阪2668番地の56,図書館イベント,中央区,,,,
221309,WEB45c9c117d9,静岡県,浜松市,7月の『おはなしたまご』,,,2026-07-26,2026-07-26,03:00,03:00,,「7月の『おはなしたまご』」は2026-07-26に03:00から03:00に舞阪図書館 ２階 講座室２開催予定です。料金は無料です。事前申込が必要です。詳細は出典URLをご確認ください。,無料,,舞阪図書館,053-456-0234・Fax：053-453-2324 ／ E-Mail：chuo@city.hamamatsu.shizuoka.jp,,舞阪図書館,舞阪図書館 ２階 講座室２,浜松市中央区舞阪町舞阪2668番地の56,,34.679863,137.606964,,,20人,,,事前申込が必要です。詳細は出典URLをご確認ください。,https://www.lib-city-hamamatsu.jp/access/maisaka/event/maisaka-kiz-event-20260702-1.html,Web収集: 舞阪図書館 イベント; source_id=src_3fdf5aaa3b063483; 説明生成=facts_only; ジオコーディング補完: 浜松市中央区舞阪町舞阪2668番地の56,読み聞かせ,舞阪,,,,
221309,WEBbde725ac27,静岡県,浜松市,郷土の展示「浜松開催の全国水泳大会」,,,2026-07-01,2026-08-30,,,,「郷土の展示「浜松開催の全国水泳大会」」は2026-07-01から2026-08-30に舞阪図書館 郷土展示コーナー開催予定です。詳細は出典URLをご確認ください。,,,,053-456-0234・Fax：053-453-2324 ／ E-Mail：chuo@city.hamamatsu.shizuoka.jp,,,舞阪図書館 郷土展示コーナー,浜松市中央区舞阪町舞阪2668番地の56,,34.679863,137.606964,,,,,,,https://www.lib-city-hamamatsu.jp/access/maisaka/event/maisaka-tenji-20260702-3.html,Web収集: 舞阪図書館 イベント; source_id=src_3fdf5aaa3b063483; 説明生成=facts_only; ジオコーディング補完: 浜松市中央区舞阪町舞阪2668番地の56,図書館イベント,中央区,,,,
221309,WEBa877f08f93,静岡県,浜松市,【児童】7月の展示「だいすき！海のいきもの」,,,2026-07-01,2026-07-31,,,,「【児童】7月の展示「だいすき！海のいきもの」」は2026-07-01から2026-07-31に舞阪図書館 児童展示コーナー開催予定です。詳細は出典URLをご確認ください。,,,,053-456-0234・Fax：053-453-2324 ／ E-Mail：chuo@city.hamamatsu.shizuoka.jp,,,舞阪図書館 児童展示コーナー,浜松市中央区舞阪町舞阪2668番地の56,,34.679863,137.606964,,,,,,,https://www.lib-city-hamamatsu.jp/access/maisaka/event/maisaka-tenji-20260702-2.html,Web収集: 舞阪図書館 イベント; source_id=src_3fdf5aaa3b063483; 説明生成=facts_only; ジオコーディング補完: 浜松市中央区舞阪町舞阪2668番地の56,図書館イベント,中央区,,,,
221309,WEB79a482936e,静岡県,浜松市,【一般】7月の展示「BLUEBOOKS」,,,2026-07-01,2026-07-31,,,,「【一般】7月の展示「BLUEBOOKS」」は2026-07-01から2026-07-31に舞阪図書館 一般展示コーナー開催予定です。詳細は出典URLをご確認ください。,,,,053-456-0234・Fax：053-453-2324 ／ E-Mail：chuo@city.hamamatsu.shizuoka.jp,,舞阪図書館,舞阪図書館 一般展示コーナー,浜松市中央区舞阪町舞阪2668番地の56,,34.679863,137.606964,,,,,,,https://www.lib-city-hamamatsu.jp/access/maisaka/event/maisaka-tenji-20260702-1.html,Web収集: 舞阪図書館 イベント; source_id=src_3fdf5aaa3b063483; 説明生成=facts_only; ジオコーディング補完: 浜松市中央区舞阪町舞阪2668番地の56,展示,舞阪,,,,
221309,WEBf3f3ff222b,静岡県,浜松市,のびのびタイム,,,2026-04-01,2027-03-31,,12:00,,「のびのびタイム」は2026-04-01から2027-03-31に開始時刻未確認から12:00にあかちゃんコーナー開催予定です。詳細は出典URLをご確認ください。,,,,053-456-0234・Fax：053-453-2324 ／ E-Mail：chuo@city.hamamatsu.shizuoka.jp,,舞阪図書館,あかちゃんコーナー,浜松市中央区舞阪町舞阪2668番地の56,,34.679863,137.606964,,,,,,,https://www.lib-city-hamamatsu.jp/access/maisaka/event/maisaka-info-20260401-12.html,Web収集: 舞阪図書館 イベント; source_id=src_3fdf5aaa3b063483; 説明生成=facts_only; ジオコーディング補完: 浜松市中央区舞阪町舞阪2668番地の56,子育て支援,舞阪,,,,
221309,WEB8ec66e012e,静岡県,浜松市,『舞阪図書館 大人倶楽部』 会員募集中！,,,2026-04-01,2027-03-31,,,,「『舞阪図書館 大人倶楽部』 会員募集中！」は2026-04-01から2027-03-31に受付カウンター開催予定です。料金は無料です。詳細は出典URLをご確認ください。,無料,,,053-456-0234・Fax：053-453-2324 ／ E-Mail：chuo@city.hamamatsu.shizuoka.jp,,,受付カウンター,浜松市中央区舞阪町舞阪2668番地の56,,34.679863,137.606964,,,定員なし,,,,https://www.lib-city-hamamatsu.jp/access/maisaka/event/maisaka-info-20260401-11.html,Web収集: 舞阪図書館 イベント; source_id=src_3fdf5aaa3b063483; 説明生成=facts_only; ジオコーディング補完: 浜松市中央区舞阪町舞阪2668番地の56,図書館イベント,中央区,,,,
221309,WEBf7fa728526,静岡県,浜松市,『舞阪図書館 こどもクラブ』 会員募集中！,,,2026-04-01,2027-03-31,,,,「『舞阪図書館 こどもクラブ』 会員募集中！」は2026-04-01から2027-03-31に受付カウンター開催予定です。料金は無料です。詳細は出典URLをご確認ください。,無料,,,053-456-0234・Fax：053-453-2324 ／ E-Mail：chuo@city.hamamatsu.shizuoka.jp,,,受付カウンター,浜松市中央区舞阪町舞阪2668番地の56,,34.679863,137.606964,,,定員なし,,,,https://www.lib-city-hamamatsu.jp/access/maisaka/event/maisaka-info-20260401-10.html,Web収集: 舞阪図書館 イベント; source_id=src_3fdf5aaa3b063483; 説明生成=facts_only; ジオコーディング補完: 浜松市中央区舞阪町舞阪2668番地の56,子供向け,中央区,,,,
221309,WEBe432e4b01e,静岡県,浜松市,「読書ノート」 配布中！,,,2026-04-01,2027-03-31,,,,「「読書ノート」 配布中！」は2026-04-01から2027-03-31に受付カウンターにて開催予定です。詳細は出典URLをご確認ください。,,,,053-456-0234・Fax：053-453-2324 ／ E-Mail：chuo@city.hamamatsu.shizuoka.jp,,,受付カウンターにて,浜松市中央区舞阪町舞阪2668番地の56,,34.679863,137.606964,,,,,,,https://www.lib-city-hamamatsu.jp/access/maisaka/event/maisaka-info-20260401-9.html,Web収集: 舞阪図書館 イベント; source_id=src_3fdf5aaa3b063483; 説明生成=facts_only; ジオコーディング補完: 浜松市中央区舞阪町舞阪2668番地の56,図書館イベント,中央区,,,,
221309,WEB037e3634e1,静岡県,浜松市,インスタグラム（Instagram）発信中！,,,2026-04-01,2027-03-31,,,,「インスタグラム（Instagram）発信中！」は2026-04-01から2027-03-31に舞阪図書館開催予定です。詳細は出典URLをご確認ください。,,,,053-456-0234・Fax：053-453-2324 ／ E-Mail：chuo@city.hamamatsu.shizuoka.jp,,,舞阪図書館,浜松市中央区舞阪町舞阪2668番地の56,,34.679863,137.606964,,,,,,,https://www.lib-city-hamamatsu.jp/access/maisaka/event/maisaka-info-20260401-8.html,Web収集: 舞阪図書館 イベント; source_id=src_3fdf5aaa3b063483; 説明生成=facts_only; ジオコーディング補完: 浜松市中央区舞阪町舞阪2668番地の56,図書館イベント,中央区,,,,
221309,WEBc3dddeb9bd,静岡県,浜松市,X（旧ツイッター（Twitter））発信中！,,,2026-04-01,2027-03-31,,,,「X（旧ツイッター（Twitter））発信中！」は2026-04-01から2027-03-31に舞阪図書館開催予定です。詳細は出典URLをご確認ください。,,,,053-456-0234・Fax：053-453-2324 ／ E-Mail：chuo@city.hamamatsu.shizuoka.jp,,,舞阪図書館,浜松市中央区舞阪町舞阪2668番地の56,,34.679863,137.606964,,,,,,,https://www.lib-city-hamamatsu.jp/access/maisaka/event/maisaka-info-20260401-7.html,Web収集: 舞阪図書館 イベント; source_id=src_3fdf5aaa3b063483; 説明生成=facts_only; ジオコーディング補完: 浜松市中央区舞阪町舞阪2668番地の56,図書館イベント,中央区,,,,
221309,WEBe1cf761433,静岡県,浜松市,読書の木を育てよう！,,,2026-04-01,2027-03-31,,,,「読書の木を育てよう！」は2026-04-01から2027-03-31に受付カウンター開催予定です。料金は無料です。詳細は出典URLをご確認ください。,無料,,,053-456-0234・Fax：053-453-2324 ／ E-Mail：chuo@city.hamamatsu.shizuoka.jp,,,受付カウンター,浜松市中央区舞阪町舞阪2668番地の56,,34.679863,137.606964,,,小学生以下,,,,https://www.lib-city-hamamatsu.jp/access/maisaka/event/maisaka-info-20260401-6.html,Web収集: 舞阪図書館 イベント; source_id=src_3fdf5aaa3b063483; 説明生成=facts_only; ジオコーディング補完: 浜松市中央区舞阪町舞阪2668番地の56,図書館イベント,中央区,,,,
221309,WEBdffc4a75ab,静岡県,浜松市,舞阪図書館より、お誕生日おめでとう！,,,2026-04-01,2027-03-31,,,,「舞阪図書館より、お誕生日おめでとう！」は2026-04-01から2027-03-31に舞阪図書館 受付カウンター開催予定です。料金は無料です。詳細は出典URLをご確認ください。,無料,,舞阪図書館,053-456-0234・Fax：053-453-2324 ／ E-Mail：chuo@city.hamamatsu.shizuoka.jp,,舞阪図書館,舞阪図書館 受付カウンター,浜松市中央区舞阪町舞阪2668番地の56,,34.679863,137.606964,,,どなたでも,,,,https://www.lib-city-hamamatsu.jp/access/maisaka/event/maisaka-info-20260401-5.html,Web収集: 舞阪図書館 イベント; source_id=src_3fdf5aaa3b063483; 説明生成=facts_only; ジオコーディング補完: 浜松市中央区舞阪町舞阪2668番地の56,図書館イベント,中央区,,,,
221309,WEB688fb3e8b3,静岡県,浜松市,「グループ学習室 ＆ 昼食用スペース」利用できます,,,2026-04-01,2027-03-31,09:00,,,「「グループ学習室 ＆ 昼食用スペース」利用できます」は2026-04-01から2027-03-31に09:00に舞阪図書館 ２階 講座室３開催予定です。料金は無料です。詳細は出典URLをご確認ください。,無料,,,053-456-0234・Fax：053-453-2324 ／ E-Mail：chuo@city.hamamatsu.shizuoka.jp,,,舞阪図書館 ２階 講座室３,浜松市中央区舞阪町舞阪2668番地の56,,34.679863,137.606964,,,,,,,https://www.lib-city-hamamatsu.jp/access/maisaka/event/maisaka-info-20260401-4.html,Web収集: 舞阪図書館 イベント; source_id=src_3fdf5aaa3b063483; 説明生成=facts_only; ジオコーディング補完: 浜松市中央区舞阪町舞阪2668番地の56,図書館イベント,中央区,,,,
221309,WEB0ba6ef4c93,静岡県,浜松市,「えいご de おはなし会」やってます！,,,2026-04-01,2027-03-31,03:00,03:30,,「「えいご de おはなし会」やってます！」は2026-04-01から2027-03-31に03:00から03:30に2階 講座室２開催予定です。料金は無料です。事前申込が必要です。詳細は出典URLをご確認ください。,無料,,舞阪図書館,053-456-0234・Fax：053-453-2324 ／ E-Mail：chuo@city.hamamatsu.shizuoka.jp,,舞阪図書館,2階 講座室２,浜松市中央区舞阪町舞阪2668番地の56,,34.679863,137.606964,,,20人,,,事前申込が必要です。詳細は出典URLをご確認ください。,https://www.lib-city-hamamatsu.jp/access/maisaka/event/maisaka-info-20260401-3-3.html,Web収集: 舞阪図書館 イベント; source_id=src_3fdf5aaa3b063483; 説明生成=facts_only; ジオコーディング補完: 浜松市中央区舞阪町舞阪2668番地の56,図書館イベント,中央区,,,,
221309,WEB0f20123ec6,静岡県,浜松市,「おはなしたまご」やってます！,,,2026-04-01,2027-03-31,03:00,03:30,,「「おはなしたまご」やってます！」は2026-04-01から2027-03-31に03:00から03:30に主に 2階 講座室２開催予定です。料金は無料です。事前申込が必要です。詳細は出典URLをご確認ください。,無料,,舞阪図書館,053-456-0234・Fax：053-453-2324 ／ E-Mail：chuo@city.hamamatsu.shizuoka.jp,,舞阪図書館,主に 2階 講座室２,浜松市中央区舞阪町舞阪2668番地の56,,34.679863,137.606964,,,20人,,,事前申込が必要です。詳細は出典URLをご確認ください。,https://www.lib-city-hamamatsu.jp/access/maisaka/event/maisaka-info-20260401-2.html,Web収集: 舞阪図書館 イベント; source_id=src_3fdf5aaa3b063483; 説明生成=facts_only; ジオコーディング補完: 浜松市中央区舞阪町舞阪2668番地の56,図書館イベント,中央区,,,,
221309,WEBf82f7918db,静岡県,浜松市,「リユースコーナー」あります。,,,2026-04-01,2027-03-31,,,,「「リユースコーナー」あります。」は2026-04-01から2027-03-31に舞阪図書館 ロビー開催予定です。詳細は出典URLをご確認ください。,,,,053-456-0234・Fax：053-453-2324 ／ E-Mail：chuo@city.hamamatsu.shizuoka.jp,,,舞阪図書館 ロビー,浜松市中央区舞阪町舞阪2668番地の56,,34.679863,137.606964,,,,,,,https://www.lib-city-hamamatsu.jp/access/maisaka/event/maisaka-info-20260401-1.html,Web収集: 舞阪図書館 イベント; source_id=src_3fdf5aaa3b063483; 説明生成=facts_only; ジオコーディング補完: 浜松市中央区舞阪町舞阪2668番地の56,図書館イベント,中央区,,,,
221309,WEBc19f16e470,静岡県,浜松市,ぬりえのひろば2026 ～ゆうとうギャラリー～,,,2026-07-01,2026-09-16,,,,「ぬりえのひろば2026 ～ゆうとうギャラリー～」は2026-07-01から2026-09-16に雄踏図書館受付カウンター、特設展示場所開催予定です。料金は無料です。詳細は出典URLをご確認ください。,無料,,雄踏図書館,053-456-0234・Fax：053-453-2324 ／ E-Mail：chuo@city.hamamatsu.shizuoka.jp,,雄踏図書館,雄踏図書館受付カウンター、特設展示場所,浜松市中央区雄踏町宇布見8287番地,,34.699566,137.631699,,,,,,,https://www.lib-city-hamamatsu.jp/access/yuutou/event/yuutou_event20260704.html,Web収集: 雄踏図書館 イベント; source_id=src_8785aa0df9db22fc; 説明生成=facts_only; ジオコーディング補完: 浜松市中央区雄踏町宇布見8287番地,展示,中央区,,,,
221309,WEBb5044fb1b1,静岡県,浜松市,《受付終了》スライムをつくろう,,,2026-08-09,2026-08-09,10:00,,,「《受付終了》スライムをつくろう」は2026-08-09に10:00に雄踏図書館 講座室開催予定です。料金は無料です。詳細は出典URLをご確認ください。,無料,,雄踏図書館,053-456-0234・Fax：053-453-2324 ／ E-Mail：chuo@city.hamamatsu.shizuoka.jp,,雄踏図書館,雄踏図書館 講座室,浜松市中央区雄踏町宇布見8287番地,,34.699566,137.631699,,,,,,,https://www.lib-city-hamamatsu.jp/access/yuutou/event/yuutou_event20260710.html,Web収集: 雄踏図書館 イベント; source_id=src_8785aa0df9db22fc; 説明生成=facts_only; ジオコーディング補完: 浜松市中央区雄踏町宇布見8287番地,工作・体験,中央区,,,,
221309,WEB1de1ddb44d,静岡県,浜松市,【一般】ねぇ、これ知ってる？,,,2026-07-01,2026-07-31,,,,「【一般】ねぇ、これ知ってる？」は2026-07-01から2026-07-31に雄踏図書館 一般展示コーナー開催予定です。詳細は出典URLをご確認ください。,,,,053-456-0234・Fax：053-453-2324 ／ E-Mail：chuo@city.hamamatsu.shizuoka.jp,,雄踏図書館,雄踏図書館 一般展示コーナー,浜松市中央区雄踏町宇布見8287番地,,34.699566,137.631699,,,,,,,https://www.lib-city-hamamatsu.jp/access/yuutou/event/yuutou_tenji20260704_4.html,Web収集: 雄踏図書館 イベント; source_id=src_8785aa0df9db22fc; 説明生成=facts_only; ジオコーディング補完: 浜松市中央区雄踏町宇布見8287番地,展示,中央区,,,,
221309,WEB46ddd4f84a,静岡県,浜松市,【児童】ねぇ、ねぇ、みて、みて！,,,2026-07-01,2026-07-31,,,,「【児童】ねぇ、ねぇ、みて、みて！」は2026-07-01から2026-07-31に雄踏図書館 児童展示コーナー開催予定です。詳細は出典URLをご確認ください。,,,,053-456-0234・Fax：053-453-2324 ／ E-Mail：chuo@city.hamamatsu.shizuoka.jp,,雄踏図書館,雄踏図書館 児童展示コーナー,浜松市中央区雄踏町宇布見8287番地,,34.699566,137.631699,,,,,,,https://www.lib-city-hamamatsu.jp/access/yuutou/event/yuutou_tenji20260704_3.html,Web収集: 雄踏図書館 イベント; source_id=src_8785aa0df9db22fc; 説明生成=facts_only; ジオコーディング補完: 浜松市中央区雄踏町宇布見8287番地,展示,中央区,,,,
221309,WEBd553c23acf,静岡県,浜松市,【児童】海の本,,,2026-07-01,2026-07-31,,,,「【児童】海の本」は2026-07-01から2026-07-31に雄踏図書館 児童ミニ展示コーナー開催予定です。詳細は出典URLをご確認ください。,,,,053-456-0234・Fax：053-453-2324 ／ E-Mail：chuo@city.hamamatsu.shizuoka.jp,,雄踏図書館,雄踏図書館 児童ミニ展示コーナー,浜松市中央区雄踏町宇布見8287番地,,34.699566,137.631699,,,,,,,https://www.lib-city-hamamatsu.jp/access/yuutou/event/yuutou_tenji20260704_2.html,Web収集: 雄踏図書館 イベント; source_id=src_8785aa0df9db22fc; 説明生成=facts_only; ジオコーディング補完: 浜松市中央区雄踏町宇布見8287番地,展示,中央区,,,,
221309,WEBf409e47b64,静岡県,浜松市,【児童】夏休み宿題お助け隊,,,2026-07-01,2026-08-30,,,,「【児童】夏休み宿題お助け隊」は2026-07-01から2026-08-30に雄踏図書館 特設展示コーナー・児童コーナー開催予定です。詳細は出典URLをご確認ください。,,,,053-456-0234・Fax：053-453-2324 ／ E-Mail：chuo@city.hamamatsu.shizuoka.jp,,雄踏図書館,雄踏図書館 特設展示コーナー・児童コーナー,浜松市中央区雄踏町宇布見8287番地,,34.699566,137.631699,,,,,,,https://www.lib-city-hamamatsu.jp/access/yuutou/event/yuutou_tenji20260704.html,Web収集: 雄踏図書館 イベント; source_id=src_8785aa0df9db22fc; 説明生成=facts_only; ジオコーディング補完: 浜松市中央区雄踏町宇布見8287番地,展示,中央区,,,,
221309,WEB3f952e02bc,静岡県,浜松市,【延期】杏林堂子育て講座 家族でワイワイ！赤ちゃんとヨガ＆食育,,,2026-08-29,2026-08-29,10:00,11:00,,「【延期】杏林堂子育て講座 家族でワイワイ！赤ちゃんとヨガ＆食育」は2026-08-29に10:00から11:00に可新図書館 ２階おはなしのへや開催予定です。料金は無料です。詳細は出典URLをご確認ください。,無料,,可新図書館,053-456-0234・Fax：053-453-2324 ／ E-Mail：chuo@city.hamamatsu.shizuoka.jp,,可新図書館,可新図書館 ２階おはなしのへや,浜松市中央区小沢渡町1142番地の1,,34.684448,137.683014,,,8組,,,,https://www.lib-city-hamamatsu.jp/access/kasinn/event/kasin-event-poster2026-06-1.html,Web収集: 可新図書館 イベント; source_id=src_ba64b18ebb6d12db; 説明生成=facts_only; ジオコーディング補完: 浜松市中央区小沢渡町1142番地の1,講座,中央区,,,,
221309,WEB7bc67ed406,静岡県,浜松市,ぬいぐるみおとまり会,,,2026-07-18,2026-07-25,09:00,,,「ぬいぐるみおとまり会」は2026-07-18から2026-07-25に09:00に可新図書館 2階おはなしのへや開催予定です。料金は無料です。詳細は出典URLをご確認ください。,無料,,可新図書館,053-456-0234・Fax：053-453-2324 ／ E-Mail：chuo@city.hamamatsu.shizuoka.jp,,可新図書館,可新図書館 2階おはなしのへや,浜松市中央区小沢渡町1142番地の1,,34.684448,137.683014,,,5～12歳の児童,,,,https://www.lib-city-hamamatsu.jp/access/kasinn/event/kasin-event-poster2026-07-2.html,Web収集: 可新図書館 イベント; source_id=src_ba64b18ebb6d12db; 説明生成=facts_only; ジオコーディング補完: 浜松市中央区小沢渡町1142番地の1,図書館イベント,中央区,,,,
221309,WEB9f6e362d81,静岡県,浜松市,【児童】「宇宙へようこそ！」,,,2026-07-01,2026-07-31,,,,「【児童】「宇宙へようこそ！」」は2026-07-01から2026-07-31に可新図書館 児童展示コーナー開催予定です。詳細は出典URLをご確認ください。,,,,053-456-0234・Fax：053-453-2324 ／ E-Mail：chuo@city.hamamatsu.shizuoka.jp,,,可新図書館 児童展示コーナー,浜松市中央区小沢渡町1142番地の1,,34.684448,137.683014,,,,,,,https://www.lib-city-hamamatsu.jp/access/kasinn/event/kasinn_tenji_jidou_2026-07.html,Web収集: 可新図書館 イベント; source_id=src_ba64b18ebb6d12db; 説明生成=facts_only; ジオコーディング補完: 浜松市中央区小沢渡町1142番地の1,展示,中央区,,,,
221309,WEB2006a18849,静岡県,浜松市,【一般】「旅行」,,,2026-07-01,2026-07-31,,,,「【一般】「旅行」」は2026-07-01から2026-07-31に可新図書館 一般展示コーナー開催予定です。詳細は出典URLをご確認ください。,,,,053-456-0234・Fax：053-453-2324 ／ E-Mail：chuo@city.hamamatsu.shizuoka.jp,,可新図書館,可新図書館 一般展示コーナー,浜松市中央区小沢渡町1142番地の1,,34.684448,137.683014,,,,,,,https://www.lib-city-hamamatsu.jp/access/kasinn/event/kasinn_tenji_ippan_2026-07.html,Web収集: 可新図書館 イベント; source_id=src_ba64b18ebb6d12db; 説明生成=facts_only; ジオコーディング補完: 浜松市中央区小沢渡町1142番地の1,展示,中央区,,,,
221309,WEBcda0132b89,静岡県,浜松市,可新としょかんだより,,,2026-07-01,2026-07-31,,,,「可新としょかんだより」は2026-07-01から2026-07-31に可新図書館開催予定です。詳細は出典URLをご確認ください。,,,,053-456-0234・Fax：053-453-2324 ／ E-Mail：chuo@city.hamamatsu.shizuoka.jp,,可新図書館,可新図書館,浜松市中央区小沢渡町1142番地の1,,34.684448,137.683014,,,,,,,https://www.lib-city-hamamatsu.jp/access/kasinn/event/kasinn_kanndayori2026-07.html,Web収集: 可新図書館 イベント; source_id=src_ba64b18ebb6d12db; 説明生成=facts_only; ジオコーディング補完: 浜松市中央区小沢渡町1142番地の1,図書館だより,中央区,,,,
221309,WEBb830b082bf,静岡県,浜松市,《受付終了》ライフマネープラン講座,,,2026-07-26,2026-07-26,10:00,12:00,,「《受付終了》ライフマネープラン講座」は2026-07-26に10:00から12:00に都田図書館研修室開催予定です。詳細は出典URLをご確認ください。,,,都田図書館,053-456-0234・Fax：053-453-2324 ／ E-Mail：chuo@city.hamamatsu.shizuoka.jp,,都田図書館,都田図書館研修室,浜松市浜名区都田町8751番地の2,,34.812366,137.738342,,,16人,,,,https://www.lib-city-hamamatsu.jp/access/miyakoda/event/202606miyakoda15-event-ippan.html,Web収集: 都田図書館 イベント; source_id=src_2a28d32582c9e45d; 説明生成=facts_only; ジオコーディング補完: 浜松市浜名区都田町8751番地の2,講座,中央区,,,,
221309,WEBd747bd9183,静岡県,浜松市,都田図書館おしゃべりタイム,,,2026-08-06,2026-08-06,09:30,,,「都田図書館おしゃべりタイム」は2026-08-06に09:30に都田図書館研修室開催予定です。詳細は出典URLをご確認ください。,,,,053-456-0234・Fax：053-453-2324 ／ E-Mail：chuo@city.hamamatsu.shizuoka.jp,,,都田図書館研修室,浜松市浜名区都田町8751番地の2,,34.812366,137.738342,,,,,,,https://www.lib-city-hamamatsu.jp/access/miyakoda/event/202607miyakoda-hon-kou1-event.html,Web収集: 都田図書館 イベント; source_id=src_2a28d32582c9e45d; 説明生成=facts_only; ジオコーディング補完: 浜松市浜名区都田町8751番地の2,図書館イベント,浜名区,,,,
221309,WEB07bb4aea8d,静岡県,浜松市,都田図書館子どもクラブ,,,2026-04-01,2026-09-19,10:00,10:40,,「都田図書館子どもクラブ」は2026-04-01から2026-09-19に10:00から10:40に都田図書館 おはなしのへや開催予定です。詳細は出典URLをご確認ください。,,,都田図書館,053-428-0011,,都田図書館,都田図書館 おはなしのへや,浜松市浜名区都田町8751番地の2,,34.812366,137.738342,,,8人,,,,https://www.lib-city-hamamatsu.jp/access/miyakoda/event/202604miyakodakou2-event-jido.html,Web収集: 都田図書館 イベント; source_id=src_2a28d32582c9e45d; 説明生成=facts_only; ジオコーディング補完: 浜松市浜名区都田町8751番地の2,図書館イベント,中央区,,,,
221309,WEBe8ec903d3e,静岡県,浜松市,世界大発見！クイズラリー,,,2026-07-01,2026-08-26,,,,「世界大発見！クイズラリー」は2026-07-01から2026-08-26に都田図書館開催予定です。詳細は出典URLをご確認ください。,,,都田図書館,053-456-0234・Fax：053-453-2324 ／ E-Mail：chuo@city.hamamatsu.shizuoka.jp,,都田図書館,都田図書館,浜松市浜名区都田町8751番地の2,,34.812366,137.738342,,,,,,,https://www.lib-city-hamamatsu.jp/access/miyakoda/event/202607miyakoda20-event-jido.html,Web収集: 都田図書館 イベント; source_id=src_2a28d32582c9e45d; 説明生成=facts_only; ジオコーディング補完: 浜松市浜名区都田町8751番地の2,図書館イベント,中央区,,,,
221309,WEB1ec8abfcac,静岡県,浜松市,短冊にねがいごとを書こう！,,,2026-07-01,2026-08-31,,,,「短冊にねがいごとを書こう！」は2026-07-01から2026-08-31に都田図書館 児童書架開催予定です。詳細は出典URLをご確認ください。,,,,053-456-0234・Fax：053-453-2324 ／ E-Mail：chuo@city.hamamatsu.shizuoka.jp,,都田図書館,都田図書館 児童書架,浜松市浜名区都田町8751番地の2,,34.812366,137.738342,,,,,,,https://www.lib-city-hamamatsu.jp/access/miyakoda/event/202607miyakoda14-event-jido.html,Web収集: 都田図書館 イベント; source_id=src_2a28d32582c9e45d; 説明生成=facts_only; ジオコーディング補完: 浜松市浜名区都田町8751番地の2,展示,中央区,,,,
221309,WEBb2c06ba4df,静岡県,浜松市,夏のブックトーク,,,2026-08-02,2026-08-02,10:00,10:40,,「夏のブックトーク」は2026-08-02に10:00から10:40に都田図書館おはなしのへや開催予定です。詳細は出典URLをご確認ください。,,,都田図書館,053-456-0234・Fax：053-453-2324 ／ E-Mail：chuo@city.hamamatsu.shizuoka.jp,,都田図書館,都田図書館おはなしのへや,浜松市浜名区都田町8751番地の2,,34.812366,137.738342,,,10人,,,,https://www.lib-city-hamamatsu.jp/access/miyakoda/event/202607miyakoda16-event-jido.html,Web収集: 都田図書館 イベント; source_id=src_2a28d32582c9e45d; 説明生成=facts_only; ジオコーディング補完: 浜松市浜名区都田町8751番地の2,読書・図書館,中央区,,,,
221309,WEB67d13b019c,静岡県,浜松市,【一般】水のある風景,,,2026-07-01,2026-07-31,,,,「【一般】水のある風景」は2026-07-01から2026-07-31に都田図書館 一般展示コーナー開催予定です。詳細は出典URLをご確認ください。,,,,053-456-0234・Fax：053-453-2324 ／ E-Mail：chuo@city.hamamatsu.shizuoka.jp,,,都田図書館 一般展示コーナー,浜松市浜名区都田町8751番地の2,,34.812366,137.738342,,,,,,,https://www.lib-city-hamamatsu.jp/access/miyakoda/event/202607miyakoda23-tenji-ippan.html,Web収集: 都田図書館 イベント; source_id=src_2a28d32582c9e45d; 説明生成=facts_only; ジオコーディング補完: 浜松市浜名区都田町8751番地の2,展示,浜名区,,,,
221309,WEB283af8458c,静岡県,浜松市,【児童】なつやすみのしゅくだい,,,2026-07-01,2026-08-30,,,,「【児童】なつやすみのしゅくだい」は2026-07-01から2026-08-30に都田図書館 児童展示コーナー開催予定です。詳細は出典URLをご確認ください。,,,,053-456-0234・Fax：053-453-2324 ／ E-Mail：chuo@city.hamamatsu.shizuoka.jp,,,都田図書館 児童展示コーナー,浜松市浜名区都田町8751番地の2,,34.812366,137.738342,,,,,,,https://www.lib-city-hamamatsu.jp/access/miyakoda/event/202607miyakoda21-tenji-jido.html,Web収集: 都田図書館 イベント; source_id=src_2a28d32582c9e45d; 説明生成=facts_only; ジオコーディング補完: 浜松市浜名区都田町8751番地の2,図書館イベント,浜名区,,,,
221309,WEBc525f283b2,静岡県,浜松市,都田としょかんだより７月号,,,2026-07-01,2026-07-31,,,,「都田としょかんだより７月号」は2026-07-01から2026-07-31に都田図書館開催予定です。詳細は出典URLをご確認ください。,,,,053-456-0234・Fax：053-453-2324 ／ E-Mail：chuo@city.hamamatsu.shizuoka.jp,,都田図書館,都田図書館,浜松市浜名区都田町8751番地の2,,34.812366,137.738342,,,,,,,https://www.lib-city-hamamatsu.jp/access/miyakoda/event/202607miyakoda10-tosyokandayori.html,Web収集: 都田図書館 イベント; source_id=src_2a28d32582c9e45d; 説明生成=facts_only; ジオコーディング補完: 浜松市浜名区都田町8751番地の2,図書館だより,中央区,,,,
221309,WEBe70e5ddcfc,静岡県,浜松市,ちぎって、つないで、まちを知る－アートと地図で学ぶワークショップ－,,,2026-08-02,2026-08-30,,,,「ちぎって、つないで、まちを知る－アートと地図で学ぶワークショップ－」は2026-08-02から2026-08-30に細江図書館 多目的室開催予定です。詳細は出典URLをご確認ください。,,,細江図書館,053-456-0234・Fax：053-453-2324 ／ E-Mail：chuo@city.hamamatsu.shizuoka.jp,,じゃのみち,細江図書館 多目的室,浜松市浜名区細江町気賀4579番地の1,,34.807014,137.647476,,,,,,,https://www.lib-city-hamamatsu.jp/access/hosoe/event/hosoe_event202607151.html,Web収集: 細江図書館 イベント; source_id=src_17edfdb8f443810f; 説明生成=facts_only; ジオコーディング補完: 浜松市浜名区細江町気賀4579番地の1,ワークショップ,中央区,,,,
221309,WEBf0d7d4c123,静岡県,浜松市,図書館はみんなの調べ学習応援団,,,2026-07-04,2026-08-30,,,,「図書館はみんなの調べ学習応援団」は2026-07-04から2026-08-30に細江図書館 メイン展示コーナー・児童展示コーナー開催予定です。詳細は出典URLをご確認ください。,,,,053-456-0234・Fax：053-453-2324 ／ E-Mail：chuo@city.hamamatsu.shizuoka.jp,,,細江図書館 メイン展示コーナー・児童展示コーナー,浜松市浜名区細江町気賀4579番地の1,,34.807014,137.647476,,,,,,,https://www.lib-city-hamamatsu.jp/access/hosoe/event/hosoe_sonota2026062703.html,Web収集: 細江図書館 イベント; source_id=src_17edfdb8f443810f; 説明生成=facts_only; ジオコーディング補完: 浜松市浜名区細江町気賀4579番地の1,図書館イベント,浜名区,,,,
221309,WEBc120a0cd9e,静岡県,浜松市,食育人形劇「いもむしくん、ちょうになる」,,,2026-08-06,2026-08-06,10:00,11:00,,「食育人形劇「いもむしくん、ちょうになる」」は2026-08-06に10:00から11:00に細江図書館 視聴覚室開催予定です。料金は無料です。事前申込が必要です。詳細は出典URLをご確認ください。,無料,,細江図書館,053-456-0234・Fax：053-453-2324 ／ E-Mail：chuo@city.hamamatsu.shizuoka.jp,,細江図書館,細江図書館 視聴覚室,浜松市浜名区細江町気賀4579番地の1,,34.807014,137.647476,,,小学生までの子どもとその保護者,,,事前申込が必要です。詳細は出典URLをご確認ください。,https://www.lib-city-hamamatsu.jp/access/hosoe/event/hosoe_event2026062702.html,Web収集: 細江図書館 イベント; source_id=src_17edfdb8f443810f; 説明生成=facts_only; ジオコーディング補完: 浜松市浜名区細江町気賀4579番地の1,人形劇,中央区,,,,
221309,WEB64ec6cb493,静岡県,浜松市,【一般】まち歩き,,,2026-05-22,2026-08-05,,,,「【一般】まち歩き」は2026-05-22から2026-08-05に細江図書館一般展示コーナー開催予定です。詳細は出典URLをご確認ください。,,,,053-456-0234・Fax：053-453-2324 ／ E-Mail：chuo@city.hamamatsu.shizuoka.jp,,,細江図書館一般展示コーナー,浜松市浜名区細江町気賀4579番地の1,,34.807014,137.647476,,,,,,,https://www.lib-city-hamamatsu.jp/access/hosoe/event/hosoe_tenji20260520.html,Web収集: 細江図書館 イベント; source_id=src_17edfdb8f443810f; 説明生成=facts_only; ジオコーディング補完: 浜松市浜名区細江町気賀4579番地の1,図書館イベント,浜名区,,,,
221309,WEB35ed4642b9,静岡県,浜松市,【児童】読書感想文を書こう！,,,2026-07-04,2026-08-31,,,,「【児童】読書感想文を書こう！」は2026-07-04から2026-08-31に細江図書館 児童コーナー・ヤングコーナー開催予定です。詳細は出典URLをご確認ください。,,,,053-456-0234・Fax：053-453-2324 ／ E-Mail：chuo@city.hamamatsu.shizuoka.jp,,,細江図書館 児童コーナー・ヤングコーナー,浜松市浜名区細江町気賀4579番地の1,,34.807014,137.647476,,,,,,,https://www.lib-city-hamamatsu.jp/access/hosoe/event/hosoe_tenji20260627.html,Web収集: 細江図書館 イベント; source_id=src_17edfdb8f443810f; 説明生成=facts_only; ジオコーディング補完: 浜松市浜名区細江町気賀4579番地の1,図書館イベント,浜名区,,,,
221309,WEBcf09bafe06,静岡県,浜松市,ナクソス・ミュージック・ライブラリー,,,2026-04-01,2027-03-31,,,,「ナクソス・ミュージック・ライブラリー」は2026-04-01から2027-03-31に細江図書館開催予定です。料金は無料です。詳細は出典URLをご確認ください。,無料,,,053-456-0234・Fax：053-453-2324 ／ E-Mail：chuo@city.hamamatsu.shizuoka.jp,,,細江図書館,浜松市浜名区細江町気賀4579番地の1,,34.807014,137.647476,,,,,,,https://www.lib-city-hamamatsu.jp/access/hosoe/event/hosoe_sonota20260321.html,Web収集: 細江図書館 イベント; source_id=src_17edfdb8f443810f; 説明生成=facts_only; ジオコーディング補完: 浜松市浜名区細江町気賀4579番地の1,図書館イベント,浜名区,,,,
221309,WEB0a934ca281,静岡県,浜松市,セルフフォトブース撮影会,,,2026-04-01,2027-03-31,10:00,12:00,,「セルフフォトブース撮影会」は2026-04-01から2027-03-31に10:00から12:00に引佐図書館開催予定です。詳細は出典URLをご確認ください。,,,,053-456-0234・Fax：053-453-2324 ／ E-Mail：chuo@city.hamamatsu.shizuoka.jp,,,引佐図書館,浜松市浜名区引佐町井伊谷610番地の2,,34.834644,137.670822,,,,,,,https://www.lib-city-hamamatsu.jp/access/inasa/event/inasa_event20260404_1.html,Web収集: 引佐図書館 イベント; source_id=src_1c02025d686b3fe6; 説明生成=facts_only; ジオコーディング補完: 浜松市浜名区引佐町井伊谷610番地の2,図書館イベント,浜名区,,,,
221309,WEB35321d10ba,静岡県,浜松市,《受付終了》左官のワザにチャレンジ！光るどろだんご講座,,,2026-08-06,2026-08-06,01:00,03:00,,「《受付終了》左官のワザにチャレンジ！光るどろだんご講座」は2026-08-06に01:00から03:00に引佐図書館 多目的ルーム開催予定です。料金は300円です。詳細は出典URLをご確認ください。,300円,,引佐図書館,053-456-0234・Fax：053-453-2324 ／ E-Mail：chuo@city.hamamatsu.shizuoka.jp,,引佐図書館,引佐図書館 多目的ルーム,浜松市浜名区引佐町井伊谷610番地の2,,34.834644,137.670822,,,16組,,,,https://www.lib-city-hamamatsu.jp/access/inasa/event/inasa_event20260616_1.html,Web収集: 引佐図書館 イベント; source_id=src_1c02025d686b3fe6; 説明生成=facts_only; ジオコーディング補完: 浜松市浜名区引佐町井伊谷610番地の2,講座,引佐,,,,
221309,WEB019fd26b3b,静岡県,浜松市,引佐図書館のえほんとわらべうたの日,,,2026-04-01,2027-03-31,10:00,16:00,,「引佐図書館のえほんとわらべうたの日」は2026-04-01から2027-03-31に10:00から16:00に引佐図書館 おはなしの部屋開催予定です。詳細は出典URLをご確認ください。,,,引佐図書館,053-456-0234・Fax：053-453-2324 ／ E-Mail：chuo@city.hamamatsu.shizuoka.jp,,引佐図書館,引佐図書館 おはなしの部屋,浜松市浜名区引佐町井伊谷610番地の2,,34.834644,137.670822,,,,,,,https://www.lib-city-hamamatsu.jp/access/inasa/event/inasa_event20260404.html,Web収集: 引佐図書館 イベント; source_id=src_1c02025d686b3fe6; 説明生成=facts_only; ジオコーディング補完: 浜松市浜名区引佐町井伊谷610番地の2,おはなし会,浜名区,,,,
221309,WEB5e4d6e245f,静岡県,浜松市,図書館はみんなの調べ学習応援団,,,2026-07-04,2026-08-30,,,,「図書館はみんなの調べ学習応援団」は2026-07-04から2026-08-30に引佐図書館 児童展示コーナー開催予定です。詳細は出典URLをご確認ください。,,,,053-456-0234・Fax：053-453-2324 ／ E-Mail：chuo@city.hamamatsu.shizuoka.jp,,引佐図書館,引佐図書館 児童展示コーナー,浜松市浜名区引佐町井伊谷610番地の2,,34.834644,137.670822,,,,,,,https://www.lib-city-hamamatsu.jp/access/inasa/event/inasa_event20260705.html,Web収集: 引佐図書館 イベント; source_id=src_1c02025d686b3fe6; 説明生成=facts_only; ジオコーディング補完: 浜松市浜名区引佐町井伊谷610番地の2,図書館イベント,引佐,,,,
221309,WEBcca1cd2883,静岡県,浜松市,【一般】アウトドア派？インドア派？,,,2026-06-16,2026-07-31,,,,「【一般】アウトドア派？インドア派？」は2026-06-16から2026-07-31に引佐図書館 一般展示コーナー開催予定です。詳細は出典URLをご確認ください。,,,,053-456-0234・Fax：053-453-2324 ／ E-Mail：chuo@city.hamamatsu.shizuoka.jp,,,引佐図書館 一般展示コーナー,浜松市浜名区引佐町井伊谷610番地の2,,34.834644,137.670822,,,,,,,https://www.lib-city-hamamatsu.jp/access/inasa/event/inasa_tenji20260604.html,Web収集: 引佐図書館 イベント; source_id=src_1c02025d686b3fe6; 説明生成=facts_only; ジオコーディング補完: 浜松市浜名区引佐町井伊谷610番地の2,図書館イベント,浜名区,,,,
221309,WEB3835034ef6,静岡県,浜松市,【児童】なつやすみ よくまなび、よくあそぼう！,,,2026-07-17,2026-08-30,,,,「【児童】なつやすみ よくまなび、よくあそぼう！」は2026-07-17から2026-08-30に引佐図書館 児童展示コーナー開催予定です。詳細は出典URLをご確認ください。,,,,053-456-0234・Fax：053-453-2324 ／ E-Mail：chuo@city.hamamatsu.shizuoka.jp,,,引佐図書館 児童展示コーナー,浜松市浜名区引佐町井伊谷610番地の2,,34.834644,137.670822,,,,,,,https://www.lib-city-hamamatsu.jp/access/inasa/event/inasa_tenji20260602.html,Web収集: 引佐図書館 イベント; source_id=src_1c02025d686b3fe6; 説明生成=facts_only; ジオコーディング補完: 浜松市浜名区引佐町井伊谷610番地の2,図書館イベント,浜名区,,,,
221309,WEB45c032cfec,静岡県,浜松市,【児童】科学道100冊ジュニア,,,2026-07-20,2026-08-30,,,,「【児童】科学道100冊ジュニア」は2026-07-20から2026-08-30に引佐図書館 児童展示コーナー開催予定です。詳細は出典URLをご確認ください。,,,,053-456-0234・Fax：053-453-2324 ／ E-Mail：chuo@city.hamamatsu.shizuoka.jp,,,引佐図書館 児童展示コーナー,浜松市浜名区引佐町井伊谷610番地の2,,34.834644,137.670822,,,,,,,https://www.lib-city-hamamatsu.jp/access/inasa/event/inasa_tenji20260705_2.html,Web収集: 引佐図書館 イベント; source_id=src_1c02025d686b3fe6; 説明生成=facts_only; ジオコーディング補完: 浜松市浜名区引佐町井伊谷610番地の2,展示,引佐,,,,
221309,WEB6125edd891,静岡県,浜松市,すくすくタイム,,,2026-04-01,2027-03-31,10:00,12:00,,「すくすくタイム」は2026-04-01から2027-03-31に10:00から12:00に引佐図書館 児童コーナー開催予定です。詳細は出典URLをご確認ください。,,,,053-456-0234・Fax：053-453-2324 ／ E-Mail：chuo@city.hamamatsu.shizuoka.jp,,引佐図書館,引佐図書館 児童コーナー,浜松市浜名区引佐町井伊谷610番地の2,,34.834644,137.670822,,,,,,,https://www.lib-city-hamamatsu.jp/access/inasa/event/inasa_info20260314_2.html,Web収集: 引佐図書館 イベント; source_id=src_1c02025d686b3fe6; 説明生成=facts_only; ジオコーディング補完: 浜松市浜名区引佐町井伊谷610番地の2,図書館イベント,浜名区,,,,
221309,WEBe32058d83b,静岡県,浜松市,ナクソス・ミュージック・ライブラリー,,,2026-04-01,2027-03-31,,,,「ナクソス・ミュージック・ライブラリー」は2026-04-01から2027-03-31に引佐図書館開催予定です。料金は無料です。詳細は出典URLをご確認ください。,無料,,,053-456-0234・Fax：053-453-2324 ／ E-Mail：chuo@city.hamamatsu.shizuoka.jp,,,引佐図書館,浜松市浜名区引佐町井伊谷610番地の2,,34.834644,137.670822,,,,,,,https://www.lib-city-hamamatsu.jp/access/inasa/event/inasa_info20260314.html,Web収集: 引佐図書館 イベント; source_id=src_1c02025d686b3fe6; 説明生成=facts_only; ジオコーディング補完: 浜松市浜名区引佐町井伊谷610番地の2,図書館イベント,浜名区,,,,
221309,WEB595f3af2f5,静岡県,浜松市,こども／おとな採蜜体験教室,,,2026-08-02,2026-08-02,10:00,11:30,,「こども／おとな採蜜体験教室」は2026-08-02に10:00から11:30に三ヶ日図書館 生涯学習室・研修室開催予定です。料金は無料です。詳細は出典URLをご確認ください。,無料,,三ヶ日図書館,053-456-0234・Fax：053-453-2324 ／ E-Mail：chuo@city.hamamatsu.shizuoka.jp,,三ヶ日図書館,三ヶ日図書館 生涯学習室・研修室,浜松市浜名区三ヶ日町宇志799番地の1,,34.806835,137.559097,,,こども各回15人、大人15人,,,,https://www.lib-city-hamamatsu.jp/access/mikkabi/event/mikkabi_kirari_r8_26-28.html,Web収集: 三ヶ日図書館 イベント; source_id=src_762a3ebe150485d7; 説明生成=facts_only; ジオコーディング補完: 浜松市浜名区三ヶ日町宇志799番地の1,体験教室,三ヶ日,,,,
221309,WEB9a52b5aa3d,静岡県,浜松市,挑戦しよう！チョウの標本作り,,,2026-08-08,2026-08-08,02:00,04:00,,「挑戦しよう！チョウの標本作り」は2026-08-08に02:00から04:00に三ヶ日図書館 生涯学習室開催予定です。詳細は出典URLをご確認ください。,,,三ヶ日図書館,053-456-0234・Fax：053-453-2324 ／ E-Mail：chuo@city.hamamatsu.shizuoka.jp,,三ヶ日図書館,三ヶ日図書館 生涯学習室,浜松市浜名区三ヶ日町宇志799番地の1,,34.806835,137.559097,,,15人,,,,https://www.lib-city-hamamatsu.jp/access/mikkabi/event/mikkabi_r8_no24.html,Web収集: 三ヶ日図書館 イベント; source_id=src_762a3ebe150485d7; 説明生成=facts_only; ジオコーディング補完: 浜松市浜名区三ヶ日町宇志799番地の1,ワークショップ,三ヶ日町,,,,
221309,WEB4afcb9ffb1,静岡県,浜松市,浜松古本市 in 三ヶ日図書館 受付会（説明会）[三ヶ日ふれあいフェスタ内イベント],,,2026-08-23,2026-08-23,10:00,11:30,,「浜松古本市 in 三ヶ日図書館 受付会（説明会）[三ヶ日ふれあいフェスタ内イベント]」は2026-08-23に10:00から11:30に三ヶ日図書館 生涯学習室開催予定です。料金は1000円 / 500円です。詳細は出典URLをご確認ください。,1000円 / 500円,,三ヶ日図書館,053-456-0234・Fax：053-453-2324 ／ E-Mail：chuo@city.hamamatsu.shizuoka.jp,,三ヶ日図書館,三ヶ日図書館 生涯学習室,浜松市浜名区三ヶ日町宇志799番地の1,,34.806835,137.559097,,,,,,,https://www.lib-city-hamamatsu.jp/access/mikkabi/event/mikkabi_r8_no39.html,Web収集: 三ヶ日図書館 イベント; source_id=src_762a3ebe150485d7; 説明生成=facts_only; ジオコーディング補完: 浜松市浜名区三ヶ日町宇志799番地の1,説明会,中央区,,,,
221309,WEBae18bb4bfd,静岡県,浜松市,【一般】自分を磨く！,,,2026-07-01,2026-07-31,,,,「【一般】自分を磨く！」は2026-07-01から2026-07-31に三ヶ日図書館 一般展示コーナー開催予定です。詳細は出典URLをご確認ください。,,,,053-456-0234・Fax：053-453-2324 ／ E-Mail：chuo@city.hamamatsu.shizuoka.jp,,三ヶ日図書館,三ヶ日図書館 一般展示コーナー,浜松市浜名区三ヶ日町宇志799番地の1,,34.806835,137.559097,,,,,,,https://www.lib-city-hamamatsu.jp/access/mikkabi/event/mikkabi_r8_no36.html,Web収集: 三ヶ日図書館 イベント; source_id=src_762a3ebe150485d7; 説明生成=facts_only; ジオコーディング補完: 浜松市浜名区三ヶ日町宇志799番地の1,展示,三ヶ日,,,,
221309,WEB9d52da87db,静岡県,浜松市,【児童】キッチンは、おいしい実験室！,,,2026-07-01,2026-07-31,,,,「【児童】キッチンは、おいしい実験室！」は2026-07-01から2026-07-31に三ヶ日図書館 児童展示コーナー開催予定です。詳細は出典URLをご確認ください。,,,,053-456-0234・Fax：053-453-2324 ／ E-Mail：chuo@city.hamamatsu.shizuoka.jp,,,三ヶ日図書館 児童展示コーナー,浜松市浜名区三ヶ日町宇志799番地の1,,34.806835,137.559097,,,,,,,https://www.lib-city-hamamatsu.jp/access/mikkabi/event/mikkabi_r8_no37.html,Web収集: 三ヶ日図書館 イベント; source_id=src_762a3ebe150485d7; 説明生成=facts_only; ジオコーディング補完: 浜松市浜名区三ヶ日町宇志799番地の1,図書館イベント,浜名区,,,,
221309,WEBce23bb79ad,静岡県,浜松市,図書館はみんなの調べ学習応援団,,,2026-07-17,2026-08-30,,,,「図書館はみんなの調べ学習応援団」は2026-07-17から2026-08-30に三ヶ日図書館 児童コーナー開催予定です。詳細は出典URLをご確認ください。,,,,053-456-0234・Fax：053-453-2324 ／ E-Mail：chuo@city.hamamatsu.shizuoka.jp,,三ヶ日図書館,三ヶ日図書館 児童コーナー,浜松市浜名区三ヶ日町宇志799番地の1,,34.806835,137.559097,,,,,,,https://www.lib-city-hamamatsu.jp/access/mikkabi/event/mikkabi_r8_no32.html,Web収集: 三ヶ日図書館 イベント; source_id=src_762a3ebe150485d7; 説明生成=facts_only; ジオコーディング補完: 浜松市浜名区三ヶ日町宇志799番地の1,図書館イベント,浜名区,,,,
221309,WEB468df6e529,静岡県,浜松市,すくすくタイム,,,2026-04-01,2027-03-31,10:00,12:00,,「すくすくタイム」は2026-04-01から2027-03-31に10:00から12:00に三ヶ日図書館 児童コーナー、おはなしのへや開催予定です。詳細は出典URLをご確認ください。,,,三ヶ日図書館,053-456-0234・Fax：053-453-2324 ／ E-Mail：chuo@city.hamamatsu.shizuoka.jp,,三ヶ日図書館,三ヶ日図書館 児童コーナー、おはなしのへや,浜松市浜名区三ヶ日町宇志799番地の1,,34.806835,137.559097,,,,,,,https://www.lib-city-hamamatsu.jp/access/mikkabi/event/mikkabi_r8_no09.html,Web収集: 三ヶ日図書館 イベント; source_id=src_762a3ebe150485d7; 説明生成=facts_only; ジオコーディング補完: 浜松市浜名区三ヶ日町宇志799番地の1,図書館イベント,三ヶ日,,,,
221309,WEB5addd4393d,静岡県,浜松市,花と緑の読書テラス,,,2026-04-01,2027-03-31,09:00,,,「花と緑の読書テラス」は2026-04-01から2027-03-31に09:00に三ヶ日図書館 読書テラス開催予定です。詳細は出典URLをご確認ください。,,,,053-456-0234・Fax：053-453-2324 ／ E-Mail：chuo@city.hamamatsu.shizuoka.jp,,,三ヶ日図書館 読書テラス,浜松市浜名区三ヶ日町宇志799番地の1,,34.806835,137.559097,,,,,,,https://www.lib-city-hamamatsu.jp/access/mikkabi/event/mikkabi_r8_no10.html,Web収集: 三ヶ日図書館 イベント; source_id=src_762a3ebe150485d7; 説明生成=facts_only; ジオコーディング補完: 浜松市浜名区三ヶ日町宇志799番地の1,図書館イベント,浜名区,,,,
221309,WEBbc2a11aeea,静岡県,浜松市,いきいきタイム,,,2026-04-01,2027-03-31,10:00,12:00,,「いきいきタイム」は2026-04-01から2027-03-31に10:00から12:00に三ヶ日図書館 生涯学習室開催予定です。事前申込が必要です。詳細は出典URLをご確認ください。,,,,053-456-0234・Fax：053-453-2324 ／ E-Mail：chuo@city.hamamatsu.shizuoka.jp,,三ヶ日図書館,三ヶ日図書館 生涯学習室,浜松市浜名区三ヶ日町宇志799番地の1,,34.806835,137.559097,,,,,,事前申込が必要です。詳細は出典URLをご確認ください。,https://www.lib-city-hamamatsu.jp/access/mikkabi/event/mikkabi_r8_no6.html,Web収集: 三ヶ日図書館 イベント; source_id=src_762a3ebe150485d7; 説明生成=facts_only; ジオコーディング補完: 浜松市浜名区三ヶ日町宇志799番地の1,図書館イベント,浜名区,,,,
221309,WEB521c082b0f,静岡県,浜松市,本を読んで、スタンプをあつめよう！,,,2026-04-01,2027-03-31,,,,「本を読んで、スタンプをあつめよう！」は2026-04-01から2027-03-31に浜北図書館 1階・2階カウンター付近開催予定です。詳細は出典URLをご確認ください。,,,,053-456-0234・Fax：053-453-2324 ／ E-Mail：chuo@city.hamamatsu.shizuoka.jp,,,浜北図書館 1階・2階カウンター付近,浜松市浜名区貴布祢3000番地,,34.791607,137.783447,,,,,,,https://www.lib-city-hamamatsu.jp/access/hamakita/event/hamakita-event20260322-1.html,Web収集: 浜北図書館 イベント; source_id=src_1bdd781674c765e2; 説明生成=facts_only; ジオコーディング補完: 浜松市浜名区貴布祢3000番地,図書館イベント,浜名区,,,,
221309,WEB7f9e8aba3c,静岡県,浜松市,本の保健室～Bookdoctor～,,,2026-08-03,2026-08-03,02:00,04:00,,「本の保健室～Bookdoctor～」は2026-08-03に02:00から04:00に浜北図書館 2階AV視聴コーナー横開催予定です。詳細は出典URLをご確認ください。,,,,053-456-0234・Fax：053-453-2324 ／ E-Mail：chuo@city.hamamatsu.shizuoka.jp,,浜北図書館,浜北図書館 2階AV視聴コーナー横,浜松市浜名区貴布祢3000番地,,34.791607,137.783447,,,どなたでも,,,,https://www.lib-city-hamamatsu.jp/access/hamakita/event/hamakita-event20260718_3.html,Web収集: 浜北図書館 イベント; source_id=src_1bdd781674c765e2; 説明生成=facts_only; ジオコーディング補完: 浜松市浜名区貴布祢3000番地,図書館イベント,浜北区,,,,
221309,WEB6220fe0b0e,静岡県,浜松市,読書おもいで帳,,,2026-04-01,2027-03-31,,,,「読書おもいで帳」は2026-04-01から2027-03-31に浜北図書館 1階カウンター開催予定です。詳細は出典URLをご確認ください。,,,,053-456-0234・Fax：053-453-2324 ／ E-Mail：chuo@city.hamamatsu.shizuoka.jp,,,浜北図書館 1階カウンター,浜松市浜名区貴布祢3000番地,,34.791607,137.783447,,,,,,,https://www.lib-city-hamamatsu.jp/access/hamakita/event/hamakita-event20260323-3.html,Web収集: 浜北図書館 イベント; source_id=src_1bdd781674c765e2; 説明生成=facts_only; ジオコーディング補完: 浜松市浜名区貴布祢3000番地,図書館イベント,浜名区,,,,
221309,WEB14b7e8ab10,静岡県,浜松市,《受付終了》UD絵本ワークショップ～ユニバーサルデザイン絵本をつくろう！～,,,2026-07-26,2026-07-26,01:00,04:00,,「《受付終了》UD絵本ワークショップ～ユニバーサルデザイン絵本をつくろう！～」は2026-07-26に01:00から04:00に浜北図書館 1階おはなしのへや開催予定です。料金は無料です。詳細は出典URLをご確認ください。,無料,,,053-456-0234・Fax：053-453-2324 ／ E-Mail：chuo@city.hamamatsu.shizuoka.jp,,,浜北図書館 1階おはなしのへや,浜松市浜名区貴布祢3000番地,,34.791607,137.783447,,,10人,,,,https://www.lib-city-hamamatsu.jp/access/hamakita/event/hamakita-event20260614-1.html,Web収集: 浜北図書館 イベント; source_id=src_1bdd781674c765e2; 説明生成=facts_only; ジオコーディング補完: 浜松市浜名区貴布祢3000番地,ワークショップ,浜北区,,,,
221309,WEB5cf8bda496,静岡県,浜松市,プログラミング教室～水てっぽうでたたかうゲームを作ってみよう！～,,,2026-07-30,2026-07-30,01:00,02:00,,「プログラミング教室～水てっぽうでたたかうゲームを作ってみよう！～」は2026-07-30に01:00から02:00に浜北図書館 1階おはなしのへや開催予定です。料金は500円です。詳細は出典URLをご確認ください。,500円,,浜北図書館,053-456-0234・Fax：053-453-2324 ／ E-Mail：chuo@city.hamamatsu.shizuoka.jp,,浜北図書館,浜北図書館 1階おはなしのへや,浜松市浜名区貴布祢3000番地,,34.791607,137.783447,,,各回10組,,,,https://www.lib-city-hamamatsu.jp/access/hamakita/event/hamakita-event20260622-1.html,Web収集: 浜北図書館 イベント; source_id=src_1bdd781674c765e2; 説明生成=facts_only; ジオコーディング補完: 浜松市浜名区貴布祢3000番地,教室,浜北区,,,,
221309,WEB873874d3e0,静岡県,浜松市,《受付終了》読書感想文講座,,,2026-07-31,2026-07-31,01:00,02:00,,「《受付終了》読書感想文講座」は2026-07-31に01:00から02:00に浜北図書館 1階おはなしのへや開催予定です。料金は500円です。詳細は出典URLをご確認ください。,500円,,,053-456-0234・Fax：053-453-2324 ／ E-Mail：chuo@city.hamamatsu.shizuoka.jp,,,浜北図書館 1階おはなしのへや,浜松市浜名区貴布祢3000番地,,34.791607,137.783447,,,各回10人,,,,https://www.lib-city-hamamatsu.jp/access/hamakita/event/hamakita-event20260616-5.html,Web収集: 浜北図書館 イベント; source_id=src_1bdd781674c765e2; 説明生成=facts_only; ジオコーディング補完: 浜松市浜名区貴布祢3000番地,講座,浜北区,,,,
221309,WEB2c712d07ef,静岡県,浜松市,浜北としょかんたんけんたい,,,2026-08-03,2026-08-03,10:30,12:00,,「浜北としょかんたんけんたい」は2026-08-03に10:30から12:00に浜北図書館 1階おはなしのへや他開催予定です。料金は無料です。詳細は出典URLをご確認ください。,無料,,浜北図書館,053-456-0234・Fax：053-453-2324 ／ E-Mail：chuo@city.hamamatsu.shizuoka.jp,,浜北図書館,浜北図書館 1階おはなしのへや他,浜松市浜名区貴布祢3000番地,,34.791607,137.783447,,,各回10人,2026-07-16,10:30,,https://www.lib-city-hamamatsu.jp/access/hamakita/event/hamakita-event20260718-1.html,Web収集: 浜北図書館 イベント; source_id=src_1bdd781674c765e2; 説明生成=facts_only; ジオコーディング補完: 浜松市浜名区貴布祢3000番地,図書館イベント,浜北区,,,,
221309,WEB1ea30c7fd8,静岡県,浜松市,「みどりのまち」のひみつを学ぼう！,,,2026-08-06,2026-08-06,02:00,03:00,,「「みどりのまち」のひみつを学ぼう！」は2026-08-06に02:00から03:00に浜北図書館 1Fおはなしのへや開催予定です。料金は500円です。詳細は出典URLをご確認ください。,500円,,浜北図書館,053-456-0234・Fax：053-453-2324 ／ E-Mail：chuo@city.hamamatsu.shizuoka.jp,,浜北図書館,浜北図書館 1Fおはなしのへや,浜松市浜名区貴布祢3000番地,,34.791607,137.783447,,,小学3年生～6年生（保護者の方の参加も可）,2026-07-17,10:30,,https://www.lib-city-hamamatsu.jp/access/hamakita/event/hamakita-event20260718_2.html,Web収集: 浜北図書館 イベント; source_id=src_1bdd781674c765e2; 説明生成=facts_only; ジオコーディング補完: 浜松市浜名区貴布祢3000番地,体験・ワークショップ,浜北区,,,,
221309,WEB287685b2f7,静岡県,浜松市,なつのミニおはなし会（浜北こども図書館）,,,2026-08-07,2026-08-28,10:30,10:45,,「なつのミニおはなし会（浜北こども図書館）」は2026-08-07から2026-08-28に10:30から10:45に浜北図書館 1階おはなしのへや開催予定です。詳細は出典URLをご確認ください。,,,,053-456-0234・Fax：053-453-2324 ／ E-Mail：chuo@city.hamamatsu.shizuoka.jp,,浜北図書館,浜北図書館 1階おはなしのへや,浜松市浜名区貴布祢3000番地,,34.791607,137.783447,,,子どもから大人までどなたでも,,,,https://www.lib-city-hamamatsu.jp/access/hamakita/event/hamakita-event20260721_3.html,Web収集: 浜北図書館 イベント; source_id=src_1bdd781674c765e2; 説明生成=facts_only; ジオコーディング補完: 浜松市浜名区貴布祢3000番地,おはなし会,浜北区,,,,
221309,WEBbd119d6aaa,静岡県,浜松市,キッズマネースクール「おみせやさんごっこ」,,,2026-08-09,2026-08-09,09:30,11:30,,「キッズマネースクール「おみせやさんごっこ」」は2026-08-09に09:30から11:30に浜北図書館 2F読書室開催予定です。料金は無料です。詳細は出典URLをご確認ください。,無料,,,053-456-0234・Fax：053-453-2324 ／ E-Mail：chuo@city.hamamatsu.shizuoka.jp,,,浜北図書館 2F読書室,浜松市浜名区貴布祢3000番地,,34.791607,137.783447,,,各回10組,,,,https://www.lib-city-hamamatsu.jp/access/hamakita/event/hamakita-event20260625_1.html,Web収集: 浜北図書館 イベント; source_id=src_1bdd781674c765e2; 説明生成=facts_only; ジオコーディング補完: 浜松市浜名区貴布祢3000番地,図書館イベント,浜北区,,,,
221309,WEBa307fded3e,静岡県,浜松市,8月のおはなし会（浜北こども図書館）,,,2026-08-15,2026-08-15,11:00,11:30,,「8月のおはなし会（浜北こども図書館）」は2026-08-15に11:00から11:30に浜北図書館 1階おはなしのへや開催予定です。詳細は出典URLをご確認ください。,,,,053-456-0234・Fax：053-453-2324 ／ E-Mail：chuo@city.hamamatsu.shizuoka.jp,,浜北図書館,浜北図書館 1階おはなしのへや,浜松市浜名区貴布祢3000番地,,34.791607,137.783447,,,子どもから大人までどなたでも,,,,https://www.lib-city-hamamatsu.jp/access/hamakita/event/hamakita-event20260721_1.html,Web収集: 浜北図書館 イベント; source_id=src_1bdd781674c765e2; 説明生成=facts_only; ジオコーディング補完: 浜松市浜名区貴布祢3000番地,おはなし会,浜北区,,,,
221309,WEB8d9e9d2960,静岡県,浜松市,【一般】よりぬきみどり,,,2026-04-01,2027-03-31,,,,「【一般】よりぬきみどり」は2026-04-01から2027-03-31に浜北図書館 2階展示コーナー開催予定です。詳細は出典URLをご確認ください。,,,,053-456-0234・Fax：053-453-2324 ／ E-Mail：chuo@city.hamamatsu.shizuoka.jp,,,浜北図書館 2階展示コーナー,浜松市浜名区貴布祢3000番地,,34.791607,137.783447,,,,,,,https://www.lib-city-hamamatsu.jp/access/hamakita/event/hamakita-tenji20260323-4.html,Web収集: 浜北図書館 イベント; source_id=src_1bdd781674c765e2; 説明生成=facts_only; ジオコーディング補完: 浜松市浜名区貴布祢3000番地,図書館イベント,浜名区,,,,
221309,WEBd54c540c07,静岡県,浜松市,【一般】あいホール図書館だよりで紹介された本,,,2026-04-01,2027-03-31,,,,「【一般】あいホール図書館だよりで紹介された本」は2026-04-01から2027-03-31に浜北図書館 2階展示コーナー開催予定です。詳細は出典URLをご確認ください。,,,,053-456-0234・Fax：053-453-2324 ／ E-Mail：chuo@city.hamamatsu.shizuoka.jp,,,浜北図書館 2階展示コーナー,浜松市浜名区貴布祢3000番地,,34.791607,137.783447,,,,,,,https://www.lib-city-hamamatsu.jp/access/hamakita/event/hamakita-tenji20260323-3.html,Web収集: 浜北図書館 イベント; source_id=src_1bdd781674c765e2; 説明生成=facts_only; ジオコーディング補完: 浜松市浜名区貴布祢3000番地,図書館イベント,浜名区,,,,
221309,WEB510f39dac8,静岡県,浜松市,【一般】YA BOOKS,,,2026-04-01,2027-03-31,,,,「【一般】YA BOOKS」は2026-04-01から2027-03-31に浜北図書館 2階展示コーナー開催予定です。詳細は出典URLをご確認ください。,,,,053-456-0234・Fax：053-453-2324 ／ E-Mail：chuo@city.hamamatsu.shizuoka.jp,,,浜北図書館 2階展示コーナー,浜松市浜名区貴布祢3000番地,,34.791607,137.783447,,,,,,,https://www.lib-city-hamamatsu.jp/access/hamakita/event/hamakita-tenji20260323-2.html,Web収集: 浜北図書館 イベント; source_id=src_1bdd781674c765e2; 説明生成=facts_only; ジオコーディング補完: 浜松市浜名区貴布祢3000番地,図書館イベント,浜名区,,,,
221309,WEB328299e72f,静岡県,浜松市,【一般】万葉集ひろいよみ,,,2026-04-01,2027-03-31,,,,「【一般】万葉集ひろいよみ」は2026-04-01から2027-03-31に浜北図書館 2階展示コーナー開催予定です。詳細は出典URLをご確認ください。,,,,053-456-0234・Fax：053-453-2324 ／ E-Mail：chuo@city.hamamatsu.shizuoka.jp,,,浜北図書館 2階展示コーナー,浜松市浜名区貴布祢3000番地,,34.791607,137.783447,,,,,,,https://www.lib-city-hamamatsu.jp/access/hamakita/event/hamakita-tenji20260323-1.html,Web収集: 浜北図書館 イベント; source_id=src_1bdd781674c765e2; 説明生成=facts_only; ジオコーディング補完: 浜松市浜名区貴布祢3000番地,図書館イベント,浜名区,,,,
221309,WEB8a15de85b0,静岡県,浜松市,【一般】新聞書評に載った本,,,2026-04-01,2027-03-31,,,,「【一般】新聞書評に載った本」は2026-04-01から2027-03-31に浜北図書館 2階展示コーナー開催予定です。詳細は出典URLをご確認ください。,,,,053-456-0234・Fax：053-453-2324 ／ E-Mail：chuo@city.hamamatsu.shizuoka.jp,,,浜北図書館 2階展示コーナー,浜松市浜名区貴布祢3000番地,,34.791607,137.783447,,,,,,,https://www.lib-city-hamamatsu.jp/access/hamakita/event/hamakita-tenji20260322-1.html,Web収集: 浜北図書館 イベント; source_id=src_1bdd781674c765e2; 説明生成=facts_only; ジオコーディング補完: 浜松市浜名区貴布祢3000番地,図書館イベント,浜名区,,,,
221309,WEBfd6ecccdb7,静岡県,浜松市,【一般】食と暮らしを豊かにする,,,2026-06-03,2026-07-31,,,,「【一般】食と暮らしを豊かにする」は2026-06-03から2026-07-31に浜北図書館 2階展示コーナー開催予定です。詳細は出典URLをご確認ください。,,,,053-456-0234・Fax：053-453-2324 ／ E-Mail：chuo@city.hamamatsu.shizuoka.jp,,浜北図書館,浜北図書館 2階展示コーナー,浜松市浜名区貴布祢3000番地,,34.791607,137.783447,,,,,,,https://www.lib-city-hamamatsu.jp/access/hamakita/event/hamakita-tenji20260519-2.html,Web収集: 浜北図書館 イベント; source_id=src_1bdd781674c765e2; 説明生成=facts_only; ジオコーディング補完: 浜松市浜名区貴布祢3000番地,展示,浜北区,,,,
221309,WEB8a46816554,静岡県,浜松市,【児童】読書感想文,,,2026-07-01,2026-08-31,,,,「【児童】読書感想文」は2026-07-01から2026-08-31に浜北図書館 1階児童展示コーナー開催予定です。詳細は出典URLをご確認ください。,,,,053-456-0234・Fax：053-453-2324 ／ E-Mail：chuo@city.hamamatsu.shizuoka.jp,,,浜北図書館 1階児童展示コーナー,浜松市浜名区貴布祢3000番地,,34.791607,137.783447,,,,,,,https://www.lib-city-hamamatsu.jp/access/hamakita/event/hamakita-tenji20260616-4.html,Web収集: 浜北図書館 イベント; source_id=src_1bdd781674c765e2; 説明生成=facts_only; ジオコーディング補完: 浜松市浜名区貴布祢3000番地,図書館イベント,浜名区,,,,
221309,WEBedc66a2f87,静岡県,浜松市,【児童】調べ学習のテーマを見つけよう！,,,2026-07-01,2026-08-31,,,,「【児童】調べ学習のテーマを見つけよう！」は2026-07-01から2026-08-31に浜北図書館 1階エレベーター横開催予定です。詳細は出典URLをご確認ください。,,,,053-456-0234・Fax：053-453-2324 ／ E-Mail：chuo@city.hamamatsu.shizuoka.jp,,,浜北図書館 1階エレベーター横,浜松市浜名区貴布祢3000番地,,34.791607,137.783447,,,,,,,https://www.lib-city-hamamatsu.jp/access/hamakita/event/hamakita-tenji20260616-3.html,Web収集: 浜北図書館 イベント; source_id=src_1bdd781674c765e2; 説明生成=facts_only; ジオコーディング補完: 浜松市浜名区貴布祢3000番地,図書館イベント,浜名区,,,,
221309,WEB2c1631113c,静岡県,浜松市,【児童】夏休みに読んでみよう！,,,2026-07-01,2026-08-31,,,,「【児童】夏休みに読んでみよう！」は2026-07-01から2026-08-31に浜北図書館 1階エレベーター横開催予定です。詳細は出典URLをご確認ください。,,,,053-456-0234・Fax：053-453-2324 ／ E-Mail：chuo@city.hamamatsu.shizuoka.jp,,,浜北図書館 1階エレベーター横,浜松市浜名区貴布祢3000番地,,34.791607,137.783447,,,,,,,https://www.lib-city-hamamatsu.jp/access/hamakita/event/hamakita-tenji20260616-2.html,Web収集: 浜北図書館 イベント; source_id=src_1bdd781674c765e2; 説明生成=facts_only; ジオコーディング補完: 浜松市浜名区貴布祢3000番地,図書館イベント,浜名区,,,,
221309,WEB9a7f6f0b79,静岡県,浜松市,【児童】自由研究,,,2026-07-01,2026-08-31,,,,「【児童】自由研究」は2026-07-01から2026-08-31に浜北図書館 1階 児童展示コーナー開催予定です。詳細は出典URLをご確認ください。,,,,053-456-0234・Fax：053-453-2324 ／ E-Mail：chuo@city.hamamatsu.shizuoka.jp,,,浜北図書館 1階 児童展示コーナー,浜松市浜名区貴布祢3000番地,,34.791607,137.783447,,,,,,,https://www.lib-city-hamamatsu.jp/access/hamakita/event/hamakita-tenji20260616-1.html,Web収集: 浜北図書館 イベント; source_id=src_1bdd781674c765e2; 説明生成=facts_only; ジオコーディング補完: 浜松市浜名区貴布祢3000番地,図書館イベント,浜名区,,,,
221309,WEB40b7c2c2f6,静岡県,浜松市,【一般】この夏は十湖賞に応募してみませんか？,,,2026-07-14,2026-08-09,,,,「【一般】この夏は十湖賞に応募してみませんか？」は2026-07-14から2026-08-09に浜北図書館 2階展示コーナー開催予定です。詳細は出典URLをご確認ください。,,,,053-456-0234・Fax：053-453-2324 ／ E-Mail：chuo@city.hamamatsu.shizuoka.jp,,,浜北図書館 2階展示コーナー,浜松市浜名区貴布祢3000番地,,34.791607,137.783447,,,,,,,https://www.lib-city-hamamatsu.jp/access/hamakita/event/hamakita-tenji20260616-5.html,Web収集: 浜北図書館 イベント; source_id=src_1bdd781674c765e2; 説明生成=facts_only; ジオコーディング補完: 浜松市浜名区貴布祢3000番地,図書館イベント,浜名区,,,,
221309,WEB4ca4116e7d,静岡県,浜松市,Library Shop,,,2026-04-01,2027-03-31,,,,「Library Shop」は2026-04-01から2027-03-31に浜北図書館 2階カウンター開催予定です。詳細は出典URLをご確認ください。,,,,053-456-0234・Fax：053-453-2324 ／ E-Mail：chuo@city.hamamatsu.shizuoka.jp,,,浜北図書館 2階カウンター,浜松市浜名区貴布祢3000番地,,34.791607,137.783447,,,,,,,https://www.lib-city-hamamatsu.jp/access/hamakita/event/hamakita-osirase20260323-5.html,Web収集: 浜北図書館 イベント; source_id=src_1bdd781674c765e2; 説明生成=facts_only; ジオコーディング補完: 浜松市浜名区貴布祢3000番地,図書館イベント,浜名区,,,,
221309,WEBf3670d0934,静岡県,浜松市,浜北図書館だより（2026年6月・7月号）,,,2026-06-01,2026-07-31,,,,「浜北図書館だより（2026年6月・7月号）」は2026-06-01から2026-07-31に浜北図書館開催予定です。詳細は出典URLをご確認ください。,,,,053-456-0234・Fax：053-453-2324 ／ E-Mail：chuo@city.hamamatsu.shizuoka.jp,,,浜北図書館,浜松市浜名区貴布祢3000番地,,34.791607,137.783447,,,,,,,https://www.lib-city-hamamatsu.jp/access/hamakita/event/hamakita-osirase20260603-1.html,Web収集: 浜北図書館 イベント; source_id=src_1bdd781674c765e2; 説明生成=facts_only; ジオコーディング補完: 浜松市浜名区貴布祢3000番地,図書館イベント,浜名区,,,,
221309,WEBf90345d592,静岡県,浜松市,講座＋見学会「旧浜松市立郷土博物館蜆塚分館（陳列館・収蔵庫）を巡る」,,,2026-09-19,2026-09-20,10:00,,,「講座＋見学会「旧浜松市立郷土博物館蜆塚分館（陳列館・収蔵庫）を巡る」」は2026-09-19から2026-09-20に10:00に／博物館会議室及び現地開催予定です。詳細は出典URLをご確認ください。,,,,,,,／博物館会議室及び現地,浜松市中央区蜆塚四丁目22-1,,34.713432,137.703659,,,,,,,https://www.city.hamamatsu.shizuoka.jp/hamahaku/26kikakutaikenn/taikennkoza.html,Web収集: 浜松市博物館・旧高山家住宅 催事; source_id=src_371dd25a58f8049f; 説明生成=facts_only,公共施設イベント,中央区,,,,
221309,WEB87c589bf55,静岡県,浜松市,史跡蜆塚遺跡「整備事業講演会」史跡がつなぐ日本の未来～全国の事例から学ぶ蜆塚遺跡の新たな価値～,,,2026-09-26,2026-09-26,01:00,,,「史跡蜆塚遺跡「整備事業講演会」史跡がつなぐ日本の未来～全国の事例から学ぶ蜆塚遺跡の新たな価値～」は2026-09-26に01:00に／浜松市博物館、講座室及び展示室 定員／60人（応募者多数の場合は抽選） 内容／午後1時5開催予定です。詳細は出典URLをご確認ください。,,,,,,,／浜松市博物館、講座室及び展示室 定員／60人（応募者多数の場合は抽選） 内容／午後1時5分～午後2時5分［講演］史跡のマネージメント、～全国の事例にみる、これからの史跡整備と活用～、中井將胤氏（文化庁主任文化財調査官）,浜松市中央区蜆塚4-22-1,,34.713432,137.703659,,,,,,,https://www.city.hamamatsu.shizuoka.jp/hamahaku/26kikakutaikenn/taikennkoza.html,Web収集: 浜松市博物館・旧高山家住宅 催事; source_id=src_371dd25a58f8049f; 説明生成=facts_only,公共施設イベント,浜松市中央区,,,,
221309,WEBdc22b8be50,静岡県,浜松市,自由研究アドバイス会～社会科自由研究の種～夏休みだ！自由研究を楽しもう！,,,2026-08-01,2026-08-01,10:30,,,「自由研究アドバイス会～社会科自由研究の種～夏休みだ！自由研究を楽しもう！」は2026-08-01に10:30に浜松市博物館会議室開催予定です。料金は無料です。詳細は出典URLをご確認ください。,無料,,,,,,浜松市博物館会議室,浜松市中央区蜆塚4-22-1,,34.713432,137.703659,,,,,,,https://www.city.hamamatsu.shizuoka.jp/hamahaku/26kikakutaikenn/taikennkoza.html,Web収集: 浜松市博物館・旧高山家住宅 催事; source_id=src_371dd25a58f8049f; 説明生成=facts_only,公共施設イベント,浜松市中央区,,,,
221309,WEB6e857b2fdd,静岡県,浜松市,夏休み体験館2026,,,2026-08-11,2026-08-15,09:15,,,「夏休み体験館2026」は2026-08-11から2026-08-15に09:15に浜松市博物館開催予定です。料金は無料です。詳細は出典URLをご確認ください。,無料,,,,,,浜松市博物館,浜松市中央区蜆塚四丁目22-1,,34.713432,137.703659,,,,,,,https://www.city.hamamatsu.shizuoka.jp/hamahaku/26kikakutaikenn/taikennkoza.html,Web収集: 浜松市博物館・旧高山家住宅 催事; source_id=src_371dd25a58f8049f; 説明生成=facts_only; ジオコーディング補完: 浜松市中央区蜆塚四丁目22-1,公共施設イベント,中央区,,,,
221309,WEB2717b4ca0e,静岡県,浜松市,8月21日蜆塚遺跡ガイドツアー（県民の日につき博物館の無料観覧日！）,,,2026-08-21,2026-08-21,10:30,,,「8月21日蜆塚遺跡ガイドツアー（県民の日につき博物館の無料観覧日！）」は2026-08-21に10:30に浜松市博物館開催予定です。詳細は出典URLをご確認ください。,,,,,,,浜松市博物館,浜松市中央区蜆塚四丁目22-1,,34.713432,137.703659,,,,,,,https://www.city.hamamatsu.shizuoka.jp/hamahaku/26kikakutaikenn/taikennkoza.html,Web収集: 浜松市博物館・旧高山家住宅 催事; source_id=src_371dd25a58f8049f; 説明生成=facts_only; ジオコーディング補完: 浜松市中央区蜆塚四丁目22-1,公共施設イベント,中央区,,,,
221309,WEB5481bef9db,静岡県,浜松市,歴史体感ウォーキング,,,2026-10-10,2026-10-10,01:30,,,「歴史体感ウォーキング」は2026-10-10に01:30に浜松市博物館開催予定です。詳細は出典URLをご確認ください。,,,,,,,浜松市博物館,浜松市中央区蜆塚四丁目22-1,,34.713432,137.703659,,,,,,,https://www.city.hamamatsu.shizuoka.jp/hamahaku/26kikakutaikenn/taikennkoza.html,Web収集: 浜松市博物館・旧高山家住宅 催事; source_id=src_371dd25a58f8049f; 説明生成=facts_only; ジオコーディング補完: 浜松市中央区蜆塚四丁目22-1,公共施設イベント,中央区,,,,
221309,WEB457dabea51,静岡県,浜松市,ソムリエ観望会,,,2026-08-16,2026-08-16,19:00,21:00,,「ソムリエ観望会」は2026-08-16に19:00から21:00に天文台屋上開催予定です。詳細は出典URLをご確認ください。,,,,,,,天文台屋上,浜松市中央区福島町242-1,,34.663403,137.768723,,,,,,,https://www.city.hamamatsu.shizuoka.jp/s-kumin/hao/event-doyou.html,Web収集: 浜松市天文台 イベント; source_id=src_d61af6e402586057; 説明生成=facts_only; ジオコーディング補完: 浜松市中央区福島町242-1,公共施設イベント,中央区,,,,
221309,WEB8244f7d21c,静岡県,浜松市,光の科学」分光（スペクトル）講座,,,2026-08-02,2026-08-02,13:00,14:30,,「光の科学」分光（スペクトル）講座」は2026-08-02に13:00から14:30に天文台2F講座室（五島協働センター）、天文台屋上開催予定です。詳細は出典URLをご確認ください。,,,,,,,天文台2F講座室（五島協働センター）、天文台屋上,浜松市中央区福島町242-1,,34.663403,137.768723,,,,,,,https://www.city.hamamatsu.shizuoka.jp/s-kumin/hao/tennmonnkouza.html,Web収集: 浜松市天文台 イベント; source_id=src_d61af6e402586057; 説明生成=facts_only,公共施設イベント,中央区,,,,
221309,WEB4f257f4076,静岡県,浜松市,天文講座「広がる宇宙へ_はじめの一歩」,,,2026-07-25,2026-07-25,15:00,16:30,,「天文講座「広がる宇宙へ_はじめの一歩」」は2026-07-25に15:00から16:30に天文台2F講座室（五島協働センター）開催予定です。詳細は出典URLをご確認ください。,,,,,,,天文台2F講座室（五島協働センター）,浜松市中央区福島町242-1,,34.663403,137.768723,,,,,,,https://www.city.hamamatsu.shizuoka.jp/s-kumin/hao/tennmonnkouza.html,Web収集: 浜松市天文台 イベント; source_id=src_d61af6e402586057; 説明生成=facts_only,公共施設イベント,中央区,,,,
221309,WEBe08540047b,静岡県,浜松市,天文講座「宇宙と時間」,,,2026-09-26,2026-09-26,15:00,16:30,,「天文講座「宇宙と時間」」は2026-09-26に15:00から16:30に天文台2F講座室（五島協働センター）開催予定です。詳細は出典URLをご確認ください。,,,,,,,天文台2F講座室（五島協働センター）,浜松市中央区福島町242-1,,34.663403,137.768723,,,,,,,https://www.city.hamamatsu.shizuoka.jp/s-kumin/hao/tennmonnkouza.html,Web収集: 浜松市天文台 イベント; source_id=src_d61af6e402586057; 説明生成=facts_only,公共施設イベント,中央区,,,,
221309,WEBc03eb3d9dd,静岡県,浜松市,天文講演会,,,2026-10-18,2026-10-18,14:00,15:30,,「天文講演会」は2026-10-18に14:00から15:30に天文台1Fホール（五島協働センター）開催予定です。詳細は出典URLをご確認ください。,,,,,,,天文台1Fホール（五島協働センター）,浜松市中央区福島町242-1,,34.663403,137.768723,,,,,,,https://www.city.hamamatsu.shizuoka.jp/s-kumin/hao/tennmonnkouza.html,Web収集: 浜松市天文台 イベント; source_id=src_d61af6e402586057; 説明生成=facts_only,公共施設イベント,中央区,,,,
221309,WEB8fc9417f37,静岡県,浜松市,スマホde星空写真～夜空の星をきれいに撮る～,,,2026-08-15,2026-08-15,18:30,19:30,,「スマホde星空写真～夜空の星をきれいに撮る～」は2026-08-15に18:30から19:30に天文台2F講座室（五島協働センター）、天文台屋上開催予定です。詳細は出典URLをご確認ください。,,,,,,,天文台2F講座室（五島協働センター）、天文台屋上,浜松市中央区福島町242-1,,34.663403,137.768723,,,,,,,https://www.city.hamamatsu.shizuoka.jp/s-kumin/hao/event-kouza.html,Web収集: 浜松市天文台 イベント; source_id=src_d61af6e402586057; 説明生成=facts_only,公共施設イベント,中央区,,,,
221309,WEBb1f5fb19ad,静岡県,浜松市,スマホdeムーン,,,2026-09-25,2026-12-02,19:30,21:00,,「スマホdeムーン」は2026-09-25から2026-12-02に19:30から21:00に天文台屋上___※中秋の名月は、石人の星公園開催予定です。詳細は出典URLをご確認ください。,,,,,,,天文台屋上___※中秋の名月は、石人の星公園,浜松市中央区福島町242-1,,34.663403,137.768723,,,,,,,https://www.city.hamamatsu.shizuoka.jp/s-kumin/hao/event-kouza.html,Web収集: 浜松市天文台 イベント; source_id=src_d61af6e402586057; 説明生成=facts_only,公共施設イベント,中央区,,,,
221309,WEB6b78bf0b23,静岡県,浜松市,望遠鏡を作ろう,,,2026-07-31,2026-07-31,19:00,20:00,,「望遠鏡を作ろう」は2026-07-31に19:00から20:00に天文台2F講座室（五島協働センター）、天文台屋上開催予定です。詳細は出典URLをご確認ください。,,,,,,,天文台2F講座室（五島協働センター）、天文台屋上,浜松市中央区福島町242-1,,34.663403,137.768723,,,,,,,https://www.city.hamamatsu.shizuoka.jp/s-kumin/hao/oyakomuke_top.html,Web収集: 浜松市天文台 イベント; source_id=src_d61af6e402586057; 説明生成=facts_only,公共施設イベント,中央区,,,,
221309,WEB40db82d9eb,静岡県,浜松市,天文工作教室～万華鏡を作ろう～,,,2026-10-04,2026-10-04,18:30,19:30,,「天文工作教室～万華鏡を作ろう～」は2026-10-04に18:30から19:30に天文台2F講座室（五島協働センター）、天文台屋上開催予定です。詳細は出典URLをご確認ください。,,,,,,,天文台2F講座室（五島協働センター）、天文台屋上,浜松市中央区福島町242-1,,34.663403,137.768723,,,,,,,https://www.city.hamamatsu.shizuoka.jp/s-kumin/hao/oyakomuke_top.html,Web収集: 浜松市天文台 イベント; source_id=src_d61af6e402586057; 説明生成=facts_only,公共施設イベント,中央区,,,,
221309,WEBad4ffacb58,静岡県,浜松市,はじめての双眼鏡講座_～双眼鏡で星空ウォーク～,,,2026-08-23,2026-12-09,19:30,20:30,,「はじめての双眼鏡講座_～双眼鏡で星空ウォーク～」は2026-08-23から2026-12-09に19:30から20:30に双眼鏡講座開催予定です。詳細は出典URLをご確認ください。,,,,,,,双眼鏡講座,浜松市中央区福島町242-1,,34.663403,137.768723,,,,,,,https://www.city.hamamatsu.shizuoka.jp/s-kumin/hao/bouennkyoukouza.html,Web収集: 浜松市天文台 イベント; source_id=src_d61af6e402586057; 説明生成=facts_only; ジオコーディング補完: 浜松市中央区福島町242-1,公共施設イベント,中央区,,,,
221309,WEB341b1a5c5e,静岡県,浜松市,望遠鏡講座～望遠鏡の「困った」解決～,,,2026-05-10,2026-10-28,19:00,21:00,,「望遠鏡講座～望遠鏡の「困った」解決～」は2026-05-10から2026-10-28に19:00から21:00に天文台2F講座室（五島協働センター）、天文台屋上開催予定です。詳細は出典URLをご確認ください。,,,,,,,天文台2F講座室（五島協働センター）、天文台屋上,浜松市中央区福島町242-1,,34.663403,137.768723,,,,,,,https://www.city.hamamatsu.shizuoka.jp/s-kumin/hao/bouennkyoukouza.html,Web収集: 浜松市天文台 イベント; source_id=src_d61af6e402586057; 説明生成=facts_only,公共施設イベント,中央区,,,,
221309,WEB6e6c0f43e4,静岡県,浜松市,スター・ウィーク,,,2026-07-31,2026-08-08,,,,「スター・ウィーク」は2026-07-31から2026-08-08に浜松市天文台開催予定です。詳細は出典URLをご確認ください。,,,,,,,浜松市天文台,浜松市中央区福島町242-1,,34.663403,137.768723,,,,,,,https://www.city.hamamatsu.shizuoka.jp/s-kumin/hao/stsarweek.html,Web収集: 浜松市天文台 イベント; source_id=src_d61af6e402586057; 説明生成=facts_only; ジオコーディング補完: 浜松市中央区福島町242-1,公共施設イベント,中央区,,,,
221309,WEBceaacb5a91,静岡県,浜松市,スター・ウィーク星空観望会,,,2026-08-08,2026-08-08,19:30,21:00,,「スター・ウィーク星空観望会」は2026-08-08に19:30から21:00にスター・ウィーク開催予定です。詳細は出典URLをご確認ください。,,,,,,,スター・ウィーク,浜松市中央区福島町242-1,,34.663403,137.768723,,,,,,,https://www.city.hamamatsu.shizuoka.jp/s-kumin/hao/stsarweek.html,Web収集: 浜松市天文台 イベント; source_id=src_d61af6e402586057; 説明生成=facts_only; ジオコーディング補完: 浜松市中央区福島町242-1,公共施設イベント,中央区,,,,
221309,WEBd43662f500,静岡県,浜松市,天文台まつり(R8),,,2026-12-12,2026-12-13,18:30,20:30,,「天文台まつり(R8)」は2026-12-12から2026-12-13に18:30から20:30に浜松市天文台開催予定です。詳細は出典URLをご確認ください。,,,,,,,浜松市天文台,浜松市中央区福島町242-1,,34.663403,137.768723,,,,,,,https://www.city.hamamatsu.shizuoka.jp/s-kumin/hao/stsarweek.html,Web収集: 浜松市天文台 イベント; source_id=src_d61af6e402586057; 説明生成=facts_only; ジオコーディング補完: 浜松市中央区福島町242-1,公共施設イベント,中央区,,,,
221309,WEB10b6d3e4a5,静岡県,浜松市,天文工作、天文に関する企画,,,2026-12-13,2026-12-13,09:00,14:00,,「天文工作、天文に関する企画」は2026-12-13に09:00から14:00に天文台まつり(R8)開催予定です。詳細は出典URLをご確認ください。,,,,,,,天文台まつり(R8),浜松市中央区福島町242-1,,34.663403,137.768723,,,,,,,https://www.city.hamamatsu.shizuoka.jp/s-kumin/hao/stsarweek.html,Web収集: 浜松市天文台 イベント; source_id=src_d61af6e402586057; 説明生成=facts_only; ジオコーディング補完: 浜松市中央区福島町242-1,公共施設イベント,中央区,,,,
221309,WEBb1915e1c26,静岡県,浜松市,望遠鏡を作ろう,,,2026-07-31,2026-07-31,,,,「望遠鏡を作ろう」は2026-07-31に浜松市天文台開催予定です。詳細は出典URLをご確認ください。,,,,,,,浜松市天文台,浜松市中央区福島町242-1,,34.663403,137.768723,,,,,,,https://www.city.hamamatsu.shizuoka.jp/s-kumin/hao/stsarweek.html,Web収集: 浜松市天文台 イベント; source_id=src_d61af6e402586057; 説明生成=facts_only; ジオコーディング補完: 浜松市中央区福島町242-1,公共施設イベント,中央区,,,,
221309,WEBb85e0b1617,静岡県,浜松市,太陽・昼間の星観望会,,,2026-08-02,2026-08-02,,,,「太陽・昼間の星観望会」は2026-08-02に浜松市天文台開催予定です。詳細は出典URLをご確認ください。,,,,,,,浜松市天文台,浜松市中央区福島町242-1,,34.663403,137.768723,,,,,,,https://www.city.hamamatsu.shizuoka.jp/s-kumin/hao/stsarweek.html,Web収集: 浜松市天文台 イベント; source_id=src_d61af6e402586057; 説明生成=facts_only; ジオコーディング補完: 浜松市中央区福島町242-1,公共施設イベント,中央区,,,,
221309,WEB632f9f4340,静岡県,浜松市,「光の科学」分光（スペクトル）講座,,,2026-08-02,2026-08-02,,,,「「光の科学」分光（スペクトル）講座」は2026-08-02に浜松市天文台開催予定です。詳細は出典URLをご確認ください。,,,,,,,浜松市天文台,浜松市中央区福島町242-1,,34.663403,137.768723,,,,,,,https://www.city.hamamatsu.shizuoka.jp/s-kumin/hao/stsarweek.html,Web収集: 浜松市天文台 イベント; source_id=src_d61af6e402586057; 説明生成=facts_only; ジオコーディング補完: 浜松市中央区福島町242-1,公共施設イベント,中央区,,,,
221309,WEBf78245fd65,静岡県,浜松市,親子天文教室,,,2026-08-07,2026-08-07,,,,「親子天文教室」は2026-08-07に浜松市天文台開催予定です。詳細は出典URLをご確認ください。,,,,,,,浜松市天文台,浜松市中央区福島町242-1,,34.663403,137.768723,,,,,,,https://www.city.hamamatsu.shizuoka.jp/s-kumin/hao/stsarweek.html,Web収集: 浜松市天文台 イベント; source_id=src_d61af6e402586057; 説明生成=facts_only; ジオコーディング補完: 浜松市中央区福島町242-1,公共施設イベント,中央区,,,,
221309,WEBd2abd2f35d,静岡県,浜松市,スターウィーク・星空観望会,,,2026-08-08,2026-08-08,,,,「スターウィーク・星空観望会」は2026-08-08に浜松市天文台開催予定です。詳細は出典URLをご確認ください。,,,,,,,浜松市天文台,浜松市中央区福島町242-1,,34.663403,137.768723,,,,,,,https://www.city.hamamatsu.shizuoka.jp/s-kumin/hao/stsarweek.html,Web収集: 浜松市天文台 イベント; source_id=src_d61af6e402586057; 説明生成=facts_only; ジオコーディング補完: 浜松市中央区福島町242-1,公共施設イベント,中央区,,,,
221309,WEBf7b68c9fc5,静岡県,浜松市,天文工作、天文に関する企画,,,2026-12-13,2026-12-13,,,,「天文工作、天文に関する企画」は2026-12-13に浜松市天文台開催予定です。詳細は出典URLをご確認ください。,,,,,,,浜松市天文台,浜松市中央区福島町242-1,,34.663403,137.768723,,,,,,,https://www.city.hamamatsu.shizuoka.jp/s-kumin/hao/stsarweek.html,Web収集: 浜松市天文台 イベント; source_id=src_d61af6e402586057; 説明生成=facts_only; ジオコーディング補完: 浜松市中央区福島町242-1,公共施設イベント,中央区,,,,
221309,WEBf3c3fcbd05,静岡県,浜松市,太陽・昼間の星観望会,,,2026-12-13,2026-12-13,,,,「太陽・昼間の星観望会」は2026-12-13に浜松市天文台開催予定です。詳細は出典URLをご確認ください。,,,,,,,浜松市天文台,浜松市中央区福島町242-1,,34.663403,137.768723,,,,,,,https://www.city.hamamatsu.shizuoka.jp/s-kumin/hao/stsarweek.html,Web収集: 浜松市天文台 イベント; source_id=src_d61af6e402586057; 説明生成=facts_only; ジオコーディング補完: 浜松市中央区福島町242-1,公共施設イベント,中央区,,,,
221309,WEBb1d174bea0,静岡県,浜松市,ペルセウス座流星群観望会,,,2026-08-12,2026-08-12,21:00,23:00,,「ペルセウス座流星群観望会」は2026-08-12に21:00から23:00に凧場公園（遠州灘海浜公園白羽地区）開催予定です。詳細は出典URLをご確認ください。,,,,,,,凧場公園（遠州灘海浜公園白羽地区）,浜松市中央区福島町242-1,,34.663403,137.768723,,,,,,,https://www.city.hamamatsu.shizuoka.jp/s-kumin/hao/tokubetukannbou.html,Web収集: 浜松市天文台 イベント; source_id=src_d61af6e402586057; 説明生成=facts_only,公共施設イベント,中央区,,,,
221309,WEBa71dae0f13,静岡県,浜松市,中秋の名月観望会,,,2026-09-25,2026-09-25,19:30,21:00,,「中秋の名月観望会」は2026-09-25に19:30から21:00に石人の星公園（遠州灘海浜公園中田島北地区）開催予定です。詳細は出典URLをご確認ください。,,,,,,,石人の星公園（遠州灘海浜公園中田島北地区）,浜松市中央区江之島町1706,,34.662468,137.755569,,,,,,,https://www.city.hamamatsu.shizuoka.jp/s-kumin/hao/tokubetukannbou.html,Web収集: 浜松市天文台 イベント; source_id=src_d61af6e402586057; 説明生成=facts_only,公共施設イベント,浜松市中央区,,,,
221309,WEBe90f941c95,静岡県,浜松市,十三夜観望会,,,2026-09-13,2026-10-14,18:30,20:30,,「十三夜観望会」は2026-09-13から2026-10-14に18:30から20:30に天文台屋上開催予定です。詳細は出典URLをご確認ください。,,,,,,,天文台屋上,浜松市中央区福島町242-1,,34.663403,137.768723,,,,,,,https://www.city.hamamatsu.shizuoka.jp/s-kumin/hao/tokubetukannbou.html,Web収集: 浜松市天文台 イベント; source_id=src_d61af6e402586057; 説明生成=facts_only; ジオコーディング補完: 浜松市中央区福島町242-1,公共施設イベント,中央区,,,,
221309,WEBbef574fdd8,静岡県,浜松市,ふたご座流星群観望会,,,2026-12-14,2026-12-14,19:00,21:00,,「ふたご座流星群観望会」は2026-12-14に19:00から21:00に天文台屋上開催予定です。詳細は出典URLをご確認ください。,,,,,,,天文台屋上,浜松市中央区福島町242-1,,34.663403,137.768723,,,,,,,https://www.city.hamamatsu.shizuoka.jp/s-kumin/hao/tokubetukannbou.html,Web収集: 浜松市天文台 イベント; source_id=src_d61af6e402586057; 説明生成=facts_only; ジオコーディング補完: 浜松市中央区福島町242-1,公共施設イベント,中央区,,,,
221309,WEB5dbc87da84,静岡県,浜松市,火星の最接近観望会,,,2027-02-20,2027-02-20,21:00,23:00,,「火星の最接近観望会」は2027-02-20に21:00から23:00に天文台屋上開催予定です。詳細は出典URLをご確認ください。,,,,,,,天文台屋上,浜松市中央区福島町242-1,,34.663403,137.768723,,,,,,,https://www.city.hamamatsu.shizuoka.jp/s-kumin/hao/tokubetukannbou.html,Web収集: 浜松市天文台 イベント; source_id=src_d61af6e402586057; 説明生成=facts_only; ジオコーディング補完: 浜松市中央区福島町242-1,公共施設イベント,中央区,,,,
221309,WEBc7df0978b2,静岡県,浜松市,みんなの運動会開催します,,,2026-11-08,2026-11-08,10:00,16:00,,「みんなの運動会開催します」は2026-11-08に10:00から16:00に美薗中央公園開催予定です。料金は300円です。詳細は出典URLをご確認ください。,300円,,美薗中央公園,053-586-7900,,一般財団法人浜松公園緑地協会,美薗中央公園,浜松市浜名区西美薗733,,34.800148,137.791641,,,,,,,https://misono.hama-park.jp/news/news-219/,Web収集: 美薗中央公園 イベント; source_id=src_850b82b4b9e96ed3; 説明生成=facts_only,スポーツ・レクリエーション,浜名区,,,,
221309,WEB419b3b5289,静岡県,浜松市,みんなの運動会開催します,,,2026-09-28,2026-09-28,12:30,,,「みんなの運動会開催します」は2026-09-28に12:30に美薗中央公園開催予定です。料金は500円 / 1500円です。詳細は出典URLをご確認ください。,500円 / 1500円,,一般財団法人浜松公園緑地協会,053-586-7900,,一般財団法人浜松公園緑地協会,美薗中央公園,浜松市浜名区西美薗733,,34.800148,137.791641,,,,,,,https://misono.hama-park.jp/news/news-213/,Web収集: 美薗中央公園 イベント; source_id=src_850b82b4b9e96ed3; 説明生成=facts_only; ジオコーディング補完: 浜松市浜名区西美薗733,スポーツ・レクリエーション,浜名区,,,,
221309,WEB49480c700d,静岡県,浜松市,みんなの運動会 開催します！,,,2026-10-07,2026-10-07,,,,「みんなの運動会 開催します！」は2026-10-07に美薗中央公園開催予定です。詳細は出典URLをご確認ください。,,,一般財団法人浜松公園緑地協会,053-586-7900,,一般財団法人浜松公園緑地協会,美薗中央公園,浜松市浜名区西美薗733,,34.800148,137.791641,,,,,,,https://misono.hama-park.jp/news/news-152/,Web収集: 美薗中央公園 イベント; source_id=src_850b82b4b9e96ed3; 説明生成=facts_only,スポーツ・レクリエーション,浜名区,,,,
221309,WEBa8a49cc782,静岡県,浜松市,第22回しずおか中学軟式野球クラブ大会,,,2026-08-01,2026-08-01,07:00,17:00,,「第22回しずおか中学軟式野球クラブ大会」は2026-08-01に07:00から17:00に船越公園開催予定です。詳細は出典URLをご確認ください。,,,,,,浜松軟式野球連盟少年部中学,船越公園,浜松市中央区船越町428番地の3,,34.718575,137.749252,,,,,,,https://www.city.hamamatsu.shizuoka.jp/koen-kan/shiteikanri/r6yotei/hunakoshi.html,Web収集: 船越公園 年間行事; source_id=src_310347829d84a5cf; 説明生成=facts_only; ジオコーディング補完: 浜松市中央区船越町428番地の3,公共施設イベント,中央区,,,,
221309,WEBfcd30c66fc,静岡県,浜松市,第22回しずおか中学軟式野球クラブ大会,,,2026-08-02,2026-08-02,07:00,17:00,,「第22回しずおか中学軟式野球クラブ大会」は2026-08-02に07:00から17:00に船越公園開催予定です。詳細は出典URLをご確認ください。,,,,,,浜松軟式野球連盟少年部中学,船越公園,浜松市中央区船越町428番地の3,,34.718575,137.749252,,,,,,,https://www.city.hamamatsu.shizuoka.jp/koen-kan/shiteikanri/r6yotei/hunakoshi.html,Web収集: 船越公園 年間行事; source_id=src_310347829d84a5cf; 説明生成=facts_only; ジオコーディング補完: 浜松市中央区船越町428番地の3,公共施設イベント,中央区,,,,
221309,WEB916544a2e1,静岡県,浜松市,JA共済トーナメント浜松予選,,,2026-08-23,2026-08-23,08:00,17:00,,「JA共済トーナメント浜松予選」は2026-08-23に08:00から17:00に船越公園開催予定です。詳細は出典URLをご確認ください。,,,,,,浜松軟式野球連盟少年部,船越公園,浜松市中央区船越町428番地の3,,34.718575,137.749252,,,,,,,https://www.city.hamamatsu.shizuoka.jp/koen-kan/shiteikanri/r6yotei/hunakoshi.html,Web収集: 船越公園 年間行事; source_id=src_310347829d84a5cf; 説明生成=facts_only; ジオコーディング補完: 浜松市中央区船越町428番地の3,公共施設イベント,中央区,,,,
221309,WEB04921f64fc,静岡県,浜松市,SBS遠州少年野球大会,,,2026-08-30,2026-08-30,08:00,17:00,,「SBS遠州少年野球大会」は2026-08-30に08:00から17:00に船越公園開催予定です。詳細は出典URLをご確認ください。,,,,,,浜松軟式野球連盟少年部,船越公園,浜松市中央区船越町428番地の3,,34.718575,137.749252,,,,,,,https://www.city.hamamatsu.shizuoka.jp/koen-kan/shiteikanri/r6yotei/hunakoshi.html,Web収集: 船越公園 年間行事; source_id=src_310347829d84a5cf; 説明生成=facts_only; ジオコーディング補完: 浜松市中央区船越町428番地の3,公共施設イベント,中央区,,,,
221309,WEB3480d6cb05,静岡県,浜松市,第55回SBS静岡放送・静岡新聞旗争奪遠州少年野球大会,,,2026-09-05,2026-09-05,08:00,17:00,,「第55回SBS静岡放送・静岡新聞旗争奪遠州少年野球大会」は2026-09-05に08:00から17:00に船越公園開催予定です。詳細は出典URLをご確認ください。,,,,,,浜松軟式野球連盟少年部,船越公園,浜松市中央区船越町428番地の3,,34.718575,137.749252,,,,,,,https://www.city.hamamatsu.shizuoka.jp/koen-kan/shiteikanri/r6yotei/hunakoshi.html,Web収集: 船越公園 年間行事; source_id=src_310347829d84a5cf; 説明生成=facts_only; ジオコーディング補完: 浜松市中央区船越町428番地の3,公共施設イベント,中央区,,,,
221309,WEBd691f3421e,静岡県,浜松市,浜松地区中学校新人総合体育大会野球競技の部,,,2026-09-19,2026-09-19,07:00,17:00,,「浜松地区中学校新人総合体育大会野球競技の部」は2026-09-19に07:00から17:00に船越公園開催予定です。詳細は出典URLをご確認ください。,,,,,,浜松市中学校体育連盟,船越公園,浜松市中央区船越町428番地の3,,34.718575,137.749252,,,,,,,https://www.city.hamamatsu.shizuoka.jp/koen-kan/shiteikanri/r6yotei/hunakoshi.html,Web収集: 船越公園 年間行事; source_id=src_310347829d84a5cf; 説明生成=facts_only; ジオコーディング補完: 浜松市中央区船越町428番地の3,公共施設イベント,中央区,,,,
221309,WEB84a793d576,静岡県,浜松市,浜松地区中学校新人総合体育大会野球競技の部,,,2026-09-20,2026-09-20,07:00,17:00,,「浜松地区中学校新人総合体育大会野球競技の部」は2026-09-20に07:00から17:00に船越公園開催予定です。詳細は出典URLをご確認ください。,,,,,,浜松市中学校体育連盟,船越公園,浜松市中央区船越町428番地の3,,34.718575,137.749252,,,,,,,https://www.city.hamamatsu.shizuoka.jp/koen-kan/shiteikanri/r6yotei/hunakoshi.html,Web収集: 船越公園 年間行事; source_id=src_310347829d84a5cf; 説明生成=facts_only; ジオコーディング補完: 浜松市中央区船越町428番地の3,公共施設イベント,中央区,,,,
221309,WEBad34c93dcd,静岡県,浜松市,浜松地区中学校新人総合体育大会野球競技の部,,,2026-09-26,2026-09-26,07:00,17:00,,「浜松地区中学校新人総合体育大会野球競技の部」は2026-09-26に07:00から17:00に船越公園開催予定です。詳細は出典URLをご確認ください。,,,,,,浜松市中学校体育連盟,船越公園,浜松市中央区船越町428番地の3,,34.718575,137.749252,,,,,,,https://www.city.hamamatsu.shizuoka.jp/koen-kan/shiteikanri/r6yotei/hunakoshi.html,Web収集: 船越公園 年間行事; source_id=src_310347829d84a5cf; 説明生成=facts_only; ジオコーディング補完: 浜松市中央区船越町428番地の3,公共施設イベント,中央区,,,,
221309,WEBb1798a2697,静岡県,浜松市,第55回SBS静岡放送・静岡新聞旗争奪遠州少年野球大会,,,2026-09-27,2026-09-27,08:00,17:00,,「第55回SBS静岡放送・静岡新聞旗争奪遠州少年野球大会」は2026-09-27に08:00から17:00に船越公園開催予定です。詳細は出典URLをご確認ください。,,,,,,浜松軟式野球連盟少年部,船越公園,浜松市中央区船越町428番地の3,,34.718575,137.749252,,,,,,,https://www.city.hamamatsu.shizuoka.jp/koen-kan/shiteikanri/r6yotei/hunakoshi.html,Web収集: 船越公園 年間行事; source_id=src_310347829d84a5cf; 説明生成=facts_only; ジオコーディング補完: 浜松市中央区船越町428番地の3,公共施設イベント,中央区,,,,
221309,WEBe7dfbd9973,静岡県,浜松市,浜松スポーツ少年団本部長杯,,,2026-10-03,2026-10-03,08:00,17:00,,「浜松スポーツ少年団本部長杯」は2026-10-03に08:00から17:00に船越公園開催予定です。詳細は出典URLをご確認ください。,,,,,,浜松軟式野球連盟少年部,船越公園,浜松市中央区船越町428番地の3,,34.718575,137.749252,,,,,,,https://www.city.hamamatsu.shizuoka.jp/koen-kan/shiteikanri/r6yotei/hunakoshi.html,Web収集: 船越公園 年間行事; source_id=src_310347829d84a5cf; 説明生成=facts_only; ジオコーディング補完: 浜松市中央区船越町428番地の3,公共施設イベント,中央区,,,,
221309,WEBae55b79596,静岡県,浜松市,浜松地区中学校新人総合体育大会野球競技の部,,,2026-10-04,2026-10-04,07:00,17:00,,「浜松地区中学校新人総合体育大会野球競技の部」は2026-10-04に07:00から17:00に船越公園開催予定です。詳細は出典URLをご確認ください。,,,,,,浜松市中学校体育連盟,船越公園,浜松市中央区船越町428番地の3,,34.718575,137.749252,,,,,,,https://www.city.hamamatsu.shizuoka.jp/koen-kan/shiteikanri/r6yotei/hunakoshi.html,Web収集: 船越公園 年間行事; source_id=src_310347829d84a5cf; 説明生成=facts_only; ジオコーディング補完: 浜松市中央区船越町428番地の3,公共施設イベント,中央区,,,,
221309,WEBe9b9762239,静岡県,浜松市,浜松地区中学校新人総合体育大会野球競技の部,,,2026-10-10,2026-10-10,07:00,17:00,,「浜松地区中学校新人総合体育大会野球競技の部」は2026-10-10に07:00から17:00に船越公園開催予定です。詳細は出典URLをご確認ください。,,,,,,浜松市中学校体育連盟,船越公園,浜松市中央区船越町428番地の3,,34.718575,137.749252,,,,,,,https://www.city.hamamatsu.shizuoka.jp/koen-kan/shiteikanri/r6yotei/hunakoshi.html,Web収集: 船越公園 年間行事; source_id=src_310347829d84a5cf; 説明生成=facts_only; ジオコーディング補完: 浜松市中央区船越町428番地の3,公共施設イベント,中央区,,,,
221309,WEB5b83a20ca9,静岡県,浜松市,浜松スポーツ少年団本部長杯,,,2026-10-11,2026-10-11,08:00,17:00,,「浜松スポーツ少年団本部長杯」は2026-10-11に08:00から17:00に船越公園開催予定です。詳細は出典URLをご確認ください。,,,,,,浜松軟式野球連盟少年部,船越公園,浜松市中央区船越町428番地の3,,34.718575,137.749252,,,,,,,https://www.city.hamamatsu.shizuoka.jp/koen-kan/shiteikanri/r6yotei/hunakoshi.html,Web収集: 船越公園 年間行事; source_id=src_310347829d84a5cf; 説明生成=facts_only; ジオコーディング補完: 浜松市中央区船越町428番地の3,公共施設イベント,中央区,,,,
221309,WEB1bcb56f671,静岡県,浜松市,浜松市ソフトボール協会リーグ戦,,,2026-10-25,2026-10-25,08:00,17:00,,「浜松市ソフトボール協会リーグ戦」は2026-10-25に08:00から17:00に船越公園開催予定です。詳細は出典URLをご確認ください。,,,,,,浜松市ソフトボール協会,船越公園,浜松市中央区船越町428番地の3,,34.718575,137.749252,,,,,,,https://www.city.hamamatsu.shizuoka.jp/koen-kan/shiteikanri/r6yotei/hunakoshi.html,Web収集: 船越公園 年間行事; source_id=src_310347829d84a5cf; 説明生成=facts_only; ジオコーディング補完: 浜松市中央区船越町428番地の3,公共施設イベント,中央区,,,,
221309,WEB857e6c5570,静岡県,浜松市,浜松地区中学校秋季野球大会,,,2026-11-01,2026-11-01,07:00,17:00,,「浜松地区中学校秋季野球大会」は2026-11-01に07:00から17:00に船越公園開催予定です。詳細は出典URLをご確認ください。,,,,,,浜松地区中学校野球運営委員会,船越公園,浜松市中央区船越町428番地の3,,34.718575,137.749252,,,,,,,https://www.city.hamamatsu.shizuoka.jp/koen-kan/shiteikanri/r6yotei/hunakoshi.html,Web収集: 船越公園 年間行事; source_id=src_310347829d84a5cf; 説明生成=facts_only; ジオコーディング補完: 浜松市中央区船越町428番地の3,公共施設イベント,中央区,,,,
221309,WEBf2b25a777c,静岡県,浜松市,浜松地区中学校秋季野球大会,,,2026-11-07,2026-11-07,07:00,17:00,,「浜松地区中学校秋季野球大会」は2026-11-07に07:00から17:00に船越公園開催予定です。詳細は出典URLをご確認ください。,,,,,,浜松地区中学校野球運営委員会,船越公園,浜松市中央区船越町428番地の3,,34.718575,137.749252,,,,,,,https://www.city.hamamatsu.shizuoka.jp/koen-kan/shiteikanri/r6yotei/hunakoshi.html,Web収集: 船越公園 年間行事; source_id=src_310347829d84a5cf; 説明生成=facts_only; ジオコーディング補完: 浜松市中央区船越町428番地の3,公共施設イベント,中央区,,,,
221309,WEBa16da467ea,静岡県,浜松市,浜松市ソフトボール協会リーグ戦,,,2026-11-08,2026-11-08,08:00,17:00,,「浜松市ソフトボール協会リーグ戦」は2026-11-08に08:00から17:00に船越公園開催予定です。詳細は出典URLをご確認ください。,,,,,,浜松市ソフトボール協会,船越公園,浜松市中央区船越町428番地の3,,34.718575,137.749252,,,,,,,https://www.city.hamamatsu.shizuoka.jp/koen-kan/shiteikanri/r6yotei/hunakoshi.html,Web収集: 船越公園 年間行事; source_id=src_310347829d84a5cf; 説明生成=facts_only; ジオコーディング補完: 浜松市中央区船越町428番地の3,公共施設イベント,中央区,,,,
221309,WEBa504144edc,静岡県,浜松市,浜松市ソフトボール協会リーグ戦,,,2026-11-29,2026-11-29,08:00,17:00,,「浜松市ソフトボール協会リーグ戦」は2026-11-29に08:00から17:00に船越公園開催予定です。詳細は出典URLをご確認ください。,,,,,,浜松市ソフトボール協会,船越公園,浜松市中央区船越町428番地の3,,34.718575,137.749252,,,,,,,https://www.city.hamamatsu.shizuoka.jp/koen-kan/shiteikanri/r6yotei/hunakoshi.html,Web収集: 船越公園 年間行事; source_id=src_310347829d84a5cf; 説明生成=facts_only; ジオコーディング補完: 浜松市中央区船越町428番地の3,公共施設イベント,中央区,,,,
221309,WEB352eea0c42,静岡県,浜松市,新着・イベント情報一覧,,,2026-08-01,2026-08-01,07:00,22:00,,「新着・イベント情報一覧」は2026-08-01に07:00から22:00に佐鳴湖公園開催予定です。詳細は出典URLをご確認ください。,,,,053(476)0210 ／FAX:053(415)8234,,,佐鳴湖公園,浜松市中央区富塚町5147-4,,34.720528,137.697739,,,,,,,https://sanaruko.hama-park.jp/archives/404,Web収集: 佐鳴湖公園 イベント; source_id=src_40245408cfe048f9; 説明生成=facts_only; ジオコーディング補完: 浜松市中央区富塚町5147-4,公共施設イベント,中央区,,,,
221309,WEB8444285e1b,静岡県,浜松市,新着・イベント情報一覧,,,2026-07-20,2026-09-23,09:00,05:00,,「新着・イベント情報一覧」は2026-07-20から2026-09-23に09:00から05:00に佐鳴湖公園開催予定です。料金は無料です。詳細は出典URLをご確認ください。,無料,,,053-476-0210,,,佐鳴湖公園,浜松市中央区富塚町5147-4,,34.720528,137.697739,,,,,,,https://sanaruko.hama-park.jp/archives/395,Web収集: 佐鳴湖公園 イベント; source_id=src_40245408cfe048f9; 説明生成=facts_only,公共施設イベント,中央区,,,,
221309,WEB5234268ba0,静岡県,浜松市,新着・イベント情報一覧,,,2026-07-25,2026-07-25,10:00,12:00,,「新着・イベント情報一覧」は2026-07-25に10:00から12:00に佐鳴湖公園開催予定です。料金は300円です。詳細は出典URLをご確認ください。,300円,,,053-476-0210,,,佐鳴湖公園,浜松市中央区富塚町5147-4,,34.720528,137.697739,,,,,,,https://sanaruko.hama-park.jp/archives/387,Web収集: 佐鳴湖公園 イベント; source_id=src_40245408cfe048f9; 説明生成=facts_only; ジオコーディング補完: 浜松市中央区富塚町5147-4,公共施設イベント,中央区,,,,
221309,WEB623ee6c7a4,静岡県,浜松市,新着・イベント情報一覧,,,2026-07-24,2026-07-24,09:00,05:00,,「新着・イベント情報一覧」は2026-07-24に09:00から05:00に佐鳴湖公園開催予定です。詳細は出典URLをご確認ください。,,,佐鳴湖公園北岸管理棟,053(476)0210 ／FAX:053(415)8234,,一般財団法人浜松公園緑地協会,佐鳴湖公園,浜松市中央区富塚町5147-4,,34.720528,137.697739,,,,,,,https://sanaruko.hama-park.jp/archives/376,Web収集: 佐鳴湖公園 イベント; source_id=src_40245408cfe048f9; 説明生成=facts_only,講座,中央区,,,,
221309,WEB88dd6e7df2,静岡県,浜松市,11/1 海辺の自然観察会 12/14に延期します,,,2026-12-14,2026-12-14,09:30,11:00,,「11/1 海辺の自然観察会 12/14に延期します」は2026-12-14に09:30から11:00に石人の星公園（遠州灘海浜公園 中田島北地区）開催予定です。事前申込が必要です。詳細は出典URLをご確認ください。,,,,,,一般財団法人浜松公園緑地協会,石人の星公園（遠州灘海浜公園 中田島北地区）,浜松市中央区江之島町1706,,34.662468,137.755569,,,,,,事前申込が必要です。詳細は出典URLをご確認ください。,https://enshunada.hama-park.jp/news/news-211/,Web収集: 石人の星公園 イベント; source_id=src_fd5da240079beaab; 説明生成=facts_only; ジオコーディング補完: 浜松市中央区江之島町1706,自然観察,中央区,,,,
221309,WEBd1a1e7d620,静岡県,浜松市,2026/11/7（土）中村與資平レクチャー「昭和100年 国鉄浜松駅と遠鉄旭町駅」と旧浜松銀行協会の館内ツアー,,,2026-11-07,2026-11-07,13:30,15:30,,「2026/11/7（土）中村與資平レクチャー「昭和100年 国鉄浜松駅と遠鉄旭町駅」と旧浜松銀行協会の館内ツアー」は2026-11-07に13:30から15:30に木下惠介記念館（浜松市旧浜松銀行協会）開催予定です。詳細は出典URLをご確認ください。,,,,053-457-3450 E-mail： k.m.m@keisukemuseum.org,,,木下惠介記念館（浜松市旧浜松銀行協会）,浜松市中央区栄町3番地の1,,34.704369,137.725342,,,,,,,https://keisukemuseum.org/2026/05/30/20261107-yoshiheilecture/,Web収集: 木下惠介記念館 イベント; source_id=src_f872bb67e10c3a66; 説明生成=facts_only; ジオコーディング補完: 浜松市中央区栄町3番地の1,公共施設イベント,中央区,,,,
221309,WEBed543567cf,静岡県,浜松市,2026/9/20(日) 木下惠介記念館映画上映会『遠い雲』,,,2026-09-20,2026-09-20,10:00,14:00,,「2026/9/20(日) 木下惠介記念館映画上映会『遠い雲』」は2026-09-20に10:00から14:00に木下惠介記念館（浜松市旧浜松銀行協会）開催予定です。詳細は出典URLをご確認ください。,,,,,,,木下惠介記念館（浜松市旧浜松銀行協会）,浜松市中央区栄町3番地の1,,34.705228,137.730166,,,,,,,https://keisukemuseum.org/2026/07/19/2026-9-20/,Web収集: 木下惠介記念館 イベント; source_id=src_f872bb67e10c3a66; 説明生成=facts_only,公共施設イベント,中央区,,,,
221309,WEB823730a2cd,静岡県,浜松市,2026/8/16(日) 木下惠介記念館映画上映会『今日もまたかくてありなん』,,,2026-08-16,2026-08-16,10:00,14:00,,「2026/8/16(日) 木下惠介記念館映画上映会『今日もまたかくてありなん』」は2026-08-16に10:00から14:00に木下惠介記念館（浜松市旧浜松銀行協会）開催予定です。詳細は出典URLをご確認ください。,,,,,,,木下惠介記念館（浜松市旧浜松銀行協会）,浜松市中央区栄町3番地の1,,34.705228,137.730166,,,,,,,https://keisukemuseum.org/2026/06/21/2026-8-16/,Web収集: 木下惠介記念館 イベント; source_id=src_f872bb67e10c3a66; 説明生成=facts_only,公共施設イベント,中央区,,,,
221309,WEB34ba20a54b,静岡県,浜松市,2026年7月休館日のお知らせ,,,2026-08-16,2026-08-16,09:00,17:00,,「2026年7月休館日のお知らせ」は2026-08-16に09:00から17:00に木下惠介記念館（浜松市旧浜松銀行協会）開催予定です。詳細は出典URLをご確認ください。,,,,,,,木下惠介記念館（浜松市旧浜松銀行協会）,浜松市中央区栄町3番地の1,,34.704369,137.725342,,,,,,,https://keisukemuseum.org/2026/06/10/2026-7-closed/,Web収集: 木下惠介記念館 イベント; source_id=src_f872bb67e10c3a66; 説明生成=facts_only; ジオコーディング補完: 浜松市中央区栄町3番地の1,公共施設イベント,中央区,,,,
221309,WEB6f3a26634d,静岡県,浜松市,6/3（水）台風接近に伴う開館時間変更のお知らせ,,,2026-11-07,2026-11-07,09:00,17:00,,「6/3（水）台風接近に伴う開館時間変更のお知らせ」は2026-11-07に09:00から17:00に木下惠介記念館（浜松市旧浜松銀行協会）開催予定です。詳細は出典URLをご確認ください。,,,,,,,木下惠介記念館（浜松市旧浜松銀行協会）,浜松市中央区栄町3番地の1,,34.704369,137.725342,,,,,,,https://keisukemuseum.org/2026/06/02/20260603/,Web収集: 木下惠介記念館 イベント; source_id=src_f872bb67e10c3a66; 説明生成=facts_only; ジオコーディング補完: 浜松市中央区栄町3番地の1,公共施設イベント,中央区,,,,
221309,WEB78f0caeafe,静岡県,浜松市,EVENT CALENDER イベントカレンダー,,,2026-08-08,2026-08-08,11:30,12:00,,「EVENT CALENDER イベントカレンダー」は2026-08-08に11:30から12:00にサーラ音楽ホール開催予定です。詳細は出典URLをご確認ください。,,,,090-3837-6746,,,サーラ音楽ホール,浜松市浜名区新都田3-2-1,,34.818024,137.737289,,,,,,,https://www.hcf.or.jp/facilities/music-hall/event/detail/?id=31079,Web収集: サーラ音楽ホール イベント; source_id=src_f30b4ef91140a97e; 説明生成=facts_only; ジオコーディング補完: 浜松市浜名区新都田3-2-1,文化施設イベント,浜名区,,,,
221309,WEBd24e94241e,静岡県,浜松市,EVENT CALENDER イベントカレンダー,,,2026-08-11,2026-08-11,11:00,11:30,,「EVENT CALENDER イベントカレンダー」は2026-08-11に11:00から11:30にサーラ音楽ホール開催予定です。詳細は出典URLをご確認ください。,,,,090-3837-6746,,,サーラ音楽ホール,浜松市浜名区新都田3-2-1,,34.818024,137.737289,,,,,,,https://www.hcf.or.jp/facilities/music-hall/event/detail/?id=31067,Web収集: サーラ音楽ホール イベント; source_id=src_f30b4ef91140a97e; 説明生成=facts_only; ジオコーディング補完: 浜松市浜名区新都田3-2-1,文化施設イベント,浜名区,,,,
221309,WEB1494014a4e,静岡県,浜松市,EVENT CALENDER イベントカレンダー,,,2026-08-23,2026-08-23,11:35,12:00,,「EVENT CALENDER イベントカレンダー」は2026-08-23に11:35から12:00にサーラ音楽ホール開催予定です。詳細は出典URLをご確認ください。,,,,053-428-5700 / FAX 053-428-5711,,,サーラ音楽ホール,浜松市浜名区新都田3-2-1,,34.818024,137.737289,,,,,,,https://www.hcf.or.jp/facilities/music-hall/event/detail/?id=31292,Web収集: サーラ音楽ホール イベント; source_id=src_f30b4ef91140a97e; 説明生成=facts_only; ジオコーディング補完: 浜松市浜名区新都田3-2-1,文化施設イベント,浜名区,,,,
221309,WEBf8933b66c0,静岡県,浜松市,EVENT CALENDER イベントカレンダー,,,2026-09-05,2026-09-05,09:30,11:30,,「EVENT CALENDER イベントカレンダー」は2026-09-05に09:30から11:30にサーラ音楽ホール開催予定です。詳細は出典URLをご確認ください。,,,,053-428-5700 / FAX 053-428-5711,,,サーラ音楽ホール,浜松市浜名区新都田3-2-1,,34.818024,137.737289,,,,,,,https://www.hcf.or.jp/facilities/music-hall/event/detail/?id=31035,Web収集: サーラ音楽ホール イベント; source_id=src_f30b4ef91140a97e; 説明生成=facts_only; ジオコーディング補完: 浜松市浜名区新都田3-2-1,文化施設イベント,浜名区,,,,
221309,WEB5f7e4a7d81,静岡県,浜松市,EVENT CALENDER イベントカレンダー,,,2026-09-06,2026-09-06,13:30,14:00,,「EVENT CALENDER イベントカレンダー」は2026-09-06に13:30から14:00にサーラ音楽ホール開催予定です。詳細は出典URLをご確認ください。,,,,053-428-5700 / FAX 053-428-5711,,,サーラ音楽ホール,浜松市浜名区新都田3-2-1,,34.818024,137.737289,,,,,,,https://www.hcf.or.jp/facilities/music-hall/event/detail/?id=31078,Web収集: サーラ音楽ホール イベント; source_id=src_f30b4ef91140a97e; 説明生成=facts_only; ジオコーディング補完: 浜松市浜名区新都田3-2-1,文化施設イベント,浜名区,,,,
221309,WEBf4246d0f9f,静岡県,浜松市,EVENT CALENDER イベントカレンダー,,,2026-09-23,2026-09-23,12:00,13:00,,「EVENT CALENDER イベントカレンダー」は2026-09-23に12:00から13:00にサーラ音楽ホール開催予定です。詳細は出典URLをご確認ください。,,,,053-454-5376,,,サーラ音楽ホール,浜松市浜名区新都田3-2-1,,34.818024,137.737289,,,,,,,https://www.hcf.or.jp/facilities/music-hall/event/detail/?id=31114,Web収集: サーラ音楽ホール イベント; source_id=src_f30b4ef91140a97e; 説明生成=facts_only; ジオコーディング補完: 浜松市浜名区新都田3-2-1,文化施設イベント,浜名区,,,,
221309,WEB20b6e23521,静岡県,浜松市,EVENT CALENDER イベントカレンダー,,,2026-10-10,2026-10-10,09:30,11:30,,「EVENT CALENDER イベントカレンダー」は2026-10-10に09:30から11:30にサーラ音楽ホール開催予定です。詳細は出典URLをご確認ください。,,,,053-428-5700 / FAX 053-428-5711,,,サーラ音楽ホール,浜松市浜名区新都田3-2-1,,34.818024,137.737289,,,,,,,https://www.hcf.or.jp/facilities/music-hall/event/detail/?id=31032,Web収集: サーラ音楽ホール イベント; source_id=src_f30b4ef91140a97e; 説明生成=facts_only; ジオコーディング補完: 浜松市浜名区新都田3-2-1,文化施設イベント,浜名区,,,,
221309,WEB7990e9cbc9,静岡県,浜松市,EVENT CALENDER イベントカレンダー,,,2026-10-18,2026-10-18,11:10,11:40,,「EVENT CALENDER イベントカレンダー」は2026-10-18に11:10から11:40にサーラ音楽ホール開催予定です。詳細は出典URLをご確認ください。,,,,090-3837-6746,,,サーラ音楽ホール,浜松市浜名区新都田3-2-1,,34.818024,137.737289,,,,,,,https://www.hcf.or.jp/facilities/music-hall/event/detail/?id=31239,Web収集: サーラ音楽ホール イベント; source_id=src_f30b4ef91140a97e; 説明生成=facts_only; ジオコーディング補完: 浜松市浜名区新都田3-2-1,文化施設イベント,浜名区,,,,
221309,WEB7641f4d703,静岡県,浜松市,EVENT CALENDER イベントカレンダー,,,2026-11-15,2026-11-15,09:30,11:30,,「EVENT CALENDER イベントカレンダー」は2026-11-15に09:30から11:30にサーラ音楽ホール開催予定です。詳細は出典URLをご確認ください。,,,,053-428-5700 / FAX 053-428-5711,,,サーラ音楽ホール,浜松市浜名区新都田3-2-1,,34.818024,137.737289,,,,,,,https://www.hcf.or.jp/facilities/music-hall/event/detail/?id=31033,Web収集: サーラ音楽ホール イベント; source_id=src_f30b4ef91140a97e; 説明生成=facts_only; ジオコーディング補完: 浜松市浜名区新都田3-2-1,文化施設イベント,浜名区,,,,
221309,WEB67a3507731,静岡県,浜松市,EVENT CALENDER イベントカレンダー,,,2026-11-29,2026-11-29,09:30,11:30,,「EVENT CALENDER イベントカレンダー」は2026-11-29に09:30から11:30にサーラ音楽ホール開催予定です。詳細は出典URLをご確認ください。,,,,053-428-5700 / FAX 053-428-5711,,,サーラ音楽ホール,浜松市浜名区新都田3-2-1,,34.818024,137.737289,,,,,,,https://www.hcf.or.jp/facilities/music-hall/event/detail/?id=31034,Web収集: サーラ音楽ホール イベント; source_id=src_f30b4ef91140a97e; 説明生成=facts_only; ジオコーディング補完: 浜松市浜名区新都田3-2-1,文化施設イベント,浜名区,,,,
221309,WEB977c1afd40,静岡県,浜松市,EVENT CALENDER イベントカレンダー,,,2026-12-27,2026-12-27,13:00,13:30,,「EVENT CALENDER イベントカレンダー」は2026-12-27に13:00から13:30にサーラ音楽ホール開催予定です。詳細は出典URLをご確認ください。,,,,053-436-1101,,,サーラ音楽ホール,浜松市浜名区新都田3-2-1,,34.818024,137.737289,,,,,,,https://www.hcf.or.jp/facilities/music-hall/event/detail/?id=31277,Web収集: サーラ音楽ホール イベント; source_id=src_f30b4ef91140a97e; 説明生成=facts_only; ジオコーディング補完: 浜松市浜名区新都田3-2-1,文化施設イベント,浜名区,,,,
221309,WEB93df9fc345,静岡県,浜松市,EVENT CALENDER イベントカレンダー,,,2027-01-10,2027-01-10,12:45,13:30,,「EVENT CALENDER イベントカレンダー」は2027-01-10に12:45から13:30にサーラ音楽ホール開催予定です。詳細は出典URLをご確認ください。,,,,054-203-6578（平日9:30～17:30）,,,サーラ音楽ホール,浜松市浜名区新都田3-2-1,,34.818024,137.737289,,,,,,,https://www.hcf.or.jp/facilities/music-hall/event/detail/?id=31017,Web収集: サーラ音楽ホール イベント; source_id=src_f30b4ef91140a97e; 説明生成=facts_only; ジオコーディング補完: 浜松市浜名区新都田3-2-1,文化施設イベント,浜名区,,,,
221309,WEBd0eb8e4813,静岡県,浜松市,浜松みんなの文化応援助成事業 歌のすきな子！あつまれ～♪浜松キッズコーラス講座 Vol.5,,,2026-07-19,2026-09-05,13:30,13:00,,「浜松みんなの文化応援助成事業 歌のすきな子！あつまれ～♪浜松キッズコーラス講座 Vol.5」は2026-07-19から2026-09-05に13:30から13:00にスタジオ 創造活動室 ふれあい広場開催予定です。詳細は出典URLをご確認ください。,,,,053-453-5311 / FAX : 053-453-5379,,,スタジオ 創造活動室 ふれあい広場,浜松市中央区早馬町2番地の1,,34.710644,137.73378,,,,,,,https://www.hcf.or.jp/facilities/create/event/detail.php?id=30992,Web収集: クリエート浜松 イベント; source_id=src_90563b02f75632f6; 説明生成=facts_only; ジオコーディング補完: 浜松市中央区早馬町2番地の1,文化施設イベント,中央区,,,,
221309,WEB724ee551d4,静岡県,浜松市,遠州の学問・教育・技術・文化を豊かにした偉人たち展,,,2026-07-20,2026-08-02,09:00,13:00,,「遠州の学問・教育・技術・文化を豊かにした偉人たち展」は2026-07-20から2026-08-02に09:00から13:00にギャラリー32開催予定です。料金は無料です。詳細は出典URLをご確認ください。,無料,,,053-453-5311 / FAX : 053-453-5379,,,ギャラリー32,浜松市中央区早馬町2番地の1,,34.710644,137.73378,,,,,,,https://www.hcf.or.jp/facilities/create/event/detail.php?id=31169,Web収集: クリエート浜松 イベント; source_id=src_90563b02f75632f6; 説明生成=facts_only; ジオコーディング補完: 浜松市中央区早馬町2番地の1,文化施設イベント,中央区,,,,
221309,WEB34511aa69a,静岡県,浜松市,令和8年度 浜松文芸館講座 『おくのほそ道』講座 最終回 山中温泉～大垣まで,,,2026-07-24,2026-07-24,13:30,15:30,,「令和8年度 浜松文芸館講座 『おくのほそ道』講座 最終回 山中温泉～大垣まで」は2026-07-24に13:30から15:30に53会議室開催予定です。詳細は出典URLをご確認ください。,,,,053-453-5311 / FAX : 053-453-5379,,,53会議室,浜松市中央区早馬町2番地の1,,34.710644,137.73378,,,,,,,https://www.hcf.or.jp/facilities/create/event/detail.php?id=30575,Web収集: クリエート浜松 イベント; source_id=src_90563b02f75632f6; 説明生成=facts_only; ジオコーディング補完: 浜松市中央区早馬町2番地の1,文化施設イベント,中央区,,,,
221309,WEBcf76e179f9,静岡県,浜松市,写真展「BLUE」,,,2026-07-24,2026-07-26,10:00,13:00,,「写真展「BLUE」」は2026-07-24から2026-07-26に10:00から13:00にギャラリー34開催予定です。料金は無料です。詳細は出典URLをご確認ください。,無料,,,090-5620-6271,,,ギャラリー34,浜松市中央区早馬町2番地の1,,34.710644,137.73378,,,,,,,https://www.hcf.or.jp/facilities/create/event/detail.php?id=31269,Web収集: クリエート浜松 イベント; source_id=src_90563b02f75632f6; 説明生成=facts_only; ジオコーディング補完: 浜松市中央区早馬町2番地の1,文化施設イベント,中央区,,,,
221309,WEB7c809e1f30,静岡県,浜松市,ジョイフル恵利浜松店 振袖展示会,,,2026-07-25,2026-07-26,10:00,18:00,,「ジョイフル恵利浜松店 振袖展示会」は2026-07-25から2026-07-26に10:00から18:00にギャラリー35開催予定です。料金は無料です。詳細は出典URLをご確認ください。,無料,,,053-413-2200,,,ギャラリー35,浜松市中央区早馬町2番地の1,,34.710644,137.73378,,,,,,,https://www.hcf.or.jp/facilities/create/event/detail.php?id=30915,Web収集: クリエート浜松 イベント; source_id=src_90563b02f75632f6; 説明生成=facts_only; ジオコーディング補完: 浜松市中央区早馬町2番地の1,文化施設イベント,中央区,,,,
221309,WEBe0a4b464be,静岡県,浜松市,令和8年度 浜松文芸館講座 夏休み絵本づくり講座,,,2026-07-25,2026-07-25,13:30,16:00,,「令和8年度 浜松文芸館講座 夏休み絵本づくり講座」は2026-07-25に13:30から16:00に51会議室開催予定です。詳細は出典URLをご確認ください。,,,,053-453-5311 / FAX : 053-453-5379,,,51会議室,浜松市中央区早馬町2番地の1,,34.710644,137.73378,,,,,,,https://www.hcf.or.jp/facilities/create/event/detail.php?id=31073,Web収集: クリエート浜松 イベント; source_id=src_90563b02f75632f6; 説明生成=facts_only; ジオコーディング補完: 浜松市中央区早馬町2番地の1,文化施設イベント,中央区,,,,
221309,WEBe4e69b3da6,静岡県,浜松市,令和8年度 浜松文芸館講座 川柳入門講座 風刺やユーモアのセンスを磨こう！,,,2026-07-26,2026-07-26,09:30,11:30,,「令和8年度 浜松文芸館講座 川柳入門講座 風刺やユーモアのセンスを磨こう！」は2026-07-26に09:30から11:30に51会議室開催予定です。詳細は出典URLをご確認ください。,,,,053-453-5311 / FAX : 053-453-5379,,,51会議室,浜松市中央区早馬町2番地の1,,34.710644,137.73378,,,,,,,https://www.hcf.or.jp/facilities/create/event/detail.php?id=30581,Web収集: クリエート浜松 イベント; source_id=src_90563b02f75632f6; 説明生成=facts_only; ジオコーディング補完: 浜松市中央区早馬町2番地の1,文化施設イベント,中央区,,,,
221309,WEB3db128cdf5,静岡県,浜松市,令和8年度 浜松文芸館講座 『源氏物語』講座 桐壺～若紫,,,2026-07-26,2026-07-26,13:30,15:30,,「令和8年度 浜松文芸館講座 『源氏物語』講座 桐壺～若紫」は2026-07-26に13:30から15:30に51会議室開催予定です。詳細は出典URLをご確認ください。,,,,053-453-5311 / FAX : 053-453-5379,,,51会議室,浜松市中央区早馬町2番地の1,,34.710644,137.73378,,,,,,,https://www.hcf.or.jp/facilities/create/event/detail.php?id=30586,Web収集: クリエート浜松 イベント; source_id=src_90563b02f75632f6; 説明生成=facts_only; ジオコーディング補完: 浜松市中央区早馬町2番地の1,文化施設イベント,中央区,,,,
221309,WEBe5c57cb2c3,静岡県,浜松市,第33回 静岡二紀展,,,2026-07-27,2026-08-02,09:30,13:00,,「第33回 静岡二紀展」は2026-07-27から2026-08-02に09:30から13:00にギャラリー35開催予定です。料金は無料です。詳細は出典URLをご確認ください。,無料,,,0538-66-2123,,,ギャラリー35,浜松市中央区早馬町2番地の1,,34.710644,137.73378,,,,,,,https://www.hcf.or.jp/facilities/create/event/detail.php?id=31083,Web収集: クリエート浜松 イベント; source_id=src_90563b02f75632f6; 説明生成=facts_only; ジオコーディング補完: 浜松市中央区早馬町2番地の1,文化施設イベント,中央区,,,,
221309,WEB786f7ecde0,静岡県,浜松市,クリエート浜松 主催事業 ♫クリエイティブガラ♫ Vox Fablosa,,,2026-07-30,2026-07-30,13:00,15:00,,「クリエート浜松 主催事業 ♫クリエイティブガラ♫ Vox Fablosa」は2026-07-30に13:00から15:00にふれあい広場開催予定です。料金は無料です。詳細は出典URLをご確認ください。,無料,,,053-453-5311 / FAX : 053-453-5379,,,ふれあい広場,浜松市中央区早馬町2番地の1,,34.710644,137.73378,,,,,,,https://www.hcf.or.jp/facilities/create/event/detail.php?id=31090,Web収集: クリエート浜松 イベント; source_id=src_90563b02f75632f6; 説明生成=facts_only; ジオコーディング補完: 浜松市中央区早馬町2番地の1,文化施設イベント,中央区,,,,
221309,WEB42ed806db7,静岡県,浜松市,Threads×AI 集客術勉強会,,,2026-07-30,2026-07-30,18:00,20:30,,「Threads×AI 集客術勉強会」は2026-07-30に18:00から20:30に53会議室開催予定です。詳細は出典URLをご確認ください。,,,,090-1283-9093,,,53会議室,浜松市中央区早馬町2番地の1,,34.710644,137.73378,,,,,,,https://www.hcf.or.jp/facilities/create/event/detail.php?id=31232,Web収集: クリエート浜松 イベント; source_id=src_90563b02f75632f6; 説明生成=facts_only; ジオコーディング補完: 浜松市中央区早馬町2番地の1,文化施設イベント,中央区,,,,
221309,WEB163ee7c7e3,静岡県,浜松市,HAMAMATSU U18 ROCK FESTIVAL,,,2026-07-30,2026-07-30,14:00,14:30,,「HAMAMATSU U18 ROCK FESTIVAL」は2026-07-30に14:00から14:30に2階ホール開催予定です。料金は無料です。詳細は出典URLをご確認ください。,無料,,,053-457-2301,,,2階ホール,浜松市中央区早馬町2番地の1,,34.710644,137.73378,,,,,,,https://www.hcf.or.jp/facilities/create/event/detail.php?id=31260,Web収集: クリエート浜松 イベント; source_id=src_90563b02f75632f6; 説明生成=facts_only,文化施設イベント,中央区,,,,
221309,WEBa2eaa86666,静岡県,浜松市,ハートフルソングコンサート,,,2026-07-31,2026-07-31,14:30,15:00,,「ハートフルソングコンサート」は2026-07-31に14:30から15:00に創造活動室開催予定です。詳細は出典URLをご確認ください。,,,,090-5313-5284,,,創造活動室,浜松市中央区早馬町2番地の1,,34.710644,137.73378,,,,,,,https://www.hcf.or.jp/facilities/create/event/detail.php?id=30953,Web収集: クリエート浜松 イベント; source_id=src_90563b02f75632f6; 説明生成=facts_only; ジオコーディング補完: 浜松市中央区早馬町2番地の1,文化施設イベント,中央区,,,,
221309,WEBd37b591c21,静岡県,浜松市,令和8年度 浜松市アクトシティ音楽院 コミュニティコース ジャズ文化講座 第2回「1940年代：ビバップという名の革命」,,,2026-07-31,2026-07-31,18:00,18:30,,「令和8年度 浜松市アクトシティ音楽院 コミュニティコース ジャズ文化講座 第2回「1940年代：ビバップという名の革命」」は2026-07-31に18:00から18:30に2階ホール開催予定です。詳細は出典URLをご確認ください。,,,,053-451-1150 FAX 053-451-1123,,,2階ホール,浜松市中央区早馬町2番地の1,,34.710644,137.73378,,,,,,,https://www.hcf.or.jp/facilities/create/event/detail.php?id=31025,Web収集: クリエート浜松 イベント; source_id=src_90563b02f75632f6; 説明生成=facts_only,文化施設イベント,中央区,,,,
221309,WEB573fd99d32,静岡県,浜松市,令和8年度 浜松文芸館講座 楽しいお話づくり講座,,,2026-08-01,2026-08-01,13:30,15:30,,「令和8年度 浜松文芸館講座 楽しいお話づくり講座」は2026-08-01に13:30から15:30に51会議室開催予定です。詳細は出典URLをご確認ください。,,,,053-453-5311 / FAX : 053-453-5379,,,51会議室,浜松市中央区早馬町2番地の1,,34.710644,137.73378,,,,,,,https://www.hcf.or.jp/facilities/create/event/detail.php?id=31072,Web収集: クリエート浜松 イベント; source_id=src_90563b02f75632f6; 説明生成=facts_only; ジオコーディング補完: 浜松市中央区早馬町2番地の1,文化施設イベント,中央区,,,,
221309,WEB1a00932bce,静岡県,浜松市,令和8年度 浜松文芸館講座 夏休み読書感想文講座,,,2026-08-03,2026-08-03,13:00,16:00,,「令和8年度 浜松文芸館講座 夏休み読書感想文講座」は2026-08-03に13:00から16:00に51会議室開催予定です。詳細は出典URLをご確認ください。,,,,053-453-5311 / FAX : 053-453-5379,,,51会議室,浜松市中央区早馬町2番地の1,,34.710644,137.73378,,,,,,,https://www.hcf.or.jp/facilities/create/event/detail.php?id=31070,Web収集: クリエート浜松 イベント; source_id=src_90563b02f75632f6; 説明生成=facts_only; ジオコーディング補完: 浜松市中央区早馬町2番地の1,文化施設イベント,中央区,,,,
221309,WEB6680b85356,静岡県,浜松市,やらまいかサロン,,,2026-08-04,2026-08-04,13:00,15:00,,「やらまいかサロン」は2026-08-04に13:00から15:00にふれあい広場開催予定です。料金は無料です。詳細は出典URLをご確認ください。,無料,,,053-464-2148,,,ふれあい広場,浜松市中央区早馬町2番地の1,,34.710644,137.73378,,,,,,,https://www.hcf.or.jp/facilities/create/event/detail.php?id=30636,Web収集: クリエート浜松 イベント; source_id=src_90563b02f75632f6; 説明生成=facts_only; ジオコーディング補完: 浜松市中央区早馬町2番地の1,文化施設イベント,中央区,,,,
221309,WEB03e246bbf3,静岡県,浜松市,第38回 書研展,,,2026-08-04,2026-08-09,10:00,18:00,,「第38回 書研展」は2026-08-04から2026-08-09に10:00から18:00にギャラリー31～34開催予定です。料金は無料です。詳細は出典URLをご確認ください。,無料,,,090-9259-3242,,,ギャラリー31～34,浜松市中央区早馬町2番地の1,,34.710644,137.73378,,,,,,,https://www.hcf.or.jp/facilities/create/event/detail.php?id=31165,Web収集: クリエート浜松 イベント; source_id=src_90563b02f75632f6; 説明生成=facts_only; ジオコーディング補完: 浜松市中央区早馬町2番地の1,文化施設イベント,中央区,,,,
221309,WEBf3f03d1206,静岡県,浜松市,浜松市中学校文化連盟絵画コンクール優秀作品展,,,2026-08-04,2026-08-09,09:00,18:00,,「浜松市中学校文化連盟絵画コンクール優秀作品展」は2026-08-04から2026-08-09に09:00から18:00にギャラリー35開催予定です。料金は無料です。詳細は出典URLをご確認ください。,無料,,,053-461-9737,,,ギャラリー35,浜松市中央区早馬町2番地の1,,34.710644,137.73378,,,,,,,https://www.hcf.or.jp/facilities/create/event/detail.php?id=31299,Web収集: クリエート浜松 イベント; source_id=src_90563b02f75632f6; 説明生成=facts_only; ジオコーディング補完: 浜松市中央区早馬町2番地の1,文化施設イベント,中央区,,,,
221309,WEB0f49ae51c4,静岡県,浜松市,令和8年度 浜松文芸館講座 くずし字解読入門講座,,,2026-08-05,2026-08-05,13:30,15:30,,「令和8年度 浜松文芸館講座 くずし字解読入門講座」は2026-08-05に13:30から15:30に51会議室開催予定です。詳細は出典URLをご確認ください。,,,,053-453-5311 / FAX : 053-453-5379,,,51会議室,浜松市中央区早馬町2番地の1,,34.710644,137.73378,,,,,,,https://www.hcf.or.jp/facilities/create/event/detail.php?id=30517,Web収集: クリエート浜松 イベント; source_id=src_90563b02f75632f6; 説明生成=facts_only; ジオコーディング補完: 浜松市中央区早馬町2番地の1,文化施設イベント,中央区,,,,
221309,WEBab1c4c3be0,静岡県,浜松市,令和8年度 浜松文芸館講座 夏休み読書感想文講座,,,2026-08-07,2026-08-07,13:00,16:00,,「令和8年度 浜松文芸館講座 夏休み読書感想文講座」は2026-08-07に13:00から16:00に51会議室開催予定です。詳細は出典URLをご確認ください。,,,,053-453-5311 / FAX : 053-453-5379,,,51会議室,浜松市中央区早馬町2番地の1,,34.710644,137.73378,,,,,,,https://www.hcf.or.jp/facilities/create/event/detail.php?id=31071,Web収集: クリエート浜松 イベント; source_id=src_90563b02f75632f6; 説明生成=facts_only; ジオコーディング補完: 浜松市中央区早馬町2番地の1,文化施設イベント,中央区,,,,
221309,WEB786d5fe87c,静岡県,浜松市,(公財)浜松市文化振興財団後援事業 ソナスアンサンブル演奏会,,,2026-08-08,2026-08-08,13:30,14:00,,「(公財)浜松市文化振興財団後援事業 ソナスアンサンブル演奏会」は2026-08-08に13:30から14:00に2階ホール開催予定です。詳細は出典URLをご確認ください。,,,,080-2610-4970,,,2階ホール,浜松市中央区早馬町2番地の1,,34.710644,137.73378,,,,,,,https://www.hcf.or.jp/facilities/create/event/detail.php?id=30846,Web収集: クリエート浜松 イベント; source_id=src_90563b02f75632f6; 説明生成=facts_only,文化施設イベント,中央区,,,,
221309,WEB45c2dfe3fd,静岡県,浜松市,ロシア料理をアリビーナ先生と食す集い おいしいロシアVol.5 夏のスイーツ,,,2026-08-09,2026-08-09,14:00,15:30,,「ロシア料理をアリビーナ先生と食す集い おいしいロシアVol.5 夏のスイーツ」は2026-08-09に14:00から15:30にクッキングルーム開催予定です。詳細は出典URLをご確認ください。,,,,090-8465-1896,,,クッキングルーム,浜松市中央区早馬町2番地の1,,34.710644,137.73378,,,,,,,https://www.hcf.or.jp/facilities/create/event/detail.php?id=31240,Web収集: クリエート浜松 イベント; source_id=src_90563b02f75632f6; 説明生成=facts_only; ジオコーディング補完: 浜松市中央区早馬町2番地の1,文化施設イベント,中央区,,,,
221309,WEBea8f26185d,静岡県,浜松市,令和8年度 浜松文芸館講座 朗読入門講座,,,2026-08-11,2026-08-11,09:30,11:30,,「令和8年度 浜松文芸館講座 朗読入門講座」は2026-08-11に09:30から11:30に51会議室開催予定です。詳細は出典URLをご確認ください。,,,,053-453-5311 / FAX : 053-453-5379,,,51会議室,浜松市中央区早馬町2番地の1,,34.710644,137.73378,,,,,,,https://www.hcf.or.jp/facilities/create/event/detail.php?id=30780,Web収集: クリエート浜松 イベント; source_id=src_90563b02f75632f6; 説明生成=facts_only; ジオコーディング補完: 浜松市中央区早馬町2番地の1,文化施設イベント,中央区,,,,
221309,WEB820a38d3ac,静岡県,浜松市,oiai美術展,,,2026-08-11,2026-08-16,10:00,19:00,,「oiai美術展」は2026-08-11から2026-08-16に10:00から19:00にギャラリー31開催予定です。料金は無料です。詳細は出典URLをご確認ください。,無料,,,090-1833-0144,,,ギャラリー31,浜松市中央区早馬町2番地の1,,34.710644,137.73378,,,,,,,https://www.hcf.or.jp/facilities/create/event/detail.php?id=31283,Web収集: クリエート浜松 イベント; source_id=src_90563b02f75632f6; 説明生成=facts_only; ジオコーディング補完: 浜松市中央区早馬町2番地の1,文化施設イベント,中央区,,,,
221309,WEB861cd3ffc6,静岡県,浜松市,第46回りふれなーと展,,,2026-08-11,2026-08-16,10:00,17:00,,「第46回りふれなーと展」は2026-08-11から2026-08-16に10:00から17:00にギャラリー35開催予定です。料金は無料です。詳細は出典URLをご確認ください。,無料,,,053-434-1487,,,ギャラリー35,浜松市中央区早馬町2番地の1,,34.710644,137.73378,,,,,,,https://www.hcf.or.jp/facilities/create/event/detail.php?id=31300,Web収集: クリエート浜松 イベント; source_id=src_90563b02f75632f6; 説明生成=facts_only; ジオコーディング補完: 浜松市中央区早馬町2番地の1,文化施設イベント,中央区,,,,
221309,WEB7558b6eea9,静岡県,浜松市,クリエート浜松 主催事業 ♫クリエイティブガラ♫ sola,,,2026-08-13,2026-08-13,10:00,12:00,,「クリエート浜松 主催事業 ♫クリエイティブガラ♫ sola」は2026-08-13に10:00から12:00にふれあい広場開催予定です。料金は無料です。詳細は出典URLをご確認ください。,無料,,,053-453-5311 / FAX : 053-453-5379,,,ふれあい広場,浜松市中央区早馬町2番地の1,,34.710644,137.73378,,,,,,,https://www.hcf.or.jp/facilities/create/event/detail.php?id=31221,Web収集: クリエート浜松 イベント; source_id=src_90563b02f75632f6; 説明生成=facts_only; ジオコーディング補完: 浜松市中央区早馬町2番地の1,文化施設イベント,中央区,,,,
221309,WEB0ba9694e91,静岡県,浜松市,みんなで楽しく歌おう！ うたのひだまり,,,2026-08-14,2026-08-14,10:00,10:00,,「みんなで楽しく歌おう！ うたのひだまり」は2026-08-14に10:00から10:00に創造活動室開催予定です。詳細は出典URLをご確認ください。,,,,090-8531-1177,,,創造活動室,浜松市中央区早馬町2番地の1,,34.710644,137.73378,,,,,,,https://www.hcf.or.jp/facilities/create/event/detail.php?id=31191,Web収集: クリエート浜松 イベント; source_id=src_90563b02f75632f6; 説明生成=facts_only; ジオコーディング補完: 浜松市中央区早馬町2番地の1,文化施設イベント,中央区,,,,
221309,WEB971dcfafd0,静岡県,浜松市,一度は聴きたいショパン名曲ツアー＋カンパネラ,,,2026-08-15,2026-08-15,14:00,14:20,,「一度は聴きたいショパン名曲ツアー＋カンパネラ」は2026-08-15に14:00から14:20に2階ホール開催予定です。詳細は出典URLをご確認ください。,,,,090-4500-7769,,,2階ホール,浜松市中央区早馬町2番地の1,,34.710644,137.73378,,,,,,,https://www.hcf.or.jp/facilities/create/event/detail.php?id=31142,Web収集: クリエート浜松 イベント; source_id=src_90563b02f75632f6; 説明生成=facts_only,文化施設イベント,中央区,,,,
221309,WEB0688f8b824,静岡県,浜松市,クリエート浜松 主催事業 ♫クリエイティブガラ♫ コンサート心音,,,2026-08-16,2026-08-16,10:00,12:00,,「クリエート浜松 主催事業 ♫クリエイティブガラ♫ コンサート心音」は2026-08-16に10:00から12:00にふれあい広場開催予定です。料金は無料です。詳細は出典URLをご確認ください。,無料,,,053-453-5311 / FAX : 053-453-5379,,,ふれあい広場,浜松市中央区早馬町2番地の1,,34.710644,137.73378,,,,,,,https://www.hcf.or.jp/facilities/create/event/detail.php?id=31185,Web収集: クリエート浜松 イベント; source_id=src_90563b02f75632f6; 説明生成=facts_only; ジオコーディング補完: 浜松市中央区早馬町2番地の1,文化施設イベント,中央区,,,,
221309,WEBbc00019991,静岡県,浜松市,令和8年度 浜松文芸館講座 朗読書講座,,,2026-08-18,2026-08-18,09:30,11:30,,「令和8年度 浜松文芸館講座 朗読書講座」は2026-08-18に09:30から11:30に51会議室開催予定です。詳細は出典URLをご確認ください。,,,,053-453-5311 / FAX : 053-453-5379,,,51会議室,浜松市中央区早馬町2番地の1,,34.710644,137.73378,,,,,,,https://www.hcf.or.jp/facilities/create/event/detail.php?id=30786,Web収集: クリエート浜松 イベント; source_id=src_90563b02f75632f6; 説明生成=facts_only; ジオコーディング補完: 浜松市中央区早馬町2番地の1,文化施設イベント,中央区,,,,
221309,WEBf703c7776f,静岡県,浜松市,令和8年度 浜松市アクトシティ音楽院 コミュニティコース ジャズ文化講座 第3回「1950年代：ハード・バップの黄金時代」,,,2026-08-21,2026-08-21,18:00,18:30,,「令和8年度 浜松市アクトシティ音楽院 コミュニティコース ジャズ文化講座 第3回「1950年代：ハード・バップの黄金時代」」は2026-08-21に18:00から18:30に2階ホール開催予定です。詳細は出典URLをご確認ください。,,,,053-451-1150 FAX 053-451-1123,,,2階ホール,浜松市中央区早馬町2番地の1,,34.710644,137.73378,,,,,,,https://www.hcf.or.jp/facilities/create/event/detail.php?id=31026,Web収集: クリエート浜松 イベント; source_id=src_90563b02f75632f6; 説明生成=facts_only,文化施設イベント,中央区,,,,
221309,WEBd3be0c4796,静岡県,浜松市,浜松市民文化フェスティバル2026ー展示部門ー 「絵・写・書・茶・花」展,,,2026-08-21,2026-08-23,10:00,16:00,,「浜松市民文化フェスティバル2026ー展示部門ー 「絵・写・書・茶・花」展」は2026-08-21から2026-08-23に10:00から16:00にギャラリー31～35開催予定です。料金は無料です。詳細は出典URLをご確認ください。,無料,,,053-453-5311 / FAX : 053-453-5379,,,ギャラリー31～35,浜松市中央区早馬町2番地の1,,34.710644,137.73378,,,,,,,https://www.hcf.or.jp/facilities/create/event/detail.php?id=31107,Web収集: クリエート浜松 イベント; source_id=src_90563b02f75632f6; 説明生成=facts_only; ジオコーディング補完: 浜松市中央区早馬町2番地の1,文化施設イベント,中央区,,,,
221309,WEBa9e0de9f7a,静岡県,浜松市,いっしょに静岡の自然を守りましょう,,,2026-08-22,2026-08-22,09:30,12:30,,「いっしょに静岡の自然を守りましょう」は2026-08-22に09:30から12:30に2階ホール開催予定です。詳細は出典URLをご確認ください。,,,,0539-86-0528,,,2階ホール,浜松市中央区早馬町2番地の1,,34.710644,137.73378,,,,,,,https://www.hcf.or.jp/facilities/create/event/detail.php?id=31298,Web収集: クリエート浜松 イベント; source_id=src_90563b02f75632f6; 説明生成=facts_only,文化施設イベント,中央区,,,,
221309,WEBa335c41e67,静岡県,浜松市,クリエートの夏まつり2026,,,2026-08-23,2026-08-23,10:00,16:00,,「クリエートの夏まつり2026」は2026-08-23に10:00から16:00にふれあい広場 / 2階ホール / アトリエ / 21講座室 / 22講座室開催予定です。料金は無料です。詳細は出典URLをご確認ください。,無料,,,053-453-5234,,,ふれあい広場 / 2階ホール / アトリエ / 21講座室 / 22講座室,浜松市中央区早馬町2番地の1,,34.710644,137.73378,,,,,,,https://www.hcf.or.jp/facilities/create/event/detail.php?id=31130,Web収集: クリエート浜松 イベント; source_id=src_90563b02f75632f6; 説明生成=facts_only,文化施設イベント,中央区,,,,
221309,WEB8da50775a9,静岡県,浜松市,スウェーデン合唱団Zero8浜松公演,,,2026-08-24,2026-08-24,18:00,18:30,,「スウェーデン合唱団Zero8浜松公演」は2026-08-24に18:00から18:30に2階ホール開催予定です。詳細は出典URLをご確認ください。,,,,090-9287-6683,,,2階ホール,浜松市中央区早馬町2番地の1,,34.710644,137.73378,,,,,,,https://www.hcf.or.jp/facilities/create/event/detail.php?id=31116,Web収集: クリエート浜松 イベント; source_id=src_90563b02f75632f6; 説明生成=facts_only,文化施設イベント,中央区,,,,
221309,WEB5090f6856c,静岡県,浜松市,第85回 創元展,,,2026-08-25,2026-08-30,09:30,17:00,,「第85回 創元展」は2026-08-25から2026-08-30に09:30から17:00にギャラリー31～34開催予定です。料金は無料です。詳細は出典URLをご確認ください。,無料,,,090-1721-4647,,,ギャラリー31～34,浜松市中央区早馬町2番地の1,,34.710644,137.73378,,,,,,,https://www.hcf.or.jp/facilities/create/event/detail.php?id=31166,Web収集: クリエート浜松 イベント; source_id=src_90563b02f75632f6; 説明生成=facts_only; ジオコーディング補完: 浜松市中央区早馬町2番地の1,文化施設イベント,中央区,,,,
221309,WEBbdad2a46d8,静岡県,浜松市,第43回スピカ展,,,2026-08-25,2026-08-30,10:00,17:00,,「第43回スピカ展」は2026-08-25から2026-08-30に10:00から17:00にギャラリー35開催予定です。料金は無料です。詳細は出典URLをご確認ください。,無料,,,090-5852-1386,,,ギャラリー35,浜松市中央区早馬町2番地の1,,34.710644,137.73378,,,,,,,https://www.hcf.or.jp/facilities/create/event/detail.php?id=31301,Web収集: クリエート浜松 イベント; source_id=src_90563b02f75632f6; 説明生成=facts_only; ジオコーディング補完: 浜松市中央区早馬町2番地の1,文化施設イベント,中央区,,,,
221309,WEBa67e0e3adf,静岡県,浜松市,クリエート浜松 主催事業 ♫クリエイティブガラ♫ Vox Fablosa,,,2026-08-25,2026-08-25,11:00,13:00,,「クリエート浜松 主催事業 ♫クリエイティブガラ♫ Vox Fablosa」は2026-08-25に11:00から13:00にふれあい広場開催予定です。料金は無料です。詳細は出典URLをご確認ください。,無料,,,053-453-5311 / FAX : 053-453-5379,,,ふれあい広場,浜松市中央区早馬町2番地の1,,34.710644,137.73378,,,,,,,https://www.hcf.or.jp/facilities/create/event/detail.php?id=31302,Web収集: クリエート浜松 イベント; source_id=src_90563b02f75632f6; 説明生成=facts_only; ジオコーディング補完: 浜松市中央区早馬町2番地の1,文化施設イベント,中央区,,,,
221309,WEB91f492e0c4,静岡県,浜松市,やらまいかサロン,,,2026-08-25,2026-08-25,13:00,15:00,,「やらまいかサロン」は2026-08-25に13:00から15:00にアトリエ開催予定です。料金は無料です。詳細は出典URLをご確認ください。,無料,,,053-464-2148,,,アトリエ,浜松市中央区早馬町2番地の1,,34.710644,137.73378,,,,,,,https://www.hcf.or.jp/facilities/create/event/detail.php?id=31303,Web収集: クリエート浜松 イベント; source_id=src_90563b02f75632f6; 説明生成=facts_only; ジオコーディング補完: 浜松市中央区早馬町2番地の1,文化施設イベント,中央区,,,,
221309,WEBc53e78fe19,静岡県,浜松市,令和8年度 浜松文芸館講座 『おくのほそ道』講座 最終回 山中温泉～大垣まで,,,2026-08-28,2026-08-28,13:30,15:30,,「令和8年度 浜松文芸館講座 『おくのほそ道』講座 最終回 山中温泉～大垣まで」は2026-08-28に13:30から15:30に53会議室開催予定です。詳細は出典URLをご確認ください。,,,,053-453-5311 / FAX : 053-453-5379,,,53会議室,浜松市中央区早馬町2番地の1,,34.710644,137.73378,,,,,,,https://www.hcf.or.jp/facilities/create/event/detail.php?id=30576,Web収集: クリエート浜松 イベント; source_id=src_90563b02f75632f6; 説明生成=facts_only; ジオコーディング補完: 浜松市中央区早馬町2番地の1,文化施設イベント,中央区,,,,
221309,WEBe0a17857fc,静岡県,浜松市,FCF古橋クロマチックハーモニカファミリーコンサート,,,2026-08-29,2026-08-29,12:30,13:00,,「FCF古橋クロマチックハーモニカファミリーコンサート」は2026-08-29に12:30から13:00にふれあい広場開催予定です。詳細は出典URLをご確認ください。,,,,090-6087-5523,,,ふれあい広場,浜松市中央区早馬町2番地の1,,34.710644,137.73378,,,,,,,https://www.hcf.or.jp/facilities/create/event/detail.php?id=30641,Web収集: クリエート浜松 イベント; source_id=src_90563b02f75632f6; 説明生成=facts_only; ジオコーディング補完: 浜松市中央区早馬町2番地の1,文化施設イベント,中央区,,,,
221309,WEBd7ebe19938,静岡県,浜松市,令和8年度 浜松文芸館講座 川柳入門講座 風刺やユーモアのセンスを磨こう！,,,2026-08-30,2026-08-30,09:30,11:30,,「令和8年度 浜松文芸館講座 川柳入門講座 風刺やユーモアのセンスを磨こう！」は2026-08-30に09:30から11:30に51会議室開催予定です。詳細は出典URLをご確認ください。,,,,053-453-5311 / FAX : 053-453-5379,,,51会議室,浜松市中央区早馬町2番地の1,,34.710644,137.73378,,,,,,,https://www.hcf.or.jp/facilities/create/event/detail.php?id=30582,Web収集: クリエート浜松 イベント; source_id=src_90563b02f75632f6; 説明生成=facts_only; ジオコーディング補完: 浜松市中央区早馬町2番地の1,文化施設イベント,中央区,,,,
221309,WEBc8889503b4,静岡県,浜松市,令和8年度 浜松文芸館講座 『源氏物語』講座 桐壺～若紫,,,2026-08-30,2026-08-30,13:30,15:30,,「令和8年度 浜松文芸館講座 『源氏物語』講座 桐壺～若紫」は2026-08-30に13:30から15:30に51会議室開催予定です。詳細は出典URLをご確認ください。,,,,053-453-5311 / FAX : 053-453-5379,,,51会議室,浜松市中央区早馬町2番地の1,,34.710644,137.73378,,,,,,,https://www.hcf.or.jp/facilities/create/event/detail.php?id=30587,Web収集: クリエート浜松 イベント; source_id=src_90563b02f75632f6; 説明生成=facts_only; ジオコーディング補完: 浜松市中央区早馬町2番地の1,文化施設イベント,中央区,,,,
221309,WEBf33950b2ab,静岡県,浜松市,第19回浜松木版画会作品展,,,2026-08-31,2026-09-06,10:00,11:00,,「第19回浜松木版画会作品展」は2026-08-31から2026-09-06に10:00から11:00にギャラリー32開催予定です。料金は無料です。詳細は出典URLをご確認ください。,無料,,,090-4867-4721,,,ギャラリー32,浜松市中央区早馬町2番地の1,,34.710644,137.73378,,,,,,,https://www.hcf.or.jp/facilities/create/event/detail.php?id=31110,Web収集: クリエート浜松 イベント; source_id=src_90563b02f75632f6; 説明生成=facts_only; ジオコーディング補完: 浜松市中央区早馬町2番地の1,文化施設イベント,中央区,,,,
221309,WEB784b042e2f,静岡県,浜松市,令和8年度 浜松文芸館講座 『万葉集』講座,,,2026-08-31,2026-08-31,09:30,11:30,,「令和8年度 浜松文芸館講座 『万葉集』講座」は2026-08-31に09:30から11:30に51会議室開催予定です。詳細は出典URLをご確認ください。,,,,053-453-5311 / FAX : 053-453-5379,,,51会議室,浜松市中央区早馬町2番地の1,,34.710644,137.73378,,,,,,,https://www.hcf.or.jp/facilities/create/event/detail.php?id=31159,Web収集: クリエート浜松 イベント; source_id=src_90563b02f75632f6; 説明生成=facts_only; ジオコーディング補完: 浜松市中央区早馬町2番地の1,文化施設イベント,中央区,,,,
221309,WEBf9861495ce,静岡県,浜松市,やらまいかサロン,,,2026-09-01,2026-09-01,13:00,15:00,,「やらまいかサロン」は2026-09-01に13:00から15:00にふれあい広場開催予定です。料金は無料です。詳細は出典URLをご確認ください。,無料,,,053-461-8975,,,ふれあい広場,浜松市中央区早馬町2番地の1,,34.710644,137.73378,,,,,,,https://www.hcf.or.jp/facilities/create/event/detail.php?id=30710,Web収集: クリエート浜松 イベント; source_id=src_90563b02f75632f6; 説明生成=facts_only; ジオコーディング補完: 浜松市中央区早馬町2番地の1,文化施設イベント,中央区,,,,
221309,WEB2e3193ceef,静岡県,浜松市,(公財)浜松市文化振興財団後援事業 第54回 県油彩西部展,,,2026-09-01,2026-09-06,10:00,17:00,,「(公財)浜松市文化振興財団後援事業 第54回 県油彩西部展」は2026-09-01から2026-09-06に10:00から17:00にギャラリー35開催予定です。料金は無料です。詳細は出典URLをご確認ください。,無料,,,053-586-5886,,,ギャラリー35,浜松市中央区早馬町2番地の1,,34.710644,137.73378,,,,,,,https://www.hcf.or.jp/facilities/create/event/detail.php?id=31214,Web収集: クリエート浜松 イベント; source_id=src_90563b02f75632f6; 説明生成=facts_only; ジオコーディング補完: 浜松市中央区早馬町2番地の1,文化施設イベント,中央区,,,,
221309,WEB5dae4a5eb6,静岡県,浜松市,令和8年度 浜松市アクトシティ音楽院 コミュニティコース ジャズ文化講座 第4回「1960～70年代：ポスト・バップからフュージョンの時代へ」,,,2026-09-04,2026-09-04,18:00,18:30,,「令和8年度 浜松市アクトシティ音楽院 コミュニティコース ジャズ文化講座 第4回「1960～70年代：ポスト・バップからフュージョンの時代へ」は2026-09-04に18:00から18:30に2階ホール開催予定です。詳細は出典URLをご確認ください。,,,,053-451-1150 FAX 053-451-1123,,,2階ホール,浜松市中央区早馬町2番地の1,,34.710644,137.73378,,,,,,,https://www.hcf.or.jp/facilities/create/event/detail.php?id=31027,Web収集: クリエート浜松 イベント; source_id=src_90563b02f75632f6; 説明生成=facts_only,文化施設イベント,中央区,,,,
221309,WEB5ba9cd914b,静岡県,浜松市,ギャッベ&ペルシャ絨毯販売会,,,2026-09-04,2026-09-06,10:00,18:00,,「ギャッベ&ペルシャ絨毯販売会」は2026-09-04から2026-09-06に10:00から18:00にギャラリー31開催予定です。料金は無料です。詳細は出典URLをご確認ください。,無料,,,080-9739-6661,,,ギャラリー31,浜松市中央区早馬町2番地の1,,34.710644,137.73378,,,,,,,https://www.hcf.or.jp/facilities/create/event/detail.php?id=31271,Web収集: クリエート浜松 イベント; source_id=src_90563b02f75632f6; 説明生成=facts_only; ジオコーディング補完: 浜松市中央区早馬町2番地の1,文化施設イベント,中央区,,,,
221309,WEB5a14d2204e,静岡県,浜松市,令和8年度 浜松文芸館講座 短歌入門講座,,,2026-09-05,2026-09-05,09:30,11:30,,「令和8年度 浜松文芸館講座 短歌入門講座」は2026-09-05に09:30から11:30に51会議室開催予定です。詳細は出典URLをご確認ください。,,,,053-453-5311 / FAX : 053-453-5379,,,51会議室,浜松市中央区早馬町2番地の1,,34.710644,137.73378,,,,,,,https://www.hcf.or.jp/facilities/create/event/detail.php?id=31147,Web収集: クリエート浜松 イベント; source_id=src_90563b02f75632f6; 説明生成=facts_only; ジオコーディング補完: 浜松市中央区早馬町2番地の1,文化施設イベント,中央区,,,,
221309,WEBb0e533a516,静岡県,浜松市,令和8年度 浜松文芸館講座 俳句入門講座Ⅲ秋,,,2026-09-05,2026-09-05,13:30,15:30,,「令和8年度 浜松文芸館講座 俳句入門講座Ⅲ秋」は2026-09-05に13:30から15:30に51会議室開催予定です。詳細は出典URLをご確認ください。,,,,053-453-5311 / FAX : 053-453-5379,,,51会議室,浜松市中央区早馬町2番地の1,,34.710644,137.73378,,,,,,,https://www.hcf.or.jp/facilities/create/event/detail.php?id=31152,Web収集: クリエート浜松 イベント; source_id=src_90563b02f75632f6; 説明生成=facts_only; ジオコーディング補完: 浜松市中央区早馬町2番地の1,文化施設イベント,中央区,,,,
221309,WEBdfffd81b1d,静岡県,浜松市,おとのまほう・ことばのまほう おとあそびVer.2,,,2026-09-05,2026-09-05,10:30,11:00,,「おとのまほう・ことばのまほう おとあそびVer.2」は2026-09-05に10:30から11:00に2階ホール開催予定です。詳細は出典URLをご確認ください。,,,,053-453-9900,,,2階ホール,浜松市中央区早馬町2番地の1,,34.710644,137.73378,,,,,,,https://www.hcf.or.jp/facilities/create/event/detail.php?id=31234,Web収集: クリエート浜松 イベント; source_id=src_90563b02f75632f6; 説明生成=facts_only,文化施設イベント,中央区,,,,
221309,WEB4f90632afc,静岡県,浜松市,ー情熱と哀愁の旋律ーBest of Astor Piazzolla,,,2026-09-05,2026-09-05,16:00,16:30,,「ー情熱と哀愁の旋律ーBest of Astor Piazzolla」は2026-09-05に16:00から16:30に2階ホール開催予定です。詳細は出典URLをご確認ください。,,,,053-453-9900,,,2階ホール,浜松市中央区早馬町2番地の1,,34.710644,137.73378,,,,,,,https://www.hcf.or.jp/facilities/create/event/detail.php?id=31264,Web収集: クリエート浜松 イベント; source_id=src_90563b02f75632f6; 説明生成=facts_only,文化施設イベント,中央区,,,,
221309,WEBd6bbecddbd,静岡県,浜松市,90分で広がるワインの世界（8/3(月）まで申込受付中） ワイン検定ブロンズクラス,,,2026-09-05,2026-09-05,14:00,14:20,,「90分で広がるワインの世界（8/3(月）まで申込受付中） ワイン検定ブロンズクラス」は2026-09-05に14:00から14:20に22講座室開催予定です。詳細は出典URLをご確認ください。,,,,053-453-5311 / FAX : 053-453-5379,,,22講座室,浜松市中央区早馬町2番地の1,,34.710644,137.73378,,,,,,,https://www.hcf.or.jp/facilities/create/event/detail.php?id=31265,Web収集: クリエート浜松 イベント; source_id=src_90563b02f75632f6; 説明生成=facts_only; ジオコーディング補完: 浜松市中央区早馬町2番地の1,文化施設イベント,中央区,,,,
221309,WEBf34e9c981f,静岡県,浜松市,令和8年度 浜松文芸館講座 秋の文章教室,,,2026-09-06,2026-09-06,13:30,15:30,,「令和8年度 浜松文芸館講座 秋の文章教室」は2026-09-06に13:30から15:30に51会議室開催予定です。詳細は出典URLをご確認ください。,,,,053-453-5311 / FAX : 053-453-5379,,,51会議室,浜松市中央区早馬町2番地の1,,34.710644,137.73378,,,,,,,https://www.hcf.or.jp/facilities/create/event/detail.php?id=31156,Web収集: クリエート浜松 イベント; source_id=src_90563b02f75632f6; 説明生成=facts_only; ジオコーディング補完: 浜松市中央区早馬町2番地の1,文化施設イベント,中央区,,,,
221309,WEB85575eb207,静岡県,浜松市,令和8年度 浜松文芸館講座 朗読入門講座,,,2026-09-08,2026-09-08,09:30,11:30,,「令和8年度 浜松文芸館講座 朗読入門講座」は2026-09-08に09:30から11:30に51会議室開催予定です。詳細は出典URLをご確認ください。,,,,053-453-5311 / FAX : 053-453-5379,,,51会議室,浜松市中央区早馬町2番地の1,,34.710644,137.73378,,,,,,,https://www.hcf.or.jp/facilities/create/event/detail.php?id=30781,Web収集: クリエート浜松 イベント; source_id=src_90563b02f75632f6; 説明生成=facts_only; ジオコーディング補完: 浜松市中央区早馬町2番地の1,文化施設イベント,中央区,,,,
221309,WEBd1ac24faa7,静岡県,浜松市,令和8年度 浜松文芸館講座 くずし字解読入門講座,,,2026-09-09,2026-09-09,13:30,15:30,,「令和8年度 浜松文芸館講座 くずし字解読入門講座」は2026-09-09に13:30から15:30に51会議室開催予定です。詳細は出典URLをご確認ください。,,,,053-453-5311 / FAX : 053-453-5379,,,51会議室,浜松市中央区早馬町2番地の1,,34.710644,137.73378,,,,,,,https://www.hcf.or.jp/facilities/create/event/detail.php?id=30518,Web収集: クリエート浜松 イベント; source_id=src_90563b02f75632f6; 説明生成=facts_only; ジオコーディング補完: 浜松市中央区早馬町2番地の1,文化施設イベント,中央区,,,,
221309,WEB656a5a6afb,静岡県,浜松市,令和8年度 浜松市アクトシティ音楽院 コミュニティコース ジャズ文化講座 第5回「1980年代から現代：ジャズの多様性と広がり」,,,2026-09-11,2026-09-11,18:00,18:30,,「令和8年度 浜松市アクトシティ音楽院 コミュニティコース ジャズ文化講座 第5回「1980年代から現代：ジャズの多様性と広がり」」は2026-09-11に18:00から18:30に2階ホール開催予定です。詳細は出典URLをご確認ください。,,,,053-451-1150 FAX 053-451-1123,,,2階ホール,浜松市中央区早馬町2番地の1,,34.710644,137.73378,,,,,,,https://www.hcf.or.jp/facilities/create/event/detail.php?id=31028,Web収集: クリエート浜松 イベント; source_id=src_90563b02f75632f6; 説明生成=facts_only,文化施設イベント,中央区,,,,
221309,WEBfb501a0233,静岡県,浜松市,みんなで楽しく歌おう！ うたのひだまり,,,2026-09-11,2026-09-11,10:00,10:00,,「みんなで楽しく歌おう！ うたのひだまり」は2026-09-11に10:00から10:00に創造活動室開催予定です。詳細は出典URLをご確認ください。,,,,090-8531-1177,,,創造活動室,浜松市中央区早馬町2番地の1,,34.710644,137.73378,,,,,,,https://www.hcf.or.jp/facilities/create/event/detail.php?id=31192,Web収集: クリエート浜松 イベント; source_id=src_90563b02f75632f6; 説明生成=facts_only; ジオコーディング補完: 浜松市中央区早馬町2番地の1,文化施設イベント,中央区,,,,
221309,WEB8a885fd5f9,静岡県,浜松市,令和8年度 浜松文芸館講座 俳句入門講座Ⅲ秋,,,2026-09-12,2026-09-12,13:30,15:30,,「令和8年度 浜松文芸館講座 俳句入門講座Ⅲ秋」は2026-09-12に13:30から15:30に51会議室開催予定です。詳細は出典URLをご確認ください。,,,,053-453-5311 / FAX : 053-453-5379,,,51会議室,浜松市中央区早馬町2番地の1,,34.710644,137.73378,,,,,,,https://www.hcf.or.jp/facilities/create/event/detail.php?id=31153,Web収集: クリエート浜松 イベント; source_id=src_90563b02f75632f6; 説明生成=facts_only; ジオコーディング補完: 浜松市中央区早馬町2番地の1,文化施設イベント,中央区,,,,
221309,WEB34add365cf,静岡県,浜松市,クラリネット四重奏Mois Presents 歌とダンスの遊園地,,,2026-09-12,2026-09-12,17:30,18:00,,「クラリネット四重奏Mois Presents 歌とダンスの遊園地」は2026-09-12に17:30から18:00に2階ホール開催予定です。詳細は出典URLをご確認ください。,,,,080-1174-2376,,,2階ホール,浜松市中央区早馬町2番地の1,,34.710644,137.73378,,,,,,,https://www.hcf.or.jp/facilities/create/event/detail.php?id=31263,Web収集: クリエート浜松 イベント; source_id=src_90563b02f75632f6; 説明生成=facts_only,文化施設イベント,中央区,,,,
221309,WEB9783430c70,静岡県,浜松市,令和8年度 浜松文芸館講座 『万葉集』講座,,,2026-09-14,2026-09-14,09:30,11:30,,「令和8年度 浜松文芸館講座 『万葉集』講座」は2026-09-14に09:30から11:30に51会議室開催予定です。詳細は出典URLをご確認ください。,,,,053-453-5311 / FAX : 053-453-5379,,,51会議室,浜松市中央区早馬町2番地の1,,34.710644,137.73378,,,,,,,https://www.hcf.or.jp/facilities/create/event/detail.php?id=31160,Web収集: クリエート浜松 イベント; source_id=src_90563b02f75632f6; 説明生成=facts_only; ジオコーディング補完: 浜松市中央区早馬町2番地の1,文化施設イベント,中央区,,,,
221309,WEB51c62ecfe5,静岡県,浜松市,令和8年度 浜松文芸館講座 朗読書講座,,,2026-09-15,2026-09-15,09:30,11:30,,「令和8年度 浜松文芸館講座 朗読書講座」は2026-09-15に09:30から11:30に51会議室開催予定です。詳細は出典URLをご確認ください。,,,,053-453-5311 / FAX : 053-453-5379,,,51会議室,浜松市中央区早馬町2番地の1,,34.710644,137.73378,,,,,,,https://www.hcf.or.jp/facilities/create/event/detail.php?id=30787,Web収集: クリエート浜松 イベント; source_id=src_90563b02f75632f6; 説明生成=facts_only; ジオコーディング補完: 浜松市中央区早馬町2番地の1,文化施設イベント,中央区,,,,
221309,WEB67afc88fa9,静岡県,浜松市,(公財)浜松市文化振興財団後援事業 浜松学芸高等学校芸術科美術コース・書道コース作品展,,,2026-09-15,2026-09-20,09:30,19:00,,「(公財)浜松市文化振興財団後援事業 浜松学芸高等学校芸術科美術コース・書道コース作品展」は2026-09-15から2026-09-20に09:30から19:00にギャラリー31～34開催予定です。料金は無料です。詳細は出典URLをご確認ください。,無料,,,053-471-5336,,,ギャラリー31～34,浜松市中央区早馬町2番地の1,,34.710644,137.73378,,,,,,,https://www.hcf.or.jp/facilities/create/event/detail.php?id=31085,Web収集: クリエート浜松 イベント; source_id=src_90563b02f75632f6; 説明生成=facts_only; ジオコーディング補完: 浜松市中央区早馬町2番地の1,文化施設イベント,中央区,,,,
221309,WEB905e5168e6,静岡県,浜松市,宅建士による空き家無料相談会,,,2026-09-16,2026-09-16,13:30,16:30,,「宅建士による空き家無料相談会」は2026-09-16に13:30から16:30に51会議室開催予定です。料金は無料です。詳細は出典URLをご確認ください。,無料,,,054-246-1511,,,51会議室,浜松市中央区早馬町2番地の1,,34.710644,137.73378,,,,,,,https://www.hcf.or.jp/facilities/create/event/detail.php?id=31195,Web収集: クリエート浜松 イベント; source_id=src_90563b02f75632f6; 説明生成=facts_only; ジオコーディング補完: 浜松市中央区早馬町2番地の1,文化施設イベント,中央区,,,,
221309,WEB2001794fd4,静岡県,浜松市,令和8年度 浜松文芸館講座 短歌入門講座,,,2026-09-19,2026-09-19,09:30,11:30,,「令和8年度 浜松文芸館講座 短歌入門講座」は2026-09-19に09:30から11:30に51会議室開催予定です。詳細は出典URLをご確認ください。,,,,053-453-5311 / FAX : 053-453-5379,,,51会議室,浜松市中央区早馬町2番地の1,,34.710644,137.73378,,,,,,,https://www.hcf.or.jp/facilities/create/event/detail.php?id=31148,Web収集: クリエート浜松 イベント; source_id=src_90563b02f75632f6; 説明生成=facts_only; ジオコーディング補完: 浜松市中央区早馬町2番地の1,文化施設イベント,中央区,,,,
221309,WEBdc33554292,静岡県,浜松市,令和8年度 浜松文芸館講座 俳句入門講座Ⅲ秋,,,2026-09-19,2026-09-19,13:30,15:30,,「令和8年度 浜松文芸館講座 俳句入門講座Ⅲ秋」は2026-09-19に13:30から15:30に51会議室開催予定です。詳細は出典URLをご確認ください。,,,,053-453-5311 / FAX : 053-453-5379,,,51会議室,浜松市中央区早馬町2番地の1,,34.710644,137.73378,,,,,,,https://www.hcf.or.jp/facilities/create/event/detail.php?id=31154,Web収集: クリエート浜松 イベント; source_id=src_90563b02f75632f6; 説明生成=facts_only; ジオコーディング補完: 浜松市中央区早馬町2番地の1,文化施設イベント,中央区,,,,
221309,WEB9c8fb7cd34,静岡県,浜松市,(公財)浜松市文化振興財団後援事業 ちいさな賢治祭in浜松2026,,,2026-09-20,2026-09-20,13:00,14:00,,「(公財)浜松市文化振興財団後援事業 ちいさな賢治祭in浜松2026」は2026-09-20に13:00から14:00にふれあい広場開催予定です。料金は無料です。詳細は出典URLをご確認ください。,無料,,,053-485-4563,,,ふれあい広場,浜松市中央区早馬町2番地の1,,34.710644,137.73378,,,,,,,https://www.hcf.or.jp/facilities/create/event/detail.php?id=31215,Web収集: クリエート浜松 イベント; source_id=src_90563b02f75632f6; 説明生成=facts_only; ジオコーディング補完: 浜松市中央区早馬町2番地の1,文化施設イベント,中央区,,,,
221309,WEB9d26ec6258,静岡県,浜松市,令和8年度 浜松文芸館講座 『万葉集』講座,,,2026-09-21,2026-09-21,09:30,11:30,,「令和8年度 浜松文芸館講座 『万葉集』講座」は2026-09-21に09:30から11:30に51会議室開催予定です。詳細は出典URLをご確認ください。,,,,053-453-5311 / FAX : 053-453-5379,,,51会議室,浜松市中央区早馬町2番地の1,,34.710644,137.73378,,,,,,,https://www.hcf.or.jp/facilities/create/event/detail.php?id=31161,Web収集: クリエート浜松 イベント; source_id=src_90563b02f75632f6; 説明生成=facts_only; ジオコーディング補完: 浜松市中央区早馬町2番地の1,文化施設イベント,中央区,,,,
221309,WEB575035a3ef,静岡県,浜松市,第20回英彩会絵画展,,,2026-09-21,2026-09-27,10:00,13:00,,「第20回英彩会絵画展」は2026-09-21から2026-09-27に10:00から13:00にギャラリー31開催予定です。料金は無料です。詳細は出典URLをご確認ください。,無料,,,090-3381-0598,,,ギャラリー31,浜松市中央区早馬町2番地の1,,34.710644,137.73378,,,,,,,https://www.hcf.or.jp/facilities/create/event/detail.php?id=31249,Web収集: クリエート浜松 イベント; source_id=src_90563b02f75632f6; 説明生成=facts_only; ジオコーディング補完: 浜松市中央区早馬町2番地の1,文化施設イベント,中央区,,,,
221309,WEB883cd60b7c,静岡県,浜松市,玉響 地芝居,,,2026-09-21,2026-09-27,09:00,12:00,,「玉響 地芝居」は2026-09-21から2026-09-27に09:00から12:00にギャラリー32開催予定です。料金は無料です。詳細は出典URLをご確認ください。,無料,,,080-9727-9696,,,ギャラリー32,浜松市中央区早馬町2番地の1,,34.710644,137.73378,,,,,,,https://www.hcf.or.jp/facilities/create/event/detail.php?id=31266,Web収集: クリエート浜松 イベント; source_id=src_90563b02f75632f6; 説明生成=facts_only; ジオコーディング補完: 浜松市中央区早馬町2番地の1,文化施設イベント,中央区,,,,
221309,WEBe667fdc8cf,静岡県,浜松市,プロレスリングヒートアップ,,,2026-09-21,2026-09-21,12:00,12:30,,「プロレスリングヒートアップ」は2026-09-21に12:00から12:30に2階ホール開催予定です。詳細は出典URLをご確認ください。,,,,044-712-4312,,,2階ホール,浜松市中央区早馬町2番地の1,,34.710644,137.73378,,,,,,,https://www.hcf.or.jp/facilities/create/event/detail.php?id=31296,Web収集: クリエート浜松 イベント; source_id=src_90563b02f75632f6; 説明生成=facts_only,文化施設イベント,中央区,,,,
221309,WEB198dd3c7c8,静岡県,浜松市,やらまいかサロン,,,2026-09-22,2026-09-22,13:00,15:00,,「やらまいかサロン」は2026-09-22に13:00から15:00に創造活動室開催予定です。料金は無料です。詳細は出典URLをご確認ください。,無料,,,053-461-8975,,,創造活動室,浜松市中央区早馬町2番地の1,,34.710644,137.73378,,,,,,,https://www.hcf.or.jp/facilities/create/event/detail.php?id=30711,Web収集: クリエート浜松 イベント; source_id=src_90563b02f75632f6; 説明生成=facts_only; ジオコーディング補完: 浜松市中央区早馬町2番地の1,文化施設イベント,中央区,,,,
221309,WEBbdd63a467e,静岡県,浜松市,令和8年度 浜松文芸館講座 『おくのほそ道』講座 最終回 山中温泉～大垣まで,,,2026-09-25,2026-09-25,13:30,15:30,,「令和8年度 浜松文芸館講座 『おくのほそ道』講座 最終回 山中温泉～大垣まで」は2026-09-25に13:30から15:30に53会議室開催予定です。詳細は出典URLをご確認ください。,,,,053-453-5311 / FAX : 053-453-5379,,,53会議室,浜松市中央区早馬町2番地の1,,34.710644,137.73378,,,,,,,https://www.hcf.or.jp/facilities/create/event/detail.php?id=30577,Web収集: クリエート浜松 イベント; source_id=src_90563b02f75632f6; 説明生成=facts_only; ジオコーディング補完: 浜松市中央区早馬町2番地の1,文化施設イベント,中央区,,,,
221309,WEBdde1ad8cf0,静岡県,浜松市,第37回 浜松CD&レコード・ショウ,,,2026-09-25,2026-09-27,09:00,14:00,,「第37回 浜松CD&レコード・ショウ」は2026-09-25から2026-09-27に09:00から14:00にふれあい広場開催予定です。料金は無料です。詳細は出典URLをご確認ください。,無料,,,0538-31-5777,,,ふれあい広場,浜松市中央区早馬町2番地の1,,34.710644,137.73378,,,,,,,https://www.hcf.or.jp/facilities/create/event/detail.php?id=31267,Web収集: クリエート浜松 イベント; source_id=src_90563b02f75632f6; 説明生成=facts_only; ジオコーディング補完: 浜松市中央区早馬町2番地の1,文化施設イベント,中央区,,,,
221309,WEB43c50f92e5,静岡県,浜松市,令和8年度 浜松文芸館講座 俳句入門講座Ⅲ秋,,,2026-09-26,2026-09-26,13:30,15:30,,「令和8年度 浜松文芸館講座 俳句入門講座Ⅲ秋」は2026-09-26に13:30から15:30に51会議室開催予定です。詳細は出典URLをご確認ください。,,,,053-453-5311 / FAX : 053-453-5379,,,51会議室,浜松市中央区早馬町2番地の1,,34.710644,137.73378,,,,,,,https://www.hcf.or.jp/facilities/create/event/detail.php?id=31155,Web収集: クリエート浜松 イベント; source_id=src_90563b02f75632f6; 説明生成=facts_only; ジオコーディング補完: 浜松市中央区早馬町2番地の1,文化施設イベント,中央区,,,,
221309,WEBbce0e46c8a,静岡県,浜松市,令和8年度 浜松文芸館講座 『源氏物語』講座 桐壺～若紫,,,2026-09-27,2026-09-27,13:30,15:30,,「令和8年度 浜松文芸館講座 『源氏物語』講座 桐壺～若紫」は2026-09-27に13:30から15:30に51会議室開催予定です。詳細は出典URLをご確認ください。,,,,053-453-5311 / FAX : 053-453-5379,,,51会議室,浜松市中央区早馬町2番地の1,,34.710644,137.73378,,,,,,,https://www.hcf.or.jp/facilities/create/event/detail.php?id=30588,Web収集: クリエート浜松 イベント; source_id=src_90563b02f75632f6; 説明生成=facts_only; ジオコーディング補完: 浜松市中央区早馬町2番地の1,文化施設イベント,中央区,,,,
221309,WEB68e52c6aea,静岡県,浜松市,内山正己絵画教室合同展,,,2026-09-28,2026-10-04,09:30,13:00,,「内山正己絵画教室合同展」は2026-09-28から2026-10-04に09:30から13:00にギャラリー31・32開催予定です。料金は無料です。詳細は出典URLをご確認ください。,無料,,,090-1981-1001,,,ギャラリー31・32,浜松市中央区早馬町2番地の1,,34.710644,137.73378,,,,,,,https://www.hcf.or.jp/facilities/create/event/detail.php?id=31281,Web収集: クリエート浜松 イベント; source_id=src_90563b02f75632f6; 説明生成=facts_only; ジオコーディング補完: 浜松市中央区早馬町2番地の1,文化施設イベント,中央区,,,,
221309,WEB18c2f4763d,静岡県,浜松市,令和8年度 浜松文芸館講座 短歌入門講座,,,2026-10-03,2026-10-03,09:30,11:30,,「令和8年度 浜松文芸館講座 短歌入門講座」は2026-10-03に09:30から11:30に51会議室開催予定です。詳細は出典URLをご確認ください。,,,,053-453-5311 / FAX : 053-453-5379,,,51会議室,浜松市中央区早馬町2番地の1,,34.710644,137.73378,,,,,,,https://www.hcf.or.jp/facilities/create/event/detail.php?id=31149,Web収集: クリエート浜松 イベント; source_id=src_90563b02f75632f6; 説明生成=facts_only; ジオコーディング補完: 浜松市中央区早馬町2番地の1,文化施設イベント,中央区,,,,
221309,WEB62b87ff68a,静岡県,浜松市,(公財)浜松市文化振興財団後援事業 佐藤陽輝テューバリサイタル,,,2026-10-03,2026-10-03,13:30,14:00,,「(公財)浜松市文化振興財団後援事業 佐藤陽輝テューバリサイタル」は2026-10-03に13:30から14:00に2階ホール開催予定です。詳細は出典URLをご確認ください。,,,,053-453-5311 / FAX : 053-453-5379,,,2階ホール,浜松市中央区早馬町2番地の1,,34.710644,137.73378,,,,,,,https://www.hcf.or.jp/facilities/create/event/detail.php?id=31167,Web収集: クリエート浜松 イベント; source_id=src_90563b02f75632f6; 説明生成=facts_only,文化施設イベント,中央区,,,,
221309,WEB96ea08ce05,静岡県,浜松市,令和8年度 浜松市アクトシティ音楽院 コミュニティコース こども音楽セミナー 洋楽教室,,,2026-10-04,2026-10-24,14:00,16:00,,「令和8年度 浜松市アクトシティ音楽院 コミュニティコース こども音楽セミナー 洋楽教室」は2026-10-04から2026-10-24に14:00から16:00にふれあい広場等開催予定です。料金は無料です。詳細は出典URLをご確認ください。,無料,,,053-451-1150 FAX：053-451-1123,,,ふれあい広場等,浜松市中央区早馬町2番地の1,,34.710644,137.73378,,,,,,,https://www.hcf.or.jp/facilities/create/event/detail.php?id=31244,Web収集: クリエート浜松 イベント; source_id=src_90563b02f75632f6; 説明生成=facts_only; ジオコーディング補完: 浜松市中央区早馬町2番地の1,文化施設イベント,中央区,,,,
221309,WEB978dbd487a,静岡県,浜松市,（公財）浜松市文化振興財団後援事業 〜木管六重奏 Wind Sextet Concert〜 アンサンブル・クレリエール 浜松公演,,,2026-10-10,2026-10-10,17:20,17:45,,「（公財）浜松市文化振興財団後援事業 〜木管六重奏 Wind Sextet Concert〜 アンサンブル・クレリエール 浜松公演」は2026-10-10に17:20から17:45に2階ホール開催予定です。詳細は出典URLをご確認ください。,,,,053-453-5311 / FAX : 053-453-5379,,,2階ホール,浜松市中央区早馬町2番地の1,,34.710644,137.73378,,,,,,,https://www.hcf.or.jp/facilities/create/event/detail.php?id=31297,Web収集: クリエート浜松 イベント; source_id=src_90563b02f75632f6; 説明生成=facts_only,文化施設イベント,中央区,,,,
221309,WEB252f2bc5ca,静岡県,浜松市,令和8年度 浜松文芸館講座 秋の文章教室,,,2026-10-11,2026-10-11,13:30,15:30,,「令和8年度 浜松文芸館講座 秋の文章教室」は2026-10-11に13:30から15:30に51会議室開催予定です。詳細は出典URLをご確認ください。,,,,053-453-5311 / FAX : 053-453-5379,,,51会議室,浜松市中央区早馬町2番地の1,,34.710644,137.73378,,,,,,,https://www.hcf.or.jp/facilities/create/event/detail.php?id=31157,Web収集: クリエート浜松 イベント; source_id=src_90563b02f75632f6; 説明生成=facts_only; ジオコーディング補完: 浜松市中央区早馬町2番地の1,文化施設イベント,中央区,,,,
221309,WEB6befbfc516,静岡県,浜松市,第4回和みコンサート,,,2026-10-11,2026-10-11,13:00,09:00,,「第4回和みコンサート」は2026-10-11に13:00から09:00にふれあい広場開催予定です。料金は無料です。詳細は出典URLをご確認ください。,無料,,,090-4850-2802,,,ふれあい広場,浜松市中央区早馬町2番地の1,,34.710644,137.73378,,,,,,,https://www.hcf.or.jp/facilities/create/event/detail.php?id=31230,Web収集: クリエート浜松 イベント; source_id=src_90563b02f75632f6; 説明生成=facts_only; ジオコーディング補完: 浜松市中央区早馬町2番地の1,文化施設イベント,中央区,,,,
221309,WEB20a5a63fee,静岡県,浜松市,令和8年度 浜松文芸館講座 『万葉集』講座,,,2026-10-12,2026-10-12,09:30,11:30,,「令和8年度 浜松文芸館講座 『万葉集』講座」は2026-10-12に09:30から11:30に51会議室開催予定です。詳細は出典URLをご確認ください。,,,,053-453-5311 / FAX : 053-453-5379,,,51会議室,浜松市中央区早馬町2番地の1,,34.710644,137.73378,,,,,,,https://www.hcf.or.jp/facilities/create/event/detail.php?id=31162,Web収集: クリエート浜松 イベント; source_id=src_90563b02f75632f6; 説明生成=facts_only; ジオコーディング補完: 浜松市中央区早馬町2番地の1,文化施設イベント,中央区,,,,
221309,WEB7bcbb9dda0,静岡県,浜松市,2026 秋の労美展,,,2026-10-12,2026-10-18,09:30,13:00,,「2026 秋の労美展」は2026-10-12から2026-10-18に09:30から13:00にギャラリー35開催予定です。料金は無料です。詳細は出典URLをご確認ください。,無料,,,090-4794-3993,,,ギャラリー35,浜松市中央区早馬町2番地の1,,34.710644,137.73378,,,,,,,https://www.hcf.or.jp/facilities/create/event/detail.php?id=31282,Web収集: クリエート浜松 イベント; source_id=src_90563b02f75632f6; 説明生成=facts_only; ジオコーディング補完: 浜松市中央区早馬町2番地の1,文化施設イベント,中央区,,,,
221309,WEB61713f2841,静岡県,浜松市,令和8年度 浜松文芸館講座 朗読入門講座,,,2026-10-13,2026-10-13,09:30,11:30,,「令和8年度 浜松文芸館講座 朗読入門講座」は2026-10-13に09:30から11:30に51会議室開催予定です。詳細は出典URLをご確認ください。,,,,053-453-5311 / FAX : 053-453-5379,,,51会議室,浜松市中央区早馬町2番地の1,,34.710644,137.73378,,,,,,,https://www.hcf.or.jp/facilities/create/event/detail.php?id=30782,Web収集: クリエート浜松 イベント; source_id=src_90563b02f75632f6; 説明生成=facts_only; ジオコーディング補完: 浜松市中央区早馬町2番地の1,文化施設イベント,中央区,,,,
221309,WEB7021ca4c64,静岡県,浜松市,令和8年度 浜松文芸館講座 『万葉集』講座,,,2026-10-19,2026-10-19,09:30,11:30,,「令和8年度 浜松文芸館講座 『万葉集』講座」は2026-10-19に09:30から11:30に51会議室開催予定です。詳細は出典URLをご確認ください。,,,,053-453-5311 / FAX : 053-453-5379,,,51会議室,浜松市中央区早馬町2番地の1,,34.710644,137.73378,,,,,,,https://www.hcf.or.jp/facilities/create/event/detail.php?id=31163,Web収集: クリエート浜松 イベント; source_id=src_90563b02f75632f6; 説明生成=facts_only; ジオコーディング補完: 浜松市中央区早馬町2番地の1,文化施設イベント,中央区,,,,
221309,WEBa95a473dbe,静岡県,浜松市,令和8年度 浜松文芸館講座 朗読書講座,,,2026-10-20,2026-10-20,09:30,11:30,,「令和8年度 浜松文芸館講座 朗読書講座」は2026-10-20に09:30から11:30に51会議室開催予定です。詳細は出典URLをご確認ください。,,,,053-453-5311 / FAX : 053-453-5379,,,51会議室,浜松市中央区早馬町2番地の1,,34.710644,137.73378,,,,,,,https://www.hcf.or.jp/facilities/create/event/detail.php?id=30788,Web収集: クリエート浜松 イベント; source_id=src_90563b02f75632f6; 説明生成=facts_only; ジオコーディング補完: 浜松市中央区早馬町2番地の1,文化施設イベント,中央区,,,,
221309,WEB7c72081cd1,静岡県,浜松市,宅建士による空き家無料相談会,,,2026-10-21,2026-10-21,13:30,16:30,,「宅建士による空き家無料相談会」は2026-10-21に13:30から16:30に51会議室開催予定です。料金は無料です。詳細は出典URLをご確認ください。,無料,,,054-246-1511,,,51会議室,浜松市中央区早馬町2番地の1,,34.710644,137.73378,,,,,,,https://www.hcf.or.jp/facilities/create/event/detail.php?id=31196,Web収集: クリエート浜松 イベント; source_id=src_90563b02f75632f6; 説明生成=facts_only; ジオコーディング補完: 浜松市中央区早馬町2番地の1,文化施設イベント,中央区,,,,
221309,WEBc512731ae4,静岡県,浜松市,令和8年度 浜松文芸館講座 短歌入門講座,,,2026-10-24,2026-10-24,09:30,11:30,,「令和8年度 浜松文芸館講座 短歌入門講座」は2026-10-24に09:30から11:30に51会議室開催予定です。詳細は出典URLをご確認ください。,,,,053-453-5311 / FAX : 053-453-5379,,,51会議室,浜松市中央区早馬町2番地の1,,34.710644,137.73378,,,,,,,https://www.hcf.or.jp/facilities/create/event/detail.php?id=31150,Web収集: クリエート浜松 イベント; source_id=src_90563b02f75632f6; 説明生成=facts_only; ジオコーディング補完: 浜松市中央区早馬町2番地の1,文化施設イベント,中央区,,,,
221309,WEB8ad19f70b7,静岡県,浜松市,令和8年度静岡県高等学校総合文化祭書道部門 第72回静岡県高等学校書道展,,,2026-10-27,2026-11-01,10:00,13:30,,「令和8年度静岡県高等学校総合文化祭書道部門 第72回静岡県高等学校書道展」は2026-10-27から2026-11-01に10:00から13:30にギャラリー31～35開催予定です。料金は無料です。詳細は出典URLをご確認ください。,無料,,,055-962-0345,,,ギャラリー31～35,浜松市中央区早馬町2番地の1,,34.710644,137.73378,,,,,,,https://www.hcf.or.jp/facilities/create/event/detail.php?id=30859,Web収集: クリエート浜松 イベント; source_id=src_90563b02f75632f6; 説明生成=facts_only; ジオコーディング補完: 浜松市中央区早馬町2番地の1,文化施設イベント,中央区,,,,
221309,WEB10a6a6e758,静岡県,浜松市,みんなで楽しく歌おう！ うたのひだまり,,,2026-10-27,2026-10-27,10:00,10:00,,「みんなで楽しく歌おう！ うたのひだまり」は2026-10-27に10:00から10:00に創造活動室開催予定です。詳細は出典URLをご確認ください。,,,,090-8531-1177,,,創造活動室,浜松市中央区早馬町2番地の1,,34.710644,137.73378,,,,,,,https://www.hcf.or.jp/facilities/create/event/detail.php?id=31193,Web収集: クリエート浜松 イベント; source_id=src_90563b02f75632f6; 説明生成=facts_only; ジオコーディング補完: 浜松市中央区早馬町2番地の1,文化施設イベント,中央区,,,,
221309,WEBe6508f9ad2,静岡県,浜松市,FCF古橋クロマチックハーモニカファミリーコンサート,,,2026-10-29,2026-10-29,12:30,13:00,,「FCF古橋クロマチックハーモニカファミリーコンサート」は2026-10-29に12:30から13:00にふれあい広場開催予定です。詳細は出典URLをご確認ください。,,,,090-6087-5523,,,ふれあい広場,浜松市中央区早馬町2番地の1,,34.710644,137.73378,,,,,,,https://www.hcf.or.jp/facilities/create/event/detail.php?id=30998,Web収集: クリエート浜松 イベント; source_id=src_90563b02f75632f6; 説明生成=facts_only; ジオコーディング補完: 浜松市中央区早馬町2番地の1,文化施設イベント,中央区,,,,
221309,WEB8e8c1fce86,静岡県,浜松市,令和8年度 浜松文芸館講座 短歌入門講座,,,2026-10-31,2026-10-31,09:30,11:30,,「令和8年度 浜松文芸館講座 短歌入門講座」は2026-10-31に09:30から11:30に51会議室開催予定です。詳細は出典URLをご確認ください。,,,,053-453-5311 / FAX : 053-453-5379,,,51会議室,浜松市中央区早馬町2番地の1,,34.710644,137.73378,,,,,,,https://www.hcf.or.jp/facilities/create/event/detail.php?id=31151,Web収集: クリエート浜松 イベント; source_id=src_90563b02f75632f6; 説明生成=facts_only; ジオコーディング補完: 浜松市中央区早馬町2番地の1,文化施設イベント,中央区,,,,
221309,WEB899b370cff,静岡県,浜松市,（公財）浜松市文化振興財団後援事業 Nクラリネットアカデミー第5回定期演奏会,,,2026-10-31,2026-10-31,17:00,17:30,,「（公財）浜松市文化振興財団後援事業 Nクラリネットアカデミー第5回定期演奏会」は2026-10-31に17:00から17:30に2階ホール開催予定です。詳細は出典URLをご確認ください。,,,,053-453-5311 / FAX : 053-453-5379,,,2階ホール,浜松市中央区早馬町2番地の1,,34.710644,137.73378,,,,,,,https://www.hcf.or.jp/facilities/create/event/detail.php?id=31295,Web収集: クリエート浜松 イベント; source_id=src_90563b02f75632f6; 説明生成=facts_only,文化施設イベント,中央区,,,,
221309,WEB43fac49f55,静岡県,浜松市,（公財）浜松市文化振興財団後援事業 浜松フォトフェスティバル,,,2026-11-02,2026-11-08,10:00,13:00,,「（公財）浜松市文化振興財団後援事業 浜松フォトフェスティバル」は2026-11-02から2026-11-08に10:00から13:00にギャラリー31開催予定です。料金は無料です。詳細は出典URLをご確認ください。,無料,,,080-5104-8261,,,ギャラリー31,浜松市中央区早馬町2番地の1,,34.710644,137.73378,,,,,,,https://www.hcf.or.jp/facilities/create/event/detail.php?id=31186,Web収集: クリエート浜松 イベント; source_id=src_90563b02f75632f6; 説明生成=facts_only; ジオコーディング補完: 浜松市中央区早馬町2番地の1,文化施設イベント,中央区,,,,
221309,WEBf512305553,静岡県,浜松市,2026年ブリッジビルダー育成講座「知って友達NIKKEI人～令和の日系人事情～」②ブラジルの日系人,,,2026-11-07,2026-11-07,17:45,18:00,,「2026年ブリッジビルダー育成講座「知って友達NIKKEI人～令和の日系人事情～」②ブラジルの日系人」は2026-11-07に17:45から18:00に2階ホール開催予定です。料金は無料です。詳細は出典URLをご確認ください。,無料,,,053-458-2170,,,2階ホール,浜松市中央区早馬町2番地の1,,34.710644,137.73378,,,,,,,https://www.hcf.or.jp/facilities/create/event/detail.php?id=31288,Web収集: クリエート浜松 イベント; source_id=src_90563b02f75632f6; 説明生成=facts_only,文化施設イベント,中央区,,,,
221309,WEB0dff96cd5c,静岡県,浜松市,令和8年度 浜松文芸館講座 秋の文章教室,,,2026-11-08,2026-11-08,13:30,15:30,,「令和8年度 浜松文芸館講座 秋の文章教室」は2026-11-08に13:30から15:30に53会議室開催予定です。詳細は出典URLをご確認ください。,,,,053-453-5311 / FAX : 053-453-5379,,,53会議室,浜松市中央区早馬町2番地の1,,34.710644,137.73378,,,,,,,https://www.hcf.or.jp/facilities/create/event/detail.php?id=31158,Web収集: クリエート浜松 イベント; source_id=src_90563b02f75632f6; 説明生成=facts_only; ジオコーディング補完: 浜松市中央区早馬町2番地の1,文化施設イベント,中央区,,,,
221309,WEB19ab504e04,静岡県,浜松市,第16回クレイメイト展：瀬川明子＆創作人形仲間展,,,2026-11-10,2026-11-15,10:00,16:00,,「第16回クレイメイト展：瀬川明子＆創作人形仲間展」は2026-11-10から2026-11-15に10:00から16:00にギャラリー35開催予定です。料金は無料です。詳細は出典URLをご確認ください。,無料,,,053-453-5311 / FAX : 053-453-5379,,,ギャラリー35,浜松市中央区早馬町2番地の1,,34.710644,137.73378,,,,,,,https://www.hcf.or.jp/facilities/create/event/detail.php?id=30739,Web収集: クリエート浜松 イベント; source_id=src_90563b02f75632f6; 説明生成=facts_only; ジオコーディング補完: 浜松市中央区早馬町2番地の1,文化施設イベント,中央区,,,,
221309,WEBc472112339,静岡県,浜松市,令和8年度 浜松文芸館講座 朗読入門講座,,,2026-11-10,2026-11-10,09:30,11:30,,「令和8年度 浜松文芸館講座 朗読入門講座」は2026-11-10に09:30から11:30に51会議室開催予定です。詳細は出典URLをご確認ください。,,,,053-453-5311 / FAX : 053-453-5379,,,51会議室,浜松市中央区早馬町2番地の1,,34.710644,137.73378,,,,,,,https://www.hcf.or.jp/facilities/create/event/detail.php?id=30783,Web収集: クリエート浜松 イベント; source_id=src_90563b02f75632f6; 説明生成=facts_only; ジオコーディング補完: 浜松市中央区早馬町2番地の1,文化施設イベント,中央区,,,,
221309,WEB742e70dba1,静岡県,浜松市,令和8年度 浜松文芸館講座 朗読書講座,,,2026-11-17,2026-11-17,09:30,11:30,,「令和8年度 浜松文芸館講座 朗読書講座」は2026-11-17に09:30から11:30に51会議室開催予定です。詳細は出典URLをご確認ください。,,,,053-453-5311 / FAX : 053-453-5379,,,51会議室,浜松市中央区早馬町2番地の1,,34.710644,137.73378,,,,,,,https://www.hcf.or.jp/facilities/create/event/detail.php?id=30789,Web収集: クリエート浜松 イベント; source_id=src_90563b02f75632f6; 説明生成=facts_only; ジオコーディング補完: 浜松市中央区早馬町2番地の1,文化施設イベント,中央区,,,,
221309,WEBf02b00f528,静岡県,浜松市,（公財）浜松市文化振興財団後援事業 第16回浜松市とスイス・ベルン市の子ども絵画交流展,,,2026-11-18,2026-11-22,10:00,17:00,,「（公財）浜松市文化振興財団後援事業 第16回浜松市とスイス・ベルン市の子ども絵画交流展」は2026-11-18から2026-11-22に10:00から17:00にギャラリー35開催予定です。料金は無料です。詳細は出典URLをご確認ください。,無料,,,053-437-7555(坪井）,,,ギャラリー35,浜松市中央区早馬町2番地の1,,34.710644,137.73378,,,,,,,https://www.hcf.or.jp/facilities/create/event/detail.php?id=30950,Web収集: クリエート浜松 イベント; source_id=src_90563b02f75632f6; 説明生成=facts_only; ジオコーディング補完: 浜松市中央区早馬町2番地の1,文化施設イベント,中央区,,,,
221309,WEB307f1b16a9,静岡県,浜松市,宅建士による空き家無料相談会,,,2026-11-18,2026-11-18,13:30,16:30,,「宅建士による空き家無料相談会」は2026-11-18に13:30から16:30に51会議室開催予定です。料金は無料です。詳細は出典URLをご確認ください。,無料,,,054-246-1511,,,51会議室,浜松市中央区早馬町2番地の1,,34.710644,137.73378,,,,,,,https://www.hcf.or.jp/facilities/create/event/detail.php?id=31197,Web収集: クリエート浜松 イベント; source_id=src_90563b02f75632f6; 説明生成=facts_only; ジオコーディング補完: 浜松市中央区早馬町2番地の1,文化施設イベント,中央区,,,,
221309,WEBb03738ef6d,静岡県,浜松市,(公財)浜松市文化振興財団後援事業 劇団からっかぜ通算第293回秋公演「煙が目にしみる」,,,2026-11-22,2026-11-22,11:00,15:00,,「(公財)浜松市文化振興財団後援事業 劇団からっかぜ通算第293回秋公演「煙が目にしみる」」は2026-11-22に11:00から15:00に2階ホール開催予定です。詳細は出典URLをご確認ください。,,,,053-453-2927(坂田),,,2階ホール,浜松市中央区早馬町2番地の1,,34.710644,137.73378,,,,,,,https://www.hcf.or.jp/facilities/create/event/detail.php?id=31048,Web収集: クリエート浜松 イベント; source_id=src_90563b02f75632f6; 説明生成=facts_only,文化施設イベント,中央区,,,,
221309,WEB075fb20e8b,静岡県,浜松市,宅建士による空き家無料相談会,,,2026-12-16,2026-12-16,13:30,16:30,,「宅建士による空き家無料相談会」は2026-12-16に13:30から16:30に51会議室開催予定です。料金は無料です。詳細は出典URLをご確認ください。,無料,,,054-246-1511,,,51会議室,浜松市中央区早馬町2番地の1,,34.710644,137.73378,,,,,,,https://www.hcf.or.jp/facilities/create/event/detail.php?id=31198,Web収集: クリエート浜松 イベント; source_id=src_90563b02f75632f6; 説明生成=facts_only; ジオコーディング補完: 浜松市中央区早馬町2番地の1,文化施設イベント,中央区,,,,
221309,WEB4b1d0d7e2a,静岡県,浜松市,FCF古橋クロマチックハーモニカファミリーコンサート,,,2026-12-27,2026-12-27,12:30,13:00,,「FCF古橋クロマチックハーモニカファミリーコンサート」は2026-12-27に12:30から13:00にふれあい広場開催予定です。詳細は出典URLをご確認ください。,,,,090-6087-5523,,,ふれあい広場,浜松市中央区早馬町2番地の1,,34.710644,137.73378,,,,,,,https://www.hcf.or.jp/facilities/create/event/detail.php?id=31115,Web収集: クリエート浜松 イベント; source_id=src_90563b02f75632f6; 説明生成=facts_only; ジオコーディング補完: 浜松市中央区早馬町2番地の1,文化施設イベント,中央区,,,,
221309,WEB3b03ff5382,静岡県,浜松市,小栗豊個展,,,2027-04-18,2027-04-25,10:00,12:00,,「小栗豊個展」は2027-04-18から2027-04-25に10:00から12:00にギャラリー33開催予定です。料金は無料です。詳細は出典URLをご確認ください。,無料,,,053-474-1759,,,ギャラリー33,浜松市中央区早馬町2番地の1,,34.710644,137.73378,,,,,,,https://www.hcf.or.jp/facilities/create/event/detail.php?id=30864,Web収集: クリエート浜松 イベント; source_id=src_90563b02f75632f6; 説明生成=facts_only; ジオコーディング補完: 浜松市中央区早馬町2番地の1,文化施設イベント,中央区,,,,
221309,WEB140abd629d,静岡県,浜松市,アトリエYOU・杉友会作品展,,,2027-04-21,2027-04-25,10:00,17:00,,「アトリエYOU・杉友会作品展」は2027-04-21から2027-04-25に10:00から17:00にギャラリー31開催予定です。料金は無料です。詳細は出典URLをご確認ください。,無料,,,090-2139-1450,,,ギャラリー31,浜松市中央区早馬町2番地の1,,34.710644,137.73378,,,,,,,https://www.hcf.or.jp/facilities/create/event/detail.php?id=30939,Web収集: クリエート浜松 イベント; source_id=src_90563b02f75632f6; 説明生成=facts_only; ジオコーディング補完: 浜松市中央区早馬町2番地の1,文化施設イベント,中央区,,,,
221309,WEB6b17ce214a,静岡県,浜松市,第64回全日本写真連盟浜松支部写真展,,,2027-06-23,2027-06-27,10:00,17:00,,「第64回全日本写真連盟浜松支部写真展」は2027-06-23から2027-06-27に10:00から17:00にギャラリー35開催予定です。料金は無料です。詳細は出典URLをご確認ください。,無料,,,090-6580-6578,,,ギャラリー35,浜松市中央区早馬町2番地の1,,34.710644,137.73378,,,,,,,https://www.hcf.or.jp/facilities/create/event/detail.php?id=31132,Web収集: クリエート浜松 イベント; source_id=src_90563b02f75632f6; 説明生成=facts_only; ジオコーディング補完: 浜松市中央区早馬町2番地の1,文化施設イベント,中央区,,,,
221309,WEB714f6b0362,静岡県,浜松市,浜名高校演劇部 夏公演 「消えたヒナタ」,,,2026-07-29,2026-07-29,18:00,19:00,,「浜名高校演劇部 夏公演 「消えたヒナタ」」は2026-07-29に18:00から19:00に浜松市浜北文化センター開催予定です。詳細は出典URLをご確認ください。,,,,,,,浜松市浜北文化センター,静岡県浜松市浜名区貴布祢291-1,,34.794357,137.783096,,,,,,,https://www.hcf.or.jp/facilities/hkb/calendar/?ym=202607,Web収集: 浜松市浜北文化センター イベント; source_id=src_456b07e6665f63e6; 説明生成=facts_only,文化施設イベント,浜名区,,,,
221309,WEB951e7dbd07,静岡県,浜松市,シソンヌライブ［quinze］,,,2026-07-31,2026-07-31,19:00,20:30,,「シソンヌライブ［quinze］」は2026-07-31に19:00から20:30に浜松市浜北文化センター開催予定です。詳細は出典URLをご確認ください。,,,,,,,浜松市浜北文化センター,静岡県浜松市浜名区貴布祢291-1,,34.794357,137.783096,,,,,,,https://www.hcf.or.jp/facilities/hkb/calendar/?ym=202607,Web収集: 浜松市浜北文化センター イベント; source_id=src_456b07e6665f63e6; 説明生成=facts_only,文化施設イベント,浜名区,,,,
221309,WEB62f1f283a5,静岡県,浜松市,浜松市高齢者就労支援事業「シニア向け個別就職相談会」,,,2026-07-31,2026-07-31,09:30,16:30,,「浜松市高齢者就労支援事業「シニア向け個別就職相談会」」は2026-07-31に09:30から16:30に浜松市浜北文化センター開催予定です。詳細は出典URLをご確認ください。,,,,,,,浜松市浜北文化センター,静岡県浜松市浜名区貴布祢291-1,,34.794357,137.783096,,,,,,,https://www.hcf.or.jp/facilities/hkb/calendar/?ym=202607,Web収集: 浜松市浜北文化センター イベント; source_id=src_456b07e6665f63e6; 説明生成=facts_only; ジオコーディング補完: 静岡県浜松市浜名区貴布祢291-1,文化施設イベント,浜名区,,,,
221309,WEB1ca39657c8,静岡県,浜松市,浜北西高校演劇部 夏公演,,,2026-08-06,2026-08-06,18:00,19:40,,「浜北西高校演劇部 夏公演」は2026-08-06に18:00から19:40に浜松市浜北文化センター開催予定です。詳細は出典URLをご確認ください。,,,,,,,浜松市浜北文化センター,静岡県浜松市浜名区貴布祢291-1,,34.794357,137.783096,,,,,,,https://www.hcf.or.jp/facilities/hkb/calendar/?ym=202608,Web収集: 浜松市浜北文化センター イベント; source_id=src_456b07e6665f63e6; 説明生成=facts_only,文化施設イベント,浜名区,,,,
221309,WEBf2b980271d,静岡県,浜松市,夏休み企画！！,,,2026-08-07,2026-08-07,09:00,16:00,,「夏休み企画！！」は2026-08-07に09:00から16:00に浜松市浜北文化センター開催予定です。詳細は出典URLをご確認ください。,,,,,,,浜松市浜北文化センター,静岡県浜松市浜名区貴布祢291-1,,34.794357,137.783096,,,,,,,https://www.hcf.or.jp/facilities/hkb/calendar/?ym=202608,Web収集: 浜松市浜北文化センター イベント; source_id=src_456b07e6665f63e6; 説明生成=facts_only; ジオコーディング補完: 静岡県浜松市浜名区貴布祢291-1,文化施設イベント,浜名区,,,,
221309,WEB616bce03b3,静岡県,浜松市,それいけ！アンパンマン ミュージカル 「まもれ！黄金の炎」,,,2026-08-11,2026-08-11,11:30,13:00,,「それいけ！アンパンマン ミュージカル 「まもれ！黄金の炎」」は2026-08-11に11:30から13:00に浜松市浜北文化センター開催予定です。詳細は出典URLをご確認ください。,,,,,,,浜松市浜北文化センター,静岡県浜松市浜名区貴布祢291-1,,34.794357,137.783096,,,,,,,https://www.hcf.or.jp/facilities/hkb/calendar/?ym=202608,Web収集: 浜松市浜北文化センター イベント; source_id=src_456b07e6665f63e6; 説明生成=facts_only,文化施設イベント,浜名区,,,,
221309,WEB26e6261607,静岡県,浜松市,夏休みバックステージツアー,,,2026-08-14,2026-08-14,,,,「夏休みバックステージツアー」は2026-08-14に浜松市浜北文化センター開催予定です。詳細は出典URLをご確認ください。,,,,,,,浜松市浜北文化センター,静岡県浜松市浜名区貴布祢291-1,,34.794357,137.783096,,,,,,,https://www.hcf.or.jp/facilities/hkb/calendar/?ym=202608,Web収集: 浜松市浜北文化センター イベント; source_id=src_456b07e6665f63e6; 説明生成=facts_only,文化施設イベント,浜名区,,,,
221309,WEBeb506284a1,静岡県,浜松市,リアル恐竜ショー「恐竜パーク」,,,2026-08-15,2026-08-15,12:00,,,「リアル恐竜ショー「恐竜パーク」」は2026-08-15に12:00に浜松市浜北文化センター開催予定です。詳細は出典URLをご確認ください。,,,,,,,浜松市浜北文化センター,静岡県浜松市浜名区貴布祢291-1,,34.794357,137.783096,,,,,,,https://www.hcf.or.jp/facilities/hkb/calendar/?ym=202608,Web収集: 浜松市浜北文化センター イベント; source_id=src_456b07e6665f63e6; 説明生成=facts_only,文化施設イベント,浜名区,,,,
221309,WEB154b4e4a54,静岡県,浜松市,妊婦さんとお母さんのためのゆるやかコンサート,,,2026-09-03,2026-09-03,10:30,11:20,,「妊婦さんとお母さんのためのゆるやかコンサート」は2026-09-03に10:30から11:20に浜松市浜北文化センター開催予定です。詳細は出典URLをご確認ください。,,,,,,,浜松市浜北文化センター,静岡県浜松市浜名区貴布祢291-1,,34.794357,137.783096,,,,,,,https://www.hcf.or.jp/facilities/hkb/calendar/?ym=202609,Web収集: 浜松市浜北文化センター イベント; source_id=src_456b07e6665f63e6; 説明生成=facts_only,文化施設イベント,浜名区,,,,
221309,WEB4c07c37bdd,静岡県,浜松市,スコーレ家庭教育セミナー 保育園、幼稚園、学校に「行きたくない」と言ったとき～信じて待ってあげられますか？～,,,2026-09-10,2026-09-10,10:00,11:30,,「スコーレ家庭教育セミナー 保育園、幼稚園、学校に「行きたくない」と言ったとき～信じて待ってあげられますか？～」は2026-09-10に10:00から11:30に浜松市浜北文化センター開催予定です。詳細は出典URLをご確認ください。,,,,,,,浜松市浜北文化センター,静岡県浜松市浜名区貴布祢291-1,,34.794357,137.783096,,,,,,,https://www.hcf.or.jp/facilities/hkb/calendar/?ym=202609,Web収集: 浜松市浜北文化センター イベント; source_id=src_456b07e6665f63e6; 説明生成=facts_only; ジオコーディング補完: 静岡県浜松市浜名区貴布祢291-1,文化施設イベント,浜名区,,,,
221309,WEB885e9211dc,静岡県,浜松市,浜松いのちの電話開局４０周年記念式典・講演会,,,2026-09-19,2026-09-19,13:30,17:00,,「浜松いのちの電話開局４０周年記念式典・講演会」は2026-09-19に13:30から17:00に浜松市浜北文化センター開催予定です。詳細は出典URLをご確認ください。,,,,,,,浜松市浜北文化センター,静岡県浜松市浜名区貴布祢291-1,,34.794357,137.783096,,,,,,,https://www.hcf.or.jp/facilities/hkb/calendar/?ym=202609,Web収集: 浜松市浜北文化センター イベント; source_id=src_456b07e6665f63e6; 説明生成=facts_only,文化施設イベント,浜名区,,,,
221309,WEB5e18dec63b,静岡県,浜松市,塚田真司ソロコンサートVol.2 Malia,,,2026-09-20,2026-09-20,13:30,,,「塚田真司ソロコンサートVol.2 Malia」は2026-09-20に13:30に浜松市浜北文化センター開催予定です。詳細は出典URLをご確認ください。,,,,,,,浜松市浜北文化センター,静岡県浜松市浜名区貴布祢291-1,,34.794357,137.783096,,,,,,,https://www.hcf.or.jp/facilities/hkb/calendar/?ym=202609,Web収集: 浜松市浜北文化センター イベント; source_id=src_456b07e6665f63e6; 説明生成=facts_only,文化施設イベント,浜名区,,,,
221309,WEB67de6976ae,静岡県,浜松市,オータムコンサート2026 ～どこかで聴いた！華麗なる名曲たち～,,,2026-09-20,2026-09-20,14:00,,,「オータムコンサート2026 ～どこかで聴いた！華麗なる名曲たち～」は2026-09-20に14:00に浜松市浜北文化センター開催予定です。詳細は出典URLをご確認ください。,,,,,,,浜松市浜北文化センター,静岡県浜松市浜名区貴布祢291-1,,34.794357,137.783096,,,,,,,https://www.hcf.or.jp/facilities/hkb/calendar/?ym=202609,Web収集: 浜松市浜北文化センター イベント; source_id=src_456b07e6665f63e6; 説明生成=facts_only,文化施設イベント,浜名区,,,,
221309,WEB83140bb160,静岡県,浜松市,0歳から楽しむ！わくわくオーケストラコンサート in 浜松,,,2026-09-23,2026-09-23,11:00,,,「0歳から楽しむ！わくわくオーケストラコンサート in 浜松」は2026-09-23に11:00に浜松市浜北文化センター開催予定です。詳細は出典URLをご確認ください。,,,,,,,浜松市浜北文化センター,静岡県浜松市浜名区貴布祢291-1,,34.794357,137.783096,,,,,,,https://www.hcf.or.jp/facilities/hkb/calendar/?ym=202609,Web収集: 浜松市浜北文化センター イベント; source_id=src_456b07e6665f63e6; 説明生成=facts_only,文化施設イベント,浜名区,,,,
221309,WEB2bc2239b99,静岡県,浜松市,日本舞踊 秋の演遊会,,,2026-09-26,2026-09-26,12:30,16:00,,「日本舞踊 秋の演遊会」は2026-09-26に12:30から16:00に浜松市浜北文化センター開催予定です。詳細は出典URLをご確認ください。,,,,,,,浜松市浜北文化センター,静岡県浜松市浜名区貴布祢291-1,,34.794357,137.783096,,,,,,,https://www.hcf.or.jp/facilities/hkb/calendar/?ym=202609,Web収集: 浜松市浜北文化センター イベント; source_id=src_456b07e6665f63e6; 説明生成=facts_only,文化施設イベント,浜名区,,,,
221309,WEBc332caf9e8,静岡県,浜松市,浜松マンドリンオーケストラ 第51回定期演奏会,,,2026-10-04,2026-10-04,13:30,16:00,,「浜松マンドリンオーケストラ 第51回定期演奏会」は2026-10-04に13:30から16:00に浜松市浜北文化センター開催予定です。詳細は出典URLをご確認ください。,,,,,,,浜松市浜北文化センター,静岡県浜松市浜名区貴布祢291-1,,34.794357,137.783096,,,,,,,https://www.hcf.or.jp/facilities/hkb/calendar/?ym=202610,Web収集: 浜松市浜北文化センター イベント; source_id=src_456b07e6665f63e6; 説明生成=facts_only,文化施設イベント,浜名区,,,,
221309,WEB17e9a8ec73,静岡県,浜松市,第40回浜北寄席 柳家喬太郎 春風亭一之輔 二人会,,,2026-10-10,2026-10-10,14:00,,,「第40回浜北寄席 柳家喬太郎 春風亭一之輔 二人会」は2026-10-10に14:00に浜松市浜北文化センター開催予定です。詳細は出典URLをご確認ください。,,,,,,,浜松市浜北文化センター,静岡県浜松市浜名区貴布祢291-1,,34.794357,137.783096,,,,,,,https://www.hcf.or.jp/facilities/hkb/calendar/?ym=202610,Web収集: 浜松市浜北文化センター イベント; source_id=src_456b07e6665f63e6; 説明生成=facts_only,文化施設イベント,浜名区,,,,
221309,WEBf83e31e2c4,静岡県,浜松市,第72回浜松市芸術祭 人形劇公演,,,2026-10-11,2026-10-11,13:30,15:00,,「第72回浜松市芸術祭 人形劇公演」は2026-10-11に13:30から15:00に浜松市浜北文化センター開催予定です。詳細は出典URLをご確認ください。,,,,,,,浜松市浜北文化センター,静岡県浜松市浜名区貴布祢291-1,,34.794357,137.783096,,,,,,,https://www.hcf.or.jp/facilities/hkb/calendar/?ym=202610,Web収集: 浜松市浜北文化センター イベント; source_id=src_456b07e6665f63e6; 説明生成=facts_only,文化施設イベント,浜名区,,,,
221309,WEBe581d669a8,静岡県,浜松市,親子でなりきり 劇あそび ～おはなしの世界で遊ぼう～,,,2026-10-17,2026-10-17,10:00,10:40,,「親子でなりきり 劇あそび ～おはなしの世界で遊ぼう～」は2026-10-17に10:00から10:40に浜松市浜北文化センター開催予定です。詳細は出典URLをご確認ください。,,,,,,,浜松市浜北文化センター,静岡県浜松市浜名区貴布祢291-1,,34.794357,137.783096,,,,,,,https://www.hcf.or.jp/facilities/hkb/calendar/?ym=202610,Web収集: 浜松市浜北文化センター イベント; source_id=src_456b07e6665f63e6; 説明生成=facts_only; ジオコーディング補完: 静岡県浜松市浜名区貴布祢291-1,文化施設イベント,浜名区,,,,
221309,WEBffca48774c,静岡県,浜松市,とび込め！ 今しかできない劇づくり ～中学生のための演劇ワークショップ～,,,2026-10-17,2026-10-17,14:00,17:00,,「とび込め！ 今しかできない劇づくり ～中学生のための演劇ワークショップ～」は2026-10-17に14:00から17:00に浜松市浜北文化センター開催予定です。詳細は出典URLをご確認ください。,,,,,,,浜松市浜北文化センター,静岡県浜松市浜名区貴布祢291-1,,34.794357,137.783096,,,,,,,https://www.hcf.or.jp/facilities/hkb/calendar/?ym=202610,Web収集: 浜松市浜北文化センター イベント; source_id=src_456b07e6665f63e6; 説明生成=facts_only; ジオコーディング補完: 静岡県浜松市浜名区貴布祢291-1,文化施設イベント,浜名区,,,,
221309,WEB8d22755add,静岡県,浜松市,浜北モデラーズクラブ設立20周年記念展示会 「浜北模型美術館」,,,2026-10-24,2026-10-24,10:00,17:00,,「浜北モデラーズクラブ設立20周年記念展示会 「浜北模型美術館」」は2026-10-24に10:00から17:00に浜松市浜北文化センター開催予定です。詳細は出典URLをご確認ください。,,,,,,,浜松市浜北文化センター,静岡県浜松市浜名区貴布祢291-1,,34.794357,137.783096,,,,,,,https://www.hcf.or.jp/facilities/hkb/calendar/?ym=202610,Web収集: 浜松市浜北文化センター イベント; source_id=src_456b07e6665f63e6; 説明生成=facts_only,文化施設イベント,浜名区,,,,
221309,WEB27e1e14c95,静岡県,浜松市,浜松市立三方原中学校吹奏楽部 第13回定期演奏会,,,2026-11-07,2026-11-07,14:00,16:00,,「浜松市立三方原中学校吹奏楽部 第13回定期演奏会」は2026-11-07に14:00から16:00に浜松市浜北文化センター開催予定です。詳細は出典URLをご確認ください。,,,,,,,浜松市浜北文化センター,静岡県浜松市浜名区貴布祢291-1,,34.794357,137.783096,,,,,,,https://www.hcf.or.jp/facilities/hkb/calendar/?ym=202611,Web収集: 浜松市浜北文化センター イベント; source_id=src_456b07e6665f63e6; 説明生成=facts_only,文化施設イベント,浜名区,,,,
221309,WEB1dfee82d4a,静岡県,浜松市,明治大学マンドリン倶楽部 浜松公演,,,2026-11-08,2026-11-08,15:30,,,「明治大学マンドリン倶楽部 浜松公演」は2026-11-08に15:30に浜松市浜北文化センター開催予定です。詳細は出典URLをご確認ください。,,,,,,,浜松市浜北文化センター,静岡県浜松市浜名区貴布祢291-1,,34.794357,137.783096,,,,,,,https://www.hcf.or.jp/facilities/hkb/calendar/?ym=202611,Web収集: 浜松市浜北文化センター イベント; source_id=src_456b07e6665f63e6; 説明生成=facts_only,文化施設イベント,浜名区,,,,
221309,WEBc5958bb092,静岡県,浜松市,浜松スイングバンド６３周年コンサート HAMAMATSU SWING BAND,,,2026-12-06,2026-12-06,13:30,,,「浜松スイングバンド６３周年コンサート HAMAMATSU SWING BAND」は2026-12-06に13:30に浜松市浜北文化センター開催予定です。詳細は出典URLをご確認ください。,,,,,,,浜松市浜北文化センター,静岡県浜松市浜名区貴布祢291-1,,34.794357,137.783096,,,,,,,https://www.hcf.or.jp/facilities/hkb/calendar/?ym=202612,Web収集: 浜松市浜北文化センター イベント; source_id=src_456b07e6665f63e6; 説明生成=facts_only,文化施設イベント,浜名区,,,,
221309,WEBf7cf6ecd5e,静岡県,浜松市,浜松文芸館出張講座 おくのほそ道-その出会いと別れ-（全6回）第六期,,,2026-04-22,2026-09-30,13:00,13:30,,「浜松文芸館出張講座 おくのほそ道-その出会いと別れ-（全6回）第六期」は2026-04-22から2026-09-30に13:00から13:30に浜松市天竜壬生ホール 会議室開催予定です。詳細は出典URLをご確認ください。,,,,/ 053-922-3301 FAX / 053-922-3300 開館時間 / 9：00 ～ 21：30 休館日 / 12月29日 ～ 翌年1月3日,,,浜松市天竜壬生ホール 会議室,浜松市天竜区二俣町二俣20-2,,34.858032,137.815903,,,,,,,https://www.hcf.or.jp/facilities/mibu/event/detail.php?id=30620,Web収集: 浜松市天竜壬生ホール イベント; source_id=src_a673b457eea31efc; 説明生成=facts_only,文化施設イベント,浜松市天竜区,,,,
221309,WEBc041d03590,静岡県,浜松市,映画上映 映画 国宝,,,2026-08-02,2026-08-02,10:00,10:30,,「映画上映 映画 国宝」は2026-08-02に10:00から10:30に浜松市天竜壬生ホール開催予定です。詳細は出典URLをご確認ください。,,,,/ 053-922-3301 FAX / 053-922-3300 開館時間 / 9：00 ～ 21：30 休館日 / 12月29日 ～ 翌年1月3日,,,浜松市天竜壬生ホール,浜松市天竜区二俣町二俣20-2,,34.858032,137.815903,,,,,,,https://www.hcf.or.jp/facilities/mibu/event/detail.php?id=31225,Web収集: 浜松市天竜壬生ホール イベント; source_id=src_a673b457eea31efc; 説明生成=facts_only,文化施設イベント,浜松市天竜区,,,,
221309,WEBffddbef3cc,静岡県,浜松市,映画上映 映画 劇場版チェンソーマン レゼ篇,,,2026-08-02,2026-08-02,14:00,14:30,,「映画上映 映画 劇場版チェンソーマン レゼ篇」は2026-08-02に14:00から14:30に浜松市天竜壬生ホール開催予定です。詳細は出典URLをご確認ください。,,,,/ 053-922-3301 FAX / 053-922-3300 開館時間 / 9：00 ～ 21：30 休館日 / 12月29日 ～ 翌年1月3日,,,浜松市天竜壬生ホール,浜松市天竜区二俣町二俣20-2,,34.858032,137.815903,,,,,,,https://www.hcf.or.jp/facilities/mibu/event/detail.php?id=31226,Web収集: 浜松市天竜壬生ホール イベント; source_id=src_a673b457eea31efc; 説明生成=facts_only,文化施設イベント,浜松市天竜区,,,,
221309,WEB2efab8949c,静岡県,浜松市,(公財)浜松市文化振興財団後援事業 木村友梨香・佐藤元洋・中村淑美ピアノコンサートVOL.4 アンコール公演in浜松,,,2026-08-21,2026-08-21,18:15,19:00,,「(公財)浜松市文化振興財団後援事業 木村友梨香・佐藤元洋・中村淑美ピアノコンサートVOL.4 アンコール公演in浜松」は2026-08-21に18:15から19:00に浜松市天竜壬生ホール開催予定です。詳細は出典URLをご確認ください。,,,,/ 053-922-3301 FAX / 053-922-3300 開館時間 / 9：00 ～ 21：30 休館日 / 12月29日 ～ 翌年1月3日,,,浜松市天竜壬生ホール,浜松市天竜区二俣町二俣20-2,,34.858032,137.815903,,,,,,,https://www.hcf.or.jp/facilities/mibu/event/detail.php?id=31227,Web収集: 浜松市天竜壬生ホール イベント; source_id=src_a673b457eea31efc; 説明生成=facts_only,文化施設イベント,浜松市天竜区,,,,
221309,WEBc7b68fd3be,静岡県,浜松市,第3回天竜オカリナフェスティバル,,,2026-09-20,2026-09-20,09:30,10:00,,「第3回天竜オカリナフェスティバル」は2026-09-20に09:30から10:00に浜松市天竜壬生ホール開催予定です。料金は無料です。詳細は出典URLをご確認ください。,無料,,,/ 053-922-3301 FAX / 053-922-3300 開館時間 / 9：00 ～ 21：30 休館日 / 12月29日 ～ 翌年1月3日,,,浜松市天竜壬生ホール,浜松市天竜区二俣町二俣20-2,,34.858032,137.815903,,,,,,,https://www.hcf.or.jp/facilities/mibu/event/detail.php?id=31052,Web収集: 浜松市天竜壬生ホール イベント; source_id=src_a673b457eea31efc; 説明生成=facts_only,文化施設イベント,浜松市天竜区,,,,
221309,WEB460512c61b,静岡県,浜松市,第3回天竜オカリナフェスティバル スペシャルゲストコンサート 宗次郎 オカリーナの森・心象スケッチ,,,2026-09-20,2026-09-20,17:00,17:30,,「第3回天竜オカリナフェスティバル スペシャルゲストコンサート 宗次郎 オカリーナの森・心象スケッチ」は2026-09-20に17:00から17:30に浜松市天竜壬生ホール開催予定です。詳細は出典URLをご確認ください。,,,,/ 053-922-3301 FAX / 053-922-3300 開館時間 / 9：00 ～ 21：30 休館日 / 12月29日 ～ 翌年1月3日,,,浜松市天竜壬生ホール,浜松市天竜区二俣町二俣20-2,,34.858032,137.815903,,,,,,,https://www.hcf.or.jp/facilities/mibu/event/detail.php?id=31053,Web収集: 浜松市天竜壬生ホール イベント; source_id=src_a673b457eea31efc; 説明生成=facts_only,文化施設イベント,浜松市天竜区,,,,
221309,WEB0dec32ab31,静岡県,浜松市,(公財)浜松市文化振興財団後援事業 オ－タムコンサートin天竜,,,2026-10-04,2026-10-04,13:30,14:00,,「(公財)浜松市文化振興財団後援事業 オ－タムコンサートin天竜」は2026-10-04に13:30から14:00に浜松市天竜壬生ホール開催予定です。詳細は出典URLをご確認ください。,,,,090-8531-1177(小山),,,浜松市天竜壬生ホール,浜松市天竜区二俣町二俣20-2,,34.858032,137.815903,,,,,,,https://www.hcf.or.jp/facilities/mibu/event/detail.php?id=31131,Web収集: 浜松市天竜壬生ホール イベント; source_id=src_a673b457eea31efc; 説明生成=facts_only,文化施設イベント,浜松市天竜区,,,,
221309,WEBd4b5072c91,静岡県,浜松市,第１９回 シニアクラブ浜松市大会,,,2026-07-24,2026-07-24,12:30,13:00,,「第１９回 シニアクラブ浜松市大会」は2026-07-24に12:30から13:00に浜松市福祉交流センター開催予定です。詳細は出典URLをご確認ください。,,,浜松市福祉交流センター,,,,浜松市福祉交流センター,浜松市中央区成子町140番地の8,,34.705228,137.730166,,,,,,,https://www.h-fukushikoryu.jp/2026/06/04/%e7%ac%ac%ef%bc%91%ef%bc%99%e5%9b%9e-%e3%82%b7%e3%83%8b%e3%82%a2%e3%82%af%e3%83%a9%e3%83%96%e6%b5%9c%e6%9d%be%e5%b8%82%e5%a4%a7%e4%bc%9a/,Web収集: 浜松市福祉交流センター イベント; source_id=src_d608ca03304960a4; 説明生成=facts_only,文化施設イベント,中央区,,,,
221309,WEB865abaaff3,静岡県,浜松市,KENJIRO YAMASHITA TALK TOUR 2026 “TRIP”,,,2026-07-27,2026-07-27,14:00,14:30,,「KENJIRO YAMASHITA TALK TOUR 2026 “TRIP”」は2026-07-27に14:00から14:30に浜松市福祉交流センター開催予定です。詳細は出典URLをご確認ください。,,,サンデーフォークプロモーション静岡,054-284-9999,,,浜松市福祉交流センター,浜松市中央区成子町140番地の8,,34.705228,137.730166,,,,,,,https://www.h-fukushikoryu.jp/2026/06/04/kenjiro-yamashita-talk-tour-2026-trip/,Web収集: 浜松市福祉交流センター イベント; source_id=src_d608ca03304960a4; 説明生成=facts_only,トークツアー,中央区,,,,
221309,WEB7d9db3c0d6,静岡県,浜松市,ホールでグランドピアノを弾こう！ ～私だけの演奏会・夏～,,,2026-08-01,2026-08-01,10:00,,,「ホールでグランドピアノを弾こう！ ～私だけの演奏会・夏～」は2026-08-01に10:00に浜松市福祉交流センター開催予定です。詳細は出典URLをご確認ください。,,,浜松市福祉交流センター,053-452-3131,,浜松市福祉交流センター,浜松市福祉交流センター,浜松市中央区成子町140番地の8,,34.705228,137.730166,,,,2026-07-12,,,https://www.h-fukushikoryu.jp/2026/06/10/%e3%83%9b%e3%83%bc%e3%83%ab%e3%81%a7%e3%82%b0%e3%83%a9%e3%83%b3%e3%83%89%e3%83%94%e3%82%a2%e3%83%8e%e3%82%92%e5%bc%be%e3%81%93%e3%81%86%ef%bc%81%e3%80%80%ef%bd%9e%e7%a7%81%e3%81%a0%e3%81%91%e3%81%ae-2/,Web収集: 浜松市福祉交流センター イベント; source_id=src_d608ca03304960a4; 説明生成=facts_only,コンサート・演奏会,中央区,,,,
221309,WEBdfc2b397c8,静岡県,浜松市,浜松演劇鑑賞会 俳優座劇場 「聖なる炎」,,,2026-08-08,2026-08-08,18:00,13:00,,「浜松演劇鑑賞会 俳優座劇場 「聖なる炎」」は2026-08-08に18:00から13:00に浜松市福祉交流センター開催予定です。詳細は出典URLをご確認ください。,,,演劇鑑賞会,,,浜松演劇鑑賞会,浜松市福祉交流センター,浜松市中央区成子町140番地の8,,34.705228,137.730166,,,,,,,https://www.h-fukushikoryu.jp/2026/07/02/%e6%b5%9c%e6%9d%be%e6%bc%94%e5%8a%87%e9%91%91%e8%b3%9e%e4%bc%9a%e3%80%80%e4%bf%b3%e5%84%aa%e5%ba%a7%e5%8a%87%e5%a0%b4%e3%80%80%e3%80%8c%e8%81%96%e3%81%aa%e3%82%8b%e7%82%8e%e3%80%8d/,Web収集: 浜松市福祉交流センター イベント; source_id=src_d608ca03304960a4; 説明生成=facts_only,演劇,中央区,,,,
221309,WEB912c0fd424,静岡県,浜松市,杉山清貴 acoustic solo tour 2026,,,2026-08-15,2026-08-15,13:30,14:00,,「杉山清貴 acoustic solo tour 2026」は2026-08-15に13:30から14:00に浜松市福祉交流センター開催予定です。詳細は出典URLをご確認ください。,,,浜松市福祉交流センター,,,,浜松市福祉交流センター,浜松市中央区成子町140番地の8,,34.705228,137.730166,,,,,,,https://www.h-fukushikoryu.jp/2026/07/02/%e6%9d%89%e5%b1%b1%e6%b8%85%e8%b2%b4-acoustic-solo-tour-2026/,Web収集: 浜松市福祉交流センター イベント; source_id=src_d608ca03304960a4; 説明生成=facts_only,コンサート,中央区,,,,
221309,WEBe2596b0334,静岡県,浜松市,日本エデュテイメント協会 スーパーサイエンスマジックショー,,,2026-08-16,2026-08-16,10:30,14:00,,「日本エデュテイメント協会 スーパーサイエンスマジックショー」は2026-08-16に10:30から14:00に浜松市福祉交流センター開催予定です。詳細は出典URLをご確認ください。,,,浜松市福祉交流センター,,,日本エデュテイメント協会,浜松市福祉交流センター,浜松市中央区成子町140番地の8,,34.705228,137.730166,,,,,,,https://www.h-fukushikoryu.jp/2026/07/02/%e6%97%a5%e6%9c%ac%e3%82%a8%e3%83%87%e3%83%a5%e3%83%86%e3%82%a4%e3%83%a1%e3%83%b3%e3%83%88%e5%8d%94%e4%bc%9a-%e3%82%b9%e3%83%bc%e3%83%91%e3%83%bc%e3%82%b5%e3%82%a4%e3%82%a8%e3%83%b3%e3%82%b9%e3%83%9e/,Web収集: 浜松市福祉交流センター イベント; source_id=src_d608ca03304960a4; 説明生成=facts_only,文化施設イベント,中央区,,,,
221309,WEBad31cf9b52,静岡県,浜松市,佐藤典子同門会 遠江舞語り,,,2026-08-20,2026-08-20,17:30,18:00,,「佐藤典子同門会 遠江舞語り」は2026-08-20に17:30から18:00に浜松市福祉交流センター開催予定です。詳細は出典URLをご確認ください。,,,,,,佐藤典子同門会,浜松市福祉交流センター,浜松市中央区成子町140番地の8,,34.705228,137.730166,,,,,,,https://www.h-fukushikoryu.jp/2026/07/02/%e4%bd%90%e8%97%a4%e5%85%b8%e5%ad%90%e5%90%8c%e9%96%80%e4%bc%9a-%e9%81%a0%e6%b1%9f%e8%88%9e%e8%aa%9e%e3%82%8a/,Web収集: 浜松市福祉交流センター イベント; source_id=src_d608ca03304960a4; 説明生成=facts_only,演劇・舞踊,中央区,,,,
221309,WEBa1b2845f00,静岡県,浜松市,松風ミュージカル２１ 定期公演第会 「満天の星」,,,2026-08-23,2026-08-23,13:00,13:30,,「松風ミュージカル２１ 定期公演第会 「満天の星」」は2026-08-23に13:00から13:30に浜松市福祉交流センター開催予定です。詳細は出典URLをご確認ください。,,,浜松市福祉交流センター,,,松風ミュージカル２１,浜松市福祉交流センター,浜松市中央区成子町140番地の8,,34.705228,137.730166,,,,,,,https://www.h-fukushikoryu.jp/2026/07/02/%e6%9d%be%e9%a2%a8%e3%83%9f%e3%83%a5%e3%83%bc%e3%82%b8%e3%82%ab%e3%83%ab%ef%bc%92%ef%bc%91-%e5%ae%9a%e6%9c%9f%e5%85%ac%e6%bc%94%e7%ac%ac%e4%bc%9a-%e3%80%8c%e6%ba%80%e5%a4%a9%e3%81%ae%e6%98%9f%e3%80%8d/,Web収集: 浜松市福祉交流センター イベント; source_id=src_d608ca03304960a4; 説明生成=facts_only,ミュージカル,中央区,,,,
221309,WEBeac9702565,静岡県,浜松市,はままつ保育士会 研修会,,,2026-08-29,2026-08-29,13:00,13:30,,「はままつ保育士会 研修会」は2026-08-29に13:00から13:30に浜松市福祉交流センター開催予定です。詳細は出典URLをご確認ください。,,,浜松市福祉交流センター,,,はままつ保育士会,浜松市福祉交流センター,浜松市中央区成子町140番地の8,,34.705228,137.730166,,,,,,,https://www.h-fukushikoryu.jp/2026/07/02/%e3%81%af%e3%81%be%e3%81%be%e3%81%a4%e4%bf%9d%e8%82%b2%e5%a3%ab%e4%bc%9a%e3%80%80%e7%a0%94%e4%bf%ae%e4%bc%9a/,Web収集: 浜松市福祉交流センター イベント; source_id=src_d608ca03304960a4; 説明生成=facts_only,研修会,中央区,,,,
221309,WEB92e980cc46,静岡県,浜松市,第184回定期演奏会,,,2026-10-07,2026-10-07,18:30,19:00,,「第184回定期演奏会」は2026-10-07に18:30から19:00に浜松市福祉交流センター開催予定です。料金は無料です。詳細は出典URLをご確認ください。,無料,,浜松市福祉総務課,053-457-2326,,浜松市,浜松市福祉交流センター,浜松市中央区成子町140番地の8,,34.700146,137.728134,,,,,,,https://www.h-fukushikoryu.jp/2026/05/21/%e7%ac%ac184%e5%9b%9e%e5%ae%9a%e6%9c%9f%e6%bc%94%e5%a5%8f%e4%bc%9a/,Web収集: 浜松市福祉交流センター イベント; source_id=src_d608ca03304960a4; 説明生成=facts_only,コンサート,中央区,,,,
221309,WEB0c5bce4a77,静岡県,浜松市,クリスマスコンサート’26,,,2026-12-17,2026-12-17,18:30,19:00,,「クリスマスコンサート’26」は2026-12-17に18:30から19:00に浜松市福祉交流センター開催予定です。詳細は出典URLをご確認ください。,,,浜松市福祉交流センター,,,,浜松市福祉交流センター,浜松市中央区成子町140番地の8,,34.700146,137.728134,,,,,,,https://www.h-fukushikoryu.jp/2026/05/21/%e3%82%af%e3%83%aa%e3%82%b9%e3%83%9e%e3%82%b9%e3%82%b3%e3%83%b3%e3%82%b5%e3%83%bc%e3%83%8826/,Web収集: 浜松市福祉交流センター イベント; source_id=src_d608ca03304960a4; 説明生成=facts_only,コンサート,中央区,,,,
221309,WEBcc854c25ec,静岡県,浜松市,はまかるNEO(財団法人浜松市文化振興財団 Hamamatsu Cultural Foundation),,,2026-09-05,2026-10-03,09:30,11:30,,「はまかるNEO(財団法人浜松市文化振興財団 Hamamatsu Cultural Foundation)」は2026-09-05から2026-10-03に09:30から11:30に浜松文芸館開催予定です。詳細は出典URLをご確認ください。,,,,053-453-3933,,,浜松文芸館,浜松市中央区早馬町2-1 クリエート浜松4階・5階,,34.710644,137.73378,,,,,,,https://www.hcf.or.jp/facilities/bungei_news/2026/07/post-176.php,Web収集: 浜松文芸館 講座・イベント; source_id=src_0ae59b8809bd7888; 説明生成=facts_only; ジオコーディング補完: 浜松市中央区早馬町2-1 クリエート浜松4階・5階,文化施設イベント,中央区,,,,
221309,WEBddceabaabc,静岡県,浜松市,はまかるNEO(財団法人浜松市文化振興財団 Hamamatsu Cultural Foundation),,,2026-09-06,2026-11-08,13:30,15:30,,「はまかるNEO(財団法人浜松市文化振興財団 Hamamatsu Cultural Foundation)」は2026-09-06から2026-11-08に13:30から15:30に浜松文芸館開催予定です。詳細は出典URLをご確認ください。,,,,053-453-3933,,,浜松文芸館,浜松市中央区早馬町2-1 クリエート浜松4階・5階,,34.710644,137.73378,,,,,,,https://www.hcf.or.jp/facilities/bungei_news/2026/07/post-175.php,Web収集: 浜松文芸館 講座・イベント; source_id=src_0ae59b8809bd7888; 説明生成=facts_only; ジオコーディング補完: 浜松市中央区早馬町2-1 クリエート浜松4階・5階,文化施設イベント,中央区,,,,
221309,WEBd5cf5dafb2,静岡県,浜松市,はまかるNEO(財団法人浜松市文化振興財団 Hamamatsu Cultural Foundation),,,2026-08-31,2026-10-12,09:30,11:30,,「はまかるNEO(財団法人浜松市文化振興財団 Hamamatsu Cultural Foundation)」は2026-08-31から2026-10-12に09:30から11:30に浜松文芸館開催予定です。詳細は出典URLをご確認ください。,,,,053-453-3933,,,浜松文芸館,浜松市中央区早馬町2-1 クリエート浜松4階・5階,,34.710644,137.73378,,,,,,,https://www.hcf.or.jp/facilities/bungei_news/2026/07/post-174.php,Web収集: 浜松文芸館 講座・イベント; source_id=src_0ae59b8809bd7888; 説明生成=facts_only; ジオコーディング補完: 浜松市中央区早馬町2-1 クリエート浜松4階・5階,文化施設イベント,中央区,,,,
221309,WEB481219deeb,静岡県,浜松市,はまかるNEO(財団法人浜松市文化振興財団 Hamamatsu Cultural Foundation),,,2026-09-05,2026-09-05,13:30,15:30,,「はまかるNEO(財団法人浜松市文化振興財団 Hamamatsu Cultural Foundation)」は2026-09-05に13:30から15:30に浜松文芸館開催予定です。詳細は出典URLをご確認ください。,,,,053-453-3933,,,浜松文芸館,浜松市中央区早馬町2-1 クリエート浜松4階・5階,,34.710644,137.73378,,,,,,,https://www.hcf.or.jp/facilities/bungei_news/2026/07/post-173.php,Web収集: 浜松文芸館 講座・イベント; source_id=src_0ae59b8809bd7888; 説明生成=facts_only; ジオコーディング補完: 浜松市中央区早馬町2-1 クリエート浜松4階・5階,文化施設イベント,中央区,,,,
221309,WEBccc7d2ecfc,静岡県,浜松市,はまかるNEO(財団法人浜松市文化振興財団 Hamamatsu Cultural Foundation),,,2026-07-25,2026-07-25,13:30,16:00,,「はまかるNEO(財団法人浜松市文化振興財団 Hamamatsu Cultural Foundation)」は2026-07-25に13:30から16:00に浜松文芸館開催予定です。詳細は出典URLをご確認ください。,,,,,,,浜松文芸館,浜松市中央区早馬町2-1 クリエート浜松4階・5階,,34.710644,137.73378,,,,,,,https://www.hcf.or.jp/facilities/bungei_news/2026/06/post-172.php,Web収集: 浜松文芸館 講座・イベント; source_id=src_0ae59b8809bd7888; 説明生成=facts_only; ジオコーディング補完: 浜松市中央区早馬町2-1 クリエート浜松4階・5階,文化施設イベント,中央区,,,,
221309,WEB596eabc127,静岡県,浜松市,はまかるNEO(財団法人浜松市文化振興財団 Hamamatsu Cultural Foundation),,,2026-08-01,2026-08-01,13:30,15:30,,「はまかるNEO(財団法人浜松市文化振興財団 Hamamatsu Cultural Foundation)」は2026-08-01に13:30から15:30に浜松文芸館開催予定です。詳細は出典URLをご確認ください。,,,,,,,浜松文芸館,浜松市中央区早馬町2-1 クリエート浜松4階・5階,,34.710644,137.73378,,,,,,,https://www.hcf.or.jp/facilities/bungei_news/2026/06/post-171.php,Web収集: 浜松文芸館 講座・イベント; source_id=src_0ae59b8809bd7888; 説明生成=facts_only; ジオコーディング補完: 浜松市中央区早馬町2-1 クリエート浜松4階・5階,文化施設イベント,中央区,,,,
221309,WEBf17baed15a,静岡県,浜松市,はまかるNEO(財団法人浜松市文化振興財団 Hamamatsu Cultural Foundation),,,2026-08-03,2026-08-07,13:00,16:00,,「はまかるNEO(財団法人浜松市文化振興財団 Hamamatsu Cultural Foundation)」は2026-08-03から2026-08-07に13:00から16:00に浜松文芸館開催予定です。詳細は出典URLをご確認ください。,,,,053-453-3933,,,浜松文芸館,浜松市中央区早馬町2-1 クリエート浜松4階・5階,,34.710644,137.73378,,,,,,,https://www.hcf.or.jp/facilities/bungei_news/2026/06/post-170.php,Web収集: 浜松文芸館 講座・イベント; source_id=src_0ae59b8809bd7888; 説明生成=facts_only; ジオコーディング補完: 浜松市中央区早馬町2-1 クリエート浜松4階・5階,文化施設イベント,中央区,,,,
221309,WEB76e3b85e99,静岡県,浜松市,はまかるNEO(財団法人浜松市文化振興財団 Hamamatsu Cultural Foundation),,,2026-06-09,2026-11-10,09:30,11:30,,「はまかるNEO(財団法人浜松市文化振興財団 Hamamatsu Cultural Foundation)」は2026-06-09から2026-11-10に09:30から11:30に浜松文芸館開催予定です。詳細は出典URLをご確認ください。,,,,053-453-3933,,,浜松文芸館,浜松市中央区早馬町2-1 クリエート浜松4階・5階,,34.710644,137.73378,,,,,,,https://www.hcf.or.jp/facilities/bungei_news/2026/04/post-167.php,Web収集: 浜松文芸館 講座・イベント; source_id=src_0ae59b8809bd7888; 説明生成=facts_only; ジオコーディング補完: 浜松市中央区早馬町2-1 クリエート浜松4階・5階,文化施設イベント,中央区,,,,
221309,WEBaf9648363e,静岡県,浜松市,はまかるNEO(財団法人浜松市文化振興財団 Hamamatsu Cultural Foundation),,,2026-06-16,2026-11-17,09:30,11:30,,「はまかるNEO(財団法人浜松市文化振興財団 Hamamatsu Cultural Foundation)」は2026-06-16から2026-11-17に09:30から11:30に浜松文芸館開催予定です。詳細は出典URLをご確認ください。,,,,053-453-3933,,,浜松文芸館,浜松市中央区早馬町2-1 クリエート浜松4階・5階,,34.710644,137.73378,,,,,,,https://www.hcf.or.jp/facilities/bungei_news/2026/04/post-166.php,Web収集: 浜松文芸館 講座・イベント; source_id=src_0ae59b8809bd7888; 説明生成=facts_only; ジオコーディング補完: 浜松市中央区早馬町2-1 クリエート浜松4階・5階,文化施設イベント,中央区,,,,
221309,WEBd6f5d2756c,静岡県,浜松市,浜松エンタメグループ祭,,,2026-05-24,2026-12-06,12:30,13:00,,「浜松エンタメグループ祭」は2026-05-24から2026-12-06に12:30から13:00に浜松市天竜壬生ホール、三ケ日ホール、浜松市福祉交流センター、浜北文化センター開催予定です。料金は無料です。詳細は出典URLをご確認ください。,無料,,浜松エンタメグループ（中山）,053-482-2818,,浜松エンタメグループ,浜松市天竜壬生ホール、三ケ日ホール、浜松市福祉交流センター、浜北文化センター,浜松市天竜区二俣町二俣20-2,,34.858032,137.815903,,,,,,,https://www.hcf.or.jp/calendar/detail.php?id=30758,Web収集: はまかるNEO 総合イベントカレンダー; source_id=src_651164ac91860ebb; 説明生成=facts_only,音楽・パフォーマンス,浜松市,,,,
221309,WEB8cf5d5d207,静岡県,浜松市,浜松みんなの文化応援助成事業 歌のすきな子！あつまれ～♪浜松キッズコーラス講座 Vol.5,,,2026-07-19,2026-09-05,13:30,13:00,,「浜松みんなの文化応援助成事業 歌のすきな子！あつまれ～♪浜松キッズコーラス講座 Vol.5」は2026-07-19から2026-09-05に13:30から13:00にクリエート浜松開催予定です。料金は4000円です。事前申込が必要です。詳細は出典URLをご確認ください。,4000円,,浜松キッズコーラス実行委員会(德田),,,浜松キッズコーラス実行委員会,クリエート浜松,,,34.7104391,137.7337337,,,30名,,,事前申込が必要です。詳細は出典URLをご確認ください。,https://www.hcf.or.jp/calendar/detail.php?id=30992,Web収集: はまかるNEO 総合イベントカレンダー; source_id=src_651164ac91860ebb; 説明生成=facts_only; ジオコーディング補完: クリエート浜松 浜松市 静岡県,講座,浜松市,,,,
221309,WEB231c749485,静岡県,浜松市,（公財）浜松市文化振興財団後援事業 第3回 夏休みこども三味線教室,,,2026-07-21,2026-08-16,17:00,19:00,,「（公財）浜松市文化振興財団後援事業 第3回 夏休みこども三味線教室」は2026-07-21から2026-08-16に17:00から19:00にアイミティ浜松開催予定です。料金は無料です。詳細は出典URLをご確認ください。,無料,,石川,090-7042-9178（石川）,,楽三会,アイミティ浜松,,,34.7143551,137.7436134,,,16名程度,,,,https://www.hcf.or.jp/calendar/detail.php?id=31074,Web収集: はまかるNEO 総合イベントカレンダー; source_id=src_651164ac91860ebb; 説明生成=facts_only; ジオコーディング補完: アイミティ浜松 浜松市 静岡県,教室,,,,,
221309,WEB47c293228d,静岡県,浜松市,初音ミク ライブ＆企画展,,,2026-07-24,2026-07-26,11:00,12:00,,「初音ミク ライブ＆企画展」は2026-07-24から2026-07-26に11:00から12:00にアクトシティ浜松開催予定です。料金は9300円 / 3900円です。詳細は出典URLをご確認ください。,9300円 / 3900円,,公式ホームページ,,,公益財団法人 浜松文化振興財団,アクトシティ浜松,静岡県浜松市中央区板屋町111-1,,34.705528,137.735724,,,,,,,https://www.hcf.or.jp/calendar/detail.php?id=31243,Web収集: はまかるNEO 総合イベントカレンダー; source_id=src_651164ac91860ebb; 説明生成=facts_only,ライブ,中央区,,,,
221309,WEB50c1387b5a,静岡県,浜松市,浜松みんなの文化応援助成事業 金管塾、公開レッスン、デュオリサイタル、楽器展示と試奏まで！ EUFO BACCA 小久保まい×山崎由貴デュオリサイタル,,,2026-07-25,2026-07-25,13:30,14:00,,「浜松みんなの文化応援助成事業 金管塾、公開レッスン、デュオリサイタル、楽器展示と試奏まで！ EUFO BACCA 小久保まい×山崎由貴デュオ」は2026-07-25に13:30から14:00にかじまちヤマハホール開催予定です。料金は3500円 / 2500円 / 1500円です。詳細は出典URLをご確認ください。,3500円 / 2500円 / 1500円,,小久保まいユーフォニアムリサイタル実行委員会,,,小久保まいユーフォニアムリサイタル実行委員会,かじまちヤマハホール,静岡県浜松市中央区鍛冶町100-1,,34.705228,137.730166,,,,2026-05-06,,,https://www.hcf.or.jp/calendar/detail.php?id=31005,Web収集: はまかるNEO 総合イベントカレンダー; source_id=src_651164ac91860ebb; 説明生成=facts_only,コンサート,浜松市,,,,
221309,WEB56f0349672,静岡県,浜松市,浜松学芸高等学校芸術科音楽コース ミュージックシアター,,,2026-07-25,2026-07-25,13:00,13:30,,「浜松学芸高等学校芸術科音楽コース ミュージックシアター」は2026-07-25に13:00から13:30に浜松学芸高等学校中村記念館ホール開催予定です。料金は無料です。詳細は出典URLをご確認ください。,無料,,浜松学芸高等学校,053-471-5336,,浜松学芸高等学校 芸術科音楽コース,浜松学芸高等学校中村記念館ホール,静岡県浜松市中央区鍛冶町100-1,,34.705228,137.730166,,,,,,,https://www.hcf.or.jp/calendar/detail.php?id=31113,Web収集: はまかるNEO 総合イベントカレンダー; source_id=src_651164ac91860ebb; 説明生成=facts_only,音楽,中央区,,,,
221309,WEB41dedce911,静岡県,浜松市,（公財）浜松市文化振興財団後援事業 60th Anniversary 森山良子コンサート2026 ～Life Is Beautiful～スペシャルゲスト清水ミチコ,,,2026-07-29,2026-07-29,15:15,16:00,,「（公財）浜松市文化振興財団後援事業 60th Anniversary 森山良子コンサート2026 ～Life Is Beautiful～スペ」は2026-07-29に15:15から16:00にアクトシティ浜松 大ホール開催予定です。料金は9900円です。詳細は出典URLをご確認ください。,9900円,,株式会社アイエス,03-3355-3553（平日10:00～17:00）,,（公財）浜松市文化振興財団,アクトシティ浜松 大ホール,浜松市中央区板屋町111-1,,34.705528,137.735724,,,,,,,https://www.hcf.or.jp/calendar/detail.php?id=30607,Web収集: はまかるNEO 総合イベントカレンダー; source_id=src_651164ac91860ebb; 説明生成=facts_only,コンサート,浜松市中央区,,,,
221309,WEBe0b49f47f1,静岡県,浜松市,HAMAMATSU U18 ROCK FESTIVAL,,,2026-07-30,2026-07-30,14:00,14:30,,「HAMAMATSU U18 ROCK FESTIVAL」は2026-07-30に14:00から14:30にクリエート浜松 2階ホール開催予定です。詳細は出典URLをご確認ください。,,,,053-457-2301,,公益財団法人浜松市文化振興財団,クリエート浜松 2階ホール,浜松市中央区早馬町2番地の1,,34.710644,137.73378,,,,,,,https://www.hcf.or.jp/calendar/detail.php?id=31260,Web収集: はまかるNEO 総合イベントカレンダー; source_id=src_651164ac91860ebb; 説明生成=facts_only,文化イベント,中央区,,,,
221309,WEBc0a9d6e092,静岡県,浜松市,シソンヌライブ［quinze］,,,2026-07-31,2026-08-02,19:00,20:30,,「シソンヌライブ［quinze］」は2026-07-31から2026-08-02に19:00から20:30に浜松市浜北文化センター 大ホール開催予定です。料金は8000円です。詳細は出典URLをご確認ください。,8000円,,FANYチケット問合せダイヤル,0570-550-100,,吉本興業株式会社,浜松市浜北文化センター 大ホール,浜松市浜名区貴布祢291-1,,34.794357,137.783096,,,,,,,https://www.hcf.or.jp/calendar/detail.php?id=30927,Web収集: はまかるNEO 総合イベントカレンダー; source_id=src_651164ac91860ebb; 説明生成=facts_only,ライブ,浜北区,,,,
221309,WEB57e00fb385,静岡県,浜松市,浜松市高齢者就労支援事業「シニア向け個別就職相談会」,,,2026-07-31,2026-07-31,09:30,16:30,,「浜松市高齢者就労支援事業「シニア向け個別就職相談会」」は2026-07-31に09:30から16:30に浜松市浜北文化センター 第２会議室開催予定です。料金は無料です。事前申込が必要です。詳細は出典URLをご確認ください。,無料,,浜松市高齢者就労支援事業事務局 ㈱東海道シグマ 浜松支店,053-424-5121,,浜松市高齢者就労支援事業事務局,浜松市浜北文化センター 第２会議室,静岡県浜松市浜名区貴布祢291-1,,34.794357,137.783096,,,各回16名まで,,,事前申込が必要です。詳細は出典URLをご確認ください。,https://www.hcf.or.jp/calendar/detail.php?id=31043,Web収集: はまかるNEO 総合イベントカレンダー; source_id=src_651164ac91860ebb; 説明生成=facts_only,就職相談,浜北区,,,,
221309,WEBefe1bba55d,静岡県,浜松市,こども水遊び広場,,,2026-07-11,2026-08-30,09:00,16:00,,「こども水遊び広場」は2026-07-11から2026-08-30に09:00から16:00にはままつフラワーパーク開催予定です。詳細は出典URLをご確認ください。,,,,,,,はままつフラワーパーク,静岡県浜松市中央区舘山寺町195,,34.761742,137.619071,,,,,,,https://hamamatsu-daisuki.net/information/6660/,Web収集: 浜松・浜名湖だいすきネット 最新月イベント情報; source_id=src_7032b2d23319f1f6; 説明生成=facts_only,観光公式月間イベント,中央区,,,,
221309,WEB126fc2ed1a,静岡県,浜松市,カブトムシ・クワガタワールド,,,2026-07-25,2026-08-23,09:00,17:00,,「カブトムシ・クワガタワールド」は2026-07-25から2026-08-23に09:00から17:00にはままつフラワーパーク開催予定です。詳細は出典URLをご確認ください。,,,,,,,はままつフラワーパーク,静岡県浜松市中央区舘山寺町195,,34.761742,137.619071,,,,,,,https://hamamatsu-daisuki.net/information/6660/,Web収集: 浜松・浜名湖だいすきネット 最新月イベント情報; source_id=src_7032b2d23319f1f6; 説明生成=facts_only,花・自然イベント,中央区,,,,
221309,WEB3d53a239c8,静岡県,浜松市,不思議な植物の世界,,,2026-07-25,2026-08-31,09:00,17:00,,「不思議な植物の世界」は2026-07-25から2026-08-31に09:00から17:00にはままつフラワーパーク開催予定です。詳細は出典URLをご確認ください。,,,,,,,はままつフラワーパーク,静岡県浜松市中央区舘山寺町195,,34.761742,137.619071,,,,,,,https://hamamatsu-daisuki.net/information/6660/,Web収集: 浜松・浜名湖だいすきネット 最新月イベント情報; source_id=src_7032b2d23319f1f6; 説明生成=facts_only,花・自然イベント,中央区,,,,
221309,WEBad0f2563bb,静岡県,浜松市,天文講座「広がる宇宙へはじめの一歩」,,,2026-07-25,2026-07-25,15:00,16:30,,「天文講座「広がる宇宙へはじめの一歩」」は2026-07-25に15:00から16:30に浜松市天文台開催予定です。詳細は出典URLをご確認ください。,,,,,,,浜松市天文台,静岡県浜松市中央区福島町242-1,,34.663684,137.768297,,,,,,,https://hamamatsu-daisuki.net/information/6660/,Web収集: 浜松・浜名湖だいすきネット 最新月イベント情報; source_id=src_7032b2d23319f1f6; 説明生成=facts_only,天文イベント,中央区,,,,
221309,WEB58ee990aa2,静岡県,浜松市,望遠鏡を作ろう,,,2026-07-31,2026-07-31,19:00,20:00,,「望遠鏡を作ろう」は2026-07-31に19:00から20:00に浜松市天文台開催予定です。詳細は出典URLをご確認ください。,,,,,,,浜松市天文台,静岡県浜松市中央区福島町242-1,,34.663684,137.768297,,,,,,,https://hamamatsu-daisuki.net/information/6660/,Web収集: 浜松・浜名湖だいすきネット 最新月イベント情報; source_id=src_7032b2d23319f1f6; 説明生成=facts_only,天文イベント,中央区,,,,
221309,WEB8ba97b61bc,静岡県,浜松市,初音ミク「マジカルミライ 2026」 in HAMAMATSU,,,2026-07-24,2026-07-24,11:00,12:00,,「初音ミク「マジカルミライ 2026」 in HAMAMATSU」は2026-07-24に11:00から12:00にアクトシティ浜松 大ホール開催予定です。料金は9300円 / 10300円です。詳細は出典URLをご確認ください。,9300円 / 10300円,,サンデーフォークプロモーション静岡,054-284-9999,,,アクトシティ浜松 大ホール,浜松市中央区板屋町111-1,,34.705528,137.735724,,,,,,,https://www.at-s.com/event/article/1945457,Web収集: アットエス 浜松市中央区イベント一覧; source_id=src_9bfd16fa78bde9bb; 説明生成=facts_only,ライブ・コンサート,浜松市中央区,,,,
221309,WEBce8e370e8f,静岡県,浜松市,第40回浜松卸商団地まつり 卸本町オープンマーケット,,,2026-07-25,2026-07-25,09:00,14:00,,「第40回浜松卸商団地まつり 卸本町オープンマーケット」は2026-07-25に09:00から14:00に浜松卸商センター（アルラ）周辺開催予定です。料金は無料です。詳細は出典URLをご確認ください。,無料,,,053-441-0851,,浜松卸商センター,浜松卸商センター（アルラ）周辺,浜松市中央区卸本町37,,34.673695,137.724457,,,,,,,https://www.at-s.com/event/article/1996056,Web収集: アットエス 浜松市中央区イベント一覧; source_id=src_9bfd16fa78bde9bb; 説明生成=facts_only,祭り,浜松市中央区,,,,
221309,WEB1bbc82cb99,静岡県,浜松市,夜の科学館【7月】＜浜松科学館 みらいーら＞,,,2026-07-25,2026-07-25,18:01,20:00,,「夜の科学館【7月】＜浜松科学館 みらいーら＞」は2026-07-25に18:01から20:00に浜松科学館 みらいーら開催予定です。料金は600円 / 300円です。事前申込が必要です。詳細は出典URLをご確認ください。,600円 / 300円,,浜松科学館 みらいーら,053-454-0178,,浜松科学館 みらいーら,浜松科学館 みらいーら,浜松市中央区北寺島町256-3,,34.704948,137.739548,,あり,,,,事前申込が必要です。詳細は出典URLをご確認ください。,https://www.at-s.com/event/article/1746777,Web収集: アットエス 浜松市中央区イベント一覧; source_id=src_9bfd16fa78bde9bb; 説明生成=facts_only; ジオコーディング補完: 浜松市中央区北寺島町256-3,体験＆教室,浜松市中央区,,,,
221309,WEB9f0b41c057,静岡県,浜松市,足輪ゴム体験会,,,2026-07-25,2026-07-25,10:10,10:50,,「足輪ゴム体験会」は2026-07-25に10:10から10:50にときわ薬局内：ときわコミュニティスペース開催予定です。料金は500円です。詳細は出典URLをご確認ください。,500円,,ふわりんぱ,090-8070-6727,,,ときわ薬局内：ときわコミュニティスペース,浜松市中央区常盤町133-6-101,,34.710217,137.731415,,,,,,,https://www.at-s.com/event/article/2016569,Web収集: アットエス 浜松市中央区イベント一覧; source_id=src_9bfd16fa78bde9bb; 説明生成=facts_only; ジオコーディング補完: 浜松市中央区常盤町133-6-101,体験イベント,浜松市中央区,,,,
221309,WEB991a4f8ac8,静岡県,浜松市,小中学生向けイベント『ルネサンスお仕事体験』,,,2026-07-25,2026-07-25,,,,「小中学生向けイベント『ルネサンスお仕事体験』」は2026-07-25に学校法人爽青会 ルネサンス デザイン・美容専門学校開催予定です。料金は無料です。事前申込が必要です。詳細は出典URLをご確認ください。,無料,,ルネサンス デザイン・美容専門学校,053-452-2121,,学校法人爽青会 ルネサンス デザイン・美容専門学校,学校法人爽青会 ルネサンス デザイン・美容専門学校,浜松市中央区北田町130-12,,34.71273,137.730957,,,,,,事前申込が必要です。詳細は出典URLをご確認ください。,https://www.at-s.com/event/article/1917006,Web収集: アットエス 浜松市中央区イベント一覧; source_id=src_9bfd16fa78bde9bb; 説明生成=facts_only,体験イベント,浜松市中央区,,,,
221309,WEBcbba1855ac,静岡県,浜松市,親子淡水魚観察会,,,2026-07-25,2026-07-25,09:30,15:00,,「親子淡水魚観察会」は2026-07-25に09:30から15:00に東林寺開催予定です。料金は1000円です。事前申込が必要です。詳細は出典URLをご確認ください。,1000円,,磐田市新造形創造館 淡水魚観察会,0538-33-2380,,磐田市新造形創造館,東林寺,浜松市中央区神ケ谷町4598,,34.721268,137.676956,,,20組,,,事前申込が必要です。詳細は出典URLをご確認ください。,https://www.at-s.com/event/article/1995923,Web収集: アットエス 浜松市中央区イベント一覧; source_id=src_9bfd16fa78bde9bb; 説明生成=facts_only,親子・子供イベント,中央区,,,,
221309,WEB1d175a244d,静岡県,浜松市,これだ！ 枝マドラー ～気になる木でマドラーづくり～,,,2026-07-25,2026-07-25,10:00,12:00,,「これだ！ 枝マドラー ～気になる木でマドラーづくり～」は2026-07-25に10:00から12:00に浜松市鴨江アートセンター開催予定です。料金は700円です。事前申込が必要です。詳細は出典URLをご確認ください。,700円,,浜松市鴨江アートセンター,053-458-5360,,宮沢のり子,浜松市鴨江アートセンター,浜松市中央区鴨江町1番地,,34.705093,137.724136,,あり,,,,事前申込が必要です。詳細は出典URLをご確認ください。,https://www.at-s.com/event/article/1979002,Web収集: アットエス 浜松市中央区イベント一覧; source_id=src_9bfd16fa78bde9bb; 説明生成=facts_only,アートイベント,浜松市中央区,,,,
221309,WEBebbce8d912,静岡県,浜松市,3.11 あの日の釜石東中の避難から学ぶ『命を守る行動』,,,2026-07-25,2026-07-25,10:00,11:30,,「3.11 あの日の釜石東中の避難から学ぶ『命を守る行動』」は2026-07-25に10:00から11:30に浜松市防災学習センター開催予定です。料金は無料です。事前申込が必要です。詳細は出典URLをご確認ください。,無料,,浜松市防災学習センター,053ｰ474ｰ8555,,,浜松市防災学習センター,浜松市中央区山下町192番地,,34.718117,137.729828,,,,,,事前申込が必要です。詳細は出典URLをご確認ください。,https://www.at-s.com/event/article/1979027,Web収集: アットエス 浜松市中央区イベント一覧; source_id=src_9bfd16fa78bde9bb; 説明生成=facts_only,セミナー・講演,浜松市中央区,,,,
221309,WEB53658bbfae,静岡県,浜松市,みどり～な環境教室 水辺のかんきょう教室,,,2026-07-25,2026-07-25,09:30,12:00,,「みどり～な環境教室 水辺のかんきょう教室」は2026-07-25に09:30から12:00に浜松市緑化推進センター（みどり～な） 管理棟で9:00～受付開催予定です。料金は無料です。詳細は出典URLをご確認ください。,無料,,浜松市緑化推進センターみどり～な,053-426-2300,,,浜松市緑化推進センター（みどり～な） 管理棟で9:00～受付,浜松市中央区大塚町1876-1,,34.700928,137.785034,,あり,30人,,,,https://www.at-s.com/event/article/1950691,Web収集: アットエス 浜松市中央区イベント一覧; source_id=src_9bfd16fa78bde9bb; 説明生成=facts_only,体験イベント,中央区,,,,
221309,WEB4daeb197db,静岡県,浜松市,MY NAME IS ―作詞とラップのワークショップ,,,2026-07-25,2026-08-01,14:00,16:00,,「MY NAME IS ―作詞とラップのワークショップ」は2026-07-25から2026-08-01に14:00から16:00に浜松市鴨江アートセンター開催予定です。料金は無料です。詳細は出典URLをご確認ください。,無料,,浜松市鴨江アートセンター,053-458-5360,,Marjoram Orchestra,浜松市鴨江アートセンター,浜松市中央区鴨江町1番地,,34.705093,137.724136,,あり,,,,,https://www.at-s.com/event/article/2006588,Web収集: アットエス 浜松市中央区イベント一覧; source_id=src_9bfd16fa78bde9bb; 説明生成=facts_only,アートイベント,浜松市中央区,,,,
221309,WEBd74d96eeb3,静岡県,浜松市,【聖隷浜松病院】市民公開講座みんなで健康ゼミ「こどものびょうきのおはなし（会場・オンライン）」,,,2026-07-25,2026-07-25,10:30,11:45,,「【聖隷浜松病院】市民公開講座みんなで健康ゼミ「こどものびょうきのおはなし（会場・オンライン）」」は2026-07-25に10:30から11:45に聖隷浜松病院 医局管理棟 大会議室開催予定です。料金は無料です。詳細は出典URLをご確認ください。,無料,,聖隷浜松病院 学術広報室,053-474-2753,,聖隷浜松病院,聖隷浜松病院 医局管理棟 大会議室,浜松市中央区住吉2-12-12,,34.73016,137.725006,,,,,,,https://www.at-s.com/event/article/1993260,Web収集: アットエス 浜松市中央区イベント一覧; source_id=src_9bfd16fa78bde9bb; 説明生成=facts_only; ジオコーディング補完: 浜松市中央区住吉2-12-12,親子・子供イベント,浜松市中央区,,,,
221309,WEB23efb5d9d7,静岡県,浜松市,くらやみルームで遊ぼう!真夏のひんやりおばけやしき SBSマイホームセンター浜松展示場,,,2026-07-26,2026-07-26,10:30,15:00,,「くらやみルームで遊ぼう!真夏のひんやりおばけやしき SBSマイホームセンター浜松展示場」は2026-07-26に10:30から15:00にSBSマイホームセンター浜松展示場開催予定です。詳細は出典URLをご確認ください。,,,SBSマイホームセンター浜松展示場,053-464-6167,,,SBSマイホームセンター浜松展示場,浜松市中央区青屋町400,,34.716618,137.781143,,,,,,,https://www.at-s.com/event/article/2016487,Web収集: アットエス 浜松市中央区イベント一覧; source_id=src_9bfd16fa78bde9bb; 説明生成=facts_only,まとめサイトイベント,浜松市中央区,,,,
221309,WEB2aafca58aa,静岡県,浜松市,まぐねっと夏祭り,,,2026-07-26,2026-07-26,10:00,15:00,,「まぐねっと夏祭り」は2026-07-26に10:00から15:00にまぐねっと開催予定です。料金は無料です。詳細は出典URLをご確認ください。,無料,,まぐねっと または、みんなの食堂 代表：稲垣 理紗,053-435-0066,,まぐねっと,まぐねっと,浜松市中央区笠井新田町1951-1,,34.755825,137.778976,,,,,,,https://www.at-s.com/event/article/2008701,Web収集: アットエス 浜松市中央区イベント一覧; source_id=src_9bfd16fa78bde9bb; 説明生成=facts_only; ジオコーディング補完: 浜松市中央区笠井新田町1951-1,祭り,浜松市中央区,,,,
221309,WEBb6e0e3764e,静岡県,浜松市,おみせやさんごっこ～キッズマネースクール～【浜松会場】,,,2026-07-26,2026-07-26,10:00,12:00,,「おみせやさんごっこ～キッズマネースクール～【浜松会場】」は2026-07-26に10:00から12:00に浜松市防災学習センター(はま坊～家)開催予定です。料金は無料です。詳細は出典URLをご確認ください。,無料,,浜松ファイナンシャルプランナーズ事務所㈱,0120-493-707,,,浜松市防災学習センター(はま坊～家),浜松市中央区山下町192,,34.718117,137.729828,,あり,,,,,https://www.at-s.com/event/article/2001222,Web収集: アットエス 浜松市中央区イベント一覧; source_id=src_9bfd16fa78bde9bb; 説明生成=facts_only,体験＆教室,浜松市中央区,,,,
221309,WEBede0841600,静岡県,浜松市,アーティストとの交流会 ―アーティスト・イン・レジデンス2026【前期】③,,,2026-07-26,2026-07-26,13:30,15:30,,「アーティストとの交流会 ―アーティスト・イン・レジデンス2026【前期】③」は2026-07-26に13:30から15:30に浜松市鴨江アートセンター開催予定です。料金は無料です。事前申込が必要です。詳細は出典URLをご確認ください。,無料,,浜松市鴨江アートセンター,053-458-5360,,,浜松市鴨江アートセンター,浜松市中央区鴨江町1番地,,34.705093,137.724136,,あり,20名,,,事前申込が必要です。詳細は出典URLをご確認ください。,https://www.at-s.com/event/article/1998101,Web収集: アットエス 浜松市中央区イベント一覧; source_id=src_9bfd16fa78bde9bb; 説明生成=facts_only,アートイベント,浜松市中央区,,,,
221309,WEBaddea338f7,静岡県,浜松市,浜松まちなかスポーツフェスティバル2026 7月開催,,,2026-07-26,2026-07-26,10:00,16:00,,「浜松まちなかスポーツフェスティバル2026 7月開催」は2026-07-26に10:00から16:00に浜松駅北口地下広場開催予定です。料金は無料です。詳細は出典URLをご確認ください。,無料,,まちなかスポーツフェスティバル実行委員会,090-1232-5703,,まちなかスポーツフェスティバル実行委員会,浜松駅北口地下広場,浜松市中央区旭町13,,34.704983,137.734009,,,,,,,https://www.at-s.com/event/article/1978337,Web収集: アットエス 浜松市中央区イベント一覧; source_id=src_9bfd16fa78bde9bb; 説明生成=facts_only; ジオコーディング補完: 浜松市中央区旭町13,スポーツ,浜松市中央区,,,,
221309,WEBd0f6f42a48,静岡県,浜松市,M笑むP 船越公園ノルディック・ウォーク体験会（7/27）,,,2026-07-27,2026-07-27,10:00,11:30,,「M笑むP 船越公園ノルディック・ウォーク体験会（7/27）」は2026-07-27に10:00から11:30に船越公園開催予定です。料金は300円 / 200円です。詳細は出典URLをご確認ください。,300円 / 200円,,M笑むP 船越公園担当,武藤:080-5169-1821 ／名和:090-4407-3821,,M笑むP,船越公園,浜松市中央区船越町49-3,,34.719513,137.749496,,,,,,,https://www.at-s.com/event/article/1965180,Web収集: アットエス 浜松市中央区イベント一覧; source_id=src_9bfd16fa78bde9bb; 説明生成=facts_only,体験イベント,浜松市中央区,,,,
221309,WEB6735c2fd20,静岡県,浜松市,中野町煙火大会,,,2026-08-14,2026-08-14,18:00,19:15,,「中野町煙火大会」は2026-08-14に18:00から19:15に天竜川河川敷（国道1号天竜川橋南）開催予定です。詳細は出典URLをご確認ください。,,,中野町煙火大会実行委員会,053-421-7547,,中野町煙火大会実行委員会,天竜川河川敷（国道1号天竜川橋南）,浜松市中央区中野町,,34.72803441924336,137.80118107795715,,,,,,,https://www.at-s.com/event/article/122208,Web収集: アットエス 浜松市中央区イベント一覧; source_id=src_9bfd16fa78bde9bb; 説明生成=facts_only,祭り・花火大会,浜松市中央区,,,,
221309,WEBb6b38764c6,静岡県,浜松市,浜松アリーナ スポーツ塾2026 7月コース,,,2026-07-27,2026-07-27,10:00,12:00,,「浜松アリーナ スポーツ塾2026 7月コース」は2026-07-27に10:00から12:00に浜松アリーナ メインアリーナ開催予定です。料金は3000円です。事前申込が必要です。詳細は出典URLをご確認ください。,3000円,,浜松アリーナ,053-461-1111,,,浜松アリーナ メインアリーナ,浜松市中央区和田町808-1,,34.718025,137.766769,,,,,,事前申込が必要です。詳細は出典URLをご確認ください。,https://www.at-s.com/event/article/1998110,Web収集: アットエス 浜松市中央区イベント一覧; source_id=src_9bfd16fa78bde9bb; 説明生成=facts_only; ジオコーディング補完: 浜松市中央区和田町808-1,スポーツ,中央区,,,,
221309,WEB8bed329226,静岡県,浜松市,夏休み親子キッチン～添加物なしのカレー作り～,,,2026-07-27,2026-07-27,10:30,12:30,,「夏休み親子キッチン～添加物なしのカレー作り～」は2026-07-27に10:30から12:30に積志協働センター開催予定です。料金は3000円 / 500円です。事前申込が必要です。詳細は出典URLをご確認ください。,3000円 / 500円,,おうち薬膳いっぽ,070-1517-2975,,,積志協働センター,浜松市中央区積志町1825,,34.769825,137.762115,,,,,,事前申込が必要です。詳細は出典URLをご確認ください。,https://www.at-s.com/event/article/2012654,Web収集: アットエス 浜松市中央区イベント一覧; source_id=src_9bfd16fa78bde9bb; 説明生成=facts_only,親子・子供イベント,浜松市中央区,,,,
221309,WEBdcc27684bd,静岡県,浜松市,季節のプリザーブドフラワーアレンジメント講座（7月）,,,2026-07-28,2026-07-28,10:00,12:00,,「季節のプリザーブドフラワーアレンジメント講座（7月）」は2026-07-28に10:00から12:00に浜松市緑化推進センター（みどり～な） 管理棟で9時～受付開催予定です。料金は3600円です。事前申込が必要です。詳細は出典URLをご確認ください。,3600円,,浜松市緑化推進センターみどり～な,053-426-2300,,浜松市緑化推進センターみどり～な,浜松市緑化推進センター（みどり～な） 管理棟で9時～受付,浜松市中央区大塚町1876-1,,34.700928,137.785034,,あり,,2026-07-21,,事前申込が必要です。詳細は出典URLをご確認ください。,https://www.at-s.com/event/article/1950694,Web収集: アットエス 浜松市中央区イベント一覧; source_id=src_9bfd16fa78bde9bb; 説明生成=facts_only,体験イベント,浜松市中央区,,,,
221309,WEB5e17609e49,静岡県,浜松市,コンテンポラリーダンス公演「大きな溝の上に舞い立つわたしたち」,,,2026-07-28,2026-07-28,,,,「コンテンポラリーダンス公演「大きな溝の上に舞い立つわたしたち」」は2026-07-28にツインギャラリー蔵開催予定です。詳細は出典URLをご確認ください。,,,ツインギャラリー蔵事務所・丸上産業株式会社,053-447-1038,,NEphRiTE dance company,ツインギャラリー蔵,浜松市中央区入野町1104,,34.701485,137.682983,,,,,,,https://www.at-s.com/event/article/1994991,Web収集: アットエス 浜松市中央区イベント一覧; source_id=src_9bfd16fa78bde9bb; 説明生成=facts_only; ジオコーディング補完: 浜松市中央区入野町1104,舞台・演劇・落語,浜松市中央区,,,,
221309,WEBdfcc9088b5,静岡県,浜松市,NFDT・SFDA 受賞者 地方巡回展,,,2026-07-28,2026-08-03,,,,「NFDT・SFDA 受賞者 地方巡回展」は2026-07-28から2026-08-03に「イオンモール浜松市野」 ウエストコート開催予定です。料金は無料です。詳細は出典URLをご確認ください。,無料,,Next Fashion Designer of Tokyo 事務局,03-6820-6038,,,「イオンモール浜松市野」 ウエストコート,浜松市中央区天王町1981-3,,34.737686,137.771011,,,,,,,https://www.at-s.com/event/article/2009553,Web収集: アットエス 浜松市中央区イベント一覧; source_id=src_9bfd16fa78bde9bb; 説明生成=facts_only,企画展・アート,浜松市中央区,,,,
221309,WEBed40c9bc29,静岡県,浜松市,弁天島海浜公園海水浴場 海開き式・夏の開設期間,,,2026-07-19,2026-08-31,09:00,16:00,,「弁天島海浜公園海水浴場 海開き式・夏の開設期間」は2026-07-19から2026-08-31に09:00から16:00に浜名湖弁天島海浜公園開催予定です。料金は無料です。詳細は出典URLをご確認ください。,無料,,舞阪町観光協会,053-592-0757,,,浜名湖弁天島海浜公園,浜松市中央区舞阪町弁天島,,34.690277,137.600525,,,,,,,https://www.at-s.com/event/article/1068564,Web収集: アットエス 浜松市中央区イベント一覧; source_id=src_9bfd16fa78bde9bb; 説明生成=facts_only,スポーツ,浜松市中央区,,,,
221309,WEBf0a0c74b2c,静岡県,浜松市,みどりと花を愉しむノルディック・ウォーク＜7月30日＞,,,2026-07-30,2026-07-30,10:00,11:30,,「みどりと花を愉しむノルディック・ウォーク＜7月30日＞」は2026-07-30に10:00から11:30に浜松市緑化推進センター（みどり～な）管理棟で9:30～受付開催予定です。料金は300円 / 200円です。事前申込が必要です。詳細は出典URLをご確認ください。,300円 / 200円,,浜松市緑化推進センターみどり～な,053-426-2300,,静岡県ノルディック・ウォーク連盟,浜松市緑化推進センター（みどり～な）管理棟で9:30～受付,浜松市中央区大塚町1876-1,,34.700928,137.785034,,あり,,,,事前申込が必要です。詳細は出典URLをご確認ください。,https://www.at-s.com/event/article/1953810,Web収集: アットエス 浜松市中央区イベント一覧; source_id=src_9bfd16fa78bde9bb; 説明生成=facts_only,体験＆教室,浜松市中央区,,,,
221309,WEBe310630898,静岡県,浜松市,2026年7月30日【まだ誰もやっていない】Threads × AI自動化！集客術勉強会 in 浜松,,,2026-07-30,2026-07-30,18:00,20:30,,「2026年7月30日【まだ誰もやっていない】Threads × AI自動化！集客術勉強会 in 浜松」は2026-07-30に18:00から20:30にクリエート浜松 53会議室開催予定です。料金は3000円 / 3500円 / 4000円です。詳細は出典URLをご確認ください。,3000円 / 3500円 / 4000円,,静岡ビジネス共創実行委員会（SBC）,090-1283-9093,,,クリエート浜松 53会議室,浜松市中央区早馬町2−1 クリエート浜松 53会議室,,34.710644,137.73378,,,,2026-07-16,,,https://www.at-s.com/event/article/2002903,Web収集: アットエス 浜松市中央区イベント一覧; source_id=src_9bfd16fa78bde9bb; 説明生成=facts_only; ジオコーディング補完: 浜松市中央区早馬町2−1 クリエート浜松 53会議室,セミナー・講演,浜松市中央区,,,,
221309,WEB7a49243284,静岡県,浜松市,小鹿田焼と暮らす,,,2026-07-18,2026-08-02,12:00,18:00,,「小鹿田焼と暮らす」は2026-07-18から2026-08-02に12:00から18:00にアトリエぬいや1階開催予定です。詳細は出典URLをご確認ください。,,,アトリエぬいや,053-457-4777,,,アトリエぬいや1階,浜松市中央区中央3-8-30,,34.706886,137.73822,,,,,,,https://www.at-s.com/event/article/2012138,Web収集: アットエス 浜松市中央区イベント一覧; source_id=src_9bfd16fa78bde9bb; 説明生成=facts_only; ジオコーディング補完: 浜松市中央区中央3-8-30,企画展・アート,浜松市中央区,,,,
221309,WEBd12258935f,静岡県,浜松市,大人のならいごと見つけた、“好き”のいろどり展,,,2026-07-30,2026-08-05,11:00,17:00,,「大人のならいごと見つけた、“好き”のいろどり展」は2026-07-30から2026-08-05に11:00から17:00にツインギャラリー蔵開催予定です。料金は無料です。詳細は出典URLをご確認ください。,無料,,ツインギャラリー蔵事務所・丸上産業株式会社,053-447-1038,,,ツインギャラリー蔵,浜松市中央区入野町1104,,34.701485,137.682983,,,,,,,https://www.at-s.com/event/article/1995004,Web収集: アットエス 浜松市中央区イベント一覧; source_id=src_9bfd16fa78bde9bb; 説明生成=facts_only; ジオコーディング補完: 浜松市中央区入野町1104,企画展・アート,浜松市中央区,,,,
221309,WEB17fff39da2,静岡県,浜松市,ペコちゃんの学校 in 遠鉄百貨店,,,2026-07-30,2026-08-16,10:00,19:00,,「ペコちゃんの学校 in 遠鉄百貨店」は2026-07-30から2026-08-16に10:00から19:00に遠鉄百貨店開催予定です。詳細は出典URLをご確認ください。,,,遠鉄百貨店,053-457-0001,,,遠鉄百貨店,浜松市中央区砂山町320-2,,34.7037909,137.7331523,,あり,,,,,https://www.at-s.com/event/article/2016771,Web収集: アットエス 浜松市中央区イベント一覧; source_id=src_9bfd16fa78bde9bb; 説明生成=facts_only,親子・子供,浜松市中央区,,,,
221309,WEB713652cffd,静岡県,浜松市,浜松市消防局「夏休み自由研究応援プロジェクト」,,,2026-07-18,2026-08-31,10:00,12:00,,「浜松市消防局「夏休み自由研究応援プロジェクト」」は2026-07-18から2026-08-31に10:00から12:00に浜松市消防局 全7消防署開催予定です。料金は無料です。事前申込が必要です。詳細は出典URLをご確認ください。,無料,,浜松市消防局 消防総務課 企画調整グループ,053-475-7524,,浜松市消防局,浜松市消防局 全7消防署,浜松市中央区下池川町19−1（中消防署）,,34.71579,137.726807,,,,,,事前申込が必要です。詳細は出典URLをご確認ください。,https://www.at-s.com/event/article/2020331,Web収集: アットエス 浜松市中央区イベント一覧; source_id=src_9bfd16fa78bde9bb; 説明生成=facts_only; ジオコーディング補完: 浜松市中央区下池川町19−1（中消防署）,体験＆教室,中央区,,,,
221309,WEBaa17aba410,静岡県,浜松市,船越公園 屋外児童プール 夏の開設期間,,,2026-07-18,2026-08-31,09:30,12:00,,「船越公園 屋外児童プール 夏の開設期間」は2026-07-18から2026-08-31に09:30から12:00に船越公園開催予定です。料金は無料です。詳細は出典URLをご確認ください。,無料,,,053-465-0623（船越公園） 053-464-5264（2026年プール専用）,,,船越公園,浜松市中央区船越町49-3,,34.719513,137.749496,,,,,,,https://www.at-s.com/event/article/1752773,Web収集: アットエス 浜松市中央区イベント一覧; source_id=src_9bfd16fa78bde9bb; 説明生成=facts_only,親子・子供,浜松市中央区,,,,
221309,WEB09fa3c3a89,静岡県,浜松市,舞阪表浜公園 屋外児童プール 夏の開設期間,,,2026-07-18,2026-08-31,09:30,12:00,,「舞阪表浜公園 屋外児童プール 夏の開設期間」は2026-07-18から2026-08-31に09:30から12:00に舞阪表浜公園開催予定です。料金は無料です。詳細は出典URLをご確認ください。,無料,,,053-596-1894（雄踏総合公園管理事務所） 053-592-1122（2026年プール専用）,,,舞阪表浜公園,浜松市中央区舞阪町舞阪,,34.687244,137.615387,,,,,,,https://www.at-s.com/event/article/1752640,Web収集: アットエス 浜松市中央区イベント一覧; source_id=src_9bfd16fa78bde9bb; 説明生成=facts_only,親子・子供,浜松市中央区,,,,
221309,WEBd48d3fe790,静岡県,浜松市,相生公園 屋外児童プール 夏の開設期間,,,2026-07-18,2026-08-31,09:30,12:00,,「相生公園 屋外児童プール 夏の開設期間」は2026-07-18から2026-08-31に09:30から12:00に相生公園開催予定です。料金は無料です。詳細は出典URLをご確認ください。,無料,,,053-463-1450（相生公園） 053-464-0551（2026年プール専用）,,,相生公園,浜松市中央区相生町320-2,,34.708038,137.746826,,,,,,,https://www.at-s.com/event/article/1752708,Web収集: アットエス 浜松市中央区イベント一覧; source_id=src_9bfd16fa78bde9bb; 説明生成=facts_only,親子・子供,浜松市中央区,,,,
221309,WEBf86a392d34,静岡県,浜松市,和地山公園 屋外児童プール 夏の開設期間,,,2026-07-18,2026-08-31,09:30,12:00,,「和地山公園 屋外児童プール 夏の開設期間」は2026-07-18から2026-08-31に09:30から12:00に和地山公園開催予定です。料金は無料です。詳細は出典URLをご確認ください。,無料,,,053-473-2517（和地山公園） 053-475-1366（2026年プール専用）,,,和地山公園,浜松市中央区和地山3-10-1,,34.727921,137.717773,,,,,,,https://www.at-s.com/event/article/1752679,Web収集: アットエス 浜松市中央区イベント一覧; source_id=src_9bfd16fa78bde9bb; 説明生成=facts_only,親子・子供,浜松市中央区,,,,
221309,WEB569c279ed3,静岡県,浜松市,夏の特別展示「サメ展 Feat.エイ」＜浜名湖体験学習施設ウォット＞,,,2026-07-18,2026-09-06,09:00,16:30,,「夏の特別展示「サメ展 Feat.エイ」＜浜名湖体験学習施設ウォット＞」は2026-07-18から2026-09-06に09:00から16:30に浜名湖体験学習施設ウォット開催予定です。詳細は出典URLをご確認ください。,,,,053-592-2880,,浜名湖体験学習施設ウォット,浜名湖体験学習施設ウォット,浜松市中央区舞阪町弁天島5005-3,,34.69936,137.606384,,,,,,,https://www.at-s.com/event/article/2013592,Web収集: アットエス 浜松市中央区イベント一覧; source_id=src_9bfd16fa78bde9bb; 説明生成=facts_only,体験イベント,浜松市中央区,,,,
221309,WEB0b55708bc7,静岡県,浜松市,まちなかワインテラス pre-vol.9 －スパークリング×キャンドルナイト！－,,,2026-07-31,2026-07-31,17:30,20:30,,「まちなかワインテラス pre-vol.9 －スパークリング×キャンドルナイト！－」は2026-07-31に17:30から20:30に新川モール開催予定です。料金は無料です。詳細は出典URLをご確認ください。,無料,,まちなかワインテラス実行委員会,090-6584-3261,,まちなかワインテラス実行委員会,新川モール,浜松市中央区田町230−28（代表地番）,,34.708683,137.732437,,,,2026-07-30,,,https://www.at-s.com/event/article/1995160,Web収集: アットエス 浜松市中央区イベント一覧; source_id=src_9bfd16fa78bde9bb; 説明生成=facts_only; ジオコーディング補完: 浜松市中央区田町230−28（代表地番）,フードフェス・グルメ,浜松市中央区,,,,
221309,WEB543f4c3a66,静岡県,浜松市,亀崎ファミリーランドプール 夏の開設期間,,,2026-07-17,2026-08-31,09:30,17:00,,「亀崎ファミリーランドプール 夏の開設期間」は2026-07-17から2026-08-31に09:30から17:00に雄踏総合公園（亀崎ファミリーランドプール）開催予定です。料金は無料です。詳細は出典URLをご確認ください。,無料,,,053-596-1894（雄踏総合公園） 053-596-1810（2026年プール専用）,,,雄踏総合公園（亀崎ファミリーランドプール）,浜松市中央区雄踏町宇布見9984-1,,34.704018,137.614807,,,,,,,https://www.at-s.com/event/article/1752552,Web収集: アットエス 浜松市中央区イベント一覧; source_id=src_9bfd16fa78bde9bb; 説明生成=facts_only,親子・子供,浜松市中央区,,,,
221309,WEBeff152c4a3,静岡県,浜松市,浜名湖ガーデンパーク ヒマワリの見頃,,,2026-07-11,2026-07-31,08:30,17:00,,「浜名湖ガーデンパーク ヒマワリの見頃」は2026-07-11から2026-07-31に08:30から17:00に浜名湖ガーデンパーク 花ひろば開催予定です。料金は無料です。詳細は出典URLをご確認ください。,無料,,浜名湖ガーデンパーク,053-488-1500,,,浜名湖ガーデンパーク 花ひろば,浜松市中央区村櫛町5475-1,,34.714892,137.600689,,,,,,,https://www.at-s.com/event/article/789036,Web収集: アットエス 浜松市中央区イベント一覧; source_id=src_9bfd16fa78bde9bb; 説明生成=facts_only,花・自然,浜松市中央区,,,,
221309,WEB8da74cfaa7,静岡県,浜松市,はままつフラワーパーク こども水遊び広場,,,2026-07-11,2026-08-30,09:00,16:00,,「はままつフラワーパーク こども水遊び広場」は2026-07-11から2026-08-30に09:00から16:00にはままつフラワーパーク開催予定です。料金は無料です。詳細は出典URLをご確認ください。,無料,,はままつフラワーパーク,053-487-0511,,,はままつフラワーパーク,浜松市中央区舘山寺町195,,34.761742,137.619071,,,,,,,https://www.at-s.com/event/article/1990067,Web収集: アットエス 浜松市中央区イベント一覧; source_id=src_9bfd16fa78bde9bb; 説明生成=facts_only,親子・子供イベント,浜松市中央区,,,,
221309,WEBb41843970a,静岡県,浜松市,はままつフラワーパーク 夏休みイベント,,,2026-07-11,2026-08-30,09:00,17:00,,「はままつフラワーパーク 夏休みイベント」は2026-07-11から2026-08-30に09:00から17:00にはままつフラワーパーク開催予定です。料金は無料です。詳細は出典URLをご確認ください。,無料,,はままつフラワーパーク,053-487-0511,,,はままつフラワーパーク,浜松市中央区舘山寺町195,,34.761742,137.619071,,,,,,,https://www.at-s.com/event/article/121781,Web収集: アットエス 浜松市中央区イベント一覧; source_id=src_9bfd16fa78bde9bb; 説明生成=facts_only,花・自然,浜松市中央区,,,,
221309,WEB4c3a1fb47f,静岡県,浜松市,可美公園屋外水泳場 夏の開設期間,,,2026-07-11,2026-08-31,09:00,17:00,,「可美公園屋外水泳場 夏の開設期間」は2026-07-11から2026-08-31に09:00から17:00に可美公園総合センター開催予定です。料金は無料です。詳細は出典URLをご確認ください。,無料,,,053-449-1155（可美公園総合センター）053-473-1829（公園） 053-449-0011（水泳場）,,,可美公園総合センター,浜松市中央区増楽町920-2,,34.687073,137.694717,,,,,,,https://www.at-s.com/event/article/1752584,Web収集: アットエス 浜松市中央区イベント一覧; source_id=src_9bfd16fa78bde9bb; 説明生成=facts_only,スポーツ,浜松市中央区,,,,
221309,WEBb6f6f42b89,静岡県,浜松市,浜名湖ガーデンパーク サマーフェスタ2026,,,2026-07-01,2026-08-31,,,,「浜名湖ガーデンパーク サマーフェスタ2026」は2026-07-01から2026-08-31に浜名湖ガーデンパーク開催予定です。料金は無料です。詳細は出典URLをご確認ください。,無料,,浜名湖ガーデンパーク管理センター,053-488-1500,,,浜名湖ガーデンパーク,浜松市中央区村櫛町5475-1,,34.714892,137.600689,,,,,,,https://www.at-s.com/event/article/122290,Web収集: アットエス 浜松市中央区イベント一覧; source_id=src_9bfd16fa78bde9bb; 説明生成=facts_only,体験＆教室,浜松市中央区,,,,
221309,WEBd4ca94f620,静岡県,浜松市,浜名湖ガーデンパーク 水遊び広場,,,2026-07-01,2026-09-15,09:30,16:00,,「浜名湖ガーデンパーク 水遊び広場」は2026-07-01から2026-09-15に09:30から16:00に浜名湖ガーデンパーク開催予定です。料金は無料です。詳細は出典URLをご確認ください。,無料,,浜名湖ガーデンパーク管理センター,053-488-1500,,,浜名湖ガーデンパーク,浜松市中央区村櫛町5475-1,,34.714892,137.600689,,,,,,,https://www.at-s.com/event/article/121536,Web収集: アットエス 浜松市中央区イベント一覧; source_id=src_9bfd16fa78bde9bb; 説明生成=facts_only,親子・子供,浜松市中央区,,,,
221309,WEB1ea1a64dd4,静岡県,浜松市,第37回佐鳴湖花火大会,,,2026-08-01,2026-08-01,19:30,20:30,,「第37回佐鳴湖花火大会」は2026-08-01に19:30から20:30に佐鳴湖公園時計台（佐鳴湖西岸）開催予定です。詳細は出典URLをご確認ください。,,,富塚協働センター ※平日8:30〜17:15,053-472-7682,,佐鳴湖周辺の富塚、佐鳴台、入野地区の各自治会連合会,佐鳴湖公園時計台（佐鳴湖西岸）,浜松市中央区大平台佐鳴湖公園時計台（佐鳴湖西岸）,,34.717857,137.686966,,,,,,,https://www.at-s.com/event/article/121806,Web収集: アットエス 浜松市中央区イベント一覧; source_id=src_9bfd16fa78bde9bb; 説明生成=facts_only,花火大会,浜松市中央区,,,,
221309,WEB479b964850,静岡県,浜松市,押し花でつくる涼しげな壁掛けづくり,,,2026-08-01,2026-08-01,10:00,12:00,,「押し花でつくる涼しげな壁掛けづくり」は2026-08-01に10:00から12:00に浜松市緑化推進センター（みどり～な） 管理棟窓口で受付開催予定です。料金は1000円です。詳細は出典URLをご確認ください。,1000円,,浜松市緑化推進センターみどり～な,053-426-2300,,浜松市緑化推進センターみどり～な,浜松市緑化推進センター（みどり～な） 管理棟窓口で受付,浜松市中央区大塚町1876-1,,34.700928,137.785034,,あり,15人,2026-07-25,,,https://www.at-s.com/event/article/1982772,Web収集: アットエス 浜松市中央区イベント一覧; source_id=src_9bfd16fa78bde9bb; 説明生成=facts_only,体験＆教室,浜松市中央区,,,,
221309,WEB1ad90b1ba1,静岡県,浜松市,県民栄養フォーラム 「親子で楽しめる食育と、プロサッカーの現場から学ぶ成長期の食事」,,,2026-08-01,2026-08-01,13:20,16:20,,「県民栄養フォーラム 「親子で楽しめる食育と、プロサッカーの現場から学ぶ成長期の食事」」は2026-08-01に13:20から16:20に浜松市地域情報センター開催予定です。料金は無料です。事前申込が必要です。詳細は出典URLをご確認ください。,無料,,静岡県栄養士会,054-282-5507,,静岡県栄養士会,浜松市地域情報センター,浜松市中央区中央1-12-7,,34.711262,137.735046,,あり,,2026-07-25,,事前申込が必要です。詳細は出典URLをご確認ください。,https://www.at-s.com/event/article/1981741,Web収集: アットエス 浜松市中央区イベント一覧; source_id=src_9bfd16fa78bde9bb; 説明生成=facts_only,親子・子供イベント,浜松市中央区,,,,
221309,WEBbf676be73c,静岡県,浜松市,スイーツマルシェ＆ミニ縁日＜浜松オート＞,,,2026-08-01,2026-08-01,10:00,16:00,,「スイーツマルシェ＆ミニ縁日＜浜松オート＞」は2026-08-01に10:00から16:00に浜松オートレース場開催予定です。料金は無料です。詳細は出典URLをご確認ください。,無料,,浜松オートレース場,053-471-0311,,,浜松オートレース場,浜松市中央区和合町936-19,,34.737324,137.705414,,,,,,,https://www.at-s.com/event/article/2019423,Web収集: アットエス 浜松市中央区イベント一覧; source_id=src_9bfd16fa78bde9bb; 説明生成=facts_only; ジオコーディング補完: 浜松市中央区和合町936-19,マルシェ,浜松市中央区,,,,
221309,WEBc93fac3d1a,静岡県,浜松市,毘沙門天大祭＜遠州信貴山＞,,,2026-08-01,2026-08-01,11:00,,,「毘沙門天大祭＜遠州信貴山＞」は2026-08-01に11:00に遠州信貴山開催予定です。料金は無料です。詳細は出典URLをご確認ください。,無料,,,053-472-6671,,遠州信貴山,遠州信貴山,浜松市中央区中沢町81-26,,34.722931,137.730179,,,,,,,https://www.at-s.com/event/article/2015017,Web収集: アットエス 浜松市中央区イベント一覧; source_id=src_9bfd16fa78bde9bb; 説明生成=facts_only; ジオコーディング補完: 浜松市中央区中沢町81-26,祭り・花火大会,浜松市中央区,,,,
221309,WEB2b8cfd12bd,静岡県,浜松市,第4回夏祭り＜五社神社 諏訪神社＞,,,2026-08-01,2026-08-01,17:00,21:00,,「第4回夏祭り＜五社神社 諏訪神社＞」は2026-08-01に17:00から21:00に五社神社 諏訪神社開催予定です。料金は無料です。詳細は出典URLをご確認ください。,無料,,,053-452-3001,,,五社神社 諏訪神社,浜松市中央区利町302-5,,34.705948,137.725296,,あり,,,,,https://www.at-s.com/event/article/1748987,Web収集: アットエス 浜松市中央区イベント一覧; source_id=src_9bfd16fa78bde9bb; 説明生成=facts_only,祭り,浜松市中央区,,,,
221309,WEB95f53f0818,静岡県,浜松市,森のムッレ教室,,,2026-08-02,2026-08-02,10:00,12:00,,「森のムッレ教室」は2026-08-02に10:00から12:00に石人の星公園（静岡県営都市公園 遠州灘海浜公園 中田島北地区）集合場所:休憩棟開催予定です。料金は500円 / 2500円です。詳細は出典URLをご確認ください。,500円 / 2500円,,遠州灘海浜公園事務所,053-442-6775,,,石人の星公園（静岡県営都市公園 遠州灘海浜公園 中田島北地区）集合場所:休憩棟,浜松市中央区江之島町1706,,34.662468,137.755569,,,,,,,https://www.at-s.com/event/article/1998660,Web収集: アットエス 浜松市中央区イベント一覧; source_id=src_9bfd16fa78bde9bb; 説明生成=facts_only,体験イベント,浜松市中央区,,,,
221309,WEBed02ae31f3,静岡県,浜松市,ウォーターワールド,,,2026-08-02,2026-08-02,10:00,11:00,,「ウォーターワールド」は2026-08-02に10:00から11:00に石人の星公園（静岡県営都市公園 遠州灘海浜公園 中田島北地区） 集合場所：遊具広場特設テン開催予定です。料金は500円です。事前申込が必要です。詳細は出典URLをご確認ください。,500円,,遠州灘海浜公園事務所,053-442-6775,,,石人の星公園（静岡県営都市公園 遠州灘海浜公園 中田島北地区） 集合場所：遊具広場特設テント,浜松市中央区江之島町1706,,34.662468,137.755569,,,各時間帯10名,,,事前申込が必要です。詳細は出典URLをご確認ください。,https://www.at-s.com/event/article/1998670,Web収集: アットエス 浜松市中央区イベント一覧; source_id=src_9bfd16fa78bde9bb; 説明生成=facts_only,体験＆教室,浜松市中央区,,,,
221309,WEB32792f4643,静岡県,浜松市,はりこでちょきんばこ 【全2回】,,,2026-08-02,2026-08-02,10:00,12:00,,「はりこでちょきんばこ 【全2回】」は2026-08-02に10:00から12:00に浜松市鴨江アートセンター開催予定です。料金は1500円です。事前申込が必要です。詳細は出典URLをご確認ください。,1500円,,浜松市鴨江アートセンター,053-458-5360,,横村雄輝,浜松市鴨江アートセンター,浜松市中央区鴨江町1番地,,34.705093,137.724136,,あり,,,,事前申込が必要です。詳細は出典URLをご確認ください。,https://www.at-s.com/event/article/1991088,Web収集: アットエス 浜松市中央区イベント一覧; source_id=src_9bfd16fa78bde9bb; 説明生成=facts_only,アートイベント,浜松市中央区,,,,
221309,WEBfdd30abe2c,静岡県,浜松市,みどりと花を愉しむノルディック・ウォーク＜8月3日＞,,,2026-08-03,2026-08-03,10:00,11:30,,「みどりと花を愉しむノルディック・ウォーク＜8月3日＞」は2026-08-03に10:00から11:30に浜松市緑化推進センター（みどり～な）管理棟で9:30～受付開催予定です。料金は300円 / 200円です。事前申込が必要です。詳細は出典URLをご確認ください。,300円 / 200円,,浜松市緑化推進センターみどり～な,053-426-2300,,静岡県ノルディック・ウォーク連盟,浜松市緑化推進センター（みどり～な）管理棟で9:30～受付,浜松市中央区大塚町1876-1,,34.700928,137.785034,,あり,,,,事前申込が必要です。詳細は出典URLをご確認ください。,https://www.at-s.com/event/article/1984055,Web収集: アットエス 浜松市中央区イベント一覧; source_id=src_9bfd16fa78bde9bb; 説明生成=facts_only,体験＆教室,浜松市中央区,,,,
221309,WEB774629a390,静岡県,浜松市,M笑むP 佐鳴湖公園ノルディック・ウォーク体験会(8/5）,,,2026-08-05,2026-08-05,10:00,11:30,,「M笑むP 佐鳴湖公園ノルディック・ウォーク体験会(8/5）」は2026-08-05に10:00から11:30に佐鳴湖公園 富塚花見台駐車場開催予定です。料金は300円 / 200円です。詳細は出典URLをご確認ください。,300円 / 200円,,M笑むP佐鳴湖公園担当,武藤:080-5169-1821 ／名和:090-4407-3821,,M笑むP,佐鳴湖公園 富塚花見台駐車場,浜松市中央区大平台1丁目3,,34.716705,137.689148,,,,,,,https://www.at-s.com/event/article/1967973,Web収集: アットエス 浜松市中央区イベント一覧; source_id=src_9bfd16fa78bde9bb; 説明生成=facts_only,体験イベント,浜松市中央区,,,,
221309,WEB304ba99431,静岡県,浜松市,みどりの夏まつり,,,2026-08-06,2026-08-06,10:00,15:00,,「みどりの夏まつり」は2026-08-06に10:00から15:00に浜松市緑化推進センター（みどり～な） 管理棟で9:00～受付開催予定です。料金は無料です。詳細は出典URLをご確認ください。,無料,,浜松市緑化推進センターみどり～な,053-426-2300,,,浜松市緑化推進センター（みどり～な） 管理棟で9:00～受付,浜松市中央区大塚町1876-1,,34.700928,137.785034,,あり,,,,,https://www.at-s.com/event/article/1982773,Web収集: アットエス 浜松市中央区イベント一覧; source_id=src_9bfd16fa78bde9bb; 説明生成=facts_only,祭り,浜松市中央区,,,,
221309,WEBb58513be5e,静岡県,浜松市,【中止】かやぶき屋根の下で聞く日本の昔ばなし＜2026年8月＞,,,2026-08-08,2026-08-08,14:00,,,「【中止】かやぶき屋根の下で聞く日本の昔ばなし＜2026年8月＞」は2026-08-08に14:00に蜆塚公園内 江戸時代古民家「旧高山家」※浜松市博物館隣接開催予定です。料金は無料です。詳細は出典URLをご確認ください。,無料,,浜松市博物館,053-456-2208,,,蜆塚公園内 江戸時代古民家「旧高山家」※浜松市博物館隣接,浜松市中央区蜆塚4-22-1,,34.713432,137.703659,,,,,,,https://www.at-s.com/event/article/745439,Web収集: アットエス 浜松市中央区イベント一覧; source_id=src_9bfd16fa78bde9bb; 説明生成=facts_only,まとめサイトイベント,浜松市中央区,,,,
221309,WEBcab388f32d,静岡県,浜松市,ブラジル音楽ライブ by Cover Duo,,,2026-08-08,2026-08-08,18:00,21:00,,「ブラジル音楽ライブ by Cover Duo」は2026-08-08に18:00から21:00にChoupana Garden（ショウパーナ ガーデン）開催予定です。料金は無料です。詳細は出典URLをご確認ください。,無料,,Choupana Garden (ショウパーナガーデン）,053-486-0134,,,Choupana Garden（ショウパーナ ガーデン）,浜松市中央区湖東町1944-1,,34.761971,137.675842,,,,,,,https://www.at-s.com/event/article/2019557,Web収集: アットエス 浜松市中央区イベント一覧; source_id=src_9bfd16fa78bde9bb; 説明生成=facts_only; ジオコーディング補完: 浜松市中央区湖東町1944-1,ライブ・コンサート,浜松市中央区,,,,
221309,WEB5495183e35,静岡県,浜松市,スターウィーク星空観望会,,,2026-08-08,2026-08-08,19:30,21:00,,「スターウィーク星空観望会」は2026-08-08に19:30から21:00に石人の星公園（遠州灘海浜公園 中田島北地区）開催予定です。詳細は出典URLをご確認ください。,,,浜松市天文台,053-425-9158,,,石人の星公園（遠州灘海浜公園 中田島北地区）,浜松市中央区江之島町1706,,34.662468,137.755569,,,,,,,https://www.at-s.com/event/article/783858,Web収集: アットエス 浜松市中央区イベント一覧; source_id=src_9bfd16fa78bde9bb; 説明生成=facts_only,体験＆教室,浜松市中央区,,,,
221309,WEB83e4737c50,静岡県,浜松市,＜上映＆トーク＞ドキュメンタリー・スタディーズ vol.5,,,2026-08-08,2026-08-08,13:00,17:00,,「＜上映＆トーク＞ドキュメンタリー・スタディーズ vol.5」は2026-08-08に13:00から17:00に木下惠介記念館（浜松市旧浜松銀行協会）開催予定です。料金は1000円です。詳細は出典URLをご確認ください。,1000円,,浜松市鴨江アートセンター,053-458-5360,,浜松市鴨江アートセンター（指定管理者：浜松創造都市協議会・東海ビル管理グループ）,木下惠介記念館（浜松市旧浜松銀行協会）,浜松市中央区栄町3番地の1,,34.704369,137.725342,,あり,,,,,https://www.at-s.com/event/article/2001434,Web収集: アットエス 浜松市中央区イベント一覧; source_id=src_9bfd16fa78bde9bb; 説明生成=facts_only; ジオコーディング補完: 浜松市中央区栄町3番地の1,アートイベント,浜松市中央区,,,,
221309,WEB9f83d5e093,静岡県,浜松市,浜松ヌードデッサン会,,,2026-08-08,2026-08-08,10:00,12:00,,「浜松ヌードデッサン会」は2026-08-08に10:00から12:00に南部協働センター開催予定です。料金は2000円 / 1000円です。事前申込が必要です。詳細は出典URLをご確認ください。,2000円 / 1000円,,アトリエ茶葉 松野,090-2563ｰ5115,,アトリエ茶葉,南部協働センター,浜松市中央区海老塚2丁目25−17,,34.696949,137.734116,,,,2026-08-07,,事前申込が必要です。詳細は出典URLをご確認ください。,https://www.at-s.com/event/article/2008687,Web収集: アットエス 浜松市中央区イベント一覧; source_id=src_9bfd16fa78bde9bb; 説明生成=facts_only,企画展・アート,浜松市中央区,,,,
221309,WEB5259ff0862,静岡県,浜松市,はらぺこあおむし上映会&ワークショップ2026,,,2026-08-08,2026-08-08,10:00,10:35,,「はらぺこあおむし上映会&ワークショップ2026」は2026-08-08に10:00から10:35にあいホール (浜松市男女共同参画・文化芸術活動推進センター)開催予定です。料金は無料です。詳細は出典URLをご確認ください。,無料,,あいホール 浜松市男女共同参画・文化芸術活動推進センター,053-412-0350,,,あいホール (浜松市男女共同参画・文化芸術活動推進センター),浜松市中央区幸3-3-1,,34.741783,137.726974,,,,,,,https://www.at-s.com/event/article/1994191,Web収集: アットエス 浜松市中央区イベント一覧; source_id=src_9bfd16fa78bde9bb; 説明生成=facts_only,"親子・子供, 体験＆教室, 上映会",浜松市中央区,,,,
221309,WEBc627bcceb7,静岡県,浜松市,大人の雑貨市,,,2026-08-08,2026-08-08,11:00,16:00,,「大人の雑貨市」は2026-08-08に11:00から16:00にツインギャラリー蔵開催予定です。料金は無料です。詳細は出典URLをご確認ください。,無料,,ツインギャラリー蔵事務所・丸上産業株式会社,053-447-1038,,,ツインギャラリー蔵,浜松市中央区入野町1104,,34.701485,137.682983,,,,,,,https://www.at-s.com/event/article/2008132,Web収集: アットエス 浜松市中央区イベント一覧; source_id=src_9bfd16fa78bde9bb; 説明生成=facts_only; ジオコーディング補完: 浜松市中央区入野町1104,企画展・アート,浜松市中央区,,,,
221309,WEBdc120e8b5f,静岡県,浜松市,はままつフラワーパーク ヒマワリの花畑,,,2026-07-31,2026-07-31,09:00,17:00,,「はままつフラワーパーク ヒマワリの花畑」は2026-07-31に09:00から17:00にはままつフラワーパーク開催予定です。料金は無料です。詳細は出典URLをご確認ください。,無料,,はままつフラワーパーク,053-487-0511,,はままつフラワーパーク,はままつフラワーパーク,浜松市中央区舘山寺町195,,34.761742,137.619071,,,,,,,https://www.at-s.com/event/article/1096635,Web収集: アットエス 浜松市中央区イベント一覧; source_id=src_9bfd16fa78bde9bb; 説明生成=facts_only,花・自然,浜松市中央区,,,,
221309,WEB2f350d6d6e,静岡県,浜松市,ナイトウォット＜浜名湖体験学習施設ウォット＞,,,2026-08-08,2026-08-08,18:30,20:30,,「ナイトウォット＜浜名湖体験学習施設ウォット＞」は2026-08-08に18:30から20:30に浜名湖体験学習施設ウォット開催予定です。料金は無料です。事前申込が必要です。詳細は出典URLをご確認ください。,無料,,浜名湖体験学習施設ウォット,053-592-2880,,浜名湖体験学習施設ウォット,浜名湖体験学習施設ウォット,浜松市中央区舞阪町弁天島5005-3,,34.69936,137.606384,,,,,,事前申込が必要です。詳細は出典URLをご確認ください。,https://www.at-s.com/event/article/375001,Web収集: アットエス 浜松市中央区イベント一覧; source_id=src_9bfd16fa78bde9bb; 説明生成=facts_only,体験イベント,浜松市中央区,,,,
221309,WEBa402f90cd9,静岡県,浜松市,おはなしティーポットさんのおはなし会,,,2026-08-09,2026-08-09,14:00,14:40,,「おはなしティーポットさんのおはなし会」は2026-08-09に14:00から14:40におおきいちいさいこどもの本 菫堂（すみれどう） 和室開催予定です。料金は無料です。事前申込が必要です。詳細は出典URLをご確認ください。,無料,,菫堂（すみれどう）,090-7601-7426,,おはなしティーポット,おおきいちいさいこどもの本 菫堂（すみれどう） 和室,浜松市中央区上西町900-49,,34.724869,137.760727,,あり,10名,,,事前申込が必要です。詳細は出典URLをご確認ください。,https://www.at-s.com/event/article/2016170,Web収集: アットエス 浜松市中央区イベント一覧; source_id=src_9bfd16fa78bde9bb; 説明生成=facts_only; ジオコーディング補完: 浜松市中央区上西町900-49,親子・子供イベント,浜松市中央区,,,,
221309,WEBb57ba66cb0,静岡県,浜松市,M笑むP 船越公園ノルディック・ウォーク体験会（8/10）,,,2026-08-10,2026-08-10,10:00,11:30,,「M笑むP 船越公園ノルディック・ウォーク体験会（8/10）」は2026-08-10に10:00から11:30に船越公園開催予定です。料金は300円 / 200円です。詳細は出典URLをご確認ください。,300円 / 200円,,M笑むP 船越公園担当,武藤:080-5169-1821 ／名和:090-4407-3821,,M笑むP,船越公園,浜松市中央区船越町49-3,,34.719513,137.749496,,,,,,,https://www.at-s.com/event/article/2008986,Web収集: アットエス 浜松市中央区イベント一覧; source_id=src_9bfd16fa78bde9bb; 説明生成=facts_only,体験イベント,浜松市中央区,,,,
221309,WEBc3d1ff35da,静岡県,浜松市,やらまいか給食！それは何なんWサミット2026,,,2026-08-11,2026-08-11,13:30,16:40,,「やらまいか給食！それは何なんWサミット2026」は2026-08-11に13:30から16:40に浜松市市民協働センター ( はまこら ) 第1・第2研修室/ギャラリー開催予定です。料金は無料です。詳細は出典URLをご確認ください。,無料,,こどもたちの食の未来のネットワークはままつ,080-6929-2103,,,浜松市市民協働センター ( はまこら ) 第1・第2研修室/ギャラリー,浜松市中央区中央1丁目13番地3号,,34.709328,137.734528,,,,,,,https://www.at-s.com/event/article/2016260,Web収集: アットエス 浜松市中央区イベント一覧; source_id=src_9bfd16fa78bde9bb; 説明生成=facts_only,セミナー・講演,浜松市中央区,,,,
221309,WEBa8e56621af,静岡県,浜松市,夏休み体験館＜浜松市博物館＞,,,2026-08-11,2026-08-11,09:00,17:00,,「夏休み体験館＜浜松市博物館＞」は2026-08-11に09:00から17:00に浜松市博物館開催予定です。詳細は出典URLをご確認ください。,,,浜松市博物館,053-456-2208,,浜松市博物館,浜松市博物館,浜松市中央区蜆塚4-22-1,,34.713432,137.703659,,,,,,,https://www.at-s.com/event/article/122279,Web収集: アットエス 浜松市中央区イベント一覧; source_id=src_9bfd16fa78bde9bb; 説明生成=facts_only,体験イベント,中央区,,,,
221309,WEBfebdcccd61,静岡県,浜松市,ペルセウス座流星群 観望会,,,2026-08-12,2026-08-12,21:00,23:00,,「ペルセウス座流星群 観望会」は2026-08-12に21:00から23:00に凧揚げグラウンド開催予定です。料金は無料です。事前申込が必要です。詳細は出典URLをご確認ください。,無料,,浜松市天文台,053-425-9158,,,凧揚げグラウンド,浜松市中央区白羽町2676,,34.66608,137.728958,,,,,,事前申込が必要です。詳細は出典URLをご確認ください。,https://www.at-s.com/event/article/752452,Web収集: アットエス 浜松市中央区イベント一覧; source_id=src_9bfd16fa78bde9bb; 説明生成=facts_only; ジオコーディング補完: 浜松市中央区白羽町2676,花・自然,浜松市中央区,,,,
221309,WEB5cab5620d1,静岡県,浜松市,舘山寺温泉花火ナイト,,,2026-08-13,2026-08-13,20:00,,,「舘山寺温泉花火ナイト」は2026-08-13に20:00に舘山寺温泉 内浦湾開催予定です。料金は無料です。詳細は出典URLをご確認ください。,無料,,舘山寺温泉観光協会事務局,053-487-0152,,,舘山寺温泉 内浦湾,浜松市中央区舘山寺町,,34.760361,137.620331,,,,,,,https://www.at-s.com/event/article/1765409,Web収集: アットエス 浜松市中央区イベント一覧; source_id=src_9bfd16fa78bde9bb; 説明生成=facts_only,花火大会,浜松市中央区,,,,
221309,WEBf7dc2dc91c,静岡県,浜松市,ハーモニカとクラリネットとアロマ,,,2026-08-14,2026-08-14,15:00,15:30,,「ハーモニカとクラリネットとアロマ」は2026-08-14に15:00から15:30にIGUZIONE CAFE（イグツィオーネ カフェ）開催予定です。料金は2000円です。事前申込が必要です。詳細は出典URLをご確認ください。,2000円,,杉浦菜美（SBS学苑講師）,090-4851-1852,,,IGUZIONE CAFE（イグツィオーネ カフェ）,浜松市中央区高町200-25,,34.711899,137.721954,,,,,,事前申込が必要です。詳細は出典URLをご確認ください。,https://www.at-s.com/event/article/2014668,Web収集: アットエス 浜松市中央区イベント一覧; source_id=src_9bfd16fa78bde9bb; 説明生成=facts_only; ジオコーディング補完: 浜松市中央区高町200-25,ライブ・コンサート,浜松市中央区,,,,
221309,WEB773cf1d7d6,静岡県,浜松市,浜松八幡宮 例大祭,,,2026-08-14,2026-08-14,17:30,21:00,,「浜松八幡宮 例大祭」は2026-08-14に17:30から21:00に浜松八幡宮および周辺開催予定です。料金は無料です。詳細は出典URLをご確認ください。,無料,,,053-461-3429,,,浜松八幡宮および周辺,浜松市中央区八幡町2,,34.715656,137.736801,,,,,,,https://www.at-s.com/event/article/1777403,Web収集: アットエス 浜松市中央区イベント一覧; source_id=src_9bfd16fa78bde9bb; 説明生成=facts_only; ジオコーディング補完: 浜松市中央区八幡町2,祭り・花火大会,中央区,,,,
221309,WEB05960864d1,静岡県,浜松市,笠井まつり（春日神社例祭）,,,2026-08-14,2026-08-14,18:00,10:00,,「笠井まつり（春日神社例祭）」は2026-08-14に18:00から10:00に春日神社および周辺地域開催予定です。料金は無料です。詳細は出典URLをご確認ください。,無料,,笠井祭典本部（春日神社総代 小栗）,053-435-3055 090-3250-4068,,春日神社,春日神社および周辺地域,浜松市中央区笠井町1348-1,,34.766777,137.793488,,,,,,,https://www.at-s.com/event/article/122395,Web収集: アットエス 浜松市中央区イベント一覧; source_id=src_9bfd16fa78bde9bb; 説明生成=facts_only,祭り,中央区,,,,
221309,WEBb319993856,静岡県,浜松市,プラタナスコンサート2026,,,2026-08-15,2026-08-15,13:15,14:45,,「プラタナスコンサート2026」は2026-08-15に13:15から14:45にアクトシティ浜松大ホール（浜松市中区板屋町）開催予定です。料金は無料です。事前申込が必要です。詳細は出典URLをご確認ください。,無料,,静岡新聞SBSお客様センター,0570-050-217,,静岡新聞SBS,アクトシティ浜松大ホール（浜松市中区板屋町）,浜松市中央区板屋町（次のビルを除く）320-1,,34.705528,137.735724,,,,,,事前申込が必要です。詳細は出典URLをご確認ください。,https://www.at-s.com/event/article/1257411,Web収集: アットエス 浜松市中央区イベント一覧; source_id=src_9bfd16fa78bde9bb; 説明生成=facts_only,ライブ・コンサート,浜松市中区,,,,
221309,WEB6e10c43d5e,静岡県,浜松市,村櫛海岸で楽しむ！BBQ × 遊覧船 × 自然観察,,,2026-08-15,2026-08-15,10:00,15:00,,「村櫛海岸で楽しむ！BBQ × 遊覧船 × 自然観察」は2026-08-15に10:00から15:00に村櫛南海荘開催予定です。料金は5500円 / 2500円 / 500円です。事前申込が必要です。詳細は出典URLをご確認ください。,5500円 / 2500円 / 500円,,NPO法人浜名湖フォーラム,090-7043-2317,,NPO法人 浜名湖フォーラム,村櫛南海荘,浜松市中央区村櫛町1650,,34.734631,137.59465,,,,2026-08-13,,事前申込が必要です。詳細は出典URLをご確認ください。,https://www.at-s.com/event/article/2018448,Web収集: アットエス 浜松市中央区イベント一覧; source_id=src_9bfd16fa78bde9bb; 説明生成=facts_only; ジオコーディング補完: 浜松市中央区村櫛町1650,"親子・子供, 暮らし＆カルチャー, 体験＆教室",浜松市中央区,,,,
221309,WEB0ddac7c15d,静岡県,浜松市,遠州灘海浜公園風紋広場フリーマーケット（8/16）,,,2026-08-16,2026-08-16,08:30,11:00,,「遠州灘海浜公園風紋広場フリーマーケット（8/16）」は2026-08-16に08:30から11:00に浜松まつり会館前「風紋広場」（風車公園内）開催予定です。料金は1000円です。詳細は出典URLをご確認ください。,1000円,,浜松リユースの会・藤田,053-421-1625,,浜松リユースの会,浜松まつり会館前「風紋広場」（風車公園内）,浜松市中央区中田島町1674,,34.665016,137.741699,,,,2026-08-15,,,https://www.at-s.com/event/article/1255615,Web収集: アットエス 浜松市中央区イベント一覧; source_id=src_9bfd16fa78bde9bb; 説明生成=facts_only,祭り,浜松市中央区,,,,
221309,WEB293667f252,静岡県,浜松市,木下惠介記念館映画上映会『今日もまたかくてありなん』,,,2026-08-16,2026-08-16,10:00,14:00,,「木下惠介記念館映画上映会『今日もまたかくてありなん』」は2026-08-16に10:00から14:00に木下惠介記念館（浜松市旧浜松銀行協会）開催予定です。料金は100円です。詳細は出典URLをご確認ください。,100円,,木下惠介記念館（浜松市旧浜松銀行協会）,053-457-3450,,木下惠介記念館,木下惠介記念館（浜松市旧浜松銀行協会）,浜松市中央区栄町3-1,,34.704369,137.725342,,,,,,,https://www.at-s.com/event/article/1940375,Web収集: アットエス 浜松市中央区イベント一覧; source_id=src_9bfd16fa78bde9bb; 説明生成=facts_only; ジオコーディング補完: 浜松市中央区栄町3-1,上映会,浜松市中央区,,,,
221309,WEB5f49c9daf6,静岡県,浜松市,みどりと花を愉しむノルディック・ウォーク＜8月17日＞,,,2026-08-17,2026-08-17,10:00,11:30,,「みどりと花を愉しむノルディック・ウォーク＜8月17日＞」は2026-08-17に10:00から11:30に浜松市緑化推進センター（みどり～な）管理棟で9:30～受付開催予定です。料金は300円 / 200円です。事前申込が必要です。詳細は出典URLをご確認ください。,300円 / 200円,,浜松市緑化推進センターみどり～な,053-426-2300,,静岡県ノルディック・ウォーク連盟,浜松市緑化推進センター（みどり～な）管理棟で9:30～受付,浜松市中央区大塚町1876-1,,34.700928,137.785034,,あり,,,,事前申込が必要です。詳細は出典URLをご確認ください。,https://www.at-s.com/event/article/1984056,Web収集: アットエス 浜松市中央区イベント一覧; source_id=src_9bfd16fa78bde9bb; 説明生成=facts_only,体験＆教室,浜松市中央区,,,,
221309,WEB37c00723d2,静岡県,浜松市,押し花で季節のカレンダーづくり,,,2026-08-19,2026-08-19,10:00,12:00,,「押し花で季節のカレンダーづくり」は2026-08-19に10:00から12:00に浜松市緑化推進センター（みどり～な）開催予定です。料金は800円です。詳細は出典URLをご確認ください。,800円,,浜松市緑化推進センターみどり～な,053-426-2300,,浜松市緑化推進センターみどり～な,浜松市緑化推進センター（みどり～な）,浜松市中央区大塚町1876-1,,34.700928,137.785034,,あり,10人,2026-08-12,,,https://www.at-s.com/event/article/1982774,Web収集: アットエス 浜松市中央区イベント一覧; source_id=src_9bfd16fa78bde9bb; 説明生成=facts_only,体験＆教室,浜松市中央区,,,,
221309,WEB3e0c6ec8b8,静岡県,浜松市,M笑むP 佐鳴湖公園ノルディック・ウォーク体験会(8/19）,,,2026-08-19,2026-08-19,10:00,11:30,,「M笑むP 佐鳴湖公園ノルディック・ウォーク体験会(8/19）」は2026-08-19に10:00から11:30に佐鳴湖公園 富塚花見台駐車場開催予定です。料金は300円 / 200円です。詳細は出典URLをご確認ください。,300円 / 200円,,M笑むP佐鳴湖公園担当,武藤:080-5169-1821 ／名和:090-4407-3821,,M笑むP,佐鳴湖公園 富塚花見台駐車場,浜松市中央区大平台1丁目3,,34.716705,137.689148,,,,,,,https://www.at-s.com/event/article/1967974,Web収集: アットエス 浜松市中央区イベント一覧; source_id=src_9bfd16fa78bde9bb; 説明生成=facts_only,体験イベント,浜松市中央区,,,,
221309,WEBb04b6702bc,静岡県,浜松市,東京ディズニーシー（R）25周年“スパークリング・ジュビリー”イン・コンサート,,,2026-08-20,2026-08-20,18:30,17:30,,「東京ディズニーシー（R）25周年“スパークリング・ジュビリー”イン・コンサート」は2026-08-20に18:30から17:30にアクトシティ浜松 大ホール開催予定です。詳細は出典URLをご確認ください。,,,サンデーフォークプロモーション静岡 （月～土 12:00～18:00）,053-451-1111,,静岡新聞SBS主催事業,アクトシティ浜松 大ホール,浜松市中央区板屋町111-1,,34.705528,137.735724,,,,,,,https://www.at-s.com/event/article/1928135,Web収集: アットエス 浜松市中央区イベント一覧; source_id=src_9bfd16fa78bde9bb; 説明生成=facts_only,ライブ・コンサート,浜松市中央区,,,,
221309,WEBdf4efd5784,静岡県,浜松市,みどりと花を愉しむノルディック・ウォーク＜8月20日＞,,,2026-08-20,2026-08-20,10:00,11:30,,「みどりと花を愉しむノルディック・ウォーク＜8月20日＞」は2026-08-20に10:00から11:30に浜松市緑化推進センター（みどり～な）管理棟で9:30～受付開催予定です。料金は300円 / 200円です。事前申込が必要です。詳細は出典URLをご確認ください。,300円 / 200円,,浜松市緑化推進センターみどり～な,053-426-2300,,静岡県ノルディック・ウォーク連盟,浜松市緑化推進センター（みどり～な）管理棟で9:30～受付,浜松市中央区大塚町1876-1,,34.700928,137.785034,,あり,,,,事前申込が必要です。詳細は出典URLをご確認ください。,https://www.at-s.com/event/article/1984057,Web収集: アットエス 浜松市中央区イベント一覧; source_id=src_9bfd16fa78bde9bb; 説明生成=facts_only,体験＆教室,浜松市中央区,,,,
221309,WEB2a77742ad8,静岡県,浜松市,第15回浜松ジオラマグランプリ2026,,,2026-08-20,2026-08-20,10:00,20:00,,「第15回浜松ジオラマグランプリ2026」は2026-08-20に10:00から20:00にザザシティ浜松西館1階特設会場開催予定です。料金は無料です。詳細は出典URLをご確認ください。,無料,,浜松ジオラマグランプリ実行委員会,053-413-3333,,浜松ジオラマファクトリー,ザザシティ浜松西館1階特設会場,浜松市中央区鍛冶町15 ザザシティ浜松西館1階,,34.703552,137.732422,,,,,,,https://www.at-s.com/event/article/2010445,Web収集: アットエス 浜松市中央区イベント一覧; source_id=src_9bfd16fa78bde9bb; 説明生成=facts_only,企画展・アート,浜松市中央区,,,,
221309,WEBc28f3f9612,静岡県,浜松市,大人のならいごと見つけた、“好き”のいろどり展【後半】,,,2026-08-20,2026-08-20,11:00,17:00,,「大人のならいごと見つけた、“好き”のいろどり展【後半】」は2026-08-20に11:00から17:00にツインギャラリー蔵開催予定です。料金は無料です。詳細は出典URLをご確認ください。,無料,,ツインギャラリー蔵事務所・丸上産業株式会社,053-447-1038,,ツインギャラリー蔵,ツインギャラリー蔵,浜松市中央区入野町1104,,34.701485,137.682983,,,,,,,https://www.at-s.com/event/article/2008134,Web収集: アットエス 浜松市中央区イベント一覧; source_id=src_9bfd16fa78bde9bb; 説明生成=facts_only; ジオコーディング補完: 浜松市中央区入野町1104,企画展・アート,浜松市中央区,,,,
221309,WEBcb1df0c2fd,静岡県,浜松市,浜松市北部水泳場 屋外プール開設期間,,,2026-06-27,2026-08-31,09:30,17:00,,「浜松市北部水泳場 屋外プール開設期間」は2026-06-27から2026-08-31に09:30から17:00に浜松市北部水泳場開催予定です。料金は無料です。詳細は出典URLをご確認ください。,無料,,浜松市北部水泳場,053-438-0220,,浜松市,浜松市北部水泳場,浜松市中央区高丘西4-7-1,,34.76012,137.692627,,,,,,,https://www.at-s.com/event/article/1752506,Web収集: アットエス 浜松市中央区イベント一覧; source_id=src_9bfd16fa78bde9bb; 説明生成=facts_only; ジオコーディング補完: 浜松市中央区高丘西4-7-1,スポーツ,中央区,,,,
221309,WEB927bcb8164,静岡県,浜松市,しずおかキッズアカデミーwith浜松基地,,,2026-08-21,2026-08-21,10:20,15:00,,「しずおかキッズアカデミーwith浜松基地」は2026-08-21に10:20から15:00に航空自衛隊浜松広報館 エアーパーク開催予定です。事前申込が必要です。詳細は出典URLをご確認ください。,,,静岡銀行地方創生部,054-345-9170,,,航空自衛隊浜松広報館 エアーパーク,浜松市中央区西山町 無番地,,34.741135,137.688538,,,,2026-08-12,,事前申込が必要です。詳細は出典URLをご確認ください。,https://www.at-s.com/event/article/2015144,Web収集: アットエス 浜松市中央区イベント一覧; source_id=src_9bfd16fa78bde9bb; 説明生成=facts_only; ジオコーディング補完: 浜松市中央区西山町 無番地,親子・子供,浜松市中央区,,,,
221309,WEB76ecf2c514,静岡県,浜松市,【チケットプレゼント】富士山静岡交響楽団 名曲クラシックコンサート,,,2026-08-21,2026-08-21,18:30,17:45,,「【チケットプレゼント】富士山静岡交響楽団 名曲クラシックコンサート」は2026-08-21に18:30から17:45にアクトシティ浜松 中ホール開催予定です。料金は5000円 / 4500円 / 3500円です。詳細は出典URLをご確認ください。,5000円 / 4500円 / 3500円,,公益財団法人富士山静岡交響楽団（静響） ※旧：静岡交響楽団,054-203-6578,,富士山静岡交響楽団,アクトシティ浜松 中ホール,浜松市中央区板屋町111-1,,34.705528,137.735724,,,,2026-07-26,,,https://www.at-s.com/event/article/1952446,Web収集: アットエス 浜松市中央区イベント一覧; source_id=src_9bfd16fa78bde9bb; 説明生成=facts_only,ライブ・コンサート,浜松市中央区,,,,
221309,WEB9258bcbee6,静岡県,浜松市,浜松駅南スロータウンまつり,,,2026-08-22,2026-08-22,16:00,20:30,,「浜松駅南スロータウンまつり」は2026-08-22に16:00から20:30に砂山公園開催予定です。料金は無料です。詳細は出典URLをご確認ください。,無料,,浜松駅南スロータウンまつり実行委員会（担当：虎岩）,090-1418-4440,,,砂山公園,浜松市中央区砂山町698,,34.701302,137.735947,,あり,,,,,https://www.at-s.com/event/article/2014186,Web収集: アットエス 浜松市中央区イベント一覧; source_id=src_9bfd16fa78bde9bb; 説明生成=facts_only,祭り,浜松市中央区,,,,
221309,WEB9649334fdb,静岡県,浜松市,夜の科学館【8月】＜浜松科学館 みらいーら＞,,,2026-08-22,2026-08-22,18:01,20:00,,「夜の科学館【8月】＜浜松科学館 みらいーら＞」は2026-08-22に18:01から20:00に浜松科学館 みらいーら開催予定です。料金は600円 / 300円です。詳細は出典URLをご確認ください。,600円 / 300円,,浜松科学館 みらいーら,053-454-0178,,浜松科学館 みらいーら,浜松科学館 みらいーら,浜松市中央区北寺島町256-3,,34.704948,137.739548,,あり,,,,,https://www.at-s.com/event/article/1762843,Web収集: アットエス 浜松市中央区イベント一覧; source_id=src_9bfd16fa78bde9bb; 説明生成=facts_only; ジオコーディング補完: 浜松市中央区北寺島町256-3,体験＆教室,浜松市中央区,,,,
221309,WEB4232757615,静岡県,浜松市,わくわくフェスタ～しずぎんde夏祭り2026～ in浜松,,,2026-08-22,2026-08-22,10:00,14:00,,「わくわくフェスタ～しずぎんde夏祭り2026～ in浜松」は2026-08-22に10:00から14:00にしずぎん相談ラウンジ浜松開催予定です。料金は無料です。事前申込が必要です。詳細は出典URLをご確認ください。,無料,,しずぎん相談ラウンジ浜松,053-545-7101,,,しずぎん相談ラウンジ浜松,浜松市中央区相生町3番10号,,34.708286,137.745224,,,,,,事前申込が必要です。詳細は出典URLをご確認ください。,https://www.at-s.com/event/article/2017818,Web収集: アットエス 浜松市中央区イベント一覧; source_id=src_9bfd16fa78bde9bb; 説明生成=facts_only,祭り,浜松市中央区,,,,
221309,WEBec94fc5c99,静岡県,浜松市,石人の星公園 にこにこフリーマーケット 8月,,,2026-07-01,2026-08-21,10:00,14:00,,「石人の星公園 にこにこフリーマーケット 8月」は2026-07-01から2026-08-21に10:00から14:00に石人の星公園（遠州灘海浜公園 中田島北地区）開催予定です。料金は1500円です。詳細は出典URLをご確認ください。,1500円,,AN'sEventFactory合同会社,090-5112-5004,,,石人の星公園（遠州灘海浜公園 中田島北地区）,浜松市中央区江之島町1706,,34.662468,137.755569,,,,,,,https://www.at-s.com/event/article/1883319,Web収集: アットエス 浜松市中央区イベント一覧; source_id=src_9bfd16fa78bde9bb; 説明生成=facts_only,フリーマーケット,浜松市中央区,,,,
221309,WEBed3366871d,静岡県,浜松市,M笑むP 船越公園ノルディック・ウォーク体験会（8/24）,,,2026-08-24,2026-08-24,10:00,11:30,,「M笑むP 船越公園ノルディック・ウォーク体験会（8/24）」は2026-08-24に10:00から11:30に船越公園開催予定です。料金は300円 / 200円です。詳細は出典URLをご確認ください。,300円 / 200円,,M笑むP 船越公園担当,武藤:080-5169-1821 ／名和:090-4407-3821,,M笑むP,船越公園,浜松市中央区船越町49-3,,34.719513,137.749496,,,,,,,https://www.at-s.com/event/article/2008988,Web収集: アットエス 浜松市中央区イベント一覧; source_id=src_9bfd16fa78bde9bb; 説明生成=facts_only,体験イベント,浜松市中央区,,,,
221309,WEBccb284cb4d,静岡県,浜松市,さだまさしコンサートツアー2026 神さまの言うとおり,,,2026-08-25,2026-08-25,17:00,18:00,,「さだまさしコンサートツアー2026 神さまの言うとおり」は2026-08-25に17:00から18:00にアクトシティ浜松 大ホール開催予定です。詳細は出典URLをご確認ください。,,,サンデーフォークプロモーション静岡,054-284-9999（月〜土、12:00〜18:00）,,静岡新聞SBS主催事業,アクトシティ浜松 大ホール,浜松市中央区板屋町111-1,,34.705528,137.735724,,,,,,,https://www.at-s.com/event/article/1928842,Web収集: アットエス 浜松市中央区イベント一覧; source_id=src_9bfd16fa78bde9bb; 説明生成=facts_only,ライブ・コンサート,浜松市中央区,,,,
221309,WEBb66596365d,静岡県,浜松市,スイーツプレート付きクラフト体験,,,2026-08-25,2026-08-25,10:00,11:30,,「スイーツプレート付きクラフト体験」は2026-08-25に10:00から11:30に水辺のお宿 いのうえ開催予定です。料金は2500円 / 3000円です。事前申込が必要です。詳細は出典URLをご確認ください。,2500円 / 3000円,,アトリエFiT(アトリエフィット),090-4215-4233,,,水辺のお宿 いのうえ,浜松市中央区舞阪町弁天島3742,,34.694347,137.6026,,あり,,,,事前申込が必要です。詳細は出典URLをご確認ください。,https://www.at-s.com/event/article/2013583,Web収集: アットエス 浜松市中央区イベント一覧; source_id=src_9bfd16fa78bde9bb; 説明生成=facts_only; ジオコーディング補完: 浜松市中央区舞阪町弁天島3742,体験イベント,浜松市中央区,,,,
221309,WEB929b2ed6b4,静岡県,浜松市,季節のプリザーブドフラワーアレンジメント講座（8月）,,,2026-08-25,2026-08-25,10:00,12:00,,「季節のプリザーブドフラワーアレンジメント講座（8月）」は2026-08-25に10:00から12:00に浜松市緑化推進センター（みどり～な） 管理棟で9時～受付開催予定です。料金は3600円です。詳細は出典URLをご確認ください。,3600円,,浜松市緑化推進センターみどり～な,053-426-2300,,浜松市緑化推進センターみどり～な,浜松市緑化推進センター（みどり～な） 管理棟で9時～受付,浜松市中央区大塚町1876-1,,34.700928,137.785034,,あり,20人,2026-08-18,,,https://www.at-s.com/event/article/1982778,Web収集: アットエス 浜松市中央区イベント一覧; source_id=src_9bfd16fa78bde9bb; 説明生成=facts_only,体験イベント,浜松市中央区,,,,
221309,WEBd1c738ac1e,静岡県,浜松市,浜松アリーナ スポーツ塾2026 8月コース,,,2026-08-25,2026-08-25,10:00,12:00,,「浜松アリーナ スポーツ塾2026 8月コース」は2026-08-25に10:00から12:00に浜松アリーナ メインアリーナ開催予定です。料金は3000円です。事前申込が必要です。詳細は出典URLをご確認ください。,3000円,,浜松アリーナ,053-461-1111,,,浜松アリーナ メインアリーナ,浜松市中央区和田町808-1,,34.718025,137.766769,,,,,,事前申込が必要です。詳細は出典URLをご確認ください。,https://www.at-s.com/event/article/1998111,Web収集: アットエス 浜松市中央区イベント一覧; source_id=src_9bfd16fa78bde9bb; 説明生成=facts_only; ジオコーディング補完: 浜松市中央区和田町808-1,スポーツ,浜松市中央区,,,,
221309,WEB1ef6ceecae,静岡県,浜松市,みどりと花を愉しむノルディック・ウォーク＜8月27日＞,,,2026-08-27,2026-08-27,10:00,11:30,,「みどりと花を愉しむノルディック・ウォーク＜8月27日＞」は2026-08-27に10:00から11:30に浜松市緑化推進センター（みどり～な）管理棟で9:30～受付開催予定です。料金は300円 / 200円です。事前申込が必要です。詳細は出典URLをご確認ください。,300円 / 200円,,浜松市緑化推進センターみどり～な,053-426-2300,,静岡県ノルディック・ウォーク連盟,浜松市緑化推進センター（みどり～な）管理棟で9:30～受付,浜松市中央区大塚町1876-1,,34.700928,137.785034,,あり,,,,事前申込が必要です。詳細は出典URLをご確認ください。,https://www.at-s.com/event/article/1984058,Web収集: アットエス 浜松市中央区イベント一覧; source_id=src_9bfd16fa78bde9bb; 説明生成=facts_only,体験＆教室,浜松市中央区,,,,
221309,WEB3a934752a9,静岡県,浜松市,庭園管理講座Ⅰ【樹木剪定】,,,2026-08-29,2026-08-29,09:00,12:00,,「庭園管理講座Ⅰ【樹木剪定】」は2026-08-29に09:00から12:00に浜松市緑化推進センター（みどり～な） 管理棟で午前9時～受付開催予定です。料金は500円です。詳細は出典URLをご確認ください。,500円,,浜松市緑化推進センターみどり～な,053-426-2300,,浜松市緑化推進センターみどり～な,浜松市緑化推進センター（みどり～な） 管理棟で午前9時～受付,浜松市中央区大塚町1876-1,,34.700928,137.785034,,あり,20人,2026-08-21,,,https://www.at-s.com/event/article/1982786,Web収集: アットエス 浜松市中央区イベント一覧; source_id=src_9bfd16fa78bde9bb; 説明生成=facts_only,体験イベント,浜松市中央区,,,,
221309,WEBe2d140174f,静岡県,浜松市,FCF古橋クロマチックハーモニカ コンサート,,,2026-08-29,2026-08-29,13:00,15:00,,「FCF古橋クロマチックハーモニカ コンサート」は2026-08-29に13:00から15:00にクリエート浜松 （中部協働センター・文化コミュニティセンター）開催予定です。詳細は出典URLをご確認ください。,,,090-6087-5523（佐藤）,437-0015,,,クリエート浜松 （中部協働センター・文化コミュニティセンター）,浜松市中央区早馬町,,34.710659,137.733429,,,,,,,https://www.at-s.com/event/article/1900603,Web収集: アットエス 浜松市中央区イベント一覧; source_id=src_9bfd16fa78bde9bb; 説明生成=facts_only,ライブ・コンサート,浜松市中央区,,,,
221309,WEB04b0d483f7,静岡県,浜松市,2026夏休みさんてこども映画祭,,,2026-08-30,2026-08-30,10:00,11:30,,「2026夏休みさんてこども映画祭」は2026-08-30に10:00から11:30に浜松市総合産業展示館 北館 1号ホール開催予定です。料金は無料です。事前申込が必要です。詳細は出典URLをご確認ください。,無料,,浜松市総合産業展示館映画係,053-421-1311,,浜松市総合産業展示館,浜松市総合産業展示館 北館 1号ホール,浜松市中央区流通元町20-2,,34.740475,137.791533,,,300名,2026-08-15,,事前申込が必要です。詳細は出典URLをご確認ください。,https://www.at-s.com/event/article/2012651,Web収集: アットエス 浜松市中央区イベント一覧; source_id=src_9bfd16fa78bde9bb; 説明生成=facts_only,親子・子供イベント,中央区,,,,
221309,WEBe086e73ead,静岡県,浜松市,氷のひ,,,2026-08-30,2026-08-30,,,,「氷のひ」は2026-08-30にツインギャラリー蔵開催予定です。事前申込が必要です。詳細は出典URLをご確認ください。,,,ツインギャラリー蔵事務所・丸上産業株式会社,053-447-1038,,,ツインギャラリー蔵,浜松市中央区入野町1104,,34.701485,137.682983,,,,,,事前申込が必要です。詳細は出典URLをご確認ください。,https://www.at-s.com/event/article/2008133,Web収集: アットエス 浜松市中央区イベント一覧; source_id=src_9bfd16fa78bde9bb; 説明生成=facts_only; ジオコーディング補完: 浜松市中央区入野町1104,フードフェス・グルメ,浜松市中央区,,,,
221309,WEB0b0523f79d,静岡県,浜松市,オールドフレンズ ソロライブ,,,2026-08-30,2026-08-30,12:30,15:30,,「オールドフレンズ ソロライブ」は2026-08-30に12:30から15:30にあいホール203号室開催予定です。料金は無料です。事前申込が必要です。詳細は出典URLをご確認ください。,無料,,アフタヌーンライブ実行委員会（伊藤）,090-3837-6746,,アフタヌーンライブ実行委員会,あいホール203号室,浜松市中央区幸3-3-1,,34.741783,137.726974,,,,,,事前申込が必要です。詳細は出典URLをご確認ください。,https://www.at-s.com/event/article/1984741,Web収集: アットエス 浜松市中央区イベント一覧; source_id=src_9bfd16fa78bde9bb; 説明生成=facts_only,ライブ・コンサート,浜松市中央区,,,,
221309,WEBc242627e3d,静岡県,浜松市,令和8年度 日曜創業スクール,,,2026-06-14,2026-07-26,09:00,12:00,,「令和8年度 日曜創業スクール」は2026-06-14から2026-07-26に09:00から12:00に浜名商工会 舞阪会館開催予定です。料金は5500円です。事前申込が必要です。詳細は出典URLをご確認ください。,5500円,,浜名商工会,053-592-2211,,浜名商工会,浜名商工会 舞阪会館,浜松市中央区舞阪町舞阪798,,34.686535,137.622375,,,,,,事前申込が必要です。詳細は出典URLをご確認ください。,https://www.at-s.com/event/article/1976250,Web収集: アットエス 浜松市中央区イベント一覧; source_id=src_9bfd16fa78bde9bb; 説明生成=facts_only,セミナー・講演,浜松市中央区,,,,
221309,WEB8cbef934a2,静岡県,浜松市,平野美術館 涼を取る,,,2026-06-13,2026-08-16,10:00,17:00,,「平野美術館 涼を取る」は2026-06-13から2026-08-16に10:00から17:00に平野美術館開催予定です。料金は無料です。詳細は出典URLをご確認ください。,無料,,平野美術館,053-474-0811,,平野美術館,平野美術館,浜松市中央区元浜町166,,34.715626,137.731216,,,,,,,https://www.at-s.com/event/article/1736216,Web収集: アットエス 浜松市中央区イベント一覧; source_id=src_9bfd16fa78bde9bb; 説明生成=facts_only,アートイベント,浜松市中央区,,,,
221309,WEBef54e858e7,静岡県,浜松市,オークラビアガーデン ACT BAR FESTA 2026,,,2026-06-11,2026-09-12,17:30,21:00,,「オークラビアガーデン ACT BAR FESTA 2026」は2026-06-11から2026-09-12に17:30から21:00にオークラアクトシティホテル浜松 2階ガレリアモール開催予定です。事前申込が必要です。詳細は出典URLをご確認ください。,,,予約センター（9:00～18:00）,053-459-1455,,オークラアクトシティホテル浜松,オークラアクトシティホテル浜松 2階ガレリアモール,浜松市中央区板屋町111-2,,34.705524,137.736804,,,,,,事前申込が必要です。詳細は出典URLをご確認ください。,https://www.at-s.com/event/article/1474733,Web収集: アットエス 浜松市中央区イベント一覧; source_id=src_9bfd16fa78bde9bb; 説明生成=facts_only,ビアガーデン,浜松市中央区,,,,
221309,WEB7db5159d33,静岡県,浜松市,M笑むP 佐鳴湖公園ノルディック・ウォーク体験会(9/2）,,,2026-09-02,2026-09-02,10:00,11:30,,「M笑むP 佐鳴湖公園ノルディック・ウォーク体験会(9/2）」は2026-09-02に10:00から11:30に佐鳴湖公園 富塚花見台駐車場開催予定です。料金は300円 / 200円です。詳細は出典URLをご確認ください。,300円 / 200円,,M笑むP佐鳴湖公園担当,武藤:080-5169-1821 ／名和:090-4407-3821,,M笑むP,佐鳴湖公園 富塚花見台駐車場,浜松市中央区大平台1丁目3,,34.716705,137.689148,,,,,,,https://www.at-s.com/event/article/1967975,Web収集: アットエス 浜松市中央区イベント一覧; source_id=src_9bfd16fa78bde9bb; 説明生成=facts_only,体験イベント,浜松市中央区,,,,
221309,WEBdf3083ba10,静岡県,浜松市,みどりと花を愉しむノルディック・ウォーク＜9月3日＞,,,2026-09-03,2026-09-03,10:00,11:30,,「みどりと花を愉しむノルディック・ウォーク＜9月3日＞」は2026-09-03に10:00から11:30に浜松市緑化推進センター（みどり～な）管理棟で9:30～受付開催予定です。料金は300円 / 200円です。事前申込が必要です。詳細は出典URLをご確認ください。,300円 / 200円,,浜松市緑化推進センターみどり～な,053-426-2300,,静岡県ノルディック・ウォーク連盟,浜松市緑化推進センター（みどり～な）管理棟で9:30～受付,浜松市中央区大塚町1876-1,,34.700928,137.785034,,あり,,,,事前申込が必要です。詳細は出典URLをご確認ください。,https://www.at-s.com/event/article/2008128,Web収集: アットエス 浜松市中央区イベント一覧; source_id=src_9bfd16fa78bde9bb; 説明生成=facts_only,体験＆教室,浜松市中央区,,,,
221309,WEB59af27c537,静岡県,浜松市,浜松BIG恋活フェス,,,2026-09-05,2026-09-05,17:00,19:00,,「浜松BIG恋活フェス」は2026-09-05に17:00から19:00に浜松市総合産業展示館 第3展示場開催予定です。料金は6300円 / 2300円です。事前申込が必要です。詳細は出典URLをご確認ください。,6300円 / 2300円,,浜松BIG恋活フェス運営事務局,07085690773（公開しないでください）,,,浜松市総合産業展示館 第3展示場,浜松市中央区流通元町20-2,,34.740475,137.791533,,,最大500名,,,事前申込が必要です。詳細は出典URLをご確認ください。,https://www.at-s.com/event/article/2015824,Web収集: アットエス 浜松市中央区イベント一覧; source_id=src_9bfd16fa78bde9bb; 説明生成=facts_only,恋活,浜松市中央区,,,,
221309,WEBdb2fd9f881,静岡県,浜松市,浜松市動物園 NIGHT ZOO 2026（ナイトズー）,,,2026-09-05,2026-09-05,09:00,20:30,,「浜松市動物園 NIGHT ZOO 2026（ナイトズー）」は2026-09-05に09:00から20:30に浜松市動物園開催予定です。料金は無料です。詳細は出典URLをご確認ください。,無料,,浜松市動物園,053-487-1122,,,浜松市動物園,浜松市中央区舘山寺町199,,34.76186,137.630035,,,,,,,https://www.at-s.com/event/article/122143,Web収集: アットエス 浜松市中央区イベント一覧; source_id=src_9bfd16fa78bde9bb; 説明生成=facts_only; ジオコーディング補完: 浜松市中央区舘山寺町199,動物・昆虫,浜松市中央区,,,,
221309,WEBdb8bbf5b2b,静岡県,浜松市,プロムナードコンサート＜9月＞,,,2026-09-05,2026-09-05,15:00,18:20,,「プロムナードコンサート＜9月＞」は2026-09-05に15:00から18:20にJR浜松駅北口広場「キタラ」開催予定です。料金は無料です。詳細は出典URLをご確認ください。,無料,,（公財）浜松市文化振興財団 文化事業課,053-451-1151,,,JR浜松駅北口広場「キタラ」,浜松市中央区旭町,,34.705399,137.733414,,あり,,,,,https://www.at-s.com/event/article/1789410,Web収集: アットエス 浜松市中央区イベント一覧; source_id=src_9bfd16fa78bde9bb; 説明生成=facts_only,ライブ・コンサート,中央区,,,,
221309,WEBcea9d3f406,静岡県,浜松市,みどりと花を愉しむノルディック・ウォーク＜9月7日＞,,,2026-09-07,2026-09-07,10:00,11:30,,「みどりと花を愉しむノルディック・ウォーク＜9月7日＞」は2026-09-07に10:00から11:30に浜松市緑化推進センター（みどり～な） 管理棟で9:30～受付開催予定です。料金は300円 / 200円です。事前申込が必要です。詳細は出典URLをご確認ください。,300円 / 200円,,浜松市緑化推進センターみどり～な,053-426-2300,,静岡県ノルディック・ウォーク連盟,浜松市緑化推進センター（みどり～な） 管理棟で9:30～受付,浜松市中央区大塚町1876-1,,34.700928,137.785034,,あり,,,,事前申込が必要です。詳細は出典URLをご確認ください。,https://www.at-s.com/event/article/2008129,Web収集: アットエス 浜松市中央区イベント一覧; source_id=src_9bfd16fa78bde9bb; 説明生成=facts_only,体験＆教室,浜松市中央区,,,,
221309,WEB574c875dcf,静岡県,浜松市,ときはま講演会,,,2026-09-09,2026-09-09,14:00,17:00,,「ときはま講演会」は2026-09-09に14:00から17:00にときはまスクエア開催予定です。料金は無料です。詳細は出典URLをご確認ください。,無料,,常盤工業㈱ 経営企画部,053-461-9157,,常盤工業,ときはまスクエア,浜松市中央区新津町197番地,,34.722878,137.741089,,,60名,,,,https://www.at-s.com/event/article/2014316,Web収集: アットエス 浜松市中央区イベント一覧; source_id=src_9bfd16fa78bde9bb; 説明生成=facts_only; ジオコーディング補完: 浜松市中央区新津町197番地,セミナー・講演,浜松市中央区,,,,
221309,WEB27b8c851b3,静岡県,浜松市,バラ農家から学ぶ、バラの管理講座【9月の管理】,,,2026-09-10,2026-09-10,14:00,15:30,,「バラ農家から学ぶ、バラの管理講座【9月の管理】」は2026-09-10に14:00から15:30に浜松市緑化推進センター（みどり～な） 管理棟で9時～受付開催予定です。料金は1000円です。詳細は出典URLをご確認ください。,1000円,,浜松市緑化推進センターみどり～な,053-426-2300,,浜松市緑化推進センターみどり～な,浜松市緑化推進センター（みどり～な） 管理棟で9時～受付,浜松市中央区大塚町1876-1,,34.700928,137.785034,,あり,20人,2026-09-03,,,https://www.at-s.com/event/article/2007122,Web収集: アットエス 浜松市中央区イベント一覧; source_id=src_9bfd16fa78bde9bb; 説明生成=facts_only,体験イベント,浜松市中央区,,,,
221309,WEB3be7e860a5,静岡県,浜松市,M笑むP 石人の星公園 ノルディック・ウォーク体験(9/10）,,,2026-09-10,2026-09-10,10:00,11:30,,「M笑むP 石人の星公園 ノルディック・ウォーク体験(9/10）」は2026-09-10に10:00から11:30に石人の星公園（静岡県営都市公園 遠州灘海浜公園 中田島北地区）石像モニュメント前開催予定です。料金は300円 / 200円です。詳細は出典URLをご確認ください。,300円 / 200円,,M笑むP石人の星公園担当,武藤:080-5169-1821 ／村松:090-5867-2408,,M笑むP,石人の星公園（静岡県営都市公園 遠州灘海浜公園 中田島北地区）石像モニュメント前,浜松市中央区江之島町1706,,34.662468,137.755569,,,,,,,https://www.at-s.com/event/article/2008944,Web収集: アットエス 浜松市中央区イベント一覧; source_id=src_9bfd16fa78bde9bb; 説明生成=facts_only,体験イベント,浜松市中央区,,,,
221309,WEB54d7e39551,静岡県,浜松市,かやぶき屋根の下で聞く日本の昔ばなし＜2026年9月＞,,,2026-09-12,2026-09-12,14:00,,,「かやぶき屋根の下で聞く日本の昔ばなし＜2026年9月＞」は2026-09-12に14:00に蜆塚公園内 江戸時代古民家「旧高山家」※浜松市博物館隣接開催予定です。料金は無料です。事前申込が必要です。詳細は出典URLをご確認ください。,無料,,浜松市博物館,053-456-2208,,,蜆塚公園内 江戸時代古民家「旧高山家」※浜松市博物館隣接,浜松市中央区蜆塚4-22-1,,34.713432,137.703659,,,,,,事前申込が必要です。詳細は出典URLをご確認ください。,https://www.at-s.com/event/article/745441,Web収集: アットエス 浜松市中央区イベント一覧; source_id=src_9bfd16fa78bde9bb; 説明生成=facts_only,暮らし＆カルチャー,中央区,,,,
221309,WEBd58686130e,静岡県,浜松市,Mac 5 Jazz live,,,2026-09-12,2026-09-12,19:00,21:00,,「Mac 5 Jazz live」は2026-09-12に19:00から21:00にJazzRag Doll開催予定です。料金は1500円 / 500円です。詳細は出典URLをご確認ください。,1500円 / 500円,,Mac5,080-9489-7474,,,JazzRag Doll,浜松市中央区海老塚1-9-9,,34.699352,137.729218,,,,,,,https://www.at-s.com/event/article/2010438,Web収集: アットエス 浜松市中央区イベント一覧; source_id=src_9bfd16fa78bde9bb; 説明生成=facts_only; ジオコーディング補完: 浜松市中央区海老塚1-9-9,ライブ・コンサート,浜松市中央区,,,,
221309,WEB6aef88fc55,静岡県,浜松市,畑がなくてもできる大根づくりに挑戦,,,2026-09-12,2026-09-12,10:00,12:00,,「畑がなくてもできる大根づくりに挑戦」は2026-09-12に10:00から12:00に浜松市緑化推進センター（みどり～な）開催予定です。料金は1000円です。事前申込が必要です。詳細は出典URLをご確認ください。,1000円,,浜松市緑化推進センターみどり～な,053-426-2300,,浜松市緑化推進センターみどり～な,浜松市緑化推進センター（みどり～な）,浜松市中央区大塚町1876-1,,34.700928,137.785034,,あり,,2026-09-05,,事前申込が必要です。詳細は出典URLをご確認ください。,https://www.at-s.com/event/article/2007125,Web収集: アットエス 浜松市中央区イベント一覧; source_id=src_9bfd16fa78bde9bb; 説明生成=facts_only,体験＆教室,浜松市中央区,,,,
221309,WEB492aeca14a,静岡県,浜松市,浜松出世城ぎょうざ祭り2026,,,2026-09-12,2026-09-12,,,,「浜松出世城ぎょうざ祭り2026」は2026-09-12に浜松城公園内特設会場開催予定です。料金は無料です。詳細は出典URLをご確認ください。,無料,,浜松出世城ぎょうざ祭り実行委員会,053-525-6969,,浜松出世城ぎょうざ祭り実行委員会,浜松城公園内特設会場,浜松市中央区元城町102-1,,34.711238,137.725672,,,,,,,https://www.at-s.com/event/article/1801720,Web収集: アットエス 浜松市中央区イベント一覧; source_id=src_9bfd16fa78bde9bb; 説明生成=facts_only,祭り,中央区,,,,
221309,WEB5c08a5b84f,静岡県,浜松市,浜松ソラモ手づくり市,,,2026-09-12,2026-09-12,10:00,17:00,,「浜松ソラモ手づくり市」は2026-09-12に10:00から17:00に浜松ギャラリーモールソラモ開催予定です。詳細は出典URLをご確認ください。,,,浜松ソラモ手づくり市実行委員会,090-7911-6995,,浜松ソラモ手づくり市実行委員会,浜松ギャラリーモールソラモ,浜松市中央区砂山町320-1,,34.703781,137.734451,,,,2026-07-31,,,https://www.at-s.com/event/article/2003376,Web収集: アットエス 浜松市中央区イベント一覧; source_id=src_9bfd16fa78bde9bb; 説明生成=facts_only; ジオコーディング補完: 浜松市中央区砂山町320-1,マルシェ,浜松市中央区,,,,
221309,WEBc738478b00,静岡県,浜松市,ナチュラルハーブ講座（はちみつビネガー）,,,2026-09-13,2026-09-13,10:00,12:00,,「ナチュラルハーブ講座（はちみつビネガー）」は2026-09-13に10:00から12:00に浜松市緑化推進センター（みどり～な）開催予定です。料金は1800円です。詳細は出典URLをご確認ください。,1800円,,浜松市緑化推進センターみどり～な,053-426-2300,,浜松市緑化推進センターみどり～な,浜松市緑化推進センター（みどり～な）,浜松市中央区大塚町1876-1,,34.700928,137.785034,,あり,15人,2026-09-06,,,https://www.at-s.com/event/article/2007127,Web収集: アットエス 浜松市中央区イベント一覧; source_id=src_9bfd16fa78bde9bb; 説明生成=facts_only,体験イベント,浜松市中央区,,,,
221309,WEB325661a89c,静岡県,浜松市,M笑むP 船越公園ノルディック・ウォーク体験会（9/14）,,,2026-09-14,2026-09-14,10:00,11:30,,「M笑むP 船越公園ノルディック・ウォーク体験会（9/14）」は2026-09-14に10:00から11:30に船越公園開催予定です。料金は300円 / 200円です。詳細は出典URLをご確認ください。,300円 / 200円,,M笑むP 船越公園担当,武藤:080-5169-1821 ／名和:090-4407-3821,,M笑むP,船越公園,浜松市中央区船越町49-3,,34.719513,137.749496,,,,,,,https://www.at-s.com/event/article/2008990,Web収集: アットエス 浜松市中央区イベント一覧; source_id=src_9bfd16fa78bde9bb; 説明生成=facts_only,体験イベント,浜松市中央区,,,,
221309,WEB985be77754,静岡県,浜松市,M笑むP 佐鳴湖公園ノルディック・ウォーク体験会(9/16）,,,2026-09-16,2026-09-16,10:00,11:30,,「M笑むP 佐鳴湖公園ノルディック・ウォーク体験会(9/16）」は2026-09-16に10:00から11:30に佐鳴湖公園 富塚花見台駐車場開催予定です。料金は300円 / 200円です。詳細は出典URLをご確認ください。,300円 / 200円,,M笑むP佐鳴湖公園担当,武藤:080-5169-1821 ／名和:090-4407-3821,,M笑むP,佐鳴湖公園 富塚花見台駐車場,浜松市中央区大平台1丁目3,,34.716705,137.689148,,,,,,,https://www.at-s.com/event/article/1967976,Web収集: アットエス 浜松市中央区イベント一覧; source_id=src_9bfd16fa78bde9bb; 説明生成=facts_only,体験イベント,浜松市中央区,,,,
221309,WEB0d29076e13,静岡県,浜松市,みどりと花を愉しむノルディック・ウォーク＜9月17日＞,,,2026-09-17,2026-09-17,10:00,11:30,,「みどりと花を愉しむノルディック・ウォーク＜9月17日＞」は2026-09-17に10:00から11:30に浜松市緑化推進センター（みどり～な）管理棟で9:30～受付開催予定です。料金は300円 / 200円です。事前申込が必要です。詳細は出典URLをご確認ください。,300円 / 200円,,浜松市緑化推進センターみどり～な,053-426-2300,,静岡県ノルディック・ウォーク連盟,浜松市緑化推進センター（みどり～な）管理棟で9:30～受付,浜松市中央区大塚町1876-1,,34.700928,137.785034,,あり,,,,事前申込が必要です。詳細は出典URLをご確認ください。,https://www.at-s.com/event/article/2008130,Web収集: アットエス 浜松市中央区イベント一覧; source_id=src_9bfd16fa78bde9bb; 説明生成=facts_only,体験＆教室,浜松市中央区,,,,
221309,WEB669a8e55e3,静岡県,浜松市,鴨家キッチンのジャムワークショップ ～ジャム、スパイス、ハーブを活かしたレシピ～,,,2026-09-19,2026-09-19,09:00,13:00,,「鴨家キッチンのジャムワークショップ ～ジャム、スパイス、ハーブを活かしたレシピ～」は2026-09-19に09:00から13:00に浜松市鴨江アートセンター開催予定です。料金は700円です。詳細は出典URLをご確認ください。,700円,,浜松市鴨江アートセンター,053-458-5360,,浜松市鴨江アートセンター（指定管理者：浜松創造都市協議会・東海ビル管理グループ）,浜松市鴨江アートセンター,浜松市中央区鴨江町1番地,,34.705093,137.724136,,あり,,,,,https://www.at-s.com/event/article/2007260,Web収集: アットエス 浜松市中央区イベント一覧; source_id=src_9bfd16fa78bde9bb; 説明生成=facts_only,アートイベント,浜松市中央区,,,,
221309,WEB8bebed5d6c,静岡県,浜松市,朝市 かもえのあさいち【9月】,,,2026-09-19,2026-09-19,09:00,13:00,,「朝市 かもえのあさいち【9月】」は2026-09-19に09:00から13:00に浜松市鴨江アートセンター開催予定です。詳細は出典URLをご確認ください。,,,浜松市鴨江アートセンター,053-458-5360,,,浜松市鴨江アートセンター,浜松市中央区鴨江町1番地,,34.705093,137.724136,,あり,,,,,https://www.at-s.com/event/article/2007772,Web収集: アットエス 浜松市中央区イベント一覧; source_id=src_9bfd16fa78bde9bb; 説明生成=facts_only,朝市,中央区,,,,
221309,WEBafb1c39a14,静岡県,浜松市,M笑むP 石人の星公園 ノルディック・ウォーク体験(9/19）,,,2026-09-19,2026-09-19,10:00,11:30,,「M笑むP 石人の星公園 ノルディック・ウォーク体験(9/19）」は2026-09-19に10:00から11:30に石人の星公園（静岡県営都市公園 遠州灘海浜公園 中田島北地区）石像モニュメント前開催予定です。料金は300円 / 200円です。詳細は出典URLをご確認ください。,300円 / 200円,,M笑むP石人の星公園担当,武藤:080-5169-1821 ／村松:090-5867-2408,,M笑むP,石人の星公園（静岡県営都市公園 遠州灘海浜公園 中田島北地区）石像モニュメント前,浜松市中央区江之島町1706,,34.662468,137.755569,,,,,,,https://www.at-s.com/event/article/2008945,Web収集: アットエス 浜松市中央区イベント一覧; source_id=src_9bfd16fa78bde9bb; 説明生成=facts_only,体験イベント,浜松市中央区,,,,
221309,WEB6dc14044fb,静岡県,浜松市,山下マンドリン教室発表会 Vol.27,,,2026-09-20,2026-09-20,13:30,17:30,,「山下マンドリン教室発表会 Vol.27」は2026-09-20に13:30から17:30にクリエート浜松 （中部公民館・文化コミュニティセンター）2階ホール開催予定です。料金は無料です。詳細は出典URLをご確認ください。,無料,,山下マンドリン教室,053-435-3072,,山下マンドリン教室,クリエート浜松 （中部公民館・文化コミュニティセンター）2階ホール,浜松市中央区早馬町2−1,,34.710644,137.73378,,あり,,,,,https://www.at-s.com/event/article/2019662,Web収集: アットエス 浜松市中央区イベント一覧; source_id=src_9bfd16fa78bde9bb; 説明生成=facts_only,体験イベント,浜松市中央区,,,,
221309,WEBb08cae9885,静岡県,浜松市,木下惠介記念館映画上映会『遠い雲』,,,2026-09-20,2026-09-20,10:00,14:00,,「木下惠介記念館映画上映会『遠い雲』」は2026-09-20に10:00から14:00に木下惠介記念館（浜松市旧浜松銀行協会）開催予定です。料金は100円です。詳細は出典URLをご確認ください。,100円,,木下惠介記念館（浜松市旧浜松銀行協会）,053-457-3450,,木下惠介記念館,木下惠介記念館（浜松市旧浜松銀行協会）,浜松市中央区栄町3-1,,34.704369,137.725342,,,,,,,https://www.at-s.com/event/article/1940379,Web収集: アットエス 浜松市中央区イベント一覧; source_id=src_9bfd16fa78bde9bb; 説明生成=facts_only; ジオコーディング補完: 浜松市中央区栄町3-1,上映会,浜松市中央区,,,,
221309,WEB9a959ef172,静岡県,浜松市,第39回アフタヌーンライブ,,,2026-09-21,2026-09-21,13:00,16:30,,「第39回アフタヌーンライブ」は2026-09-21に13:00から16:30にアイミティ浜松多目的ホール開催予定です。料金は無料です。事前申込が必要です。詳細は出典URLをご確認ください。,無料,,アフタヌーンライブ実行委員会（伊藤）,090-3837-6746,,アフタヌーンライブ実行委員会,アイミティ浜松多目的ホール,浜松市中区萩丘11-11,,34.710808,137.726303,,あり,,,,事前申込が必要です。詳細は出典URLをご確認ください。,https://www.at-s.com/event/article/1984736,Web収集: アットエス 浜松市中央区イベント一覧; source_id=src_9bfd16fa78bde9bb; 説明生成=facts_only,ライブ・コンサート,浜松市中区,,,,
221309,WEB4363899ea1,静岡県,浜松市,季節のプリザーブドフラワーアレンジメント講座（9月）,,,2026-09-22,2026-09-22,10:00,12:00,,「季節のプリザーブドフラワーアレンジメント講座（9月）」は2026-09-22に10:00から12:00に浜松市緑化推進センター（みどり～な） 管理棟で9時～受付開催予定です。料金は3600円です。詳細は出典URLをご確認ください。,3600円,,浜松市緑化推進センターみどり～な,053-426-2300,,浜松市緑化推進センターみどり～な,浜松市緑化推進センター（みどり～な） 管理棟で9時～受付,浜松市中央区大塚町1876-1,,34.700928,137.785034,,あり,20人,2026-09-15,,,https://www.at-s.com/event/article/2007131,Web収集: アットエス 浜松市中央区イベント一覧; source_id=src_9bfd16fa78bde9bb; 説明生成=facts_only,体験イベント,浜松市中央区,,,,
221309,WEBcf0ed09af4,静岡県,浜松市,竹内弦楽四重奏団 浜松公演,,,2026-09-22,2026-09-22,18:30,,,「竹内弦楽四重奏団 浜松公演」は2026-09-22に18:30にアクトシティ浜松 音楽工房ホール（研修交流センター）開催予定です。料金は3000円 / 4000円です。詳細は出典URLをご確認ください。,3000円 / 4000円,,TSQコンサート事務局,070-6567-5087,,竹内弦楽四重奏団,アクトシティ浜松 音楽工房ホール（研修交流センター）,浜松市中央区中央3-9-1,,34.705528,137.735724,,,,,,,https://www.at-s.com/event/article/1993871,Web収集: アットエス 浜松市中央区イベント一覧; source_id=src_9bfd16fa78bde9bb; 説明生成=facts_only,ライブ・コンサート,浜松市中央区,,,,
221309,WEB2f309766a7,静岡県,浜松市,みどりと花を愉しむノルディック・ウォーク＜9月24日＞,,,2026-09-24,2026-09-24,10:00,11:30,,「みどりと花を愉しむノルディック・ウォーク＜9月24日＞」は2026-09-24に10:00から11:30に浜松市緑化推進センター（みどり～な）管理棟で9:30～受付開催予定です。料金は300円 / 200円です。事前申込が必要です。詳細は出典URLをご確認ください。,300円 / 200円,,浜松市緑化推進センターみどり～な,053-426-2300,,静岡県ノルディック・ウォーク連盟,浜松市緑化推進センター（みどり～な）管理棟で9:30～受付,浜松市中央区大塚町1876-1,,34.700928,137.785034,,あり,,,,事前申込が必要です。詳細は出典URLをご確認ください。,https://www.at-s.com/event/article/2008131,Web収集: アットエス 浜松市中央区イベント一覧; source_id=src_9bfd16fa78bde9bb; 説明生成=facts_only,体験＆教室,浜松市中央区,,,,
221309,WEBa183ad9998,静岡県,浜松市,中秋の名月観望会（スマホdeムーン）,,,2026-09-25,2026-09-25,19:30,21:00,,「中秋の名月観望会（スマホdeムーン）」は2026-09-25に19:30から21:00に浜松市天文台開催予定です。料金は無料です。詳細は出典URLをご確認ください。,無料,,浜松市天文台,053-425-9158,,,浜松市天文台,浜松市中央区江之島町1706,,34.662468,137.755569,,,,,,,https://www.at-s.com/event/article/521115,Web収集: アットエス 浜松市中央区イベント一覧; source_id=src_9bfd16fa78bde9bb; 説明生成=facts_only; ジオコーディング補完: 浜松市中央区江之島町1706,体験＆教室,浜松市中央区,,,,
221309,WEB1f8d60f98b,静岡県,浜松市,第37回浜松CD＆レコードショウ,,,2026-09-25,2026-09-25,14:00,21:00,,「第37回浜松CD＆レコードショウ」は2026-09-25に14:00から21:00にクリエート浜松 一階 ふれあい広場開催予定です。料金は無料です。詳細は出典URLをご確認ください。,無料,,音楽萬屋Kent 磐田店,0538-31-5777,,,クリエート浜松 一階 ふれあい広場,浜松市中央区早馬町2-1,,34.710644,137.73378,,,,,,,https://www.at-s.com/event/article/2014315,Web収集: アットエス 浜松市中央区イベント一覧; source_id=src_9bfd16fa78bde9bb; 説明生成=facts_only; ジオコーディング補完: 浜松市中央区早馬町2-1,暮らし＆カルチャー,浜松市中央区,,,,
221309,WEBdf944c98c9,静岡県,浜松市,夜の科学館【9月】＜浜松科学館 みらいーら＞,,,2026-09-26,2026-09-26,17:01,20:00,,「夜の科学館【9月】＜浜松科学館 みらいーら＞」は2026-09-26に17:01から20:00に浜松科学館 みらいーら開催予定です。料金は600円 / 300円です。詳細は出典URLをご確認ください。,600円 / 300円,,浜松科学館 みらいーら,053-454-0178,,浜松科学館 みらいーら,浜松科学館 みらいーら,浜松市中央区北寺島町256-3,,34.704948,137.739548,,あり,,,,,https://www.at-s.com/event/article/1778756,Web収集: アットエス 浜松市中央区イベント一覧; source_id=src_9bfd16fa78bde9bb; 説明生成=facts_only; ジオコーディング補完: 浜松市中央区北寺島町256-3,体験＆教室,浜松市中央区,,,,
221309,WEB125a5d331f,静岡県,浜松市,山野草初心者講座【キバナオキナグサの育て方、その他】,,,2026-09-26,2026-09-26,10:00,12:00,,「山野草初心者講座【キバナオキナグサの育て方、その他】」は2026-09-26に10:00から12:00に浜松市緑化推進センター（みどり～な） 管理棟で9時～受付開催予定です。料金は500円です。詳細は出典URLをご確認ください。,500円,,浜松市緑化推進センターみどり～な,053-426-2300,,浜松山草会,浜松市緑化推進センター（みどり～な） 管理棟で9時～受付,浜松市中央区大塚町1876-1,,34.700928,137.785034,,あり,20人,2026-09-19,,,https://www.at-s.com/event/article/2007138,Web収集: アットエス 浜松市中央区イベント一覧; source_id=src_9bfd16fa78bde9bb; 説明生成=facts_only,体験イベント,浜松市中央区,,,,
221309,WEB2b75ee08ad,静岡県,浜松市,浜名湖ガーデンパーク スイレンの見頃,,,2026-07-31,2026-07-31,08:30,17:00,,「浜名湖ガーデンパーク スイレンの見頃」は2026-07-31に08:30から17:00に浜名湖ガーデンパーク 花の美術館（水の庭）開催予定です。料金は無料です。詳細は出典URLをご確認ください。,無料,,浜名湖ガーデンパーク,053-488-1500,,,浜名湖ガーデンパーク 花の美術館（水の庭）,浜松市中央区村櫛町5475-1,,34.714892,137.600689,,,,,,,https://www.at-s.com/event/article/776552,Web収集: アットエス 浜松市中央区イベント一覧; source_id=src_9bfd16fa78bde9bb; 説明生成=facts_only,アートイベント,浜松市中央区,,,,
221309,WEB7d823c0fa0,静岡県,浜松市,親子でバードウォッチング,,,2026-09-27,2026-09-27,08:30,10:30,,「親子でバードウォッチング」は2026-09-27に08:30から10:30に浜松市緑化推進センター（みどり～な） 管理棟前の広場へ8:15集合開催予定です。料金は無料です。詳細は出典URLをご確認ください。,無料,,浜松市緑化推進センターみどり～な,053-426-2300,,日本野鳥の会遠江,浜松市緑化推進センター（みどり～な） 管理棟前の広場へ8:15集合,浜松市中央区大塚町1876-1,,34.700928,137.785034,,あり,,,,,https://www.at-s.com/event/article/2008126,Web収集: アットエス 浜松市中央区イベント一覧; source_id=src_9bfd16fa78bde9bb; 説明生成=facts_only,親子・子供イベント,中央区,,,,
221309,WEB0153484baf,静岡県,浜松市,第三回浜名湖フォークフェスティバル,,,2026-09-27,2026-09-27,10:00,16:10,,「第三回浜名湖フォークフェスティバル」は2026-09-27に10:00から16:10に浜名湖ガーデンパーク屋外ステージ開催予定です。料金は無料です。詳細は出典URLをご確認ください。,無料,,「浜名湖フォークフェスティバル実行委員会」実行委員長 名倉 誠,090-7029-4487,,,浜名湖ガーデンパーク屋外ステージ,浜松市中央区村櫛町5475-1,,34.714892,137.600689,,,,,,,https://www.at-s.com/event/article/1995618,Web収集: アットエス 浜松市中央区イベント一覧; source_id=src_9bfd16fa78bde9bb; 説明生成=facts_only,ライブ・コンサート,浜松市中央区,,,,
221309,WEB343c8951b8,静岡県,浜松市,詩丼改,,,2026-09-27,2026-09-27,11:00,16:00,,「詩丼改」は2026-09-27に11:00から16:00にはままちプラス開催予定です。料金は無料です。詳細は出典URLをご確認ください。,無料,,おない,080-4464-0651,,,はままちプラス,浜松市中央区砂山町320-2,,34.703781,137.734451,,,,,,,https://www.at-s.com/event/article/1916927,Web収集: アットエス 浜松市中央区イベント一覧; source_id=src_9bfd16fa78bde9bb; 説明生成=facts_only; ジオコーディング補完: 浜松市中央区砂山町320-2,企画展・アート,浜松市中央区,,,,
221309,WEB9ce70d7297,静岡県,浜松市,M笑むP 船越公園ノルディック・ウォーク体験会（9/28）,,,2026-09-28,2026-09-28,10:00,11:30,,「M笑むP 船越公園ノルディック・ウォーク体験会（9/28）」は2026-09-28に10:00から11:30に船越公園開催予定です。料金は300円 / 200円です。詳細は出典URLをご確認ください。,300円 / 200円,,M笑むP 船越公園担当,武藤:080-5169-1821 ／名和:090-4407-3821,,M笑むP,船越公園,浜松市中央区船越町49-3,,34.719513,137.749496,,,,,,,https://www.at-s.com/event/article/2008991,Web収集: アットエス 浜松市中央区イベント一覧; source_id=src_9bfd16fa78bde9bb; 説明生成=facts_only,体験イベント,浜松市中央区,,,,
221309,WEB207417ad8c,静岡県,浜松市,プロムナードコンサート＜10月＞,,,2026-10-03,2026-10-03,15:00,16:50,,「プロムナードコンサート＜10月＞」は2026-10-03に15:00から16:50にJR浜松駅北口広場「キタラ」開催予定です。料金は無料です。詳細は出典URLをご確認ください。,無料,,（公財）浜松市文化振興財団 文化事業課,053-451-1151,,,JR浜松駅北口広場「キタラ」,浜松市中央区旭町,,34.705399,137.733414,,あり,,,,,https://www.at-s.com/event/article/1794455,Web収集: アットエス 浜松市中央区イベント一覧; source_id=src_9bfd16fa78bde9bb; 説明生成=facts_only,ライブ・コンサート,中央区,,,,
221309,WEBc3f0081ae4,静岡県,浜松市,カンテ フラメンコ コンサート,,,2026-10-04,2026-10-04,15:00,17:00,,「カンテ フラメンコ コンサート」は2026-10-04に15:00から17:00に木下恵介記念館内アートホール開催予定です。料金は3500円です。詳細は出典URLをご確認ください。,3500円,,柏山美穂,080-5161-9613,,,木下恵介記念館内アートホール,浜松市中央区栄町3-1,,34.704369,137.725342,,,,,,,https://www.at-s.com/event/article/2011161,Web収集: アットエス 浜松市中央区イベント一覧; source_id=src_9bfd16fa78bde9bb; 説明生成=facts_only,アートイベント,浜松市中央区,,,,
221309,WEB2dff52b6c8,静岡県,浜松市,M笑むP 佐鳴湖公園ノルディック・ウォーク体験会(10/7）,,,2026-10-07,2026-10-07,10:00,11:30,,「M笑むP 佐鳴湖公園ノルディック・ウォーク体験会(10/7）」は2026-10-07に10:00から11:30に佐鳴湖公園 富塚花見台駐車場開催予定です。料金は300円 / 200円です。詳細は出典URLをご確認ください。,300円 / 200円,,M笑むP佐鳴湖公園担当,武藤:080-5169-1821 ／名和:090-4407-3821,,M笑むP,佐鳴湖公園 富塚花見台駐車場,浜松市中央区大平台1丁目3,,34.716705,137.689148,,,,,,,https://www.at-s.com/event/article/2009084,Web収集: アットエス 浜松市中央区イベント一覧; source_id=src_9bfd16fa78bde9bb; 説明生成=facts_only,体験イベント,浜松市中央区,,,,
221309,WEBd7cf1d508f,静岡県,浜松市,M笑むP 石人の星公園 ノルディック・ウォーク体験(10/8）,,,2026-10-08,2026-10-08,10:00,11:30,,「M笑むP 石人の星公園 ノルディック・ウォーク体験(10/8）」は2026-10-08に10:00から11:30に石人の星公園（静岡県営都市公園 遠州灘海浜公園 中田島北地区）石像モニュメント前開催予定です。料金は300円 / 200円です。詳細は出典URLをご確認ください。,300円 / 200円,,M笑むP石人の星公園担当,武藤:080-5169-1821 ／村松:090-5867-2408,,M笑むP,石人の星公園（静岡県営都市公園 遠州灘海浜公園 中田島北地区）石像モニュメント前,浜松市中央区江之島町1706,,34.662468,137.755569,,,,,,,https://www.at-s.com/event/article/2008948,Web収集: アットエス 浜松市中央区イベント一覧; source_id=src_9bfd16fa78bde9bb; 説明生成=facts_only,体験イベント,浜松市中央区,,,,
221309,WEB0d2604669b,静岡県,浜松市,かやぶき屋根の下で聞く日本の昔ばなし＜2026年10月＞,,,2026-10-10,2026-10-10,14:00,,,「かやぶき屋根の下で聞く日本の昔ばなし＜2026年10月＞」は2026-10-10に14:00に蜆塚公園内 江戸時代古民家「旧高山家」※浜松市博物館隣接開催予定です。料金は無料です。事前申込が必要です。詳細は出典URLをご確認ください。,無料,,浜松市博物館,053-456-2208,,,蜆塚公園内 江戸時代古民家「旧高山家」※浜松市博物館隣接,浜松市中央区蜆塚4-22-1,,34.713432,137.703659,,,,,,事前申込が必要です。詳細は出典URLをご確認ください。,https://www.at-s.com/event/article/745447,Web収集: アットエス 浜松市中央区イベント一覧; source_id=src_9bfd16fa78bde9bb; 説明生成=facts_only,暮らし＆カルチャー,中央区,,,,
221309,WEBecca6c76e8,静岡県,浜松市,M笑むP 船越公園ノルディック・ウォーク体験会（10/12）,,,2026-10-12,2026-10-12,10:00,11:30,,「M笑むP 船越公園ノルディック・ウォーク体験会（10/12）」は2026-10-12に10:00から11:30に船越公園開催予定です。料金は300円 / 200円です。詳細は出典URLをご確認ください。,300円 / 200円,,M笑むP 船越公園担当,武藤:080-5169-1821 ／名和:090-4407-3821,,M笑むP,船越公園,浜松市中央区船越町49-3,,34.719513,137.749496,,,,,,,https://www.at-s.com/event/article/2008993,Web収集: アットエス 浜松市中央区イベント一覧; source_id=src_9bfd16fa78bde9bb; 説明生成=facts_only,体験イベント,浜松市中央区,,,,
221309,WEB6d6e0705c2,静岡県,浜松市,M笑むP 石人の星公園 ノルディック・ウォーク体験(10/17）,,,2026-10-17,2026-10-17,10:00,11:30,,「M笑むP 石人の星公園 ノルディック・ウォーク体験(10/17）」は2026-10-17に10:00から11:30に石人の星公園（静岡県営都市公園 遠州灘海浜公園 中田島北地区）石像モニュメント前開催予定です。料金は300円 / 200円です。詳細は出典URLをご確認ください。,300円 / 200円,,M笑むP石人の星公園担当,武藤:080-5169-1821 ／村松:090-5867-2408,,M笑むP,石人の星公園（静岡県営都市公園 遠州灘海浜公園 中田島北地区）石像モニュメント前,浜松市中央区江之島町1706,,34.662468,137.755569,,,,,,,https://www.at-s.com/event/article/2008949,Web収集: アットエス 浜松市中央区イベント一覧; source_id=src_9bfd16fa78bde9bb; 説明生成=facts_only,体験イベント,浜松市中央区,,,,
221309,WEB18fbba3784,静岡県,浜松市,The 34th ハママツ・ジャズ・ウィーク,,,2026-10-17,2026-10-17,12:00,12:30,,「The 34th ハママツ・ジャズ・ウィーク」は2026-10-17に12:00から12:30にアクトシティ浜松・大ホールなど開催予定です。詳細は出典URLをご確認ください。,,,ハママツ・ジャズ・ウィーク事務局,053-460-3325 ※土日祝を除く10:00～17:00,,静岡新聞SBS,アクトシティ浜松・大ホールなど,浜松市中央区板屋町111-1 ※地図はアクトシティ浜松,,34.705528,137.735724,,,,,,,https://www.at-s.com/event/article/2019483,Web収集: アットエス 浜松市中央区イベント一覧; source_id=src_9bfd16fa78bde9bb; 説明生成=facts_only,音楽,浜松市中央区,,,,
221309,WEBc0d61ee06e,静岡県,浜松市,2026 えんてつ屋上 BBQビアガーデン,,,2026-04-27,2026-09-27,17:00,22:00,,「2026 えんてつ屋上 BBQビアガーデン」は2026-04-27から2026-09-27に17:00から22:00に遠鉄百貨店屋上 特設会場開催予定です。料金は無料です。詳細は出典URLをご確認ください。,無料,,えんてつ屋上 BBQビアガーデン（受付12:00〜21:30）,080-6988-4491,,,遠鉄百貨店屋上 特設会場,浜松市中央区砂山町320-2,,34.7037909,137.7331523,,あり,,,,,https://www.at-s.com/event/article/1469341,Web収集: アットエス 浜松市中央区イベント一覧; source_id=src_9bfd16fa78bde9bb; 説明生成=facts_only,ビアガーデン,浜松市中央区,,,,
221309,WEB4993b8ed57,静岡県,浜松市,M笑むP 佐鳴湖公園ノルディック・ウォーク体験会(10/21）,,,2026-10-21,2026-10-21,10:00,11:30,,「M笑むP 佐鳴湖公園ノルディック・ウォーク体験会(10/21）」は2026-10-21に10:00から11:30に佐鳴湖公園 富塚花見台駐車場開催予定です。料金は300円 / 200円です。詳細は出典URLをご確認ください。,300円 / 200円,,M笑むP佐鳴湖公園担当,武藤:080-5169-1821 ／名和:090-4407-3821,,M笑むP,佐鳴湖公園 富塚花見台駐車場,浜松市中央区大平台1丁目3,,34.716705,137.689148,,,,,,,https://www.at-s.com/event/article/2009085,Web収集: アットエス 浜松市中央区イベント一覧; source_id=src_9bfd16fa78bde9bb; 説明生成=facts_only,体験イベント,浜松市中央区,,,,
221309,WEB1ce3ebe7bb,静岡県,浜松市,十三夜 観望会（スマホdeムーン）,,,2026-10-23,2026-10-23,18:30,20:30,,「十三夜 観望会（スマホdeムーン）」は2026-10-23に18:30から20:30に浜松市天文台 屋上開催予定です。料金は無料です。事前申込が必要です。詳細は出典URLをご確認ください。,無料,,浜松市天文台,053-425-9158,,,浜松市天文台 屋上,浜松市中央区福島町242-1,,34.663403,137.768723,,,,,,事前申込が必要です。詳細は出典URLをご確認ください。,https://www.at-s.com/event/article/531624,Web収集: アットエス 浜松市中央区イベント一覧; source_id=src_9bfd16fa78bde9bb; 説明生成=facts_only; ジオコーディング補完: 浜松市中央区福島町242-1,体験＆教室,浜松市中央区,,,,
221309,WEB3180f09045,静岡県,浜松市,富士山静岡交響楽団 第138回定期演奏会（浜松公演）,,,2026-10-24,2026-10-24,13:30,12:45,,「富士山静岡交響楽団 第138回定期演奏会（浜松公演）」は2026-10-24に13:30から12:45にアクトシティ浜松 中ホール開催予定です。料金は5000円 / 4500円 / 3500円です。詳細は出典URLをご確認ください。,5000円 / 4500円 / 3500円,,公益財団法人富士山静岡交響楽団（静響） ※旧：静岡交響楽団,054-203-6578,,富士山静岡交響楽団,アクトシティ浜松 中ホール,浜松市中央区板屋町111-1,,34.705528,137.735724,,,,,,,https://www.at-s.com/event/article/1926283,Web収集: アットエス 浜松市中央区イベント一覧; source_id=src_9bfd16fa78bde9bb; 説明生成=facts_only,ライブ・コンサート,浜松市中央区,,,,
221309,WEB2aa3211f42,静岡県,浜松市,M笑むP 船越公園ノルディック・ウォーク体験会（10/26）,,,2026-10-26,2026-10-26,10:00,11:30,,「M笑むP 船越公園ノルディック・ウォーク体験会（10/26）」は2026-10-26に10:00から11:30に船越公園開催予定です。料金は300円 / 200円です。詳細は出典URLをご確認ください。,300円 / 200円,,M笑むP 船越公園担当,武藤:080-5169-1821 ／名和:090-4407-3821,,M笑むP,船越公園,浜松市中央区船越町49-3,,34.719513,137.749496,,,,,,,https://www.at-s.com/event/article/2008994,Web収集: アットエス 浜松市中央区イベント一覧; source_id=src_9bfd16fa78bde9bb; 説明生成=facts_only,体験イベント,浜松市中央区,,,,
221309,WEBaa8e50fc2a,静岡県,浜松市,FCF古橋クロマチックハーモニカ コンサート,,,2026-10-29,2026-10-29,13:00,15:00,,「FCF古橋クロマチックハーモニカ コンサート」は2026-10-29に13:00から15:00にクリエート浜松 （中部協働センター・文化コミュニティセンター）開催予定です。料金は無料です。詳細は出典URLをご確認ください。,無料,,事務局 佐藤,090-6087-5523,,,クリエート浜松 （中部協働センター・文化コミュニティセンター）,浜松市中央区早馬町2-1 クリエート浜松,,34.710659,137.733429,,,,,,,https://www.at-s.com/event/article/1960445,Web収集: アットエス 浜松市中央区イベント一覧; source_id=src_9bfd16fa78bde9bb; 説明生成=facts_only,ライブ・コンサート,浜松市中央区,,,,
221309,WEB821f0b17ac,静岡県,浜松市,企画展『昭和の町と、憧れの存在』,,,2026-04-03,2026-09-29,10:00,20:00,,「企画展『昭和の町と、憧れの存在』」は2026-04-03から2026-09-29に10:00から20:00に浜松ジオラマファクトリー開催予定です。料金は無料です。詳細は出典URLをご確認ください。,無料,,浜松ジオラマファクトリー 事務局 武田,053-413-3348,,浜松ジオラマファクトリー,浜松ジオラマファクトリー,浜松市中央区鍛冶町15 ザザシティ浜松西館1F,,34.703552,137.732422,,,,,,,https://www.at-s.com/event/article/1949549,Web収集: アットエス 浜松市中央区イベント一覧; source_id=src_9bfd16fa78bde9bb; 説明生成=facts_only; ジオコーディング補完: 浜松市中央区鍛冶町15 ザザシティ浜松西館1F,アートイベント,浜松市中央区,,,,
221309,WEB35e86526ff,静岡県,浜松市,弁天島 磯遊び,,,2026-04-01,2026-10-31,,,,「弁天島 磯遊び」は2026-04-01から2026-10-31に発着／弁天島海浜公園開催予定です。料金は1200円 / 600円です。事前申込が必要です。詳細は出典URLをご確認ください。,1200円 / 600円,,浜名漁協 弁天島遊船組合,090-7686-0962,,,発着／弁天島海浜公園,浜松市中央区舞阪町弁天島,,34.690277,137.600525,,,,,,事前申込が必要です。詳細は出典URLをご確認ください。,https://www.at-s.com/event/article/220865,Web収集: アットエス 浜松市中央区イベント一覧; source_id=src_9bfd16fa78bde9bb; 説明生成=facts_only,体験＆教室,中央区,,,,
221309,WEB03dcb40a32,静岡県,浜松市,東海道五十三次 今切の渡し,,,2026-04-01,2026-10-31,,,,「東海道五十三次 今切の渡し」は2026-04-01から2026-10-31に発着／弁天島海浜公園開催予定です。事前申込が必要です。詳細は出典URLをご確認ください。,,,浜名漁協 弁天島遊船組合,090-7686-0962,,浜名漁協 弁天島遊船組合,発着／弁天島海浜公園,浜松市中央区舞阪町弁天島,,34.690277,137.600525,,,,,,事前申込が必要です。詳細は出典URLをご確認ください。,https://www.at-s.com/event/article/1197607,Web収集: アットエス 浜松市中央区イベント一覧; source_id=src_9bfd16fa78bde9bb; 説明生成=facts_only,体験＆教室,浜松市中央区,,,,
221309,WEB8051912c0b,静岡県,浜松市,弁天島 湖上遊覧,,,2026-04-01,2026-10-31,,,,「弁天島 湖上遊覧」は2026-04-01から2026-10-31に発着／弁天島海浜公園開催予定です。料金は1500円 / 750円です。事前申込が必要です。詳細は出典URLをご確認ください。,1500円 / 750円,,浜名漁協 弁天島遊船組合,090-7686-0962,,弁天島遊船組合,発着／弁天島海浜公園,浜松市中央区舞阪町弁天島,,34.690277,137.600525,,,,,,事前申込が必要です。詳細は出典URLをご確認ください。,https://www.at-s.com/event/article/120313,Web収集: アットエス 浜松市中央区イベント一覧; source_id=src_9bfd16fa78bde9bb; 説明生成=facts_only,体験＆教室,中央区,,,,
221309,WEB09a5d2bf80,静岡県,浜松市,M笑むP 佐鳴湖公園ノルディック・ウォーク体験会(11/4）,,,2026-11-04,2026-11-04,10:00,11:30,,「M笑むP 佐鳴湖公園ノルディック・ウォーク体験会(11/4）」は2026-11-04に10:00から11:30に佐鳴湖公園 富塚花見台駐車場開催予定です。料金は300円 / 200円です。詳細は出典URLをご確認ください。,300円 / 200円,,M笑むP佐鳴湖公園担当,武藤:080-5169-1821 ／名和:090-4407-3821,,M笑むP,佐鳴湖公園 富塚花見台駐車場,浜松市中央区大平台1丁目3,,34.716705,137.689148,,,,,,,https://www.at-s.com/event/article/2009087,Web収集: アットエス 浜松市中央区イベント一覧; source_id=src_9bfd16fa78bde9bb; 説明生成=facts_only,体験イベント,浜松市中央区,,,,
221309,WEB4a35955919,静岡県,浜松市,プロムナードコンサート＜11月＞,,,2026-11-07,2026-11-07,14:00,15:50,,「プロムナードコンサート＜11月＞」は2026-11-07に14:00から15:50にJR浜松駅北口広場「キタラ」、なゆた・浜北 駅前広場 ※住所、地図はキタラ開催予定です。料金は無料です。詳細は出典URLをご確認ください。,無料,,（公財）浜松市文化振興財団 文化事業課,053-451-1151,,（公財）浜松市文化振興財団,JR浜松駅北口広場「キタラ」、なゆた・浜北 駅前広場 ※住所、地図はキタラ,浜松市中央区旭町,,34.705399,137.733414,,あり,,,,,https://www.at-s.com/event/article/1832708,Web収集: アットエス 浜松市中央区イベント一覧; source_id=src_9bfd16fa78bde9bb; 説明生成=facts_only,ライブ・コンサート,中央区,,,,
221309,WEBd71e10631c,静岡県,浜松市,M笑むP 船越公園ノルディック・ウォーク体験会（11/9）,,,2026-11-09,2026-11-09,10:00,11:30,,「M笑むP 船越公園ノルディック・ウォーク体験会（11/9）」は2026-11-09に10:00から11:30に船越公園開催予定です。料金は300円 / 200円です。詳細は出典URLをご確認ください。,300円 / 200円,,M笑むP 船越公園担当,武藤:080-5169-1821 ／名和:090-4407-3821,,M笑むP,船越公園,浜松市中央区船越町49-3,,34.719513,137.749496,,,,,,,https://www.at-s.com/event/article/2008995,Web収集: アットエス 浜松市中央区イベント一覧; source_id=src_9bfd16fa78bde9bb; 説明生成=facts_only,体験イベント,浜松市中央区,,,,
221309,WEB3fb2f3f9db,静岡県,浜松市,かやぶき屋根の下で聞く日本の昔ばなし＜2026年11月＞,,,2026-11-14,2026-11-14,14:00,,,「かやぶき屋根の下で聞く日本の昔ばなし＜2026年11月＞」は2026-11-14に14:00に蜆塚公園内 江戸時代古民家「旧高山家」※浜松市博物館隣接開催予定です。料金は無料です。事前申込が必要です。詳細は出典URLをご確認ください。,無料,,浜松市博物館,053-456-2208,,,蜆塚公園内 江戸時代古民家「旧高山家」※浜松市博物館隣接,浜松市中央区蜆塚4-22-1,,34.713432,137.703659,,,,,,事前申込が必要です。詳細は出典URLをご確認ください。,https://www.at-s.com/event/article/745448,Web収集: アットエス 浜松市中央区イベント一覧; source_id=src_9bfd16fa78bde9bb; 説明生成=facts_only,暮らし＆カルチャー,中央区,,,,
221309,WEB0d77d79479,静岡県,浜松市,M笑むP 佐鳴湖公園ノルディック・ウォーク体験会(11/18）,,,2026-11-18,2026-11-18,10:00,11:30,,"「M笑むP 佐鳴湖公園ノルディック・ウォーク体験会(11/18）」は2026-11-18に10:00から11:30に佐鳴湖公園 富塚花見台駐車場, 佐鳴湖公園開催予定です。料金は300円 / 200円です。詳細は出典URLをご確認ください。",300円 / 200円,,M笑むP佐鳴湖公園担当,武藤:080-5169-1821 ／名和:090-4407-3821,,M笑むP,"佐鳴湖公園 富塚花見台駐車場, 佐鳴湖公園",浜松市中央区大平台1丁目3,,34.716705,137.689148,,,,,,,https://www.at-s.com/event/article/2009088,Web収集: アットエス 浜松市中央区イベント一覧; source_id=src_9bfd16fa78bde9bb; 説明生成=facts_only,体験イベント,浜松市中央区,,,,
221309,WEBd4dea98a7d,静岡県,浜松市,M笑むP 船越公園ノルディック・ウォーク体験会（11/30）,,,2026-11-30,2026-11-30,10:00,11:30,,「M笑むP 船越公園ノルディック・ウォーク体験会（11/30）」は2026-11-30に10:00から11:30に船越公園開催予定です。料金は300円 / 200円です。詳細は出典URLをご確認ください。,300円 / 200円,,M笑むP 船越公園担当,武藤:080-5169-1821 ／名和:090-4407-3821,,M笑むP,船越公園,浜松市中央区船越町49-3,,34.719513,137.749496,,,,,,,https://www.at-s.com/event/article/2008996,Web収集: アットエス 浜松市中央区イベント一覧; source_id=src_9bfd16fa78bde9bb; 説明生成=facts_only,体験イベント,浜松市中央区,,,,
221309,WEB0bc43be8d9,静岡県,浜松市,かやぶき屋根の下で聞く日本の昔ばなし＜2026年12月＞,,,2026-12-12,2026-12-12,14:00,,,「かやぶき屋根の下で聞く日本の昔ばなし＜2026年12月＞」は2026-12-12に14:00に蜆塚公園内 江戸時代古民家「旧高山家」※浜松市博物館隣接開催予定です。料金は無料です。事前申込が必要です。詳細は出典URLをご確認ください。,無料,,浜松市博物館,053-456-2208,,,蜆塚公園内 江戸時代古民家「旧高山家」※浜松市博物館隣接,浜松市中央区蜆塚4-22-1,,34.713432,137.703659,,,,,,事前申込が必要です。詳細は出典URLをご確認ください。,https://www.at-s.com/event/article/745452,Web収集: アットエス 浜松市中央区イベント一覧; source_id=src_9bfd16fa78bde9bb; 説明生成=facts_only,暮らし＆カルチャー,中央区,,,,
221309,WEB041468948f,静岡県,浜松市,浜松市天文台 天文台まつり,,,2026-12-13,2026-12-13,09:00,14:00,,「浜松市天文台 天文台まつり」は2026-12-13に09:00から14:00に浜松市天文台開催予定です。料金は無料です。事前申込が必要です。詳細は出典URLをご確認ください。,無料,,浜松市天文台,053-425-9158,,浜松市天文台,浜松市天文台,浜松市中央区福島町242-1,,34.663403,137.768723,,,,,,事前申込が必要です。詳細は出典URLをご確認ください。,https://www.at-s.com/event/article/118584,Web収集: アットエス 浜松市中央区イベント一覧; source_id=src_9bfd16fa78bde9bb; 説明生成=facts_only; ジオコーディング補完: 浜松市中央区福島町242-1,祭り,浜松市中央区,,,,
221309,WEB7485ad732a,静岡県,浜松市,ふたご座流星群 観望会,,,2026-12-14,2026-12-14,19:00,23:00,,「ふたご座流星群 観望会」は2026-12-14に19:00から23:00に浜松市天文台 屋上開催予定です。料金は無料です。事前申込が必要です。詳細は出典URLをご確認ください。,無料,,浜松市天文台,053-425-9158,,浜松市天文台,浜松市天文台 屋上,浜松市中央区福島町242-1,,34.663403,137.768723,,,,,,事前申込が必要です。詳細は出典URLをご確認ください。,https://www.at-s.com/event/article/508948,Web収集: アットエス 浜松市中央区イベント一覧; source_id=src_9bfd16fa78bde9bb; 説明生成=facts_only; ジオコーディング補完: 浜松市中央区福島町242-1,体験＆教室,浜松市中央区,,,,
221309,WEBbb02a32000,静岡県,浜松市,KO SHIBASAKI LIVE TOUR 2026 ACTOR'S THE BEST～泡沫～,,,2026-12-26,2026-12-26,17:00,18:00,,「KO SHIBASAKI LIVE TOUR 2026 ACTOR'S THE BEST～泡沫～」は2026-12-26に17:00から18:00にアクトシティ浜松 大ホール開催予定です。料金は36000円 / 37500円です。詳細は出典URLをご確認ください。,36000円 / 37500円,,サンデーフォークプロモーション静岡,054-284-9999（月〜土、12:00〜18:00）,,静岡新聞SBS,アクトシティ浜松 大ホール,浜松市中央区板屋町111-1,,34.705528,137.735724,,,,,,,https://www.at-s.com/event/article/1989361,Web収集: アットエス 浜松市中央区イベント一覧; source_id=src_9bfd16fa78bde9bb; 説明生成=facts_only,ライブ・コンサート,浜松市中央区,,,,
221309,WEB5c0eddb779,静岡県,浜松市,新春・太陽と昼間の星観望会,,,2027-01-05,2027-01-05,14:00,16:00,,「新春・太陽と昼間の星観望会」は2027-01-05に14:00から16:00に浜松市天文台開催予定です。料金は無料です。詳細は出典URLをご確認ください。,無料,,浜松市天文台,053-425-9158,,浜松市天文台,浜松市天文台,浜松市中央区福島町242－1,,34.663403,137.768723,,,,,,,https://www.at-s.com/event/article/776682,Web収集: アットエス 浜松市中央区イベント一覧; source_id=src_9bfd16fa78bde9bb; 説明生成=facts_only; ジオコーディング補完: 浜松市中央区福島町242－1,体験＆教室,浜松市中央区,,,,
221309,WEB32a5f33cbe,静岡県,浜松市,かやぶき屋根の下で聞く日本の昔ばなし＜2027年1月＞,,,2027-01-09,2027-01-09,14:00,,,「かやぶき屋根の下で聞く日本の昔ばなし＜2027年1月＞」は2027-01-09に14:00に蜆塚公園内 江戸時代古民家「旧高山家」※浜松市博物館隣接開催予定です。料金は無料です。事前申込が必要です。詳細は出典URLをご確認ください。,無料,,浜松市博物館,053-456-2208,,,蜆塚公園内 江戸時代古民家「旧高山家」※浜松市博物館隣接,浜松市中央区蜆塚4-22-1,,34.713432,137.703659,,,,,,事前申込が必要です。詳細は出典URLをご確認ください。,https://www.at-s.com/event/article/1164506,Web収集: アットエス 浜松市中央区イベント一覧; source_id=src_9bfd16fa78bde9bb; 説明生成=facts_only,暮らし＆カルチャー,中央区,,,,
221309,WEB1fdc41879e,静岡県,浜松市,FJネクスト Presents ～結成20周年記念～ 高嶋ちさ子 12人のヴァイオリニスト コンサートツアー 2026～2027,,,2027-02-11,2027-02-11,13:15,14:00,,「FJネクスト Presents ～結成20周年記念～ 高嶋ちさ子 12人のヴァイオリニスト コンサートツアー 2026～2027」は2027-02-11に13:15から14:00にアクトシティ浜松 大ホール開催予定です。料金は8000円 / 8500円です。詳細は出典URLをご確認ください。,8000円 / 8500円,,サンデーフォークプロモーション静岡,054-284-9999（月〜土、12:00〜18:00）,,静岡新聞社・静岡放送、サンデーフォークプロモーション,アクトシティ浜松 大ホール,浜松市中央区板屋町111-1,,34.705528,137.735724,,,,,,,https://www.at-s.com/event/article/1981550,Web収集: アットエス 浜松市中央区イベント一覧; source_id=src_9bfd16fa78bde9bb; 説明生成=facts_only,ライブ・コンサート,浜松市中央区,,,,
221309,WEBe96de16a6c,静岡県,浜松市,かやぶき屋根の下で聞く日本の昔ばなし＜2027年2月＞,,,2027-02-13,2027-02-13,14:00,,,「かやぶき屋根の下で聞く日本の昔ばなし＜2027年2月＞」は2027-02-13に14:00に蜆塚公園内 江戸時代古民家「旧高山家」※浜松市博物館隣接開催予定です。料金は無料です。事前申込が必要です。詳細は出典URLをご確認ください。,無料,,浜松市博物館,053-456-2208,,,蜆塚公園内 江戸時代古民家「旧高山家」※浜松市博物館隣接,浜松市中央区蜆塚4-22-1,,34.713432,137.703659,,,,,,事前申込が必要です。詳細は出典URLをご確認ください。,https://www.at-s.com/event/article/1164510,Web収集: アットエス 浜松市中央区イベント一覧; source_id=src_9bfd16fa78bde9bb; 説明生成=facts_only,暮らし＆カルチャー,中央区,,,,
221309,WEB843c0bf1af,静岡県,浜松市,火星の最接近観望会,,,2027-02-20,2027-02-20,21:00,23:00,,「火星の最接近観望会」は2027-02-20に21:00から23:00に浜松市天文台開催予定です。料金は無料です。詳細は出典URLをご確認ください。,無料,,浜松市天文台,053-425-9158,,,浜松市天文台,浜松市中央区福島町242－1,,34.663403,137.768723,,,,,,,https://www.at-s.com/event/article/1589722,Web収集: アットエス 浜松市中央区イベント一覧; source_id=src_9bfd16fa78bde9bb; 説明生成=facts_only; ジオコーディング補完: 浜松市中央区福島町242－1,体験＆教室,浜松市中央区,,,,
221309,WEB7754e882b3,静岡県,浜松市,富士山静岡交響楽団 第140回定期演奏会（浜松公演）,,,2027-02-21,2027-02-21,13:30,12:45,,「富士山静岡交響楽団 第140回定期演奏会（浜松公演）」は2027-02-21に13:30から12:45にアクトシティ浜松 大ホール開催予定です。料金は5000円 / 4500円 / 3500円です。詳細は出典URLをご確認ください。,5000円 / 4500円 / 3500円,,公益財団法人富士山静岡交響楽団（静響） ※旧：静岡交響楽団,054-203-6578,,公益財団法人富士山静岡交響楽団,アクトシティ浜松 大ホール,浜松市中央区板屋町111-1,,34.705528,137.735724,,,,,,,https://www.at-s.com/event/article/1926295,Web収集: アットエス 浜松市中央区イベント一覧; source_id=src_9bfd16fa78bde9bb; 説明生成=facts_only,ライブ・コンサート,浜松市中央区,,,,
221309,WEBc721c0ef4c,静岡県,浜松市,アクトタワー展望回廊,,,2026-07-31,2026-07-31,11:00,18:00,,「アクトタワー展望回廊」は2026-07-31に11:00から18:00にアクトタワー45階開催予定です。料金は無料です。詳細は出典URLをご確認ください。,無料,,オークラアクトシティホテル浜松（9:00～20:00）,053-459-0111,,,アクトタワー45階,浜松市中央区板屋町111-2,,34.705444,137.736237,,,,,,,https://www.at-s.com/event/article/1877904,Web収集: アットエス 浜松市中央区イベント一覧; source_id=src_9bfd16fa78bde9bb; 説明生成=facts_only; ジオコーディング補完: 浜松市中央区板屋町111-2,企画展・アート,中央区,,,,
221309,WEBbcec214c39,静岡県,浜松市,かやぶき屋根の下で聞く日本の昔ばなし＜2027年3月＞,,,2027-03-13,2027-03-13,14:00,,,「かやぶき屋根の下で聞く日本の昔ばなし＜2027年3月＞」は2027-03-13に14:00に蜆塚公園内 江戸時代古民家「旧高山家」※浜松市博物館隣接開催予定です。料金は無料です。事前申込が必要です。詳細は出典URLをご確認ください。,無料,,浜松市博物館,053-456-2208,,,蜆塚公園内 江戸時代古民家「旧高山家」※浜松市博物館隣接,浜松市中央区蜆塚4-22-1,,34.713432,137.703659,,,,,,事前申込が必要です。詳細は出典URLをご確認ください。,https://www.at-s.com/event/article/1164511,Web収集: アットエス 浜松市中央区イベント一覧; source_id=src_9bfd16fa78bde9bb; 説明生成=facts_only,暮らし＆カルチャー,中央区,,,,
221309,WEB71fba2d224,静岡県,浜松市,秋葉神社 奉納花火大会,,,2026-07-25,2026-07-25,19:30,20:45,,「秋葉神社 奉納花火大会」は2026-07-25に19:30から20:45に静岡県浜松市 秋葉神社下社前河川敷開催予定です。詳細は出典URLをご確認ください。,,,秋葉山本宮秋葉神社（上社） 053-985-0111、（下社） 053-985-0005,,,,静岡県浜松市 秋葉神社下社前河川敷,静岡 浜松市天竜区,,34.9535155,137.8792994,,,,,,,https://www.jalan.net/event/evt_359427/,Web収集: じゃらん 浜松・浜名湖イベント一覧; source_id=src_5344a1e5dbd57b1d; 説明生成=facts_only,神社イベント,,,,,
221309,WEB285fd6984a,静岡県,浜松市,鹿島の花火大会,,,2026-08-01,2026-08-01,19:00,21:00,,「鹿島の花火大会」は2026-08-01に19:00から21:00に静岡県浜松市 西鹿島天竜川河原開催予定です。料金は無料です。詳細は出典URLをご確認ください。,無料,,鹿島の花火大会実行委員会事務局 080-5720-2199,,,,静岡県浜松市 西鹿島天竜川河原,静岡 浜松市天竜区,,34.8521305,137.8086489,,,,,,,https://www.jalan.net/event/evt_359377/,Web収集: じゃらん 浜松・浜名湖イベント一覧; source_id=src_5344a1e5dbd57b1d; 説明生成=facts_only,花火大会,,,,,
221309,WEB828188d049,静岡県,浜松市,浦川まつり花火大会,,,2026-08-01,2026-08-01,19:30,20:10,,「浦川まつり花火大会」は2026-08-01に19:30から20:10に静岡県浜松市 浦川キャンプ村付近開催予定です。詳細は出典URLをご確認ください。,,,浜松市佐久間地域観光協会 053-965-1651 （平日のみ）※留守電対応あり,,,,静岡県浜松市 浦川キャンプ村付近,静岡 浜松市天竜区,,35.0558178,137.7666075,,,,,,,https://www.jalan.net/event/evt_359419/,Web収集: じゃらん 浜松・浜名湖イベント一覧; source_id=src_5344a1e5dbd57b1d; 説明生成=facts_only,花火大会,,,,,
221309,WEBe6f0cd8f1a,静岡県,浜松市,中部まつり地割れ花火大会,,,2026-08-08,2026-08-08,19:30,20:10,,「中部まつり地割れ花火大会」は2026-08-08に19:30から20:10に静岡県浜松市 天竜川河川敷（佐久間中学校・上島キャンプ場横）開催予定です。詳細は出典URLをご確認ください。,,,浜松市佐久間地域観光協会 053-965-1651 （平日のみ）※留守電対応あり,,,,静岡県浜松市 天竜川河川敷（佐久間中学校・上島キャンプ場横）,静岡 浜松市天竜区,,35.0786779,137.79889,,,,,,,https://www.jalan.net/event/evt_359420/,Web収集: じゃらん 浜松・浜名湖イベント一覧; source_id=src_5344a1e5dbd57b1d; 説明生成=facts_only,花火大会,,,,,
221309,WEBf215d11df9,静岡県,浜松市,滝沢の放歌踊り,,,2026-08-13,2026-08-13,18:00,,,「滝沢の放歌踊り」は2026-08-13に18:00に静岡県浜松市 林慶寺開催予定です。詳細は出典URLをご確認ください。,,,滝沢の放歌踊り保存会（山下会長） 090-1565-2476,,,,静岡県浜松市 林慶寺,静岡 浜松市浜名区,,34.8590922,137.7188672,,,,,,,https://www.jalan.net/event/evt_359430/,Web収集: じゃらん 浜松・浜名湖イベント一覧; source_id=src_5344a1e5dbd57b1d; 説明生成=facts_only,祭り,,,,,
221309,WEB7cd56628b0,静岡県,浜松市,浜松八幡宮 例大祭,,,2026-08-14,2026-08-15,10:00,,,「浜松八幡宮 例大祭」は2026-08-14から2026-08-15に10:00に静岡県浜松市 浜松八幡宮開催予定です。詳細は出典URLをご確認ください。,,,浜松八幡宮 053-461-3429,,,,静岡県浜松市 浜松八幡宮,静岡 浜松市中央区,,34.7158096,137.7367797,,,,,,,https://www.jalan.net/event/evt_359432/,Web収集: じゃらん 浜松・浜名湖イベント一覧; source_id=src_5344a1e5dbd57b1d; 説明生成=facts_only,まとめサイトイベント,,,,,
221309,WEB2a48867049,静岡県,浜松市,佐久間祭典花火大会,,,2026-08-15,2026-08-15,19:30,20:00,,「佐久間祭典花火大会」は2026-08-15に19:30から20:00に静岡県浜松市 天竜川河川敷（佐久間歴史と民話の郷会館付近）開催予定です。詳細は出典URLをご確認ください。,,,浜松市佐久間地域観光協会 053-965-1651 （平日のみ）※留守電対応あり,,,,静岡県浜松市 天竜川河川敷（佐久間歴史と民話の郷会館付近）,静岡 浜松市天竜区,,35.0907519,137.8136161,,,,,,,https://www.jalan.net/event/evt_359433/,Web収集: じゃらん 浜松・浜名湖イベント一覧; source_id=src_5344a1e5dbd57b1d; 説明生成=facts_only,花火大会,,,,,
221309,WEBa0043b7a01,静岡県,浜松市,春日神社 笠井まつり,,,2026-08-14,2026-08-16,18:00,10:00,,「春日神社 笠井まつり」は2026-08-14から2026-08-16に18:00から10:00に静岡県浜松市 春日神社（笠井町、笠井上町）開催予定です。詳細は出典URLをご確認ください。,,,祭典執行本部 053-435-3055,,,,静岡県浜松市 春日神社（笠井町、笠井上町）,静岡 浜松市中央区,,34.7666706,137.7936175,,,,,,,https://www.jalan.net/event/evt_359434/,Web収集: じゃらん 浜松・浜名湖イベント一覧; source_id=src_5344a1e5dbd57b1d; 説明生成=facts_only,神社イベント,,,,,
221309,WEBf423b7d3d3,静岡県,浜松市,カブトムシ・クワガタワールド,,,2026-07-25,2026-08-23,09:00,16:30,,「カブトムシ・クワガタワールド」は2026-07-25から2026-08-23に09:00から16:30に静岡県浜松市 はままつフラワーパーク開催予定です。料金は無料です。詳細は出典URLをご確認ください。,無料,,はままつフラワーパーク 053-487-0511,,,,静岡県浜松市 はままつフラワーパーク,静岡 浜松市中央区,,34.7616728,137.6343885,,,,,,,https://www.jalan.net/event/evt_359347/,Web収集: じゃらん 浜松・浜名湖イベント一覧; source_id=src_5344a1e5dbd57b1d; 説明生成=facts_only,まとめサイトイベント,,,,,
221309,WEB664a8bead7,静岡県,浜松市,浜松ジオラマグランプリ,,,2026-08-20,2026-08-23,12:00,20:00,,「浜松ジオラマグランプリ」は2026-08-20から2026-08-23に12:00から20:00に静岡県浜松市 ザザシティ浜松西館 1階特設会場開催予定です。料金は無料です。詳細は出典URLをご確認ください。,無料,,浜松ジオラマファクトリー事務局 info@hamamatsu-diorama.com,,,,静岡県浜松市 ザザシティ浜松西館 1階特設会場,静岡 浜松市中央区,,34.7049565,137.7293083,,,,,,,https://www.jalan.net/event/evt_359439/,Web収集: じゃらん 浜松・浜名湖イベント一覧; source_id=src_5344a1e5dbd57b1d; 説明生成=facts_only,まとめサイトイベント,,,,,
221309,WEBdad4266609,静岡県,浜松市,岩水寺 地安坊大権現祭,,,2026-08-22,2026-08-23,15:30,20:30,,「岩水寺 地安坊大権現祭」は2026-08-22から2026-08-23に15:30から20:30に静岡県浜松市 岩水寺開催予定です。詳細は出典URLをご確認ください。,,,岩水寺 053-583-2741,,,,静岡県浜松市 岩水寺,静岡 浜松市浜名区,,34.8453739,137.793476,,,,,,,https://www.jalan.net/event/evt_359416/,Web収集: じゃらん 浜松・浜名湖イベント一覧; source_id=src_5344a1e5dbd57b1d; 説明生成=facts_only,まとめサイトイベント,,,,,
221309,WEBdbb39490e3,静岡県,浜松市,こども水遊び広場,,,2026-07-11,2026-08-30,09:00,16:00,,「こども水遊び広場」は2026-07-11から2026-08-30に09:00から16:00に静岡県浜松市 はままつフラワーパーク開催予定です。料金は無料です。詳細は出典URLをご確認ください。,無料,,はままつフラワーパーク 053-487-0511,,,,静岡県浜松市 はままつフラワーパーク,静岡 浜松市中央区,,34.7616728,137.6343885,,,,,,,https://www.jalan.net/event/evt_359348/,Web収集: じゃらん 浜松・浜名湖イベント一覧; source_id=src_5344a1e5dbd57b1d; 説明生成=facts_only,まとめサイトイベント,,,,,
221309,WEBb1c1368bd4,静岡県,浜松市,オオオニバスに乗ってみよう！周辺で開催されるイベント,,,2026-08-22,2026-08-22,10:30,11:30,,「オオオニバスに乗ってみよう！周辺で開催されるイベント」は2026-08-22に10:30から11:30に静岡県浜松市 はままつフラワーパーク開催予定です。詳細は出典URLをご確認ください。,,,はままつフラワーパーク 053-487-0511,,,,静岡県浜松市 はままつフラワーパーク,静岡,,34.761742,137.619071,,,,,,,https://www.jalan.net/event/evt_359346/,Web収集: じゃらん 浜松・浜名湖イベント一覧; source_id=src_5344a1e5dbd57b1d; 説明生成=facts_only,まとめサイトイベント,中央区,,,,
221309,WEB8c8583d9f5,静岡県,浜松市,浜名湖ガーデンパークの夏「Summer Festa 2026」,,,2026-07-01,2026-08-31,08:30,17:00,,「浜名湖ガーデンパークの夏「Summer Festa 2026」」は2026-07-01から2026-08-31に08:30から17:00に静岡県浜松市 浜名湖ガーデンパーク開催予定です。詳細は出典URLをご確認ください。,,,浜名湖ガーデンパーク管理センター 053-488-1500,,,,静岡県浜松市 浜名湖ガーデンパーク,静岡 浜松市中央区,,34.7141712,137.6009356,,,,,,,https://www.jalan.net/event/evt_359374/,Web収集: じゃらん 浜松・浜名湖イベント一覧; source_id=src_5344a1e5dbd57b1d; 説明生成=facts_only,まとめサイトイベント,,,,,
221309,WEBb6d6b49312,静岡県,浜松市,水遊び広場,,,2026-07-18,2026-09-13,10:00,16:00,,「水遊び広場」は2026-07-18から2026-09-13に10:00から16:00に静岡県浜松市 はままつフルーツパーク時之栖開催予定です。料金は730円 / 360円です。詳細は出典URLをご確認ください。,730円 / 360円,,はままつフルーツパーク時之栖 053-428-5211,,,,静岡県浜松市 はままつフルーツパーク時之栖,静岡 浜松市浜名区,,34.8402816,137.7331461,,,,,,,https://www.jalan.net/event/evt_359366/,Web収集: じゃらん 浜松・浜名湖イベント一覧; source_id=src_5344a1e5dbd57b1d; 説明生成=facts_only,まとめサイトイベント,,,,,
221309,WEB73e253c099,静岡県,浜松市,くだもの収穫体験,,,2026-04-01,2026-12-31,10:30,15:00,,「くだもの収穫体験」は2026-04-01から2026-12-31に10:30から15:00に静岡県浜松市 はままつフルーツパーク時之栖開催予定です。詳細は出典URLをご確認ください。,,,はままつフルーツパーク時之栖 053-428-5211,,,,静岡県浜松市 はままつフルーツパーク時之栖,静岡 浜松市浜名区,,34.8402816,137.7331461,,,,,,,https://www.jalan.net/event/evt_355590/,Web収集: じゃらん 浜松・浜名湖イベント一覧; source_id=src_5344a1e5dbd57b1d; 説明生成=facts_only,体験イベント,,,,,
221309,WEBc3b0836dae,静岡県,浜松市,【HAMAMATSU】初音ミク「マジカルミライ 2026」,,,2026-07-24,2026-07-26,,,,「【HAMAMATSU】初音ミク「マジカルミライ 2026」」は2026-07-24から2026-07-26にアクトシティ浜松開催予定です。詳細は出典URLをご確認ください。,,,,,,,アクトシティ浜松,静岡県浜松市中央区板屋町111-1アクトシティ浜松,,34.705528,137.735724,,,,,,,https://magicalmirai.com/2026/,Web収集: いこーよ 浜松・浜名湖・天竜 6か月以内イベント一覧; source_id=src_ba0c05d11bd2efbf; 説明生成=facts_only,ものづくり・学び体験,中央区,,,,
221309,WEB3aa3679a4a,静岡県,浜松市,【浜松市】ディズニー英語システム わくわく英語PARK♪,,,2026-07-23,2026-07-26,,,,「【浜松市】ディズニー英語システム わくわく英語PARK♪」は2026-07-23から2026-07-26にイオンモール浜松志都呂開催予定です。詳細は出典URLをご確認ください。,,,,,,,イオンモール浜松志都呂,静岡県浜松市中央区志都呂2-37-1,,34.696698,137.65013,,,,,,,https://www.instagram.com/worldfamily_event/,Web収集: いこーよ 浜松・浜名湖・天竜 6か月以内イベント一覧; source_id=src_ba0c05d11bd2efbf; 説明生成=facts_only,親子・子供イベント,中央区,,,,
221309,WEB299c6cb80b,静岡県,浜松市,【浜松市】iPadで未来を描こう！デジタルアートアート体験,,,2026-07-04,2026-07-25,,,,「【浜松市】iPadで未来を描こう！デジタルアートアート体験」は2026-07-04から2026-07-25に静岡県浜松市中央区参野町69-1 サンフォーレ矢野1階開催予定です。詳細は出典URLをご確認ください。,,,,,,,,静岡県浜松市中央区参野町69-1 サンフォーレ矢野1階,,34.691978,137.755554,,,,,,,https://study.smt.docomo.ne.jp/special/digital_art2/index.html?class_code=146,Web収集: いこーよ 浜松・浜名湖・天竜 6か月以内イベント一覧; source_id=src_ba0c05d11bd2efbf; 説明生成=facts_only; ジオコーディング補完: 静岡県浜松市中央区参野町69-1 サンフォーレ矢野1階,ものづくり・学び体験,,,,,
221309,WEB1885c3c950,静岡県,浜松市,【限定開催！】木曽馬の乗馬イベント,,,2026-07-04,2026-07-26,,,,「【限定開催！】木曽馬の乗馬イベント」は2026-07-04から2026-07-26にはままつ フルーツパーク 時之栖開催予定です。詳細は出典URLをご確認ください。,,,,,,,はままつ フルーツパーク 時之栖,静岡県浜松市浜名区都田町4263-1,,34.84026,137.732989,,,,,,,https://hamamatsu-fp.co.jp/eventinfo/detail/7,Web収集: いこーよ 浜松・浜名湖・天竜 6か月以内イベント一覧; source_id=src_ba0c05d11bd2efbf; 説明生成=facts_only,ものづくり・学び体験,浜名区,,,,
221309,WEB51aacebe64,静岡県,浜松市,まちなかスポーツフェスティバル2026,,,2026-06-20,2026-07-26,,,,「まちなかスポーツフェスティバル2026」は2026-06-20から2026-07-26に静岡県浜松市中央区旭町13開催予定です。詳細は出典URLをご確認ください。,,,,,,,,静岡県浜松市中央区旭町13,,34.704983,137.734009,,,,,,,https://tomorun.hamazo.tv/e10081691.html,Web収集: いこーよ 浜松・浜名湖・天竜 6か月以内イベント一覧; source_id=src_ba0c05d11bd2efbf; 説明生成=facts_only; ジオコーディング補完: 静岡県浜松市中央区旭町13,ものづくり・学び体験,,,,,
221309,WEBe792df091b,静岡県,浜松市,【DCM21浜松店】7月DIYイベント,,,2026-07-04,2026-07-26,,,,「【DCM21浜松店】7月DIYイベント」は2026-07-04から2026-07-26にDCM21浜松店 DCM DIY倶楽部開催予定です。詳細は出典URLをご確認ください。,,,,,,,DCM21浜松店 DCM DIY倶楽部,静岡県浜松市中央区中田町800番地,,34.733719,137.760742,,,,,,,https://dcm-diyclub.com/,Web収集: いこーよ 浜松・浜名湖・天竜 6か月以内イベント一覧; source_id=src_ba0c05d11bd2efbf; 説明生成=facts_only; ジオコーディング補完: 静岡県浜松市中央区中田町800番地,ものづくり・学び体験,,,,,
221309,WEBff476503a3,静岡県,浜松市,【夏季限定】水遊び広場 ミニプール ＆スライダー,,,2026-07-18,2026-09-13,,,,「【夏季限定】水遊び広場 ミニプール ＆スライダー」は2026-07-18から2026-09-13にはままつ フルーツパーク 時之栖開催予定です。詳細は出典URLをご確認ください。,,,,,,,はままつ フルーツパーク 時之栖,静岡県浜松市浜名区都田町4263-1,,34.84026,137.732989,,,,,,,https://hamamatsu-fp.co.jp/eventinfo/detail/236,Web収集: いこーよ 浜松・浜名湖・天竜 6か月以内イベント一覧; source_id=src_ba0c05d11bd2efbf; 説明生成=facts_only,季節イベント,浜名区,,,,
221309,WEB310894bc99,静岡県,浜松市,【夏季限定】2026 都田川の水遊び,,,2026-07-18,2026-09-13,,,,「【夏季限定】2026 都田川の水遊び」は2026-07-18から2026-09-13にはままつ フルーツパーク 時之栖開催予定です。詳細は出典URLをご確認ください。,,,,,,,はままつ フルーツパーク 時之栖,静岡県浜松市浜名区都田町4263-1,,34.84026,137.732989,,,,,,,https://hamamatsu-fp.co.jp/eventinfo/detail/238,Web収集: いこーよ 浜松・浜名湖・天竜 6か月以内イベント一覧; source_id=src_ba0c05d11bd2efbf; 説明生成=facts_only,季節イベント,浜名区,,,,
221309,WEB3b623167cb,静岡県,浜松市,【静岡】農林水産省後援 全国で無料開催！夏休み木育フェス2026,,,2026-07-18,2026-08-31,,,,「【静岡】農林水産省後援 全国で無料開催！夏休み木育フェス2026」は2026-07-18から2026-08-31に静岡県浜松市中央区青屋町400 SBSマイホームセンター浜松内開催予定です。詳細は出典URLをご確認ください。,,,,,,,,静岡県浜松市中央区青屋町400 SBSマイホームセンター浜松内,,34.716618,137.781143,,,,,,,https://www.aqura.co.jp/,Web収集: いこーよ 浜松・浜名湖・天竜 6か月以内イベント一覧; source_id=src_ba0c05d11bd2efbf; 説明生成=facts_only; ジオコーディング補完: 静岡県浜松市中央区青屋町400 SBSマイホームセンター浜松内,ものづくり・学び体験,,,,,
221309,WEBde2e228bb3,静岡県,浜松市,【浜松西ハウジングセンター】サンサン夏の家づくりフェス,,,2026-07-18,2026-08-30,,,,「【浜松西ハウジングセンター】サンサン夏の家づくりフェス」は2026-07-18から2026-08-30に静岡県浜松市中央区東伊場2-11-3開催予定です。詳細は出典URLをご確認ください。,,,,,,,,静岡県浜松市中央区東伊場2-11-3,,34.696865,137.721878,,,,,,,https://www.e-a-site.com/showrooms/detail/76.html,Web収集: いこーよ 浜松・浜名湖・天竜 6か月以内イベント一覧; source_id=src_ba0c05d11bd2efbf; 説明生成=facts_only; ジオコーディング補完: 静岡県浜松市中央区東伊場2-11-3,ものづくり・学び体験,,,,,
221309,WEBe0169f03dd,静岡県,浜松市,農林水産省後援 五感で体験、みらいをつくろう「木育フェス2026」（静岡）,,,2026-07-18,2026-08-31,,,,「農林水産省後援 五感で体験、みらいをつくろう「木育フェス2026」（静岡）」は2026-07-18から2026-08-31に静岡県浜松市中央区青屋町400 SBSマイホームセンター浜松内開催予定です。詳細は出典URLをご確認ください。,,,,,,,,静岡県浜松市中央区青屋町400 SBSマイホームセンター浜松内,,34.716618,137.781143,,,,,,,https://www.aqura.co.jp/mokuikufes2026/?argument=2LPtpU2V&dmai=pro252,Web収集: いこーよ 浜松・浜名湖・天竜 6か月以内イベント一覧; source_id=src_ba0c05d11bd2efbf; 説明生成=facts_only; ジオコーディング補完: 静岡県浜松市中央区青屋町400 SBSマイホームセンター浜松内,ものづくり・学び体験,,,,,
221309,WEB4eb7ae279f,静岡県,浜松市,こども水遊び広場,,,2026-07-11,2026-08-30,,,,「こども水遊び広場」は2026-07-11から2026-08-30に静岡県浜松市中央区舘山寺町195開催予定です。詳細は出典URLをご確認ください。,,,,,,,,静岡県浜松市中央区舘山寺町195,,34.763638,137.63237,,,,,,,https://e-flowerpark.com,Web収集: いこーよ 浜松・浜名湖・天竜 6か月以内イベント一覧; source_id=src_ba0c05d11bd2efbf; 説明生成=facts_only; ジオコーディング補完: 静岡県浜松市中央区舘山寺町195,親子・子供イベント,,,,,
221309,WEB7eb2f611ff,静岡県,浜松市,特別展 中谷ミチコ 影とぽっこり,,,2026-07-04,2026-08-23,,,,「特別展 中谷ミチコ 影とぽっこり」は2026-07-04から2026-08-23に静岡県浜松市天竜区二俣町二俣130開催予定です。詳細は出典URLをご確認ください。,,,,,,,,静岡県浜松市天竜区二俣町二俣130,,34.865604,137.821854,,,,,,,https://akinofuku-museum.jp,Web収集: いこーよ 浜松・浜名湖・天竜 6か月以内イベント一覧; source_id=src_ba0c05d11bd2efbf; 説明生成=facts_only; ジオコーディング補完: 静岡県浜松市天竜区二俣町二俣130,親子・子供イベント,,,,,
221309,WEBca09e03731,静岡県,浜松市,親子でポケカ教室！ ふぃ～るど!ラフレ初生店【4/4～】,,,2026-04-04,2026-09-13,,,,「親子でポケカ教室！ ふぃ～るど!ラフレ初生店【4/4～】」は2026-04-04から2026-09-13にトレカ コミュニケーションスペース ふぃ～るど ラフレ初生開催予定です。詳細は出典URLをご確認ください。,,,,,,,トレカ コミュニケーションスペース ふぃ～るど ラフレ初生,静岡県浜松市浜名区初生町626-1ラフレ初生 1階,,34.791546,137.783157,,,,,,,https://players.pokemon-card.com/event/search?shop_id=11840,Web収集: いこーよ 浜松・浜名湖・天竜 6か月以内イベント一覧; source_id=src_ba0c05d11bd2efbf; 説明生成=facts_only,ものづくり・学び体験,,,,,
221309,WEBb830751a19,静岡県,浜松市,企画展「昭和の町と、憧れの存在」,,,2026-04-03,2026-09-29,,,,「企画展「昭和の町と、憧れの存在」」は2026-04-03から2026-09-29に静岡県浜松市中央区鍛冶町15 ザザシティ浜松西館1階開催予定です。詳細は出典URLをご確認ください。,,,,,,,,静岡県浜松市中央区鍛冶町15 ザザシティ浜松西館1階,,34.703552,137.732422,,,,,,,https://hamamatsu-diorama.com/info/city_shouwa.html,Web収集: いこーよ 浜松・浜名湖・天竜 6か月以内イベント一覧; source_id=src_ba0c05d11bd2efbf; 説明生成=facts_only; ジオコーディング補完: 静岡県浜松市中央区鍛冶町15 ザザシティ浜松西館1階,親子・子供イベント,,,,,
221309,WEBf7d514aca2,静岡県,浜松市,マイクラxプログラミングの『コードアドベンチャー浜松校』無料体験会！,,,2026-01-31,2026-08-09,,,,「マイクラxプログラミングの『コードアドベンチャー浜松校』無料体験会！」は2026-01-31から2026-08-09にコードアドベンチャー浜松校/イングリッシュゲート浜松校開催予定です。詳細は出典URLをご確認ください。,,,,,,,コードアドベンチャー浜松校/イングリッシュゲート浜松校,静岡県浜松市中央区有玉南町1867-1コワーキングスペースDexi有玉店（デクシィアリタマテン）,,34.749214,137.749084,,,,,,,https://codeadventure.jp/lp/hamamatsu/,Web収集: いこーよ 浜松・浜名湖・天竜 6か月以内イベント一覧; source_id=src_ba0c05d11bd2efbf; 説明生成=facts_only; ジオコーディング補完: 静岡県浜松市中央区有玉南町1867-1コワーキングスペースDexi有玉店（デクシィアリタマテン）,ものづくり・学び体験,,,,,
221309,WEB9b25c0b106,静岡県,浜松市,マイクラx英語の『イングリッシュゲート浜松校』無料体験会！,,,2026-04-18,2026-11-01,,,,「マイクラx英語の『イングリッシュゲート浜松校』無料体験会！」は2026-04-18から2026-11-01にコードアドベンチャー浜松校/イングリッシュゲート浜松校開催予定です。詳細は出典URLをご確認ください。,,,,,,,コードアドベンチャー浜松校/イングリッシュゲート浜松校,静岡県浜松市中央区有玉南町1867-1Dexi有玉店２階,,34.749214,137.749084,,,,,,,https://english-gates.com/shopdetail/hamamatsu/,Web収集: いこーよ 浜松・浜名湖・天竜 6か月以内イベント一覧; source_id=src_ba0c05d11bd2efbf; 説明生成=facts_only; ジオコーディング補完: 静岡県浜松市中央区有玉南町1867-1Dexi有玉店２階,ものづくり・学び体験,,,,,
221309,WEB2dd3892d3f,静岡県,浜松市,フォートナイトx英会話の『すぴーきんぐ浜松校』無料体験会！,,,2026-04-18,2026-11-01,,,,「フォートナイトx英会話の『すぴーきんぐ浜松校』無料体験会！」は2026-04-18から2026-11-01にすぴーきんぐ浜松校開催予定です。詳細は出典URLをご確認ください。,,,,,,,すぴーきんぐ浜松校,静岡県浜松市中央区有玉南町1867-1コワーキングスペースDexi有玉店2階,,34.749214,137.749084,,,,,,,https://www.onlinegame-english.jp,Web収集: いこーよ 浜松・浜名湖・天竜 6か月以内イベント一覧; source_id=src_ba0c05d11bd2efbf; 説明生成=facts_only; ジオコーディング補完: 静岡県浜松市中央区有玉南町1867-1コワーキングスペースDexi有玉店2階,ものづくり・学び体験,,,,,
221309,WEB5209deb1a0,静岡県,浜松市,ミニバブルショー,,,2026-07-25,2026-07-25,,,,「ミニバブルショー」は2026-07-25にはままつ フルーツパーク 時之栖開催予定です。詳細は出典URLをご確認ください。,,,,,,,はままつ フルーツパーク 時之栖,静岡県浜松市浜名区都田町4263-1,,34.84026,137.732989,,,,,,,https://hamamatsu-fp.co.jp/eventinfo/detail/247,Web収集: いこーよ 浜松・浜名湖・天竜 6か月以内イベント一覧; source_id=src_ba0c05d11bd2efbf; 説明生成=facts_only,親子・子供イベント,浜名区,,,,
221309,WEBbd5971d419,静岡県,浜松市,7/25(土)は静岡県 浜名湖オルゴールミュージアムでワークショップ,,,2026-07-25,2026-07-25,,,,「7/25(土)は静岡県 浜名湖オルゴールミュージアムでワークショップ」は2026-07-25に浜名湖オルゴールミュージアム開催予定です。詳細は出典URLをご確認ください。,,,,,,,浜名湖オルゴールミュージアム,静岡県浜松市中央区館山寺町1891浜名湖オルゴールミュージアム,,34.762024,137.617142,,,,,,,https://www.hamanako-orgel.jp/,Web収集: いこーよ 浜松・浜名湖・天竜 6か月以内イベント一覧; source_id=src_ba0c05d11bd2efbf; 説明生成=facts_only,ものづくり・学び体験,,,,,
221309,WEB4126813559,静岡県,浜松市,【浜松開催】おみせやさんごっこ～キッズマネースクール～,,,2026-07-26,2026-07-26,,,,「【浜松開催】おみせやさんごっこ～キッズマネースクール～」は2026-07-26に浜松市防災学習センター開催予定です。詳細は出典URLをご確認ください。,,,,,,,浜松市防災学習センター,静岡県浜松市中央区山下町192番地浜松市防災学習センター(はま坊～家),,34.718117,137.729828,,,,,,,https://www.hamamatsufp.jp/,Web収集: いこーよ 浜松・浜名湖・天竜 6か月以内イベント一覧; source_id=src_ba0c05d11bd2efbf; 説明生成=facts_only,ものづくり・学び体験,浜松市中央区,,,,
221309,WEB738a98e49f,静岡県,浜松市,特別展「中谷ミチコ 影とぽっこり」中・高・大学生向けワークショップ,,,2026-07-27,2026-07-27,,,,「特別展「中谷ミチコ 影とぽっこり」中・高・大学生向けワークショップ」は2026-07-27に静岡県浜松市天竜区二俣町二俣184-32開催予定です。詳細は出典URLをご確認ください。,,,,,,,,静岡県浜松市天竜区二俣町二俣184-32,,34.865078,137.817871,,,,,,,https://akinofuku-museum.jp,Web収集: いこーよ 浜松・浜名湖・天竜 6か月以内イベント一覧; source_id=src_ba0c05d11bd2efbf; 説明生成=facts_only; ジオコーディング補完: 静岡県浜松市天竜区二俣町二俣184-32,ものづくり・学び体験,,,,,
221309,WEB0bf93ae042,静岡県,浜松市,高速道路をまもるお仕事見学！（浜松市）,,,2026-07-29,2026-07-29,,,,「高速道路をまもるお仕事見学！（浜松市）」は2026-07-29に静岡県浜松市浜名区中瀬開催予定です。詳細は出典URLをご確認ください。,,,,,,,,静岡県浜松市浜名区中瀬,,34.828583,137.816498,,,,,,,https://www.c-nexco.co.jp/kids/tours.html,Web収集: いこーよ 浜松・浜名湖・天竜 6か月以内イベント一覧; source_id=src_ba0c05d11bd2efbf; 説明生成=facts_only; ジオコーディング補完: 静岡県浜松市浜名区中瀬,ものづくり・学び体験,,,,,
221309,WEB42caa8de5b,静岡県,浜松市,鹿島の花火大会,,,2026-08-01,2026-08-01,,,,「鹿島の花火大会」は2026-08-01に静岡県浜松市天竜区開催予定です。詳細は出典URLをご確認ください。,,,,,,,,静岡県浜松市天竜区,,34.872578,137.816238,,,,,,,https://kajima-hanabi.com/,Web収集: いこーよ 浜松・浜名湖・天竜 6か月以内イベント一覧; source_id=src_ba0c05d11bd2efbf; 説明生成=facts_only; ジオコーディング補完: 静岡県浜松市天竜区,季節イベント,,,,,
221309,WEB7bf2c6a4b8,静岡県,浜松市,第37回佐鳴湖花火大会,,,2026-08-01,2026-08-01,,,,「第37回佐鳴湖花火大会」は2026-08-01に佐鳴湖公園開催予定です。詳細は出典URLをご確認ください。,,,,,,,佐鳴湖公園,静岡県浜松市中央区大平台 佐鳴湖公園西岸,,34.720528,137.697739,,,,,,,https://iko-yo.net/events?area_ids%5B%5D=165&page=2&prefecture_ids%5B%5D=22&term=5,Web収集: いこーよ 浜松・浜名湖・天竜 6か月以内イベント一覧; source_id=src_ba0c05d11bd2efbf; 説明生成=facts_only,季節イベント,中央区,,,,
221309,WEB6a13e0ab92,静岡県,浜松市,三ヶ日花火大会,,,2026-08-02,2026-08-02,,,,「三ヶ日花火大会」は2026-08-02に猪鼻湖開催予定です。詳細は出典URLをご確認ください。,,,,,,,猪鼻湖,静岡県浜松市浜名区三ヶ日町三ヶ日 猪鼻湖周辺,,34.80666,137.548767,,,,,,,https://mikkabi-hanabi.com/,Web収集: いこーよ 浜松・浜名湖・天竜 6か月以内イベント一覧; source_id=src_ba0c05d11bd2efbf; 説明生成=facts_only; ジオコーディング補完: 静岡県浜松市浜名区三ヶ日町三ヶ日 猪鼻湖周辺,親子・子供イベント,,,,,
221309,WEBbca855f48d,静岡県,浜松市,真夏の浜松に雪が降る！？ ひえひえ遊びで楽しもう！！,,,2026-08-02,2026-08-02,,,,「真夏の浜松に雪が降る！？ ひえひえ遊びで楽しもう！！」は2026-08-02に静岡県浜松市浜名区染地台5-6-7開催予定です。詳細は出典URLをご確認ください。,,,,,,,,静岡県浜松市浜名区染地台5-6-7,,34.793476,137.746719,,,,,,,https://www.chunichi-hc.ne.jp/hama/event/view/#link6456,Web収集: いこーよ 浜松・浜名湖・天竜 6か月以内イベント一覧; source_id=src_ba0c05d11bd2efbf; 説明生成=facts_only; ジオコーディング補完: 静岡県浜松市浜名区染地台5-6-7,親子・子供イベント,,,,,
221309,WEBf16e7ac438,静岡県,浜松市,三ケ日花火大会,,,2026-08-02,2026-08-02,,,,「三ケ日花火大会」は2026-08-02に静岡県浜松市浜名区三ヶ日町開催予定です。詳細は出典URLをご確認ください。,,,,,,,,静岡県浜松市浜名区三ヶ日町,,34.80666,137.548767,,,,,,,https://mikkabi-hanabi.com/,Web収集: いこーよ 浜松・浜名湖・天竜 6か月以内イベント一覧; source_id=src_ba0c05d11bd2efbf; 説明生成=facts_only; ジオコーディング補完: 静岡県浜松市浜名区三ヶ日町,季節イベント,,,,,
221309,WEB26fefc65e6,静岡県,浜松市,夏休み子どもサイエンス2026 in 静岡大学,,,2026-08-03,2026-08-03,,,,「夏休み子どもサイエンス2026 in 静岡大学」は2026-08-03に静岡県浜松市中央区城北3-5-1 静岡大学 浜松キャンパス開催予定です。詳細は出典URLをご確認ください。,,,,,,,,静岡県浜松市中央区城北3-5-1 静岡大学 浜松キャンパス,,34.724934,137.717377,,,,,,,https://wwp.shizuoka.ac.jp/kids-science/?p=193,Web収集: いこーよ 浜松・浜名湖・天竜 6か月以内イベント一覧; source_id=src_ba0c05d11bd2efbf; 説明生成=facts_only; ジオコーディング補完: 静岡県浜松市中央区城北3-5-1 静岡大学 浜松キャンパス,ものづくり・学び体験,,,,,
221309,WEB5053e4427d,静岡県,浜松市,シンフォニック・アニメジブリがいっぱい！オーケストラパーク3,,,2026-08-07,2026-08-07,,,,「シンフォニック・アニメジブリがいっぱい！オーケストラパーク3」は2026-08-07に静岡県浜松市中央区板屋町111-1開催予定です。詳細は出典URLをご確認ください。,,,,,,,,静岡県浜松市中央区板屋町111-1,,34.705444,137.736237,,,,,,,http://www.chubu-phil.com,Web収集: いこーよ 浜松・浜名湖・天竜 6か月以内イベント一覧; source_id=src_ba0c05d11bd2efbf; 説明生成=facts_only; ジオコーディング補完: 静岡県浜松市中央区板屋町111-1,親子・子供イベント,,,,,
221309,WEBc399c2df5c,静岡県,浜松市,【イオンモール浜松志都呂店】ジーユー夏休みコーディネート体験イベント,,,2026-08-07,2026-08-07,,,,「【イオンモール浜松志都呂店】ジーユー夏休みコーディネート体験イベント」は2026-08-07にイオンモール浜松志都呂開催予定です。詳細は出典URLをご確認ください。,,,,,,,イオンモール浜松志都呂,静岡県浜松市中央区中央区志都呂2-37-1イオンモール浜松志都呂2F,,34.696698,137.65013,,,,,,,https://www.gu-global.com/jp/ja/feature/service/my-first-outfit,Web収集: いこーよ 浜松・浜名湖・天竜 6か月以内イベント一覧; source_id=src_ba0c05d11bd2efbf; 説明生成=facts_only,ものづくり・学び体験,中央区,,,,
221309,WEBf7e89f2d6d,静岡県,浜松市,夏休み！はっぱの日バックヤードツアー,,,2026-08-08,2026-08-08,,,,「夏休み！はっぱの日バックヤードツアー」は2026-08-08に静岡県浜松市中央区舘山寺町195開催予定です。詳細は出典URLをご確認ください。,,,,,,,,静岡県浜松市中央区舘山寺町195,,34.763638,137.63237,,,,,,,https://e-flowerpark.com,Web収集: いこーよ 浜松・浜名湖・天竜 6か月以内イベント一覧; source_id=src_ba0c05d11bd2efbf; 説明生成=facts_only; ジオコーディング補完: 静岡県浜松市中央区舘山寺町195,親子・子供イベント,,,,,
221309,WEB056ed2b2a7,静岡県,浜松市,コケのテラリウム作り,,,2026-08-08,2026-08-08,,,,「コケのテラリウム作り」は2026-08-08に静岡県浜松市中央区舘山寺町195開催予定です。詳細は出典URLをご確認ください。,,,,,,,,静岡県浜松市中央区舘山寺町195,,34.763638,137.63237,,,,,,,https://e-flowerpark.com/,Web収集: いこーよ 浜松・浜名湖・天竜 6か月以内イベント一覧; source_id=src_ba0c05d11bd2efbf; 説明生成=facts_only; ジオコーディング補完: 静岡県浜松市中央区舘山寺町195,親子・子供イベント,,,,,
221309,WEB1f1315e54f,静岡県,浜松市,【参加無料！】アクアビーズ＆ホイップる体験会,,,2026-08-09,2026-08-09,,,,「【参加無料！】アクアビーズ＆ホイップる体験会」は2026-08-09に静岡県浜松市浜名区染地台5-6-7開催予定です。詳細は出典URLをご確認ください。,,,,,,,,静岡県浜松市浜名区染地台5-6-7,,34.793476,137.746719,,,,,,,https://www.chunichi-hc.ne.jp/hama/event/view/#link6458,Web収集: いこーよ 浜松・浜名湖・天竜 6か月以内イベント一覧; source_id=src_ba0c05d11bd2efbf; 説明生成=facts_only; ジオコーディング補完: 静岡県浜松市浜名区染地台5-6-7,ものづくり・学び体験,,,,,
221309,WEB746bfb9a78,静岡県,浜松市,浜松市オルガン講座 第16回 オルガンのパイプを作ってみよう！,,,2026-08-12,2026-08-12,,,,「浜松市オルガン講座 第16回 オルガンのパイプを作ってみよう！」は2026-08-12に静岡県浜松市中央区板屋町111-1開催予定です。詳細は出典URLをご確認ください。,,,,,,,,静岡県浜松市中央区板屋町111-1,,34.705444,137.736237,,,,,,,https://www.hcf.or.jp/life/guidance01/2025-0813-88696/index.html,Web収集: いこーよ 浜松・浜名湖・天竜 6か月以内イベント一覧; source_id=src_ba0c05d11bd2efbf; 説明生成=facts_only; ジオコーディング補完: 静岡県浜松市中央区板屋町111-1,親子・子供イベント,,,,,
221309,WEB117f72b8e1,静岡県,浜松市,寸座サマーマーケット,,,2026-08-12,2026-08-12,,,,「寸座サマーマーケット」は2026-08-12に静岡県浜松市浜名区細江町気賀11417-1開催予定です。詳細は出典URLをご確認ください。,,,,,,,,静岡県浜松市浜名区細江町気賀11417-1,,34.788982,137.615494,,,,,,,https://iko-yo.net/events?area_ids%5B%5D=165&page=3&prefecture_ids%5B%5D=22&term=5,Web収集: いこーよ 浜松・浜名湖・天竜 6か月以内イベント一覧; source_id=src_ba0c05d11bd2efbf; 説明生成=facts_only; ジオコーディング補完: 静岡県浜松市浜名区細江町気賀11417-1,ものづくり・学び体験,,,,,
221309,WEB2d0a72fb99,静岡県,浜松市,暑い夏を吹っ飛ばそう！寸座サマーマーケット,,,2026-08-12,2026-08-12,,,,「暑い夏を吹っ飛ばそう！寸座サマーマーケット」は2026-08-12にライブチャーチ 寸座開催予定です。詳細は出典URLをご確認ください。,,,,,,,ライブチャーチ 寸座,静岡県浜松市浜名区細江町気賀11417-1ライブチャーチ寸座,,34.788982,137.615494,,,,,,,https://iko-yo.net/events?area_ids%5B%5D=165&page=3&prefecture_ids%5B%5D=22&term=5,Web収集: いこーよ 浜松・浜名湖・天竜 6か月以内イベント一覧; source_id=src_ba0c05d11bd2efbf; 説明生成=facts_only,ものづくり・学び体験,浜松市浜名区,,,,
221309,WEB2b385a383c,静岡県,浜松市,【8/15 (土）【浜松】リアル恐竜ショー『恐竜パーク』,,,2026-08-15,2026-08-15,,,,「【8/15 (土）【浜松】リアル恐竜ショー『恐竜パーク』」は2026-08-15に静岡県浜松市浜名区貴布祢２９１−１開催予定です。詳細は出典URLをご確認ください。,,,,,,,,静岡県浜松市浜名区貴布祢２９１−１,,34.794357,137.783096,,,,,,,https://kyoryu.srptokyo.com/,Web収集: いこーよ 浜松・浜名湖・天竜 6か月以内イベント一覧; source_id=src_ba0c05d11bd2efbf; 説明生成=facts_only; ジオコーディング補完: 静岡県浜松市浜名区貴布祢２９１−１,ものづくり・学び体験,,,,,
221309,WEBa4264b62ad,静岡県,浜松市,親子で楽しむクワガタ・カブト花マルシェ,,,2026-08-16,2026-08-16,,,,「親子で楽しむクワガタ・カブト花マルシェ」は2026-08-16に静岡県浜松市中央区舘山寺町195開催予定です。詳細は出典URLをご確認ください。,,,,,,,,静岡県浜松市中央区舘山寺町195,,34.763638,137.63237,,,,,,,https://e-flowerpark.com,Web収集: いこーよ 浜松・浜名湖・天竜 6か月以内イベント一覧; source_id=src_ba0c05d11bd2efbf; 説明生成=facts_only; ジオコーディング補完: 静岡県浜松市中央区舘山寺町195,ものづくり・学び体験,,,,,
221309,WEB5664a84c21,静岡県,浜松市,【体験無料！】はたらくクルマ ワクワク体験！,,,2026-08-16,2026-08-16,,,,「【体験無料！】はたらくクルマ ワクワク体験！」は2026-08-16に静岡県浜松市浜名区染地台5-6-7開催予定です。詳細は出典URLをご確認ください。,,,,,,,,静岡県浜松市浜名区染地台5-6-7,,34.793476,137.746719,,,,,,,https://www.chunichi-hc.ne.jp/hama/event/view/#link6460,Web収集: いこーよ 浜松・浜名湖・天竜 6か月以内イベント一覧; source_id=src_ba0c05d11bd2efbf; 説明生成=facts_only; ジオコーディング補完: 静岡県浜松市浜名区染地台5-6-7,ものづくり・学び体験,,,,,
221309,WEB49e2c442cf,静岡県,浜松市,富士山静岡交響楽団 名曲クラシックコンサート,,,2026-08-21,2026-08-21,,,,「富士山静岡交響楽団 名曲クラシックコンサート」は2026-08-21に静岡県浜松市中央区板屋町111-1開催予定です。詳細は出典URLをご確認ください。,,,,,,,,静岡県浜松市中央区板屋町111-1,,34.705444,137.736237,,,,,,,https://www.shizukyo.or.jp/post/20260821,Web収集: いこーよ 浜松・浜名湖・天竜 6か月以内イベント一覧; source_id=src_ba0c05d11bd2efbf; 説明生成=facts_only; ジオコーディング補完: 静岡県浜松市中央区板屋町111-1,親子・子供イベント,,,,,
221309,WEBbf9bda6c9c,静岡県,浜松市,【体験無料！】憧れの「電車の運転手」に！ジオラマ鉄道模型運転体験,,,2026-08-23,2026-08-23,,,,「【体験無料！】憧れの「電車の運転手」に！ジオラマ鉄道模型運転体験」は2026-08-23に静岡県浜松市浜名区染地台5-6-7開催予定です。詳細は出典URLをご確認ください。,,,,,,,,静岡県浜松市浜名区染地台5-6-7,,34.793476,137.746719,,,,,,,https://www.chunichi-hc.ne.jp/hama/event/view/#link6463,Web収集: いこーよ 浜松・浜名湖・天竜 6か月以内イベント一覧; source_id=src_ba0c05d11bd2efbf; 説明生成=facts_only; ジオコーディング補完: 静岡県浜松市浜名区染地台5-6-7,ものづくり・学び体験,,,,,
221309,WEB6050316804,静岡県,浜松市,夏休みこどもワイワイ祭り,,,2026-08-23,2026-08-23,,,,「夏休みこどもワイワイ祭り」は2026-08-23に静岡県浜松市浜名区染地台5-6-7開催予定です。詳細は出典URLをご確認ください。,,,,,,,,静岡県浜松市浜名区染地台5-6-7,,34.793476,137.746719,,,,,,,https://www.chunichi-hc.ne.jp/hama/event/view/#link6461,Web収集: いこーよ 浜松・浜名湖・天竜 6か月以内イベント一覧; source_id=src_ba0c05d11bd2efbf; 説明生成=facts_only; ジオコーディング補完: 静岡県浜松市浜名区染地台5-6-7,親子・子供イベント,,,,,
221309,WEB748bb79865,静岡県,浜松市,オルガンミニコンサート No.122,,,2026-08-27,2026-08-27,,,,「オルガンミニコンサート No.122」は2026-08-27に静岡県浜松市中央区板屋町111-1開催予定です。詳細は出典URLをご確認ください。,,,,,,,,静岡県浜松市中央区板屋町111-1,,34.705444,137.736237,,,,,,,https://www.hcf.or.jp/life/guidance01/2026-0827/index.html,Web収集: いこーよ 浜松・浜名湖・天竜 6か月以内イベント一覧; source_id=src_ba0c05d11bd2efbf; 説明生成=facts_only; ジオコーディング補完: 静岡県浜松市中央区板屋町111-1,親子・子供イベント,,,,,
221309,WEBac80ec1b75,静岡県,浜松市,0歳から楽しむ！わくわくオーケストラコンサート in 浜松,,,2026-09-23,2026-09-23,,,,「0歳から楽しむ！わくわくオーケストラコンサート in 浜松」は2026-09-23に静岡県浜松市浜名区貴布祢291-1開催予定です。詳細は出典URLをご確認ください。,,,,,,,,静岡県浜松市浜名区貴布祢291-1,,34.794357,137.783096,,,,,,,https://teket.jp/460/70575,Web収集: いこーよ 浜松・浜名湖・天竜 6か月以内イベント一覧; source_id=src_ba0c05d11bd2efbf; 説明生成=facts_only; ジオコーディング補完: 静岡県浜松市浜名区貴布祢291-1,ものづくり・学び体験,,,,,
221309,WEB5be29473ee,静岡県,浜松市,詩歌展示販売会「詩丼改」,,,2026-09-27,2026-09-27,,,,「詩歌展示販売会「詩丼改」」は2026-09-27に静岡県浜松市中央区砂山町320-2 浜松UP-ON 1階開催予定です。詳細は出典URLをご確認ください。,,,,,,,,静岡県浜松市中央区砂山町320-2 浜松UP-ON 1階,,34.703781,137.734451,,,,,,,https://goki.her.jp/shidon/,Web収集: いこーよ 浜松・浜名湖・天竜 6か月以内イベント一覧; source_id=src_ba0c05d11bd2efbf; 説明生成=facts_only; ジオコーディング補完: 静岡県浜松市中央区砂山町320-2 浜松UP-ON 1階,ものづくり・学び体験,,,,,
221309,WEBed4424a4ca,静岡県,浜松市,ハママツ・ジャズ・ウィーク「ファミリーJAZZコンサート」,,,2026-10-18,2026-10-18,,,,「ハママツ・ジャズ・ウィーク「ファミリーJAZZコンサート」」は2026-10-18に静岡県浜松市中央区早馬町2-1開催予定です。詳細は出典URLをご確認ください。,,,,,,,,静岡県浜松市中央区早馬町2-1,,34.710644,137.73378,,,,,,,https://hamamatsujazzweek.com/2026/03/,Web収集: いこーよ 浜松・浜名湖・天竜 6か月以内イベント一覧; source_id=src_ba0c05d11bd2efbf; 説明生成=facts_only; ジオコーディング補完: 静岡県浜松市中央区早馬町2-1,ものづくり・学び体験,,,,,
221309,WEBfe6da125fb,静岡県,浜松市,富士山静岡交響楽団 第138回定期演奏会（浜松公演）,,,2026-10-24,2026-10-24,,,,「富士山静岡交響楽団 第138回定期演奏会（浜松公演）」は2026-10-24に静岡県浜松市中央区板屋町111-1開催予定です。詳細は出典URLをご確認ください。,,,,,,,,静岡県浜松市中央区板屋町111-1,,34.705444,137.736237,,,,,,,https://www.shizukyo.or.jp/post/20261024,Web収集: いこーよ 浜松・浜名湖・天竜 6か月以内イベント一覧; source_id=src_ba0c05d11bd2efbf; 説明生成=facts_only; ジオコーディング補完: 静岡県浜松市中央区板屋町111-1,親子・子供イベント,,,,,
221309,WEBeab72ca84e,静岡県,浜松市,ウィーン宮殿祝賀コンサート ウィンナー・ワルツ2027(浜松),,,2027-01-09,2027-01-09,,,,「ウィーン宮殿祝賀コンサート ウィンナー・ワルツ2027(浜松)」は2027-01-09に静岡県浜松市中央区板屋町111-1開催予定です。詳細は出典URLをご確認ください。,,,,,,,,静岡県浜松市中央区板屋町111-1,,34.705444,137.736237,,,,,,,https://www.koransha.com/orch_chamber/vienna_walzer_orch/,Web収集: いこーよ 浜松・浜名湖・天竜 6か月以内イベント一覧; source_id=src_ba0c05d11bd2efbf; 説明生成=facts_only; ジオコーディング補完: 静岡県浜松市中央区板屋町111-1,親子・子供イベント,,,,,
221309,WEB8bcb6d3c40,静岡県,浜松市,カブトムシ・クワガタワールド,,,2026-07-25,2026-08-23,,,,「カブトムシ・クワガタワールド」は2026-07-25から2026-08-23に静岡県浜松市中央区舘山寺町195開催予定です。詳細は出典URLをご確認ください。,,,,,,,,静岡県浜松市中央区舘山寺町195,,34.763638,137.63237,,,,,,,https://e-flowerpark.com,Web収集: いこーよ 浜松・浜名湖・天竜 6か月以内イベント一覧; source_id=src_ba0c05d11bd2efbf; 説明生成=facts_only; ジオコーディング補完: 静岡県浜松市中央区舘山寺町195,親子・子供イベント,,,,,
221309,WEB6b2e12fc72,静岡県,浜松市,浜松プラザフレスポ「ベアアート体験ワークショップ」,,,2026-07-25,2026-07-26,,,,「浜松プラザフレスポ「ベアアート体験ワークショップ」」は2026-07-25から2026-07-26に静岡県浜松市中央区上西町1020-33 1F cremoさん横開催予定です。詳細は出典URLをご確認ください。,,,,,,,,静岡県浜松市中央区上西町1020-33 1F cremoさん横,,34.725143,137.7659,,,,,,,https://event.starpaint.jp/hamamatsu.bearart,Web収集: いこーよ 浜松・浜名湖・天竜 6か月以内イベント一覧; source_id=src_ba0c05d11bd2efbf; 説明生成=facts_only; ジオコーディング補完: 静岡県浜松市中央区上西町1020-33 1F cremoさん横,ものづくり・学び体験,,,,,
221309,WEBa0d37b34db,静岡県,浜松市,夏の夜市＆レモンフェス,,,2026-07-25,2026-07-26,,,,「夏の夜市＆レモンフェス」は2026-07-25から2026-07-26に静岡県浜松市浜名区貴布祢1200番地開催予定です。詳細は出典URLをご確認ください。,,,,,,,,静岡県浜松市浜名区貴布祢1200番地,,34.797241,137.779282,,,,,,,https://www.instagram.com/purehademarche?igsh=YjhkYmw0ZzZtdWh6,Web収集: いこーよ 浜松・浜名湖・天竜 6か月以内イベント一覧; source_id=src_ba0c05d11bd2efbf; 説明生成=facts_only; ジオコーディング補完: 静岡県浜松市浜名区貴布祢1200番地,ものづくり・学び体験,,,,,
221309,WEB072dc3f020,静岡県,浜松市,親子でワークショップ、学生ワークショップ,,,2026-07-26,2026-07-27,,,,「親子でワークショップ、学生ワークショップ」は2026-07-26から2026-07-27に静岡県浜松市天竜区二俣町二俣130 浜松市秋野不矩美術館開催予定です。詳細は出典URLをご確認ください。,,,,,,,,静岡県浜松市天竜区二俣町二俣130 浜松市秋野不矩美術館,,34.865604,137.821854,,,,,,,https://akinofuku-museum.jp,Web収集: いこーよ 浜松・浜名湖・天竜 6か月以内イベント一覧; source_id=src_ba0c05d11bd2efbf; 説明生成=facts_only; ジオコーディング補完: 静岡県浜松市天竜区二俣町二俣130 浜松市秋野不矩美術館,ものづくり・学び体験,,,,,
221309,WEB4e534edbfa,静岡県,浜松市,マックファーレン七海 作品披露,,,2026-07-28,2026-08-03,,,,「マックファーレン七海 作品披露」は2026-07-28から2026-08-03に静岡県浜松市中央区天王町字諏訪1981-3開催予定です。詳細は出典URLをご確認ください。,,,,,,,,静岡県浜松市中央区天王町字諏訪1981-3,,34.738644,137.763733,,,,,,,https://iko-yo.net/events?area_ids%5B%5D=165&page=4&prefecture_ids%5B%5D=22&term=5,Web収集: いこーよ 浜松・浜名湖・天竜 6か月以内イベント一覧; source_id=src_ba0c05d11bd2efbf; 説明生成=facts_only; ジオコーディング補完: 静岡県浜松市中央区天王町字諏訪1981-3,親子・子供イベント,,,,,
221309,WEB8b7d45ae03,静岡県,浜松市,オフィス探検でSDGsを見つけよう！,,,2026-07-29,2026-08-02,,,,「オフィス探検でSDGsを見つけよう！」は2026-07-29から2026-08-02に静岡県浜松市中央区新津町197 常盤工業株式会社「ときポート」開催予定です。詳細は出典URLをご確認ください。,,,,,,,,静岡県浜松市中央区新津町197 常盤工業株式会社「ときポート」,,34.722878,137.741089,,,,,,,https://www.tokihama.jp/event/,Web収集: いこーよ 浜松・浜名湖・天竜 6か月以内イベント一覧; source_id=src_ba0c05d11bd2efbf; 説明生成=facts_only; ジオコーディング補完: 静岡県浜松市中央区新津町197 常盤工業株式会社「ときポート」,ものづくり・学び体験,,,,,
221309,WEB4ece099ec2,静岡県,浜松市,【DCM21浜松店】8月DIYイベント,,,2026-08-01,2026-08-30,,,,「【DCM21浜松店】8月DIYイベント」は2026-08-01から2026-08-30にDCM21浜松店 DCM DIY倶楽部開催予定です。詳細は出典URLをご確認ください。,,,,,,,DCM21浜松店 DCM DIY倶楽部,静岡県浜松市中央区中田町800番地,,34.733719,137.760742,,,,,,,https://dcm-diyclub.com/,Web収集: いこーよ 浜松・浜名湖・天竜 6か月以内イベント一覧; source_id=src_ba0c05d11bd2efbf; 説明生成=facts_only; ジオコーディング補完: 静岡県浜松市中央区中田町800番地,ものづくり・学び体験,,,,,
221309,WEBf81ee92de2,静岡県,浜松市,土曜・日曜・祝日開催☆ベビーマッサージ教室,,,2026-08-02,2026-08-22,,,,「土曜・日曜・祝日開催☆ベビーマッサージ教室」は2026-08-02から2026-08-22に静岡県浜松市中央区和合町58-30開催予定です。詳細は出典URLをご確認ください。,,,,,,,,静岡県浜松市中央区和合町58-30,,34.733913,137.720062,,,,,,,https://www.instagram.com/babymassage_happiness?igsh=MXV2d2dzdDNlbmNt&utm_source=qr,Web収集: いこーよ 浜松・浜名湖・天竜 6か月以内イベント一覧; source_id=src_ba0c05d11bd2efbf; 説明生成=facts_only; ジオコーディング補完: 静岡県浜松市中央区和合町58-30,ものづくり・学び体験,,,,,
221309,WEB4d2021a197,静岡県,浜松市,【浜松市】iPadでたのしくお絵描き！デジタルアート体験,,,2026-08-08,2026-08-22,,,,「【浜松市】iPadでたのしくお絵描き！デジタルアート体験」は2026-08-08から2026-08-22に静岡県浜松市中央区参野町69-1 サンフォーレ矢野1階開催予定です。詳細は出典URLをご確認ください。,,,,,,,,静岡県浜松市中央区参野町69-1 サンフォーレ矢野1階,,34.691978,137.755554,,,,,,,https://study.smt.docomo.ne.jp/special/digital_art2/index.html?class_code=146,Web収集: いこーよ 浜松・浜名湖・天竜 6か月以内イベント一覧; source_id=src_ba0c05d11bd2efbf; 説明生成=facts_only; ジオコーディング補完: 静岡県浜松市中央区参野町69-1 サンフォーレ矢野1階,ものづくり・学び体験,,,,,
221309,WEB334752d91c,静岡県,浜松市,第15回浜松ジオラマグランプリ2026,,,2026-08-20,2026-08-23,,,,「第15回浜松ジオラマグランプリ2026」は2026-08-20から2026-08-23に静岡県浜松市中央区鍛冶町15 ザザシティ浜松 西館1F特設会場開催予定です。詳細は出典URLをご確認ください。,,,,,,,,静岡県浜松市中央区鍛冶町15 ザザシティ浜松 西館1F特設会場,,34.703552,137.732422,,,,,,,https://hamamatsu-diorama.com,Web収集: いこーよ 浜松・浜名湖・天竜 6か月以内イベント一覧; source_id=src_ba0c05d11bd2efbf; 説明生成=facts_only; ジオコーディング補完: 静岡県浜松市中央区鍛冶町15 ザザシティ浜松 西館1F特設会場,親子・子供イベント,,,,,
221309,WEB8d1989d245,静岡県,浜松市,オオオニバスに乗ってみよう,,,2026-08-22,2026-08-30,,,,「オオオニバスに乗ってみよう」は2026-08-22から2026-08-30に静岡県浜松市中央区舘山寺町195開催予定です。詳細は出典URLをご確認ください。,,,,,,,,静岡県浜松市中央区舘山寺町195,,34.763638,137.63237,,,,,,,https://e-flowerpark.com,Web収集: いこーよ 浜松・浜名湖・天竜 6か月以内イベント一覧; source_id=src_ba0c05d11bd2efbf; 説明生成=facts_only; ジオコーディング補完: 静岡県浜松市中央区舘山寺町195,親子・子供イベント,,,,,
221309,WEB6e61a111b2,静岡県,浜松市,浜名湖エリアで音・食・いのちを学ぶ！夏休み自由研究バスツアー,,,2026-08-22,2026-08-29,,,,「浜名湖エリアで音・食・いのちを学ぶ！夏休み自由研究バスツアー」は2026-08-22から2026-08-29に浜松市楽器博物館開催予定です。詳細は出典URLをご確認ください。,,,,,,,浜松市楽器博物館,静岡県浜松市中央区中央3-9-1 浜松市楽器博物館（集合場所）,,34.706816,137.738256,,,,,,,https://www.mtfuji-shizuokaairport.jp/news/specialtour2026_hamamatsu/,Web収集: いこーよ 浜松・浜名湖・天竜 6か月以内イベント一覧; source_id=src_ba0c05d11bd2efbf; 説明生成=facts_only,ものづくり・学び体験,中央区,,,,
221309,WEB0923126029,静岡県,浜松市,所蔵品展 慈愛の心3 ～ 喜(き) ～,,,2026-09-01,2026-09-30,,,,「所蔵品展 慈愛の心3 ～ 喜(き) ～」は2026-09-01から2026-09-30に静岡県浜松市天竜区二俣町二俣130開催予定です。詳細は出典URLをご確認ください。,,,,,,,,静岡県浜松市天竜区二俣町二俣130,,34.865604,137.821854,,,,,,,https://akinofuku-museum.jp,Web収集: いこーよ 浜松・浜名湖・天竜 6か月以内イベント一覧; source_id=src_ba0c05d11bd2efbf; 説明生成=facts_only; ジオコーディング補完: 静岡県浜松市天竜区二俣町二俣130,芸術鑑賞・自然観賞,,,,,
221309,WEB827f6bcbdd,静岡県,浜松市,浜松出世城ぎょうざ祭り2026,,,2026-09-12,2026-09-13,,,,「浜松出世城ぎょうざ祭り2026」は2026-09-12から2026-09-13に浜松城公園開催予定です。詳細は出典URLをご確認ください。,,,,,,,浜松城公園,静岡県浜松市中央区元城町100-2 浜松城公園,,34.711238,137.725672,,,,,,,https://iko-yo.net/events?area_ids%5B%5D=165&page=5&prefecture_ids%5B%5D=22&term=5,Web収集: いこーよ 浜松・浜名湖・天竜 6か月以内イベント一覧; source_id=src_ba0c05d11bd2efbf; 説明生成=facts_only,季節イベント,中央区,,,,
221309,WEB4d933bc4b4,静岡県,浜松市,親子でポケカ教室！ ふぃ～るど!ラフレ初生店【9/18～】,,,2026-09-19,2027-02-13,,,,「親子でポケカ教室！ ふぃ～るど!ラフレ初生店【9/18～】」は2026-09-19から2027-02-13にトレカ コミュニケーションスペース ふぃ～るど ラフレ初生開催予定です。詳細は出典URLをご確認ください。,,,,,,,トレカ コミュニケーションスペース ふぃ～るど ラフレ初生,静岡県浜松市浜名区初生町626-1ラフレ初生 1階,,34.791546,137.783157,,,,,,,https://players.pokemon-card.com/event/search?shop_id=11840,Web収集: いこーよ 浜松・浜名湖・天竜 6か月以内イベント一覧; source_id=src_ba0c05d11bd2efbf; 説明生成=facts_only,ものづくり・学び体験,,,,,
221309,WEB4068fa407c,静岡県,浜松市,所蔵品展 慈愛の心4 ～ 捨(しゃ) ～,,,2026-12-01,2027-01-11,,,,「所蔵品展 慈愛の心4 ～ 捨(しゃ) ～」は2026-12-01から2027-01-11に静岡県浜松市天竜区二俣町二俣130開催予定です。詳細は出典URLをご確認ください。,,,,,,,,静岡県浜松市天竜区二俣町二俣130,,34.865604,137.821854,,,,,,,https://akinofuku-museum.jp,Web収集: いこーよ 浜松・浜名湖・天竜 6か月以内イベント一覧; source_id=src_ba0c05d11bd2efbf; 説明生成=facts_only; ジオコーディング補完: 静岡県浜松市天竜区二俣町二俣130,芸術鑑賞・自然観賞,,,,,
221309,WEBa83c785d61,静岡県,浜松市,M笑むP 美薗中央公園ノルディック・ウォーク体験会(7/24）,,,2026-07-24,2026-07-24,10:00,11:30,,「M笑むP 美薗中央公園ノルディック・ウォーク体験会(7/24）」は2026-07-24に10:00から11:30に美薗中央公園開催予定です。料金は300円 / 200円です。詳細は出典URLをご確認ください。,300円 / 200円,,M笑むP 美薗中央公園担当,武藤:080-5169-1821 ／伊達:090-3388-4299,,M笑むP,美薗中央公園,浜松市浜名区西美薗733番地,,34.800148,137.791641,,,,,,,https://www.at-s.com/event/article/1964944,Web収集: アットエス 浜松市浜名区イベント一覧; source_id=src_1be64dbd2505ffd8; 説明生成=facts_only,体験イベント,浜松市浜名区,,,,
221309,WEBb1b63a8cdf,静岡県,浜松市,ミニバブルショー 7月＜はままつフルーツパーク時之栖＞,,,2026-07-25,2026-07-25,13:00,13:15,,「ミニバブルショー 7月＜はままつフルーツパーク時之栖＞」は2026-07-25に13:00から13:15にはままつフルーツパーク時之栖開催予定です。料金は無料です。詳細は出典URLをご確認ください。,無料,,はままつフルーツパーク時之栖,053-428-5211,,,はままつフルーツパーク時之栖,浜松市浜名区都田町4263-1,,34.84026,137.732989,,,,,,,https://www.at-s.com/event/article/2011301,Web収集: アットエス 浜松市浜名区イベント一覧; source_id=src_1be64dbd2505ffd8; 説明生成=facts_only,企画展・アート,浜名区,,,,
221309,WEB4a6df416d6,静岡県,浜松市,サンスト夏まつり,,,2026-07-25,2026-07-25,15:00,19:00,,「サンスト夏まつり」は2026-07-25に15:00から19:00に3st factory開催予定です。詳細は出典URLをご確認ください。,,,3st factory,053-489-3355,,3st factory,3st factory,浜松市浜名区三ヶ日町岡本814-1,,34.808372,137.548309,,,,,,,https://www.at-s.com/event/article/2012136,Web収集: アットエス 浜松市浜名区イベント一覧; source_id=src_1be64dbd2505ffd8; 説明生成=facts_only; ジオコーディング補完: 浜松市浜名区三ヶ日町岡本814-1,祭り,浜松市浜名区,,,,
221309,WEB4d9c46d566,静岡県,浜松市,夏の夜市＆レモンフェス2026,,,2026-07-25,2026-07-25,16:00,20:00,,「夏の夜市＆レモンフェス2026」は2026-07-25に16:00から20:00にプレ葉ウォーク浜北 屋外東エリア開催予定です。料金は無料です。詳細は出典URLをご確認ください。,無料,,プレ葉deマルシェ実行委員会,090-7312-2458 (担当 杉山),,,プレ葉ウォーク浜北 屋外東エリア,浜松市浜名区貴布祢1200番地 プレ葉ウォーク浜北 屋外東エリア（東5ラッパゲート付近）,,34.800854,137.787094,,,,,,,https://www.at-s.com/event/article/2009784,Web収集: アットエス 浜松市浜名区イベント一覧; source_id=src_1be64dbd2505ffd8; 説明生成=facts_only,マルシェ,浜松市浜名区,,,,
221309,WEB3d20eedbdb,静岡県,浜松市,ボードゲームやらまいか＆おもちゃの広場 7月26日,,,2026-07-26,2026-07-26,10:00,18:00,,「ボードゲームやらまいか＆おもちゃの広場 7月26日」は2026-07-26に10:00から18:00に浜北地域活動・研修センター1F講座室開催予定です。料金は無料です。事前申込が必要です。詳細は出典URLをご確認ください。,無料,,ボードゲームやらまいか（会場は公共機関を借ります、会場へ問い合わせをしないでください）,090-8549-8198,,ボードゲームやらまいか,浜北地域活動・研修センター1F講座室,浜松市浜名区於呂2829-1,,34.835667,137.802826,,あり,,,,事前申込が必要です。詳細は出典URLをご確認ください。,https://www.at-s.com/event/article/2003540,Web収集: アットエス 浜松市浜名区イベント一覧; source_id=src_1be64dbd2505ffd8; 説明生成=facts_only,体験イベント,浜松市浜名区,,,,
221309,WEB9a16e3ce56,静岡県,浜松市,小中学生向けの学習支援「はまるん学園」,,,2026-07-27,2026-07-31,09:00,11:00,,「小中学生向けの学習支援「はまるん学園」」は2026-07-27から2026-07-31に09:00から11:00に公益社団法人 浜松市シルバー人材センター 浜名事務所開催予定です。料金は3000円です。事前申込が必要です。詳細は出典URLをご確認ください。,3000円,,浜松市シルバー人材センター 浜名事務所,053-586-6332,,公益社団法人 浜松市シルバー人材センター,公益社団法人 浜松市シルバー人材センター 浜名事務所,浜松市浜名区貴布祢351-5,,34.795094,137.785233,,,8名,2026-07-17,,事前申込が必要です。詳細は出典URLをご確認ください。,https://www.at-s.com/event/article/1994153,Web収集: アットエス 浜松市浜名区イベント一覧; source_id=src_1be64dbd2505ffd8; 説明生成=facts_only,体験＆教室,浜松市浜名区,,,,
221309,WEBd98e4aa29c,静岡県,浜松市,【ハイウェイみて！みて！ツアーズ】高速道路をまもるお仕事見学！,,,2026-07-29,2026-07-29,09:40,12:30,,「【ハイウェイみて！みて！ツアーズ】高速道路をまもるお仕事見学！」は2026-07-29に09:40から12:30にNEXCO中日本 浜松保全・サービスセンター開催予定です。事前申込が必要です。詳細は出典URLをご確認ください。,,,NEXCO中日本 お客様センター,0120-922-229,,NEXCO中日本,NEXCO中日本 浜松保全・サービスセンター,浜松市浜名区中瀬6008,,34.828583,137.816498,,,40名,2026-06-12,,事前申込が必要です。詳細は出典URLをご確認ください。,https://www.at-s.com/event/article/1983983,Web収集: アットエス 浜松市浜名区イベント一覧; source_id=src_1be64dbd2505ffd8; 説明生成=facts_only,体験＆教室,浜松市浜名区,,,,
221309,WEB591c26b8b9,静岡県,浜松市,林隆次展,,,2026-07-29,2026-08-30,09:30,18:00,,「林隆次展」は2026-07-29から2026-08-30に09:30から18:00にギャラリーカフェ寸座フランセ開催予定です。詳細は出典URLをご確認ください。,,,ギャラリーカフェ寸座フランセ,053-523-0557,,,ギャラリーカフェ寸座フランセ,浜松市浜名区細江町気賀11416,,34.802845,137.632553,,,,,,,https://www.at-s.com/event/article/2017375,Web収集: アットエス 浜松市浜名区イベント一覧; source_id=src_1be64dbd2505ffd8; 説明生成=facts_only; ジオコーディング補完: 浜松市浜名区細江町気賀11416,企画展・アート,浜松市浜名区,,,,
221309,WEBb06d683930,静岡県,浜松市,都田川の水遊び2026＜はままつフルーツパーク時之栖＞,,,2026-07-18,2026-09-13,10:00,15:00,,「都田川の水遊び2026＜はままつフルーツパーク時之栖＞」は2026-07-18から2026-09-13に10:00から15:00にはままつフルーツパーク時之栖開催予定です。料金は無料です。詳細は出典URLをご確認ください。,無料,,はままつフルーツパーク時之栖,053-428-5211,,,はままつフルーツパーク時之栖,浜松市浜名区都田町4263-1,,34.84026,137.732989,,,,,,,https://www.at-s.com/event/article/117015,Web収集: アットエス 浜松市浜名区イベント一覧; source_id=src_1be64dbd2505ffd8; 説明生成=facts_only,体験＆教室,浜名区,,,,
221309,WEB6553735990,静岡県,浜松市,水遊び広場 ミニプール＆スライダー＜はままつフルーツパーク時之栖＞,,,2026-07-18,2026-09-13,10:00,16:00,,「水遊び広場 ミニプール＆スライダー＜はままつフルーツパーク時之栖＞」は2026-07-18から2026-09-13に10:00から16:00にはままつフルーツパーク時之栖開催予定です。料金は無料です。詳細は出典URLをご確認ください。,無料,,はままつフルーツパーク時之栖,053-428-5211,,,はままつフルーツパーク時之栖,浜松市浜名区都田町4263-1,,34.84026,137.732989,,,,,,,https://www.at-s.com/event/article/121539,Web収集: アットエス 浜松市浜名区イベント一覧; source_id=src_1be64dbd2505ffd8; 説明生成=facts_only,体験＆教室,浜名区,,,,
221309,WEB28ba8234a6,静岡県,浜松市,第9回 nicoe かき氷甲子園2026 ～47都道府県 キラッと光る食材を探せ！～,,,2026-07-01,2026-09-27,10:00,18:00,,「第9回 nicoe かき氷甲子園2026 ～47都道府県 キラッと光る食材を探せ！～」は2026-07-01から2026-09-27に10:00から18:00に浜北スイーツ・コミュニティnicoe 内 イベント区画開催予定です。料金は無料です。詳細は出典URLをご確認ください。,無料,,浜北スイーツ・コミュニティnicoe,053-586-4567,,,浜北スイーツ・コミュニティnicoe 内 イベント区画,浜松市浜名区染地台6-7-11,,34.796715,137.74707,,,,,,,https://www.at-s.com/event/article/498624,Web収集: アットエス 浜松市浜名区イベント一覧; source_id=src_1be64dbd2505ffd8; 説明生成=facts_only; ジオコーディング補完: 浜松市浜名区染地台6-7-11,フードフェス・グルメ,浜松市浜名区,,,,
221309,WEB345cb8bd39,静岡県,浜松市,三ヶ日花火大会,,,2026-08-02,2026-08-02,19:30,20:30,,「三ヶ日花火大会」は2026-08-02に19:30から20:30に猪鼻湖上（三ヶ日中学校南側）開催予定です。詳細は出典URLをご確認ください。,,,三ヶ日花火大会実行委員会,090-3297-5980,,三ヶ日花火大会実行委員会,猪鼻湖上（三ヶ日中学校南側）,浜松市浜名区三ヶ日町宇志1320-5 地先（湖上）,,34.799038,137.556427,,あり,,,,,https://www.at-s.com/event/article/121910,Web収集: アットエス 浜松市浜名区イベント一覧; source_id=src_1be64dbd2505ffd8; 説明生成=facts_only,花火大会,浜松市浜名区,,,,
221309,WEB5a43b0c616,静岡県,浜松市,みゅうフェス,,,2026-08-04,2026-08-04,10:00,15:30,,「みゅうフェス」は2026-08-04に10:00から15:30にサンストリート浜北1FこもれびGARDEN開催予定です。料金は無料です。詳細は出典URLをご確認ください。,無料,,天竜病院管理課,053-583-3111,,みゅうの丘協議会,サンストリート浜北1FこもれびGARDEN,浜松市浜名区平口2861,,34.794586,137.761246,,,,,,,https://www.at-s.com/event/article/2012137,Web収集: アットエス 浜松市浜名区イベント一覧; source_id=src_1be64dbd2505ffd8; 説明生成=facts_only,体験＆教室,浜松市浜名区,,,,
221309,WEBbb7824f0db,静岡県,浜松市,浜松工業技術支援センター施設公開,,,2026-08-07,2026-08-07,10:00,12:00,,「浜松工業技術支援センター施設公開」は2026-08-07に10:00から12:00に浜松工業技術支援センター開催予定です。料金は無料です。事前申込が必要です。詳細は出典URLをご確認ください。,無料,,浜松工業技術支援センター（技術支援担当）,053-428-4152,,静岡県工業技術研究所,浜松工業技術支援センター,浜松市浜名区新都田1-3-3,,34.820133,137.730072,,,,2026-07-30,,事前申込が必要です。詳細は出典URLをご確認ください。,https://www.at-s.com/event/article/655732,Web収集: アットエス 浜松市浜名区イベント一覧; source_id=src_1be64dbd2505ffd8; 説明生成=facts_only,体験＆教室,浜名区,,,,
221309,WEBfd11b6be7f,静岡県,浜松市,第38回アフタヌーンライブ,,,2026-08-08,2026-08-08,12:00,15:40,,「第38回アフタヌーンライブ」は2026-08-08に12:00から15:40にサーラ音楽ホール多目的室2開催予定です。料金は無料です。事前申込が必要です。詳細は出典URLをご確認ください。,無料,,アフタヌーンライブ実行委員会（伊藤）,090-3837-6746,,アフタヌーンライブ実行委員会,サーラ音楽ホール多目的室2,浜松市浜名区新都田3-2-1,,34.818024,137.737289,,,,,,事前申込が必要です。詳細は出典URLをご確認ください。,https://www.at-s.com/event/article/1975074,Web収集: アットエス 浜松市浜名区イベント一覧; source_id=src_1be64dbd2505ffd8; 説明生成=facts_only,ライブ・コンサート,浜松市浜名区,,,,
221309,WEBd4b2e3c5f2,静岡県,浜松市,農業体験してみませんか～みかんの摘果体験＆かんてんづくり~,,,2026-08-09,2026-08-09,08:00,11:30,,「農業体験してみませんか～みかんの摘果体験＆かんてんづくり~」は2026-08-09に08:00から11:30に摘果体験：浜松市浜名区細江町内の農園、ワークショップ：奥浜名湖田園空間博物館総合案内所開催予定です。料金は1500円 / 3000円です。事前申込が必要です。詳細は出典URLをご確認ください。,1500円 / 3000円,,奥浜名湖田園空間博物館総合案内所,053-527-1120,,,摘果体験：浜松市浜名区細江町内の農園、ワークショップ：奥浜名湖田園空間博物館総合案内所,浜松市浜名区細江町気賀4585,,34.806332,137.648254,,,,,,事前申込が必要です。詳細は出典URLをご確認ください。,https://www.at-s.com/event/article/2012778,Web収集: アットエス 浜松市浜名区イベント一覧; source_id=src_1be64dbd2505ffd8; 説明生成=facts_only,体験イベント,浜松市浜名区,,,,
221309,WEBce62891fd4,静岡県,浜松市,山の日お楽しみイベント2026 森のクラフト広場～こっぱで作ろう～,,,2026-08-10,2026-08-10,10:00,11:00,,「山の日お楽しみイベント2026 森のクラフト広場～こっぱで作ろう～」は2026-08-10に10:00から11:00に静岡県立森林公園 木工体験館 多目的室開催予定です。料金は500円です。事前申込が必要です。詳細は出典URLをご確認ください。,500円,,静岡県立森林公園 ビジターセンター「バードピア浜北」,053-583-0443,,静岡県立森林公園,静岡県立森林公園 木工体験館 多目的室,浜松市浜名区根堅2450-1,,34.850243,137.795715,,,,,,事前申込が必要です。詳細は出典URLをご確認ください。,https://www.at-s.com/event/article/1978988,Web収集: アットエス 浜松市浜名区イベント一覧; source_id=src_1be64dbd2505ffd8; 説明生成=facts_only,体験イベント,浜松市浜名区,,,,
221309,WEB829e65356f,静岡県,浜松市,ふきのとうとNSPを歌おう,,,2026-08-11,2026-08-11,11:30,16:00,,「ふきのとうとNSPを歌おう」は2026-08-11に11:30から16:00にサーラ音楽ホール多目的室2開催予定です。料金は無料です。事前申込が必要です。詳細は出典URLをご確認ください。,無料,,アフタヌーンライブ実行委員会（伊藤）,090-3837-6746,,アフタヌーンライブ実行委員会,サーラ音楽ホール多目的室2,浜松市浜名区新都田3-2-1,,34.818024,137.737289,,,,,,事前申込が必要です。詳細は出典URLをご確認ください。,https://www.at-s.com/event/article/1977306,Web収集: アットエス 浜松市浜名区イベント一覧; source_id=src_1be64dbd2505ffd8; 説明生成=facts_only,ライブ・コンサート,浜松市浜名区,,,,
221309,WEBea244492c1,静岡県,浜松市,寸座サマーマーケット,,,2026-08-12,2026-08-12,12:00,16:00,,「寸座サマーマーケット」は2026-08-12に12:00から16:00にライブチャーチ 寸座開催予定です。詳細は出典URLをご確認ください。,,,寸座サマーマーケット実行委員会,053-527-0810,,,ライブチャーチ 寸座,浜松市浜名区細江町気賀11417-1,,34.788982,137.615494,,,,,,,https://www.at-s.com/event/article/2012688,Web収集: アットエス 浜松市浜名区イベント一覧; source_id=src_1be64dbd2505ffd8; 説明生成=facts_only,"祭り・花火大会, ライブ・コンサート, フードフェス・グルメ",浜松市浜名区,,,,
221309,WEB629c1fec80,静岡県,浜松市,M笑むP 美薗中央公園ノルディック・ウォーク体験会(8/14）,,,2026-08-14,2026-08-14,10:00,11:30,,「M笑むP 美薗中央公園ノルディック・ウォーク体験会(8/14）」は2026-08-14に10:00から11:30に美薗中央公園開催予定です。料金は300円 / 200円です。詳細は出典URLをご確認ください。,300円 / 200円,,M笑むP 美薗中央公園担当,武藤:080-5169-1821 ／伊達:090-3388-4299,,M笑むP,美薗中央公園,浜松市浜名区西美薗733番地,,34.800148,137.791641,,,,,,,https://www.at-s.com/event/article/2009002,Web収集: アットエス 浜松市浜名区イベント一覧; source_id=src_1be64dbd2505ffd8; 説明生成=facts_only,体験イベント,浜松市浜名区,,,,
221309,WEBb8bf90c1b8,静岡県,浜松市,鳥井こおじ展,,,2026-06-29,2026-07-26,09:30,18:00,,「鳥井こおじ展」は2026-06-29から2026-07-26に09:30から18:00にギャラリーカフェ 寸座フランセ開催予定です。詳細は出典URLをご確認ください。,,,ギャラリーカフェ寸座フランセ,053-523-0557,,,ギャラリーカフェ 寸座フランセ,浜松市浜名区細江町気賀11416,,34.802845,137.632553,,,,,,,https://www.at-s.com/event/article/1998192,Web収集: アットエス 浜松市浜名区イベント一覧; source_id=src_1be64dbd2505ffd8; 説明生成=facts_only; ジオコーディング補完: 浜松市浜名区細江町気賀11416,企画展・アート,浜松市浜名区,,,,
221309,WEB84773934ea,静岡県,浜松市,平口八幡神社祭典 奉納煙火大会,,,2026-08-21,2026-08-21,17:30,19:30,,「平口八幡神社祭典 奉納煙火大会」は2026-08-21に17:30から19:30に平口八幡神社開催予定です。料金は無料です。詳細は出典URLをご確認ください。,無料,,,,,平口八幡神社祭典実行委員会,平口八幡神社,浜松市浜名区平口707,,34.800896,137.764557,,,,,,,https://www.at-s.com/event/article/1731071,Web収集: アットエス 浜松市浜名区イベント一覧; source_id=src_1be64dbd2505ffd8; 説明生成=facts_only,祭り・花火大会,浜松市浜名区,,,,
221309,WEB24f634d5db,静岡県,浜松市,M笑むP 美薗中央公園ノルディック・ウォーク体験会(8/21）,,,2026-08-21,2026-08-21,10:00,11:30,,「M笑むP 美薗中央公園ノルディック・ウォーク体験会(8/21）」は2026-08-21に10:00から11:30に美薗中央公園開催予定です。料金は300円 / 200円です。詳細は出典URLをご確認ください。,300円 / 200円,,M笑むP 美薗中央公園担当,武藤:080-5169-1821 ／伊達:090-3388-4299,,M笑むP,美薗中央公園,浜松市浜名区西美薗733番地,,34.800148,137.791641,,,,,,,https://www.at-s.com/event/article/2009003,Web収集: アットエス 浜松市浜名区イベント一覧; source_id=src_1be64dbd2505ffd8; 説明生成=facts_only,体験イベント,浜名区,,,,
221309,WEB4ed3dca062,静岡県,浜松市,気賀関所のガイドになろう 歴史ガイド養成講座～はじめの一歩～,,,2026-08-22,2026-08-22,09:00,16:30,,「気賀関所のガイドになろう 歴史ガイド養成講座～はじめの一歩～」は2026-08-22に09:00から16:30に気賀関所開催予定です。料金は1300円です。事前申込が必要です。詳細は出典URLをご確認ください。,1300円,,浜松市気賀関所,053-523-2855,,,気賀関所,浜松市浜名区細江町気賀4577,,34.807014,137.647476,,,,2026-08-15,,事前申込が必要です。詳細は出典URLをご確認ください。,https://www.at-s.com/event/article/2013211,Web収集: アットエス 浜松市浜名区イベント一覧; source_id=src_1be64dbd2505ffd8; 説明生成=facts_only; ジオコーディング補完: 浜松市浜名区細江町気賀4577,体験イベント,浜松市浜名区,,,,
221309,WEB860d56dac4,静岡県,浜松市,フォークサミットvol.41 in サーラ音楽ホール,,,2026-08-23,2026-08-23,12:00,15:30,,「フォークサミットvol.41 in サーラ音楽ホール」は2026-08-23に12:00から15:30に浜松市サーラ音楽ホール 多目的室1開催予定です。料金は無料です。事前申込が必要です。詳細は出典URLをご確認ください。,無料,,名倉バンド＜名倉マコト＞,090-7029-4487,,名倉バンド（名倉マコト）,浜松市サーラ音楽ホール 多目的室1,浜松市浜名区新都田3-2-1,,34.818024,137.737289,,,,,,事前申込が必要です。詳細は出典URLをご確認ください。,https://www.at-s.com/event/article/1991339,Web収集: アットエス 浜松市浜名区イベント一覧; source_id=src_1be64dbd2505ffd8; 説明生成=facts_only,ライブ・コンサート,浜松市浜名区,,,,
221309,WEB93d2f46d55,静岡県,浜松市,M笑むP 美薗中央公園ノルディック・ウォーク体験会(8/28）,,,2026-08-28,2026-08-28,10:00,11:30,,「M笑むP 美薗中央公園ノルディック・ウォーク体験会(8/28）」は2026-08-28に10:00から11:30に美薗中央公園開催予定です。料金は300円 / 200円です。詳細は出典URLをご確認ください。,300円 / 200円,,M笑むP 美薗中央公園担当,武藤:080-5169-1821 ／伊達:090-3388-4299,,M笑むP,美薗中央公園,浜松市浜名区西美薗733番地,,34.800148,137.791641,,,,,,,https://www.at-s.com/event/article/2009004,Web収集: アットエス 浜松市浜名区イベント一覧; source_id=src_1be64dbd2505ffd8; 説明生成=facts_only,体験イベント,浜松市浜名区,,,,
221309,WEB33791ee669,静岡県,浜松市,プレ葉ウォーク浜北 Saturday live cafe,,,2026-08-29,2026-08-29,15:00,15:25,,「プレ葉ウォーク浜北 Saturday live cafe」は2026-08-29に15:00から15:25にプレ葉ウォーク浜北開催予定です。料金は無料です。詳細は出典URLをご確認ください。,無料,,Comfy,090-4441-7652,,,プレ葉ウォーク浜北,浜松市浜名区貴布祢2500,,34.800854,137.787094,,,,,,,https://www.at-s.com/event/article/2017978,Web収集: アットエス 浜松市浜名区イベント一覧; source_id=src_1be64dbd2505ffd8; 説明生成=facts_only,ライブ・コンサート,浜松市浜名区,,,,
221309,WEB89d6820c8d,静岡県,浜松市,2026年度前期 森っ子クラブ 月曜コース,,,2026-06-08,2026-10-26,10:00,11:30,,「2026年度前期 森っ子クラブ 月曜コース」は2026-06-08から2026-10-26に10:00から11:30に静岡県立森林公園 ビジターセンター バードピア浜北開催予定です。料金は6000円です。事前申込が必要です。詳細は出典URLをご確認ください。,6000円,,静岡県立森林公園ビジターセンター「バードピア浜北」,053-583-0443,,静岡県立森林公園,静岡県立森林公園 ビジターセンター バードピア浜北,浜松市浜名区尾野2597-7,,34.840195,137.770493,,,,,,事前申込が必要です。詳細は出典URLをご確認ください。,https://www.at-s.com/event/article/1945971,Web収集: アットエス 浜松市浜名区イベント一覧; source_id=src_1be64dbd2505ffd8; 説明生成=facts_only,体験＆教室,浜松市浜名区,,,,
221309,WEB2bca5dfbb7,静岡県,浜松市,M笑むP 美薗中央公園ノルディック・ウォーク体験会(9/11）,,,2026-09-11,2026-09-11,10:00,11:30,,「M笑むP 美薗中央公園ノルディック・ウォーク体験会(9/11）」は2026-09-11に10:00から11:30に美薗中央公園開催予定です。料金は300円 / 200円です。詳細は出典URLをご確認ください。,300円 / 200円,,M笑むP 美薗中央公園担当,武藤:080-5169-1821 ／伊達:090-3388-4299,,M笑むP,美薗中央公園,浜松市浜名区西美薗733番地,,34.800148,137.791641,,,,,,,https://www.at-s.com/event/article/2009005,Web収集: アットエス 浜松市浜名区イベント一覧; source_id=src_1be64dbd2505ffd8; 説明生成=facts_only,体験イベント,浜松市浜名区,,,,
221309,WEBda9e3994db,静岡県,浜松市,M笑むP 美薗中央公園ノルディック・ウォーク体験会(9/18）,,,2026-09-18,2026-09-18,10:00,11:30,,「M笑むP 美薗中央公園ノルディック・ウォーク体験会(9/18）」は2026-09-18に10:00から11:30に美薗中央公園開催予定です。料金は300円 / 200円です。詳細は出典URLをご確認ください。,300円 / 200円,,M笑むP 美薗中央公園担当,武藤:080-5169-1821 ／伊達:090-3388-4299,,M笑むP,美薗中央公園,浜松市浜名区西美薗733番地,,34.800148,137.791641,,,,,,,https://www.at-s.com/event/article/2009006,Web収集: アットエス 浜松市浜名区イベント一覧; source_id=src_1be64dbd2505ffd8; 説明生成=facts_only,体験イベント,浜松市浜名区,,,,
221309,WEB45bbad1705,静岡県,浜松市,オータムコンサート2026 ～どこかで聴いた！華麗なる名曲たち～,,,2026-09-20,2026-09-20,13:30,14:00,,「オータムコンサート2026 ～どこかで聴いた！華麗なる名曲たち～」は2026-09-20に13:30から14:00に浜松市浜北文化センター 大ホール開催予定です。料金は950円です。詳細は出典URLをご確認ください。,950円,,浜松市民オーケストラ事務局,090-7315-0291,,浜松市民オーケストラ,浜松市浜北文化センター 大ホール,浜松市浜名区貴布祢291-1,,34.794357,137.783096,,,,,,,https://www.at-s.com/event/article/1993486,Web収集: アットエス 浜松市浜名区イベント一覧; source_id=src_1be64dbd2505ffd8; 説明生成=facts_only,ライブ・コンサート,浜名区,,,,
221309,WEBbabe828bcc,静岡県,浜松市,0歳から楽しむ！わくわくオーケストラコンサート in 浜松,,,2026-09-23,2026-09-23,10:30,11:00,,「0歳から楽しむ！わくわくオーケストラコンサート in 浜松」は2026-09-23に10:30から11:00に浜松市浜北文化センター 大ホール開催予定です。料金は無料です。詳細は出典URLをご確認ください。,無料,,公益財団法人富士山静岡交響楽団｜静響,054-203-6578,,富士山静岡交響楽団,浜松市浜北文化センター 大ホール,浜松市浜名区貴布祢291−1 浜松市浜北文化センター 大ホール,,34.794357,137.783096,,,,,,,https://www.at-s.com/event/article/2013677,Web収集: アットエス 浜松市浜名区イベント一覧; source_id=src_1be64dbd2505ffd8; 説明生成=facts_only,親子・子供,浜松市浜名区,,,,
221309,WEBae1d17a718,静岡県,浜松市,M笑むP 美薗中央公園ノルディック・ウォーク体験会(9/25）,,,2026-09-25,2026-09-25,10:00,11:30,,「M笑むP 美薗中央公園ノルディック・ウォーク体験会(9/25）」は2026-09-25に10:00から11:30に美薗中央公園開催予定です。料金は300円 / 200円です。詳細は出典URLをご確認ください。,300円 / 200円,,M笑むP 美薗中央公園担当,武藤:080-5169-1821 ／伊達:090-3388-4299,,M笑むP,美薗中央公園,浜松市浜名区西美薗733番地,,34.800148,137.791641,,,,,,,https://www.at-s.com/event/article/2009007,Web収集: アットエス 浜松市浜名区イベント一覧; source_id=src_1be64dbd2505ffd8; 説明生成=facts_only,体験イベント,浜松市浜名区,,,,
221309,WEB47b3f68d6d,静岡県,浜松市,相続・事業承継対策としての金融活用講座（令和8年度常葉大学公開講座）,,,2026-10-14,2026-10-14,19:00,20:30,,「相続・事業承継対策としての金融活用講座（令和8年度常葉大学公開講座）」は2026-10-14に19:00から20:30に常葉大学浜松キャンパス内3号館2階3225教室開催予定です。料金は無料です。事前申込が必要です。詳細は出典URLをご確認ください。,無料,,常葉大学 浜松地域貢献課,053-428-6748,,常葉大学,常葉大学浜松キャンパス内3号館2階3225教室,浜松市浜名区都田町1230,,34.813709,137.707047,,,,,,事前申込が必要です。詳細は出典URLをご確認ください。,https://www.at-s.com/event/article/2017242,Web収集: アットエス 浜松市浜名区イベント一覧; source_id=src_1be64dbd2505ffd8; 説明生成=facts_only,体験イベント,浜松市浜名区,,,,
221309,WEB569e851953,静岡県,浜松市,運動とストレス（令和8年度常葉大学公開講座）,,,2026-10-07,2026-10-07,19:00,20:30,,「運動とストレス（令和8年度常葉大学公開講座）」は2026-10-07に19:00から20:30に常葉大学浜松キャンパス内3号館3階3317教室開催予定です。料金は無料です。事前申込が必要です。詳細は出典URLをご確認ください。,無料,,常葉大学 浜松地域貢献課,053-428-6748,,常葉大学,常葉大学浜松キャンパス内3号館3階3317教室,浜松市浜名区都田町1230,,34.813709,137.707047,,,,,,事前申込が必要です。詳細は出典URLをご確認ください。,https://www.at-s.com/event/article/2017276,Web収集: アットエス 浜松市浜名区イベント一覧; source_id=src_1be64dbd2505ffd8; 説明生成=facts_only,体験イベント,浜松市浜名区,,,,
221309,WEBee4b2883dd,静岡県,浜松市,M笑むP 美薗中央公園ノルディック・ウォーク体験会(10/9）,,,2026-10-09,2026-10-09,10:00,11:30,,「M笑むP 美薗中央公園ノルディック・ウォーク体験会(10/9）」は2026-10-09に10:00から11:30に美薗中央公園開催予定です。料金は300円 / 200円です。詳細は出典URLをご確認ください。,300円 / 200円,,M笑むP 美薗中央公園担当,武藤:080-5169-1821 ／伊達:090-3388-4299,,M笑むP,美薗中央公園,浜松市浜名区西美薗733番地,,34.800148,137.791641,,,,,,,https://www.at-s.com/event/article/2009012,Web収集: アットエス 浜松市浜名区イベント一覧; source_id=src_1be64dbd2505ffd8; 説明生成=facts_only,体験イベント,浜松市浜名区,,,,
221309,WEB123df9f673,静岡県,浜松市,M笑むP 美薗中央公園ノルディック・ウォーク体験会(10/16）,,,2026-10-16,2026-10-16,10:00,11:30,,「M笑むP 美薗中央公園ノルディック・ウォーク体験会(10/16）」は2026-10-16に10:00から11:30に美薗中央公園開催予定です。料金は300円 / 200円です。詳細は出典URLをご確認ください。,300円 / 200円,,M笑むP 美薗中央公園担当,武藤:080-5169-1821 ／伊達:090-3388-4299,,M笑むP,美薗中央公園,浜松市浜名区西美薗733番地,,34.800148,137.791641,,,,,,,https://www.at-s.com/event/article/2009013,Web収集: アットエス 浜松市浜名区イベント一覧; source_id=src_1be64dbd2505ffd8; 説明生成=facts_only,体験イベント,浜松市浜名区,,,,
221309,WEBb77ec674bb,静岡県,浜松市,第40回アフタヌーンライブ,,,2026-10-18,2026-10-18,11:40,15:40,,「第40回アフタヌーンライブ」は2026-10-18に11:40から15:40にサーラ音楽ホール多目的室2開催予定です。料金は無料です。事前申込が必要です。詳細は出典URLをご確認ください。,無料,,アフタヌーンライブ実行委員会（伊藤）,090-3837-6746,,アフタヌーンライブ実行委員会,サーラ音楽ホール多目的室2,浜松市浜名区新都田3-2-1,,34.818024,137.737289,,,,,,事前申込が必要です。詳細は出典URLをご確認ください。,https://www.at-s.com/event/article/2011604,Web収集: アットエス 浜松市浜名区イベント一覧; source_id=src_1be64dbd2505ffd8; 説明生成=facts_only,ライブ・コンサート,浜松市浜名区,,,,
221309,WEB1d7ea56def,静岡県,浜松市,臨床心理学入門（令和8年度常葉大学公開講座）,,,2026-10-21,2026-11-04,19:00,20:30,,「臨床心理学入門（令和8年度常葉大学公開講座）」は2026-10-21から2026-11-04に19:00から20:30に常葉大学浜松キャンパス内3号館2階3223教室開催予定です。料金は無料です。事前申込が必要です。詳細は出典URLをご確認ください。,無料,,常葉大学 浜松地域貢献課,053-428-6748,,常葉大学,常葉大学浜松キャンパス内3号館2階3223教室,浜松市浜名区都田町1230,,34.813709,137.707047,,,,,,事前申込が必要です。詳細は出典URLをご確認ください。,https://www.at-s.com/event/article/2017254,Web収集: アットエス 浜松市浜名区イベント一覧; source_id=src_1be64dbd2505ffd8; 説明生成=facts_only,体験イベント,浜松市浜名区,,,,
221309,WEBe7c43a4691,静岡県,浜松市,M笑むP 美薗中央公園ノルディック・ウォーク体験会(10/23）,,,2026-10-23,2026-10-23,10:00,11:30,,「M笑むP 美薗中央公園ノルディック・ウォーク体験会(10/23）」は2026-10-23に10:00から11:30に美薗中央公園開催予定です。料金は300円 / 200円です。詳細は出典URLをご確認ください。,300円 / 200円,,M笑むP 美薗中央公園担当,武藤:080-5169-1821 ／伊達:090-3388-4299,,M笑むP,美薗中央公園,浜松市浜名区西美薗733番地,,34.800148,137.791641,,,,,,,https://www.at-s.com/event/article/2009014,Web収集: アットエス 浜松市浜名区イベント一覧; source_id=src_1be64dbd2505ffd8; 説明生成=facts_only,体験イベント,浜松市浜名区,,,,
221309,WEB42c6b9f9c2,静岡県,浜松市,2人乗りペダルカヤック体験－カップル・親子・愛犬と楽しむ湖上散歩,,,2026-04-01,2026-10-31,08:30,10:00,,「2人乗りペダルカヤック体験－カップル・親子・愛犬と楽しむ湖上散歩」は2026-04-01から2026-10-31に08:30から10:00にウォーターアクティビティ浜名湖（WAH）(ホテルリステル浜名湖内 湖の広場)開催予定です。料金は8200円です。事前申込が必要です。詳細は出典URLをご確認ください。,8200円,,公益財団法人浜松・浜名湖ツーリズムビューロー,053-458-0011,,公益財団法人浜松・浜名湖ツーリズムビューロー,ウォーターアクティビティ浜名湖（WAH）(ホテルリステル浜名湖内 湖の広場),浜松市浜名区三ヶ日町下尾奈 2251,,34.775078,137.546158,,あり,,,,事前申込が必要です。詳細は出典URLをご確認ください。,https://www.at-s.com/event/article/2006111,Web収集: アットエス 浜松市浜名区イベント一覧; source_id=src_1be64dbd2505ffd8; 説明生成=facts_only,親子・子供イベント,浜名区,,,,
221309,WEBdc6bce6703,静岡県,浜松市,高齢期の暮らしの動向と介護の現状を知って、食を通じて未来に備えよう（令和8年度常葉大学公開講座）,,,2026-11-11,2026-11-11,19:00,20:30,,「高齢期の暮らしの動向と介護の現状を知って、食を通じて未来に備えよう（令和8年度常葉大学公開講座）」は2026-11-11に19:00から20:30に常葉大学浜松キャンパス内5号館2階5208教室開催予定です。料金は無料です。事前申込が必要です。詳細は出典URLをご確認ください。,無料,,常葉大学 浜松地域貢献課,053-428-6748,,常葉大学,常葉大学浜松キャンパス内5号館2階5208教室,浜松市浜名区都田町1230,,34.813709,137.707047,,,,,,事前申込が必要です。詳細は出典URLをご確認ください。,https://www.at-s.com/event/article/2017249,Web収集: アットエス 浜松市浜名区イベント一覧; source_id=src_1be64dbd2505ffd8; 説明生成=facts_only,体験イベント,浜松市浜名区,,,,
221309,WEB882e3c2938,静岡県,浜松市,脳を知ると毎日が変わる（令和8年度常葉大学公開講座）,,,2026-11-11,2026-11-11,19:00,20:30,,「脳を知ると毎日が変わる（令和8年度常葉大学公開講座）」は2026-11-11に19:00から20:30に常葉大学浜松キャンパス内3号館2階3225教室開催予定です。料金は無料です。事前申込が必要です。詳細は出典URLをご確認ください。,無料,,常葉大学 浜松地域貢献課,053-428-6748,,常葉大学,常葉大学浜松キャンパス内3号館2階3225教室,浜松市浜名区都田町1230,,34.813709,137.707047,,,,,,事前申込が必要です。詳細は出典URLをご確認ください。,https://www.at-s.com/event/article/2017289,Web収集: アットエス 浜松市浜名区イベント一覧; source_id=src_1be64dbd2505ffd8; 説明生成=facts_only,体験イベント,浜松市浜名区,,,,
221309,WEBf7aa329384,静岡県,浜松市,M笑むP 美薗中央公園ノルディック・ウォーク体験会(11/13）,,,2026-11-13,2026-11-13,10:00,11:30,,「M笑むP 美薗中央公園ノルディック・ウォーク体験会(11/13）」は2026-11-13に10:00から11:30に美薗中央公園開催予定です。料金は300円 / 200円です。詳細は出典URLをご確認ください。,300円 / 200円,,M笑むP 美薗中央公園担当,武藤:080-5169-1821 ／伊達:090-3388-4299,,M笑むP,美薗中央公園,浜松市浜名区西美薗733番地,,34.800148,137.791641,,,,,,,https://www.at-s.com/event/article/2009015,Web収集: アットエス 浜松市浜名区イベント一覧; source_id=src_1be64dbd2505ffd8; 説明生成=facts_only,体験イベント,浜松市浜名区,,,,
221309,WEB764ad41904,静岡県,浜松市,科学の進歩からみたスポーツの魅力（令和8年度常葉大学公開講座）,,,2026-11-14,2026-11-14,10:00,11:30,,「科学の進歩からみたスポーツの魅力（令和8年度常葉大学公開講座）」は2026-11-14に10:00から11:30に常葉大学浜松キャンパス内3号館2階3223教室開催予定です。料金は無料です。事前申込が必要です。詳細は出典URLをご確認ください。,無料,,常葉大学 浜松地域貢献課,053-428-6748,,常葉大学,常葉大学浜松キャンパス内3号館2階3223教室,浜松市浜名区都田町1230,,34.813709,137.707047,,,,,,事前申込が必要です。詳細は出典URLをご確認ください。,https://www.at-s.com/event/article/2017247,Web収集: アットエス 浜松市浜名区イベント一覧; source_id=src_1be64dbd2505ffd8; 説明生成=facts_only,体験イベント,浜松市浜名区,,,,
221309,WEB593fc0f91d,静岡県,浜松市,M笑むP 美薗中央公園ノルディック・ウォーク体験会(11/20）,,,2026-11-20,2026-11-20,10:00,11:30,,「M笑むP 美薗中央公園ノルディック・ウォーク体験会(11/20）」は2026-11-20に10:00から11:30に美薗中央公園開催予定です。料金は300円 / 200円です。詳細は出典URLをご確認ください。,300円 / 200円,,M笑むP 美薗中央公園担当,武藤:080-5169-1821 ／伊達:090-3388-4299,,M笑むP,美薗中央公園,浜松市浜名区西美薗733番地,,34.800148,137.791641,,,,,,,https://www.at-s.com/event/article/2009016,Web収集: アットエス 浜松市浜名区イベント一覧; source_id=src_1be64dbd2505ffd8; 説明生成=facts_only,体験イベント,浜松市浜名区,,,,
221309,WEB415a344130,静岡県,浜松市,転ばない・痛めない身体の使い方（令和8年度常葉大学公開講座）,,,2026-11-25,2026-12-02,19:00,20:30,,「転ばない・痛めない身体の使い方（令和8年度常葉大学公開講座）」は2026-11-25から2026-12-02に19:00から20:30に常葉大学浜松キャンパス内8号館2階8202・8203教室開催予定です。料金は無料です。事前申込が必要です。詳細は出典URLをご確認ください。,無料,,常葉大学 浜松地域貢献課,053-428-6748,,常葉大学,常葉大学浜松キャンパス内8号館2階8202・8203教室,浜松市浜名区都田町1230,,34.813709,137.707047,,,,,,事前申込が必要です。詳細は出典URLをご確認ください。,https://www.at-s.com/event/article/2017265,Web収集: アットエス 浜松市浜名区イベント一覧; source_id=src_1be64dbd2505ffd8; 説明生成=facts_only,体験イベント,浜松市浜名区,,,,
221309,WEBfd5b561203,静岡県,浜松市,M笑むP 美薗中央公園ノルディック・ウォーク体験会(11/27）,,,2026-11-27,2026-11-27,10:00,11:30,,「M笑むP 美薗中央公園ノルディック・ウォーク体験会(11/27）」は2026-11-27に10:00から11:30に美薗中央公園開催予定です。料金は300円 / 200円です。詳細は出典URLをご確認ください。,300円 / 200円,,M笑むP 美薗中央公園担当,武藤:080-5169-1821 ／伊達:090-3388-4299,,M笑むP,美薗中央公園,浜松市浜名区西美薗733番地,,34.800148,137.791641,,,,,,,https://www.at-s.com/event/article/2009018,Web収集: アットエス 浜松市浜名区イベント一覧; source_id=src_1be64dbd2505ffd8; 説明生成=facts_only,体験イベント,浜松市浜名区,,,,
221309,WEB4b310b67a1,静岡県,浜松市,こころの気づきにつかう東洋医学（令和8年度常葉大学公開講座）,,,2026-11-28,2026-12-12,10:00,11:30,,「こころの気づきにつかう東洋医学（令和8年度常葉大学公開講座）」は2026-11-28から2026-12-12に10:00から11:30に常葉大学浜松キャンパス内3号館2階3225教室開催予定です。料金は無料です。事前申込が必要です。詳細は出典URLをご確認ください。,無料,,常葉大学 浜松地域貢献課,053-428-6748,,常葉大学,常葉大学浜松キャンパス内3号館2階3225教室,浜松市浜名区都田町1230,,34.813709,137.707047,,,,,,事前申込が必要です。詳細は出典URLをご確認ください。,https://www.at-s.com/event/article/2017259,Web収集: アットエス 浜松市浜名区イベント一覧; source_id=src_1be64dbd2505ffd8; 説明生成=facts_only,体験イベント,浜松市浜名区,,,,
221309,WEBc0b7d7657f,静岡県,浜松市,手筒花火 奉納花火大会＜秋葉山本宮秋葉神社＞,,,2026-07-25,2026-07-25,19:30,21:00,,「手筒花火 奉納花火大会＜秋葉山本宮秋葉神社＞」は2026-07-25に19:30から21:00に秋葉山本宮秋葉神社下社前 気田川河川敷開催予定です。料金は無料です。詳細は出典URLをご確認ください。,無料,,秋葉山本宮秋葉神社下社,053-985-0005,,秋葉山本宮秋葉神社,秋葉山本宮秋葉神社下社前 気田川河川敷,浜松市天竜区春野町領家345,,34.953369,137.881699,,,,,,,https://www.at-s.com/event/article/121871,Web収集: アットエス 浜松市天竜区イベント一覧; source_id=src_a2645caf06292c39; 説明生成=facts_only; ジオコーディング補完: 浜松市天竜区春野町領家345,花火大会,浜松市天竜区,,,,
221309,WEB1bb5313b87,静岡県,浜松市,第28回ヤマメつかみ取り大会,,,2026-07-26,2026-07-26,12:00,13:30,,「第28回ヤマメつかみ取り大会」は2026-07-26に12:00から13:30に翁川（水窪町西浦 旧西浦小学校入口手前付近）開催予定です。料金は2000円 / 1000円です。詳細は出典URLをご確認ください。,2000円 / 1000円,,天竜区観光協会水窪支部,053-987-2100,,共催／ここほれわんわん塾、天竜区観光協会水窪支部,翁川（水窪町西浦 旧西浦小学校入口手前付近）,浜松市天竜区水窪町奥領家,,35.228153,137.900558,,,,,,,https://www.at-s.com/event/article/121537,Web収集: アットエス 浜松市天竜区イベント一覧; source_id=src_a2645caf06292c39; 説明生成=facts_only,体験＆教室,浜松市天竜区,,,,
221309,WEB316e7fcd18,静岡県,浜松市,『ボーイスカウト体験！水鉄砲作りと川遊び』,,,2026-07-26,2026-07-26,09:00,13:00,,「『ボーイスカウト体験！水鉄砲作りと川遊び』」は2026-07-26に09:00から13:00にいせぎ荘(静岡県浜松市天竜区横山町1146-1)開催予定です。料金は無料です。詳細は出典URLをご確認ください。,無料,,ボーイスカウト浜松第30団,090-8341-9525,,ボーイスカウト第30団,いせぎ荘(静岡県浜松市天竜区横山町1146-1),浜松市天竜区横山町1146-1,,34.946777,137.802795,,,,,,,https://www.at-s.com/event/article/2012371,Web収集: アットエス 浜松市天竜区イベント一覧; source_id=src_a2645caf06292c39; 説明生成=facts_only; ジオコーディング補完: 浜松市天竜区横山町1146-1,体験イベント,浜松市天竜区,,,,
221309,WEBc9f7ee85fe,静岡県,浜松市,コグマルシェ,,,2026-07-26,2026-07-26,11:00,15:00,,「コグマルシェ」は2026-07-26に11:00から15:00にリトルベアカフェ開催予定です。詳細は出典URLをご確認ください。,,,特例認定NPO法人耕,070-4414-2954,,,リトルベアカフェ,浜松市天竜区熊2072-1,,34.961582,137.746613,,,,,,,https://www.at-s.com/event/article/2008296,Web収集: アットエス 浜松市天竜区イベント一覧; source_id=src_a2645caf06292c39; 説明生成=facts_only; ジオコーディング補完: 浜松市天竜区熊2072-1,マルシェ,浜松市天竜区,,,,
221309,WEB98a16368f8,静岡県,浜松市,浦川まつり花火大会,,,2026-08-01,2026-08-01,19:30,20:10,,「浦川まつり花火大会」は2026-08-01に19:30から20:10に浦川キャンプ村付近 大千瀬川河川敷および堤防開催予定です。詳細は出典URLをご確認ください。,,,浜松市佐久間地域観光協会,053-965-1651,,,浦川キャンプ村付近 大千瀬川河川敷および堤防,浜松市天竜区佐久間町浦川2823-5,,35.055826,137.766777,,,,,,,https://www.at-s.com/event/article/121892,Web収集: アットエス 浜松市天竜区イベント一覧; source_id=src_a2645caf06292c39; 説明生成=facts_only,花火大会,浜松市天竜区,,,,
221309,WEBd34fe93913,静岡県,浜松市,鹿島の花火,,,2026-08-01,2026-08-01,19:00,21:00,,「鹿島の花火」は2026-08-01に19:00から21:00に天⻯川河川敷（浜松市天⻯区⼆俣町⿅島地内）開催予定です。詳細は出典URLをご確認ください。,,,合同会社hokuen（担当：石川・中谷）,080-5720-2199,,,天⻯川河川敷（浜松市天⻯区⼆俣町⿅島地内）,浜松市天竜区二俣町鹿島,,34.852627,137.80632,,あり,,,,,https://www.at-s.com/event/article/122207,Web収集: アットエス 浜松市天竜区イベント一覧; source_id=src_a2645caf06292c39; 説明生成=facts_only,花火大会,浜松市天竜区,,,,
221309,WEBd3afdde3f3,静岡県,浜松市,中部まつり地割れ花火大会,,,2026-08-08,2026-08-08,19:30,20:10,,「中部まつり地割れ花火大会」は2026-08-08に19:30から20:10に湖北高校佐久間分校および上島キャンプ場横、天竜川河川敷開催予定です。詳細は出典URLをご確認ください。,,,浜松市佐久間地域観光協会,053-965-1651,,浜松市佐久間地域観光協会,湖北高校佐久間分校および上島キャンプ場横、天竜川河川敷,浜松市天竜区佐久間町中部,,35.078371612574855,137.79720067977905,,,,2026-07-17,,,https://www.at-s.com/event/article/121896,Web収集: アットエス 浜松市天竜区イベント一覧; source_id=src_a2645caf06292c39; 説明生成=facts_only,花火大会,浜松市天竜区,,,,
221309,WEBe415660558,静岡県,浜松市,佐久間祭り花火大会,,,2026-08-15,2026-08-15,19:30,20:00,,「佐久間祭り花火大会」は2026-08-15に19:30から20:00に佐久間歴史と民話の郷会館駐車場付近、堤防開催予定です。詳細は出典URLをご確認ください。,,,浜松市佐久間地域観光協会,053-965-1651,,,佐久間歴史と民話の郷会館駐車場付近、堤防,浜松市天竜区佐久間町佐久間429−1,,35.116451,137.81868,,,,,,,https://www.at-s.com/event/article/122353,Web収集: アットエス 浜松市天竜区イベント一覧; source_id=src_a2645caf06292c39; 説明生成=facts_only,花火大会,浜松市天竜区,,,,
221309,WEB7100fcf080,静岡県,浜松市,春野気田納涼花火大会,,,2026-08-15,2026-08-15,19:45,20:30,,「春野気田納涼花火大会」は2026-08-15に19:45から20:30に春野町 新気田川橋下流開催予定です。料金は無料です。詳細は出典URLをご確認ください。,無料,,天竜区観光協会春野支部,070-4410-0806,,,春野町 新気田川橋下流,浜松市天竜区春野町気田,,35.019199,137.895081,,,,,,,https://www.at-s.com/event/article/107805,Web収集: アットエス 浜松市天竜区イベント一覧; source_id=src_a2645caf06292c39; 説明生成=facts_only; ジオコーディング補完: 浜松市天竜区春野町気田,花火大会,浜松市天竜区,,,,
221309,WEBd5002f3a27,静岡県,浜松市,二俣諏訪神社祭典（二俣まつり）,,,2026-08-22,2026-08-22,09:30,10:00,,「二俣諏訪神社祭典（二俣まつり）」は2026-08-22に09:30から10:00に二俣諏訪神社ほか ※住所、地図は二俣諏訪神社開催予定です。料金は無料です。詳細は出典URLをご確認ください。,無料,,,,,,二俣諏訪神社ほか ※住所、地図は二俣諏訪神社,浜松市天竜区二俣町二俣1111,,34.866173,137.812424,,,,,,,https://www.at-s.com/event/article/122510,Web収集: アットエス 浜松市天竜区イベント一覧; source_id=src_a2645caf06292c39; 説明生成=facts_only,祭り,浜松市天竜区,,,,
221309,WEB19c806b299,静岡県,浜松市,【8/25（火）催行】天竜の恵みでつくる、うるおいを大切にした 天然素材のシルク繭（まゆ）石けん,,,2026-08-25,2026-08-25,10:00,12:30,,「【8/25（火）催行】天竜の恵みでつくる、うるおいを大切にした 天然素材のシルク繭（まゆ）石けん」は2026-08-25に10:00から12:30に百古里庵（スガリアン）開催予定です。料金は7500円 / 6500円です。事前申込が必要です。詳細は出典URLをご確認ください。,7500円 / 6500円,,公益財団法人浜松・浜名湖ツーリズムビューロー,053-458-0011,,公益財団法人浜松・浜名湖ツーリズムビューロー,百古里庵（スガリアン）,浜松市天竜区横川160,,34.905346,137.888855,,,,2026-08-22,,事前申込が必要です。詳細は出典URLをご確認ください。,https://www.at-s.com/event/article/2005488,Web収集: アットエス 浜松市天竜区イベント一覧; source_id=src_a2645caf06292c39; 説明生成=facts_only,体験＆教室,浜松市天竜区,,,,
221309,WEBa75da35e1d,静岡県,浜松市,みさくぼ祭り（山狭の花火）,,,2026-09-19,2026-09-19,10:00,14:00,,「みさくぼ祭り（山狭の花火）」は2026-09-19に10:00から14:00に水窪町 商店街通り開催予定です。料金は無料です。詳細は出典URLをご確認ください。,無料,,みさくぼ祭り実行委員会・水窪仮装コンクール実行委員会（天竜区観光協会水窪支部内）,053-987-2100,,,水窪町 商店街通り,浜松市天竜区水窪町奥領家,,35.228153,137.900558,,,,,,,https://www.at-s.com/event/article/122635,Web収集: アットエス 浜松市天竜区イベント一覧; source_id=src_a2645caf06292c39; 説明生成=facts_only,花火大会,浜松市天竜区,,,,
