NO,イベント名,開始日,終了日,開催日一覧,開始時間,終了時間,開催時間補足,説明,場所名称,住所,緯度,経度,カテゴリー,URL,開催区,対象者,対象者補足,料金,定員,申込方法,主催者,問い合わせ先,バリアフリー,備考,更新日時
KAWASAKI-9d7d346f3cda71d3,川崎マリエンボトルシップ工作教室指導者養成コース2026,2026-09-19,2026-12-19,2026-09-19;2026-10-17;2026-11-21;2026-12-19,13:00:00,16:00:00,上記の他に2027年1月16日、2月20日、3月13日の全12回です。ご都合による途中欠席も可能です。,"ボトルシップ工作の基本から懇切丁寧に指導致します。先生達は全員この教室の卒業生。毎月１回、合計12回の教室で楽しみながら技術を身につけられます。希望者には夏休みに実施する子供向け教室の講師としてその技術を活かしていただけます。川崎マリエンが主催する参加費無料の教室です。（別途年間材料費1,500円あり）。住所、氏名、年齢、電話番号を明記してメール、FAX、往復ハガキでお申し込み下さい。",神奈川県川崎市川崎区東扇島３８−１ 川崎市港湾振興会館 業務棟,神奈川県川崎市川崎区東扇島３８−１ 川崎市港湾振興会館 業務棟,35.4964385,139.7628895,学び・講座,http://www.kawasakiport.or.jp,川崎区,指定なし,将来子ども等への指導者を目指したい方大歓迎。,"参加費は無料ですが、材料費として年間分1,500円を初回にお支払いただきます。途中辞退による返金はございません。",15名。応募多数の場合は抽選。,"2026-01-14〜2026-03-17 / 川崎市川崎区東扇島38-1　公益社団法人川崎港振興協会
ボトルシップ工作教室指導者養成コース係 / 住所、氏名、年齢、電話番号を明記し、メール、FAX、往復ハガキのいずれかでご応募下さい。メールによるご応募が簡単です。応募多数は抽選。",公益社団法人川崎港振興協会,会館事業課会館事業係 / 〒210-0869　川崎市川崎区東扇島38－1,"授乳室,おむつ交換台,思いやり駐車スペース,エレベーター,バリアフリートイレ",冷暖房完備の屋内実施です。,2026-01-14 18:08:06
KAWASAKI-5efc8bbcbf2b72ae,【参加者募集】プラザ大師親子むけ広場「こそだてほっと・ぱぁく」,2026-10-13,2026-10-13,2026-10-13,10:00:00,11:00:00,"2026年は、11月10日、12月8日
2027年は、1月12日、2月9日、3月9日　実施",親子ともに参加できる体操や、工作、ふれあい遊びなどさまざまな遊び。実技や保護者対象の学習などを行う。,神奈川県川崎市川崎区大師駅前1丁目1－5 川崎大師パークホームズ2階,神奈川県川崎市川崎区大師駅前1丁目1－5 川崎大師パークホームズ2階,35.534004809978,139.72523219802386,子ども・子育て,https://www.city.kawasaki.jp/kawasaki/page/0000107337.html,川崎区,指定なし,川崎区在住,参加者1人につき100円（年1回）,15組,2026-04-21〜2026-05-11 / 先着順,川崎市教育委員会、かんのん町保育園、大師保育園、藤崎保育園、かわなかじま保育園、大師駅前ひよこ保育園,生涯学習支援課 / プラザ大師（大師分館）,指定なし,,2026-06-28 20:24:55
KAWASAKI-04f140decc842e71,川崎マリエントレーニング教室２０２６,2026-09-17,2026-10-15,2026-09-17;2026-10-15,18:00:00,19:30:00,,効果的で効率的なトレーニング方法を知りたい！経済的にもお得にマシーンを活用したい！仕事終わりに気軽に楽しみたい！という方にピッタリなトレーニング教室です。マリエンのトレーニング室にトレーニング専門講師が来館してあなたの疑問やトレーニング方法について直接アドバイスしてくれます。特に予約は要りません。講師が来館する日時に合わせてレーニング室に来館し、講師に直接アドバイスをもらいましょう！！参加費無料。トレーニング室使用料２００円。,神奈川県川崎市川崎区東扇島３８−１,神奈川県川崎市川崎区東扇島３８−１,35.4965453,139.7634275,スポーツ,http://www.kawasakiport.or.jp,川崎区,指定なし,15歳以上対象。中学生不可。,ただしトレーニング室使用料200円は必要です。,トレーニング室自体の定員が１０名ですので、それ以上の場合は少々お待ちいただく事になります。,,公益社団法人川崎港振興協会　会館事業係,会館事業課会館事業係 / 〒210-0869　川崎市川崎区東扇島38-1,"授乳室,おむつ交換台,エレベーター,バリアフリートイレ",トレーニング室を初めて使用する方は、事前にマシーン等の初回説明会（説明ビデオ鑑賞。約20分）の受講が必要です。随時受け付けておりますので当日の受講が可能です。受付でその旨お申し出ください。,2026-05-19 08:03:17
KAWASAKI-919eade7bf74ac90,令和８年度　川崎マリエン茶道教室,2026-09-30,2027-03-24,2026-09-30;2026-10-14;2026-10-28;2026-11-11;2026-11-25;2026-12-09;2026-12-23;2027-01-13;2027-01-27;2027-02-10;2027-02-24;2027-03-10;2027-03-24,18:00:00,20:00:00,,"気軽な気持ちで参加できるマリエンの茶道教室。平日夜の開催なので仕事終わりに参加できます。正座が苦手な方、イスのご用意がございます。大変おおらかな先生が丁寧に優しく指導してくれます。笑いが絶えない教室なので、敷居は高くありません。初めて茶道に触れるという方にはとても良いきっかけの教室です。1ヵ月2回の教室で月謝は2,000円。別途、年間使用の道具代約7,000円。年間20回の教室です。",神奈川県川崎市川崎区東扇島３８−１ 川崎市港湾振興会館（川崎マリエン）,神奈川県川崎市川崎区東扇島３８−１ 川崎市港湾振興会館（川崎マリエン）,35.4964385,139.7628895,学び・講座,http://www.kawasakiport.or.jp,川崎区,指定なし,,"1ヵ月2,000円（1ヵ月2回）
※別途年間使用の道具を購入いただきます（約7,000円）",６名（応募多数は抽選）,2026-04-03〜2026-05-21 / ①氏名、②住所、③電話番号を明記してメールにて申し込み下さい。,公益社団法人川崎港振興協会　会館事業課会館事業係,〒210-0869　川崎市川崎区東扇島38-1,"思いやり駐車スペース,エレベーター,バリアフリートイレ",,2026-04-06 08:33:44
KAWASAKI-ed0a69b74f2ab3c4,プラザ田島　市民自主学級　たぶんかきっず「ぽれぽれ」（追加募集中）,2026-09-26,2026-11-21,2026-09-26;2026-10-24;2026-11-21,10:00:00,11:30:00,12月12日、1月24日、2月14日、3月7日も開催いたします。,"外国(がいこく)につながる親子（おやこ）向（む）けに、絵本（えほん）の読み聞かせ（よみきかせ）や体操（たいそう）しながら日本語（にほんご）を学（まな）びます。
日時（にちじ）　2026年6月27日土曜日から2027年3月7日日曜日　毎月1回
時間（じかん）　午前10時から午前11時30分
会場（かいじょう）　プラザ田島（教育文化会館田島分館）
年間申込（ねんかんもうしこみ）　6月1日月曜日午前10時から6月25日木曜日午後5時まで　プラザ田島ホームページより申込してください。
費用（ひよう）　1人50円",川崎市川崎区追分町16−1　カルナーザ川崎4階 プラザ田島（教育文化会館田島分館）,川崎市川崎区追分町16−1　カルナーザ川崎4階 プラザ田島（教育文化会館田島分館）,35.51903650563978,139.7165579776153,学び・講座;体感・体験;コミュニティ・交流;子ども・子育て,https://www.city.kawasaki.jp/kawasaki/page/0000186711.html,川崎区,"幼児,保護者",外国にルーツを持つ、3～6歳の子とその親（2026年4月1日の年齢）,1人50円,10組程度,2026-06-01〜2026-06-25 / 日本語以外の言語での申し込みは、チラシからご確認ください。,川崎区役所 まちづくり推進部 生涯学習支援課（田島地区担当）,川崎区役所 まちづくり推進部 生涯学習支援課,指定なし,,2026-06-30 11:24:43
KAWASAKI-e2ae42f209b3b407,プラザ大師　市民自主企画事業　多文化ぶらぶら,2026-10-04,2026-11-01,2026-10-04;2026-11-01,10:00:00,11:30:00,,"外国(がいこく)にルーツを持（も）つ子（こ）どもと家族（かぞく）が集（あつ）まり、遊（あそ）んだり、絵本（えほん）を読（よ）んだりします。子育（こそだ）ての話（はなし）などもします。
日時（にちじ）　2026年7月5日日曜日から2027年3月14日日曜日　毎月1回
時間（じかん）　午前10時から午前11時30分
会場（かいじょう）　プラザ大師（教育文化会館大師分館）
年間申込（ねんかんもうしこみ）　
プラザ大師ホームページより申込してください。
費用（ひよう）　無料（むりょう）",川崎市川崎区大師駅前1－1－5　川崎大師パーク・ホームズ2階 プラザ大師（教育文化会館大師分館）,川崎市川崎区大師駅前1－1－5　川崎大師パーク・ホームズ2階 プラザ大師（教育文化会館大師分館）,35.534125199102014,139.72539246082306,学び・講座;体感・体験;コミュニティ・交流;子ども・子育て,https://www.city.kawasaki.jp/kawasaki/page/0000186471.html,川崎区,"幼児,保護者",外国にルーツを持つ未就学の子どもと保護者,,8組,2026-06-03〜2027-03-13,川崎区役所 まちづくり推進部 生涯学習支援課（大師地区担当）,川崎区役所 まちづくり推進部 生涯学習支援課,指定なし,,2026-08-11 19:25:20
KAWASAKI-bc145a6d1ff0e2a2,初心者アーチェリー教室,2026-09-20,2026-09-20,2026-09-20,13:00:00,16:00:00,全5回（初日を除き、全日程参加出来なくても結構です）,川崎市内在住の身体障害者等を対象に、アーチェリー競技を楽しみつつ体験しながら、競技のマナーやルール、射の基本を習得する事ができる「初心者アーチェリー教室」を開催いたします。,川崎区富士見1丁目1−4 カルッツかわさき（川崎市スポーツ・文化総合センター）,川崎区富士見1丁目1−4 カルッツかわさき（川崎市スポーツ・文化総合センター）,35.529833896307764,139.70853209495544,スポーツ,https://www.city.kawasaki.jp/250/page/0000188020.html,川崎区,指定なし,"市内在住の身体障害者
※他の障害等の方は応相談",,10名,2026-06-09〜2026-07-11,"川崎市障害者アーチェリー協会
川崎市障害者スポーツ協会
川崎市",川崎市障害者アーチェリー協会 / 川崎市障害者アーチェリー協会,指定なし,会場は屋外のため、熱中症に注意し、飲み物等をご持参ください。,2026-06-11 11:24:47
KAWASAKI-b35e0489d2b9c236,いきいき健康講座,2026-10-22,2027-01-18,2026-10-22;2026-11-02;2027-01-18,14:00:00,15:30:00,令和9年3月1日（月）　14時～15時30分,"高齢化が進む中、認知症や介護予防への関心が高まっています。誰もが将来に向けて、自分ごととして健康について考えることが大切です。
この講座では、運動・栄養・社会参加・フレイル予防などをテーマに、講話やグループ活動を通して楽しく学びます。ご自身の生活を振り返り、「自分らしく元気に過ごすためにできること」を一緒に考えてみませんか。
全6回の講座です。ぜひお気軽にご参加ください。",川崎市川崎区東田町8番地　パレールビル12階　会議室 川崎区役所,川崎市川崎区東田町8番地　パレールビル12階　会議室 川崎区役所,35.5296282581822,139.70395159524512,学び・講座;体感・体験;コミュニティ・交流;健康・福祉;防災・防犯;ボランティア;生活,https://www.city.kawasaki.jp/kawasaki/page/0000187931.html,川崎区,指定なし,"健康や人とのつながりに関心がある方。
川崎市内在住、在勤在学の方",,先着30名,2026-07-15〜2026-07-21 / できる限り、インターネットの申込フォーム利用にご協力ください。,川崎区役所 地域みまもり支援センター（福祉事務所・保健所支所） 地域支援課,川崎区役所 地域みまもり支援センター（福祉事務所・保健所支所） 地域支援課 地域サポート係,指定なし,,2026-07-15 01:26:20
KAWASAKI-4c4869792f6b0398,【自分の性や表現について悩んだり考えたりしている方へ】出張版マーブルリバー🌈,2026-11-28,2027-03-21,2026-11-28;2027-03-21,13:00:00,17:00:00,偶数月の第2土曜日の131:00-17:00に、男女共同参画センターすくらむ21で16〜35歳向けのマーブルリバーを開催しています。,"10〜25才の方が自分らしく・のんびり過ごせる居場所　マーブルリバーの出張版！

色んな相談のできる大学生や大人が、きみの話をきくよ。見にくるだけでもOKだよ。
自分の性別や表現について、モヤモヤする・話したい人、ぜひあそびに来てね！",神奈川県川崎市麻生区上麻生３丁目６−１ 麻生スポーツセンタ,神奈川県川崎市麻生区上麻生３丁目６−１ 麻生スポーツセンタ,35.600147,139.505102,高校生向け;中学生向け;小学生向け;コミュニティ・交流,https://www.instagram.com/marbleriver1413,麻生区,指定なし,"10〜25才限定。
※保護者の方の送迎は可能ですが、参加者の安全確保のため同伴での参加はご遠慮ください。",,,参加者の安全確保のため、18歳以上の方は申込必須です。フォームはこちら。https: / x.gd/x0aNJ,任意団体マーブルリバー,任意団体マーブルリバー,"おむつ交換台,手話又は筆談対応,思いやり駐車スペース,スロープ,エレベーター,オストメイト対応トイレ,バリアフリートイレ","申し込みについて備考欄に書いているのでそちらの掲載もお願いいたします。
筆談対応いたします。手話対応については、お手数ですがお問い合わせください。",2026-08-24 09:22:38
KAWASAKI-8fb43e0282576156,プラザ田島　すくすくルームたじま,2026-10-06,2027-01-12,2026-10-06;2026-11-10;2026-12-01;2027-01-12,10:00:00,12:00:00,,"地域で子育て中の親子が月に1回楽しく交流する場です。
日程　令和8年6月2日火曜日から令和9年3月2日火曜日まで　月1回
時間　午前10時から午前12時まで　時間内出入り自由
会場　プラザ田島学習室（教育文化会館田島分館）
対象　就園前の子どもと保護者
費用　無料
申込　不要（当日直接お越しください）",川崎市川崎区追分町16−1　カルナーザ川崎4階 プラザ田島（教育文化会館田島分館）,川崎市川崎区追分町16−1　カルナーザ川崎4階 プラザ田島（教育文化会館田島分館）,35.51903650563978,139.7165579776153,学び・講座;体感・体験;遊び;コミュニティ・交流;子ども・子育て,https://www.city.kawasaki.jp/kawasaki/page/0000188959.html,川崎区,指定なし,,,20組程度,,川崎区役所 まちづくり推進部 生涯学習支援課（田島地区担当）,川崎区役所 まちづくり推進部 生涯学習支援課,指定なし,,2026-07-23 14:07:28
KAWASAKI-3fbfae856202e0d1,川崎マリエンテニス教室２０２６秋,2026-09-17,2026-10-01,2026-09-17;2026-09-24;2026-09-28;2026-10-01,18:30:00,20:00:00,雨天の場合順延ですが必ず８回までは行います。,初心者・初級者・中級者用のマリエンテニス教室。平日夜18:30からなので仕事終わりの時間を有効的に活用できます。9/3から毎週木曜・月曜の全８回。テニスを初めてやる方、久しぶりにやる方、少しだけやっている方、そんな方々にピッタリなテニス教室です。お気軽にお申し込み下さい。,神奈川県川崎市川崎区東扇島３８−１ 川崎マリエン,神奈川県川崎市川崎区東扇島３８−１ 川崎マリエン,35.4964547,139.7632178,スポーツ,http://www.kawasakiport.or.jp,川崎区,指定なし,対象者は１５歳以上（中学生は保護者による送迎が必要です）。,"10,000円（全8回）",募集人数20名（応募多数は抽選）,2026-07-07〜2026-08-17 / タイトルを「川崎マリエンテニス教室２０２６秋申込」とし、①氏名（フリガナ）②年齢③住所④電話番号（携帯等）⑤自己判断レベル（初心者・初級・中級・上級）を明記して上記メールアドレスに必ずメールで申込。,公益社団法人川崎港振興協会　会館事業課会館事業係,会館事業課会館事業係,"託児室,おむつ交換台,思いやり駐車スペース,スロープ,エレベーター,バリアフリートイレ",雨天順延。必ず全8回行います。,2026-07-07 16:26:21
KAWASAKI-4273fdeba117102e,川羽歩撮【川崎市×大田区×羽田空港】フォト＆ウォークラリー2026.9,2026-09-17,2026-10-12,2026-09-17;2026-09-18;2026-09-19;2026-09-20;2026-09-21;2026-09-22;2026-09-23;2026-09-24;2026-09-25;2026-09-26;2026-09-27;2026-09-28;2026-09-29;2026-09-30;2026-10-01;2026-10-02;2026-10-03;2026-10-04;2026-10-05;2026-10-06;2026-10-07;2026-10-08;2026-10-09;2026-10-10;2026-10-11;2026-10-12,00:00:00,23:55:00,ウォークラリーは9月26日(土),"川崎区・殿町のキングスカイフロント、多摩川スカイブリッジ、羽田空港周辺を巡るフォト＆ウォークラリー、「川羽歩撮(カワハネフォト)」を開催します！
　本イベントは、羽田周辺や川崎区殿町のいろいろなスポットを歩いて巡りながら写真を撮って、地域の魅力を再発見し、気軽にこのエリアを訪れるきっかけを作り、地域を盛り上げることを目的としています。
　開催にあたっては、大田区、羽田空港、航空事業者など周辺の多様な主体と連携して実施します。今後も継続して開催する予定です。",川崎市川崎区殿町3-25-11 The HOTEL Well-hub Haneda,川崎市川崎区殿町3-25-11 The HOTEL Well-hub Haneda,35.54088597485064,139.75333533336706,体感・体験;健康・福祉;環境・自然;観光;小学生向け;中学生向け;高校生向け,https://www.city.kawasaki.jp/500/page/0000183896.html,川崎区,指定なし,,,,,まちづくり局 交通政策室,まちづくり局 交通政策室,指定なし,,2026-09-09 11:25:39
KAWASAKI-a7fd4015dd1e0ef3,戦記文学の諸相　～冥界からの声をきく～　講座参加者募集,2026-10-01,2026-11-26,2026-10-01;2026-10-22;2026-11-12;2026-11-26,10:00:00,12:00:00,2026年12月3日　10時00分～12時00分,"人は戦いをどのように語り、物語に紡ぎ、死者をどのように記憶してきたのでしょうか。敗者や犠牲者の視点、異なる文化や価値観への理解を深め、平和や人権の大切さについて考えてみませんか。（全6回）
・会場は「東海道かわさき宿交流館」です。",川崎区本町1丁目8番地4 東海道かわさき宿交流館,川崎区本町1丁目8番地4 東海道かわさき宿交流館,35.53254054331489,139.70286458730698,学び・講座;コミュニティ・交流,https://www.city.kawasaki.jp/saiwai/page/0000189017.html,川崎区,指定なし,,,50名,2026-08-13〜2026-09-10,幸区役所 まちづくり推進部 生涯学習支援課,幸区役所 まちづくり推進部 生涯学習支援課 （幸市民館）,"バリアフリートイレ,エレベーター,スロープ,思いやり駐車スペース,おむつ交換台,授乳室",,2026-07-27 17:25:19
KAWASAKI-e1278e123663cd95,大師こども文化センター「だいしKOであそんじゃオ！ドッジボールタイム」,2026-09-25,2026-09-25,2026-09-25,16:20:00,17:00:00,,"毎月恒例「ドッジボールタイム」！
みんなで楽しみましょう！！",神奈川県川崎市川崎区大師公園１−４,神奈川県川崎市川崎区大師公園１−４,35.5325141,139.7334582,小学生向け;スポーツ;遊び,http://www3.kawasaki-shiminkatsudo.or.jp/seishonen/shisetsu/1/21/index.html,川崎区,小学生,,,,,大師こども文化センター,"大師こども文化センター / 210-0815
神奈川県川崎市川崎区大師公園1-4",指定なし,参加したい人は受付に申込みにきてね！,2026-08-31 10:46:51
KAWASAKI-f82568150ddf6410,令和8年度いきいきかわさき区提案型事業　「グローバル交流イベント」,2026-09-19,2026-09-27,2026-09-19;2026-09-27,,,"10:00:00〜15:00:00
12:30:00〜16:00:00","中国とインドの文化や教育に触れながら多世代・多文化交流を行います。
事前申し込みは不要です。直接会場へお越しください。",川崎市川崎区富士見2ー1ー3 教育文化会館,川崎市川崎区富士見2ー1ー3 教育文化会館,35.528894468473396,139.70758015866085,学び・講座;体感・体験;コミュニティ・交流;子ども・子育て;ボランティア;生活;小学生向け;中学生向け,https://www.city.kawasaki.jp/kawasaki/page/0000189518.html,川崎区,指定なし,,100円（この事業の運営費として）,先着100名,,川崎区役所 まちづくり推進部 生涯学習支援課,川崎区役所 まちづくり推進部 生涯学習支援課,指定なし,,2026-08-19 18:25:27
KAWASAKI-31f2878ff31831a4,大師こども文化センター　乳幼児親子向け　「ベビーマッサージ」,2026-09-25,2026-09-25,2026-09-25,11:00:00,12:00:00,"2部に分けて行います。1部 11:00～11:20 2部 11:30～11：50
同日に開催する「ひよこサロン」と同時開催となります。",講師の方をお招きして、ベビーマッサージを行います。,神奈川県川崎市川崎区大師公園１−４,神奈川県川崎市川崎区大師公園１−４,35.5325141,139.7334582,子ども・子育て;遊び;体感・体験,http://www3.kawasaki-shiminkatsudo.or.jp/seishonen/shisetsu/1/21/index.html,川崎区,"保護者,幼児,乳児",,50円（オイル代）,各部5組,2026-08-28〜2026-09-18 / 定員を超えた場合は9月19日（土）に公開抽選を行い、結果は館内掲示やホームページ等でお知らせします。,大師こども文化センター,"大師こども文化センター / 210-0815
神奈川県川崎市川崎区大師公園1-4",指定なし,,2026-08-31 08:45:47
KAWASAKI-c7aae5b92e9986f8,大師こども文化センター「ひよこサロン」,2026-09-25,2026-09-25,2026-09-25,10:30:00,12:00:00,受付終了11時30分,毎月基本最終金曜日に行っているひよこサロン★身長・体重測定と手形・足形が記録できるカードを作成します。,神奈川県川崎市川崎区大師公園１−４,神奈川県川崎市川崎区大師公園１−４,35.5325141,139.7334582,子ども・子育て;コミュニティ・交流;遊び,http://www3.kawasaki-shiminkatsudo.or.jp/seishonen/shisetsu/1/21/index.html,川崎区,"保護者,幼児,乳児",,"50円（材料費）
当日受付でお支払いください。",,,大師こども文化センター,"大師こども文化センター / 210-0815
神奈川県川崎市川崎区大師公園1-4",おむつ交換台,,2026-08-31 10:13:26
KAWASAKI-b0877b8b948af993,田島こども文化センター　☆ハッピースマイルベビーマッサージ☆（幼児親子対象）,2026-09-25,2026-09-25,2026-09-25,10:30:00,11:30:00,"〇予防接種後、24時間以内のおこさまはご遠慮ください。
〇オイルは使用しません。","親子で楽しくベビーマッサージをしよう。

持ち物：バスタオル・飲み物",神奈川県川崎市川崎区田島町２０−２３,神奈川県川崎市川崎区田島町２０−２３,35.5156808,139.7115415,健康・福祉;子ども・子育て;音楽;コミュニティ・交流;遊び;体感・体験;学び・講座,http://www3.kawasaki-shiminkatsudo.or.jp/seishonen/shisetsu/1/31/index.html,川崎区,"保護者,幼児,乳児",1ヶ月健診後から。歩けるお子様でも参加可能です。,,15組程度,,田島こども文化センター　集会室,"田島こども文化センター / 〒210-0853
川崎区田島町20-23",指定なし,,2026-08-31 15:17:59
KAWASAKI-5aefe162af84850a,プラザ田島　市民自主学級　たぶんかきっず「ぽれぽれ」（追加募集中）,2026-09-26,2026-09-26,2026-09-26,10:00:00,11:30:00,,"外国人親子と日本人親子で、外国料理を一緒に作りながら交流しましょう！今回は韓国料理「きんぱぷ」を作ります。
日時　2026年9月26日土曜日
時間　午前10時から午前11時30分
会場　プラザ田島（教育文化会館田島分館）
定員　5組
申込　9月4日金曜日から9月18日金曜日まで　
プラザ田島ホームページよりお申し込みください。
費用　大人（幼児1人まで）500円、小学生300円、幼児200円",川崎市川崎区追分町16−1　カルナーザ川崎4階 プラザ田島（教育文化会館田島分館）,川崎市川崎区追分町16−1　カルナーザ川崎4階 プラザ田島（教育文化会館田島分館）,35.51903650563978,139.7165579776153,学び・講座;体感・体験;コミュニティ・交流;文化・芸術;子ども・子育て;食,https://www.city.kawasaki.jp/kawasaki/page/0000188976.html,川崎区,"幼児,小学生,保護者",,大人（幼児1人まで）500円、小学生300円、幼児200円,5組,2026-09-04〜2026-09-18,川崎区役所 まちづくり推進部 生涯学習支援課（田島地区担当）,川崎区役所 まちづくり推進部 生涯学習支援課,指定なし,,2026-08-04 06:26:11
KAWASAKI-009953bf3c6147b8,イザ！カエルキャラバン！in小田 2026,2026-09-26,2026-09-26,2026-09-26,10:00:00,12:00:00,,"小田地区まちづくり協議会と一緒に子どもから大人まで楽しめる防災イベントを9月26日（土）10時から12時まで小田小学校（川崎区小田4丁目12－24）で開催いたします！
こちらは、使わなくなったおもちゃを持って来て「カエルポイント」に交換したあと、会場で防災体験をして「カエルポイント」を集めることで他のおもちゃと交換できる、防災が学べておもちゃももらえる一石二鳥の防災イベントです。おもちゃを持って来なくても参加可能です。参加無料ですので、お気軽にご参加ください。",川崎区小田4－12－24 川崎市立小田小学校　体育館,川崎区小田4－12－24 川崎市立小田小学校　体育館,35.5114196968871,139.70264864292315,学び・講座;体感・体験;遊び;コミュニティ・交流;子ども・子育て;防災・防犯;祭り;小学生向け,https://www.city.kawasaki.jp/500/page/0000018027.html,川崎区,指定なし,,,,,まちづくり局 市街地整備部 防災まちづくり推進課,まちづくり局 市街地整備部 防災まちづくり推進課,指定なし,,2026-09-03 12:25:28
KAWASAKI-2d8115425294f6b4,ペアレントメンターとの茶話会　メンターカフェの開催について,2026-09-26,2026-10-28,2026-09-26;2026-10-08;2026-10-17;2026-10-28,10:00:00,12:00:00,日程により、会場が異なります。詳しくはホームページをご覧ください。,"ペアレントメンターとは、ペアレントメンター養成講座を修了した、実際に自閉症・発達障害のある子どもの子育て経験をもつ保護者です。
自閉症・発達障害のある子ども（疑いを含む）をもつ保護者の方が、子育ての悩みなどについて、ペアレントメンターに相談できる茶話会（メンターカフェ）を開催いたします。",川崎区日進町5－1 川崎市複合福祉センターふくふく3階,川崎区日進町5－1 川崎市複合福祉センターふくふく3階,35.52619778706935,139.69266414642334,学び・講座;コミュニティ・交流;子ども・子育て;健康・福祉;小学生向け,https://www.city.kawasaki.jp/350/page/0000189677.html,川崎区,保護者,おおむね小学3年生までの自閉症・発達障害またはその可能性のあるお子様の保護者,,5名（先着順）,2026-08-30〜2026-10-24,川崎市（実施：一般社団法人川崎市自閉症協会）,一般社団法人川崎市自閉症協会,指定なし,,2026-09-03 18:25:17
KAWASAKI-4316623198207670,プラザ田島　田島寄席,2026-09-27,2026-09-27,2026-09-27,14:00:00,16:00:00,,"アマチュアで鳴らしたKチームの痛快娯楽落語会を是非お楽しみください。
出演　落語野郎Kチーム（かたばみ亭安芸、かばち家大福、喜楽亭笑吉、風林亭飴治郎、よろず家笑治）
日時　9月27日日曜日午後2時～午後4時（開場午後1時30分）
会場　プラザ田島学習室（教育文化会館田島分館）
定員　60人（先着順）
費用　無料",川崎市川崎区追分町16−1　カルナーザ川崎4階 プラザ田島（教育文化会館田島分館）,川崎市川崎区追分町16−1　カルナーザ川崎4階 プラザ田島（教育文化会館田島分館）,35.51903650563978,139.7165579776153,学び・講座;体感・体験;コミュニティ・交流;音楽;文化・芸術,https://www.city.kawasaki.jp/kawasaki/page/0000188987.html,川崎区,指定なし,,,60人（先着順）,,川崎区役所 まちづくり推進部 生涯学習支援課（田島地区担当）,川崎区役所 まちづくり推進部 生涯学習支援課,指定なし,,2026-08-23 06:26:31
KAWASAKI-ce73e4eeb315d104,第47回（令和8年度）市内統一美化活動の実施について【川崎区】,2026-09-27,2026-09-27,2026-09-27,09:00:00,11:00:00,,川崎市では、「美しく　住みよい　ふるさと川崎」を合言葉に全市を挙げて行う、川崎区内における美化活動です。,川崎市川崎区駅前本町　川崎駅前東口広場,川崎市川崎区駅前本町　川崎駅前東口広場,35.529902749433816,139.6970099265975,体感・体験;コミュニティ・交流;環境・自然;ボランティア,https://www.city.kawasaki.jp/kawasaki/page/0000190213.html,川崎区,指定なし,,,,2026-09-01〜2026-09-18 / 個人参加の方は、予約不要。団体及び企業等での参加の際は要予約。,"川崎市
川崎市美化運動実施本部
川崎市美化運動実施川崎支部中央地区
川崎区役所",川崎区役所 まちづくり推進部 地域振興課,指定なし,,2026-09-16 17:25:38
KAWASAKI-0633a59c8a55f554,令和8年度秋の全国交通安全運動キャンペーン,2026-09-28,2026-09-28,2026-09-28,14:00:00,15:15:00,,"9月21日（月）から9月30日（水）までの秋の全国交通安全運動期間にあわせ、「歩行者の交通安全の確保」「ながらスマホや飲酒運転等の根絶」「自転車・二輪車等の事故防止」を重点に、交通ルールの遵守と交通マナーの実践を呼びかける「秋の全国交通安全運動キャンペーン」を開催します。
　当日は、本年7月に川崎市交通安全サポーターに就任した川崎フロンターレ公式マスコット「ふろん太」くんが一日警察署長として登場。また、神奈川県警察シンボルマスコット「リリポちゃん」も応援に駆け付けます。さらには、川崎区を拠点に活躍するアメリカンフットボールチーム「オリエンタルバイオ シルバースター」のチアリーダーによる華やかなパフォーマンスや、シルバースターの選手も来場し、一緒に交通安全をPRします。
　平日の開催となりますが、お仕事や学校帰り、お買い物の合間にぜひお立ち寄りください。皆さまのご来場をお待ちしております！",川崎市川崎区日進町1－11 川崎ルフロン1階イベントスペース,川崎市川崎区日進町1－11 川崎ルフロン1階イベントスペース,35.529781212814044,139.69668914959314,学び・講座;体感・体験;遊び;スポーツ;防災・防犯;生活;小学生向け;中学生向け;高校生向け,https://www.city.kawasaki.jp/kawasaki/page/0000189165.html,川崎区,指定なし,,,,,"川崎区中央地区交通安全対策協議会（川崎区役所 危機管理担当）、川崎警察署
協力：川崎ルフロン、川崎フロンターレ、オリエンタルバイオ シルバースター、川崎アゼリア",川崎区役所 危機管理担当,指定なし,,2026-08-31 15:25:37
KAWASAKI-80a0bc2ff884305a,泳ぎが苦手な子ども向け水泳教室　第2期募集の申込終了,2026-10-01,2026-12-28,2026-10-01;2026-10-02;2026-10-03;2026-10-04;2026-10-05;2026-10-06;2026-10-07;2026-10-08;2026-10-09;2026-10-10;2026-10-11;2026-10-12;2026-10-13;2026-10-14;2026-10-15;2026-10-16;2026-10-17;2026-10-18;2026-10-19;2026-10-20;2026-10-21;2026-10-22;2026-10-23;2026-10-24;2026-10-25;2026-10-26;2026-10-27;2026-10-28;2026-10-29;2026-10-30;2026-10-31;2026-11-01;2026-11-02;2026-11-03;2026-11-04;2026-11-05;2026-11-06;2026-11-07;2026-11-08;2026-11-09;2026-11-10;2026-11-11;2026-11-12;2026-11-13;2026-11-14;2026-11-15;2026-11-16;2026-11-17;2026-11-18;2026-11-19;2026-11-20;2026-11-21;2026-11-22;2026-11-23;2026-11-24;2026-11-25;2026-11-26;2026-11-27;2026-11-28;2026-11-29;2026-11-30;2026-12-01;2026-12-02;2026-12-03;2026-12-04;2026-12-05;2026-12-06;2026-12-07;2026-12-08;2026-12-09;2026-12-10;2026-12-11;2026-12-12;2026-12-13;2026-12-14;2026-12-15;2026-12-16;2026-12-17;2026-12-18;2026-12-19;2026-12-20;2026-12-21;2026-12-22;2026-12-23;2026-12-24;2026-12-25;2026-12-26;2026-12-27;2026-12-28,08:00:00,19:00:00,開催スクール申込画面にて確認ください。,地域のスイミングスクールと連携して、泳ぎが苦手な子供たちを対象に、水泳教室を開催します。8月1日から8月31日まで第2期募集を行います。,川崎市,,35.53033815861336,139.7017504461228,スポーツ;子ども・子育て,https://www.city.kawasaki.jp/880/page/0000188830.html,川崎区,小学生,,,各スクールごとに設定あり,2026-08-01〜2026-08-31,川崎市教育委員会事務局　地域教育推進室,教育委員会事務局 地域教育推進室,指定なし,,2026-09-04 11:39:25
KAWASAKI-1f7f0aea40d36878,講演会「今から始める未来の自分づくりー人生100年時代のライフデザインー」を開催します！,2026-10-02,2026-10-02,2026-10-02,14:00:00,16:00:00,,人生100年時代をより充実させる「未来の自分づくり」・「ライフデザイン」についての講話や健康維持に役立つ体操を紹介します。,神奈川県川崎市川崎区宮本町1番地 川崎市役所本庁舎2階ホール,神奈川県川崎市川崎区宮本町1番地 川崎市役所本庁舎2階ホール,35.530824888952445,139.70300137996674,学び・講座;健康・福祉,https://www.city.kawasaki.jp/350/page/0000188831.html,川崎区,指定なし,,,100名（予定）　※先着順,"2026-09-01〜2026-09-16 / オンライン、お電話、ファクスにてお申込みください。
お申し込みの際は、住所・氏名・電話番号をお知らせください。",健康福祉局 長寿社会部 高齢者在宅サービス課,健康福祉局 長寿社会部 高齢者在宅サービス課,指定なし,,2026-08-03 09:24:59
KAWASAKI-89c83efc22ccefbe,令和8年度健康づくりボランティア養成講座,2026-10-02,2026-10-30,2026-10-02;2026-10-09;2026-10-16;2026-10-23;2026-10-30,09:30:00,,"09:30:00〜12:00:00
09:30:00〜12:30:00
健康づくりサポーター養成講座のみ
食生活改善推進員養成講座のみ","健康づくりの学習を深め、地域のボランティア活動の楽しさや健康効果を体験し、受講後は「健康づくりサポーター」または「食生活改善推進員」として地域で活躍していただく方のための講座を開催いたします。
ご家族やご友人、ご近所さん、大切な皆さんがいつまでも元気でいられるよう、できることから一緒にはじめませんか？",川崎市川崎区東田町8番地 川崎区役所12階　第1・2・3会議室（10月23日は川崎区役所5階　栄養室）,川崎市川崎区東田町8番地 川崎区役所12階　第1・2・3会議室（10月23日は川崎区役所5階　栄養室）,35.529630927342744,139.70376210288396,学び・講座;健康・福祉;ボランティア;食,https://www.city.kawasaki.jp/kawasaki/page/0000187983.html,川崎区,指定なし,,10月23日調理実習のみ食材料費の実費がかかります。,各20名,2026-08-17〜2026-09-16,川崎区役所 地域みまもり支援センター（福祉事務所・保健所支所） 地域支援課,川崎区役所 地域みまもり支援センター（福祉事務所・保健所支所） 地域支援課,指定なし,,2026-07-24 14:25:14
KAWASAKI-d97e51d3185830a2,令和9年度保育所入所説明会,2026-10-03,2026-10-03,2026-10-03,10:00:00,12:00:00,,川崎区におけるニーズにあわせた活用できる保育施設の紹介及び、認可保育所等利用申請に係る説明を行います。また説明後、個々の質問について区役所職員がお答えいたします。,川崎市川崎区東田町8番地 パレールビル5階講堂,川崎市川崎区東田町8番地 パレールビル5階講堂,35.52975094923174,139.70390260219574,子ども・子育て,https://www.city.kawasaki.jp/kawasaki/page/0000189713.html,川崎区,"乳児,幼児,保護者",,,18世帯。1世帯2人まで。,2026-09-11〜2026-09-25,川崎区役所 地域みまもり支援センター（福祉事務所・保健所支所） 児童家庭課,川崎区役所 地域みまもり支援センター（福祉事務所・保健所支所） 児童家庭課,指定なし,,2026-09-11 11:25:34
KAWASAKI-b542af9f1080fab6,令和8年度教育文化会館「川崎と沖縄のつながりを知ろう」,2026-10-03,2026-12-12,2026-10-03;2026-11-14;2026-12-12,10:00:00,,"10:00:00〜12:00:00
10:00:00〜11:00:00
予備日11月7日",沖縄とのつながりが深い川崎・鶴見を舞台に、まち歩きや絵本、対話を通して多世代で学び合い、沖縄や平和を自分ごととして考えるきっかけをつくります。,川崎市川崎区富士見2丁目1－3 教育文化会館,川崎市川崎区富士見2丁目1－3 教育文化会館,35.528803600228635,139.70776498317719,学び・講座;体感・体験;コミュニティ・交流;文化・芸術;観光,https://www.city.kawasaki.jp/kawasaki/page/0000188167.html,川崎区,指定なし,,保障にかかる費用として50円。初回にお持ちください。交通費別途,20人,2026-09-15〜2026-10-03,川崎区役所 まちづくり推進部 生涯学習支援課,川崎区役所 まちづくり推進部 生涯学習支援課,指定なし,,2026-09-01 19:25:21
KAWASAKI-08dc6297fce56509,ちゃんぷるーまつり,2026-10-04,2026-10-04,2026-10-04,10:00:00,16:00:00,,"川崎市と那覇市は令和8年に友好都市提携30周年を迎えました。
　このような節目の年を契機に、両市の交流の歴史やつながりの深さを知ってもらうため、友好都市提携30周年記念事業「ちゃんぷるーまつり」などを開催します。
　川崎市と那覇市の交流の歴史やつながりの深さ、文化、食などを楽しみながら知ることができるイベントです！",川崎市川崎区宮本町1番地 市役所広場、本庁舎アトリウム、復元棟前広場、2階ホール,川崎市川崎区宮本町1番地 市役所広場、本庁舎アトリウム、復元棟前広場、2階ホール,35.53061970645807,139.7023630142212,体感・体験;祭り;食,https://www.city.kawasaki.jp/250/page/0000188651.html,川崎区,指定なし,,,,,市民文化局 市民生活部 多文化共生推進課,市民文化局 市民生活部 多文化共生推進課,指定なし,,2026-08-24 14:26:46
KAWASAKI-617dcf14c9602e2f,東海道川崎宿場まつり,2026-10-04,2026-10-04,2026-10-04,10:00:00,18:00:00,,"東海道を拠点とした大規模なイベントを開催します。
仮装パレード、伝統文化体験の他に六郷の渡し会場では、２年ぶりにクルーズ船が周航します。
他にも那覇市×川崎市友好都市３０周年記念イベントの江戸上り行列や体験イベント等の関連イベントも多数開催します。
秋の川崎が、笑顔とにぎわいに包まれ、地域の歴史・文化・人がつながるイベントです。",神奈川県川崎市川崎区駅前本町２６−２,神奈川県川崎市川崎区駅前本町２６−２,35.53087091188559,139.70039527037585,高校生向け;中学生向け;小学生向け;生活;買い物;食;祭り;観光;ボランティア;生き物;防災・防犯;環境・自然;健康・福祉;子ども・子育て;スポーツ;文化・芸術;音楽;コミュニティ・交流;遊び;体感・体験;学び・講座,https://www.city.kawasaki.jp/kawasaki/page/0000188255.html,川崎区,指定なし,,"パレード：無料
クルーズ船：昼便　２，０００円（５００円の商品券付き）
　　　　　：工場夜景便　４，０００円（１，０００円の商品券付き）",区HPを御確認ください,2026-08-15〜2026-09-17,東海道川崎宿場まつり実行委員会,川崎区役所まちづくり推進部地域振興課,指定なし,,2026-08-17 11:08:54
KAWASAKI-3958296fdba3bca1,【2026】東海道川崎宿場まつり,2026-10-04,2026-10-04,2026-10-04,10:00:00,16:00:00,,10月4日（日）に東海道川崎宿周辺で参加する人も見る人も魅力を味わえるパレードや六郷のクルーズ船、日本の伝統文化などが体験できる大規模イベントを開催します。,川崎市川崎区本町1丁目8－4 東海道かわさき宿交流館,川崎市川崎区本町1丁目8－4 東海道かわさき宿交流館,35.53068673413425,139.701141774727,学び・講座;体感・体験;遊び;コミュニティ・交流;音楽;文化・芸術;スポーツ;子ども・子育て;健康・福祉;環境・自然;防災・防犯;生き物;ボランティア;観光;祭り;食;買い物;生活;仕事・ビジネス;小学生向け;中学生向け;高校生向け,https://www.city.kawasaki.jp/kawasaki/page/0000188256.html,川崎区,指定なし,,クルーズ船や飲食は有料です。,"パレードは1,000名
クルーズ船各便40名",,東海道川崎宿場まつり実行委員会,東海道川崎宿場まつり事務局 / 東海道川崎宿場まつり事務局,指定なし,,2026-09-16 18:25:40
KAWASAKI-badbd932c4dd8af8,【まち歩き謎解きイベント】川崎宿場をめぐる謎解きの旅,2026-10-04,2026-10-04,2026-10-04,09:00:00,16:00:00,,歴史ある東海道川崎宿やその周辺を歩く謎解きイベントです。ゴールできた方には東海道かわさき交流館のオリジナル浮世絵ステッカーをプレゼント！（通行手形1枚につきステッカー1枚）先着400名。お一人でも親子でも友人同士でも 楽しめる内容となっており、川崎宿の魅力を楽しく知ることができます。ぜひご参加ください！,川崎市川崎区本町1－8－4 東海道かわさき宿交流館,川崎市川崎区本町1－8－4 東海道かわさき宿交流館,35.52976189656687,139.70242099837648,体感・体験;遊び;子ども・子育て;観光;小学生向け;中学生向け;高校生向け,https://www.city.kawasaki.jp/kawasaki/page/0000189807.html,川崎区,指定なし,,,通行手形がなくなり次第終了,,川崎区役所 まちづくり推進部 地域振興課,川崎区役所 まちづくり推進部 地域振興課,指定なし,"配布時間　9時～
記念品受付時間　10時～16時
記念品はなくなり次第終了になります。
同日開催：東海道川崎宿場まつり",2026-09-14 16:25:26
KAWASAKI-4fda67241a7ac852,不動産鑑定士による不動産無料相談会が開催されます！,2026-10-05,2026-10-05,2026-10-05,10:00:00,16:00:00,,"土地や建物の価格・借地・相続等の不動産に関する問題について不動産鑑定士が無料でアドバイスします。
どなたでもお気軽にお越しください。
※受付は15時30分まで",川崎市川崎区宮本町1番地 川崎市役所本庁舎1階アトリウム,川崎市川崎区宮本町1番地 川崎市役所本庁舎1階アトリウム,35.53095187928144,139.70294390603104,生活,https://www.city.kawasaki.jp/230/page/0000189991.html,川崎区,指定なし,,,,,一般社団法人 神奈川県不動産鑑定士協会,財政局 資産管理部 資産運用課 調整係,指定なし,,2026-09-08 18:25:38
KAWASAKI-9b71f4be9287c3c9,令和8年度 地域学習・文化団体連携推進事業　「おりがみでバラのくす玉作りを楽しみましょう！」,2026-10-07,2026-10-28,2026-10-07;2026-10-08;2026-10-09;2026-10-10;2026-10-11;2026-10-12;2026-10-13;2026-10-14;2026-10-15;2026-10-16;2026-10-17;2026-10-18;2026-10-19;2026-10-20;2026-10-21;2026-10-22;2026-10-23;2026-10-24;2026-10-25;2026-10-26;2026-10-27;2026-10-28,13:00:00,15:00:00,,"日時　令和8年10月7日、14日、21日、28日（全て水曜日）　全4回
会場　教育文化会館
対象　川関心のある方　20名程度（先着順）
費用　1,500円（材料費）
申込　令和8年9月9日　水曜日　午前10時から電話にて受付
TEL",川崎市川崎区富士見2-1-3 教育文化会館,川崎市川崎区富士見2-1-3 教育文化会館,35.52885162279743,139.70744848251343,学び・講座;体感・体験;コミュニティ・交流;文化・芸術;子ども・子育て,https://www.city.kawasaki.jp/kawasaki/page/0000190121.html,川崎区,指定なし,,,20名（先着順）,2026-09-09〜2026-10-06,川崎区役所 まちづくり推進部 生涯学習支援課,川崎区役所 まちづくり推進部 生涯学習支援課,指定なし,,2026-09-14 11:25:24
KAWASAKI-9b9975977224b67e,初めてのサンドアート体験教室,2026-10-10,2026-10-10,2026-10-10,,,"14:00:00〜14:45:00
15:00:00〜15:45:00
13:00:00〜13:45:00",東扇島東公園の浜で、サンドアート体験教室を開催いたします。「海」をテーマに好きなものを砂でつくりましょう。プロのサンドアーティストが丁寧に指導しますので初めての方や美術や図工に自信がない方でも安心して楽しめます。,神奈川県川崎市川崎区東扇島５８−１ かわさきの浜,神奈川県川崎市川崎区東扇島５８−１ かわさきの浜,35.504317079477126,139.7754693031311,小学生向け;祭り;環境・自然;子ども・子育て;遊び;体感・体験;学び・講座,https://kawasakiminato.com/main_event/sandart/,川崎区,小学生,,,各回13名まで参加可能です。,2026-09-01〜2026-09-25 / 申込多数の場合は抽選となります。,川崎港開港75周年記念「第53回川崎みなと祭り」実行委員会,,指定なし,,2026-09-04 10:32:58
KAWASAKI-ab72e989ded3bcb3,マンション管理組合交流会（会場開催）,2026-10-10,2026-10-10,2026-10-10,14:00:00,16:00:00,,第12回マンション管理組合交流会を開催しました。今回は「大規模修繕工事の発注方式」をテーマに、専門家によるセミナーの後、第1部の講師とハウジングサロンの相談員の方をパネリストとしてお呼びし、パネルディスカッションを行いました。,神奈川県川崎市川崎区宮本町1番地 川崎市役所本庁舎　復元棟301会議室,神奈川県川崎市川崎区宮本町1番地 川崎市役所本庁舎　復元棟301会議室,35.530824888952445,139.70300137996674,学び・講座;コミュニティ・交流;防災・防犯;生活,https://www.city.kawasaki.jp/500/page/0000179700.html,川崎区,指定なし,市内の分譲マンションに居住する方,,60人（先着）,2026-09-15〜2026-10-05,まちづくり局 住宅政策部 住宅整備推進課,まちづくり局 住宅政策部 住宅整備推進課,指定なし,,2026-09-11 12:25:45
KAWASAKI-ac891f7cfe2efb61,第53回川崎みなと祭り「ちびっこはだし運動会」,2026-10-10,2026-10-10,2026-10-10,10:00:00,12:00:00,受付10:00～　イベント10:30～12：00,"東扇島東公園のかわさきの浜で、ちびっこはだし運動会を開催します！
レスキューレース、麻袋リレーなど楽しいコンテンツがたくさん！
レスキューレースでは、障害物競走など、楽しみながら防災・救助の心を養います。

イベント前は参加者みんなでビーチクリーンを行い、
安全にはだしで遊べる環境を整えます！

さあ！かわさきの浜で思いっきり遊ぼう！

※内容は変更になる場合がございますのでご了承下さい。
※応募者数が定員数を超えた際は抽選となりますので、予めご了承ください。",神奈川県川崎市川崎区東扇島５８−１ かわさきの浜,神奈川県川崎市川崎区東扇島５８−１ かわさきの浜,35.504317079477126,139.7754693031311,小学生向け;祭り;環境・自然;子ども・子育て;スポーツ;遊び;体感・体験,https://kawasakiminato.com/main_event/hadashi-sports/,川崎区,小学生,,,"小学生　50名
※お子様複数名での参加も可能です
※ビーチクリーン以外はお子様のみの参加となります",2026-09-01〜2026-09-25 / 申し込み多数の場合は、抽選となります。,川崎港開港75周年記念「第53回川崎みなと祭り」実行委員会,川崎みなと祭り事務局,指定なし,,2026-09-04 10:30:42
KAWASAKI-06e040ee1d482b4d,はらぺこおんがくたいファミリーコンサートvol.31 〜ハロウィンパーティー〜,2026-10-11,2026-10-11,2026-10-11,09:45:00,11:30:00,"①9:45-10:25（開場9:30）
②10:50-11:30（開場10:35）

2回公演、同じ内容なのでお好きな時間を選んで
お申し込みください。","【0さいの赤ちゃんからファミリーまで♪】
生演奏を間近でお楽しみいただける、40分間の親子コンサート。
今回のテーマはハロウィンパーティーです🎃

おばけの曲を中心にピアノ、フルート、ヴァイオリンそれぞれの楽器のソロ演奏があったり、オペラの歌唱があったり…⭐︎
毎回好評のリトミックやみんなで歌おうのコーナーもあります！
ぜひ仮装してきてくださいね♪♪

●プログラム
ブー！スカ・パーティー！、アラジンメドレー、ようかいしりとり、おばけなんてないさ、ドンスカパンパンおうえんだん、からだ⭐︎ダンダン　ほか

【出演】
うた：石福 敏伸（いしふく としのぶ）
うた：米田 佐和子（よねだ さわこ）
ピアノ：戸村 真寿美（とむら ますみ）
ヴァイオリン：ayane (あやね)
フルート：向井 千絵（むかい ちえ）",神奈川県川崎市川崎区富士見１丁目１−４ カルッツかわさき　アクトスタジオ,神奈川県川崎市川崎区富士見１丁目１−４ カルッツかわさき　アクトスタジオ,35.5294148,139.7084416,子ども・子育て;文化・芸術;音楽,https://harapeco-gu.crayonsite.com/,川崎区,指定なし,,"大人1,500(中学生以上)
子ども500円(0才〜小学生)

※電子チケット限定ファミリーパックあり
（大人1名+子ども2名→2,000円）",150,"2026-08-03〜2026-10-10 / ▼前売り券
ホームページより電子チケットをご購入ください。
https: / peatix.com/event/5095869",はらぺこおんがくたい,,"授乳室,おむつ交換台",,2026-09-03 14:28:41
KAWASAKI-28d2aec8bbf71490,プラザ田島　東海林のり子講演会,2026-10-11,2026-10-11,2026-10-11,14:00:00,15:00:00,,"「現場の東海林です」で有名な東海林さんに元気に長生きする秘訣を聴いて、人生を明るく楽しいものにしましょう
出演　東海林のり子（元ニッポン放送アナウンサー）
日時　10月11日日曜日午後2時～午後3時（開場午後1時30分）
会場　プラザ田島学習室（教育文化会館田島分館）
定員　60人（先着順）
費用　無料",川崎市川崎区追分町16−1　カルナーザ川崎4階 プラザ田島（教育文化会館田島分館）,川崎市川崎区追分町16−1　カルナーザ川崎4階 プラザ田島（教育文化会館田島分館）,35.51903650563978,139.7165579776153,学び・講座;体感・体験;コミュニティ・交流;音楽;文化・芸術,https://www.city.kawasaki.jp/kawasaki/page/0000189760.html,川崎区,指定なし,,,60人（当日先着順）,,川崎区役所 まちづくり推進部 生涯学習支援課（田島地区担当）,川崎区役所 まちづくり推進部 生涯学習支援課,指定なし,,2026-09-05 06:25:22
KAWASAKI-754478722f0a2e0d,令和8年度「スポーツの日」記念事業,2026-10-12,2026-10-12,2026-10-12,09:00:00,21:30:00,開催時間は各施設ごとに異なります。詳細は川崎市のホームページを御確認ください。,令和8年10月12日（月・祝）の「スポーツの日」に、市内の各区スポーツセンター等8館にて無料開放や無料体験イベント等を行います。年に一度のスポーツの日に、お近くのスポーツ施設で思いっきり体を動かしませんか？,川崎区富士見1-1-4 カルッツかわさき　他,川崎区富士見1-1-4 カルッツかわさき　他,35.52961561434465,139.70837652683258,学び・講座;体感・体験;遊び;コミュニティ・交流;スポーツ;子ども・子育て;健康・福祉;小学生向け;中学生向け;高校生向け,https://www.city.kawasaki.jp/250/page/0000189371.html,川崎区,指定なし,,,一部人数制限のあるイベントもございますので御注意ください。,一部事前申込みが必要なイベントがございますので、申込方法等については各スポーツ施設にお問合せください。,市民文化局 市民スポーツ室,市民文化局 市民スポーツ室,指定なし,,2026-08-27 18:25:30
KAWASAKI-2e4bc138f67e875d,第2回ふじみ祭り,2026-10-12,2026-10-12,2026-10-12,10:00:00,16:00:00,,"令和6（2024）年にリニューアルした富士見公園に一人でも多くの方に足を運んでいただき、富士見地区一帯を盛り上げるため、公園内及び近隣施設が一致団結し、「スポーツの日」に合わせて「第2回ふじみ祭り」を開催します。

各施設でスポーツにちなんだ参加無料のイベントを実施しますので、ご家族やご友人で10月12日（火・祝）は富士見公園で「スポーツの秋」をお楽しみください。
また、同時にスタンプラリーを実施します。各施設でスタンプシートを用意していますので、イベントに参加したり、お店に立ち寄ったらスタンプをもらいましょう！スタンプを全部集めると素敵な特典があります。",川崎市川崎区富士見2-1 富士見公園,川崎市川崎区富士見2-1 富士見公園,35.527832261704006,139.70937864856114,体感・体験;遊び;スポーツ;子ども・子育て;健康・福祉,https://www.city.kawasaki.jp/kawasaki/page/0000180723.html,川崎区,指定なし,,一部有料イベント有,一部定員有,一部事前申込イベント有,川崎区役所 まちづくり推進部 地域振興課,川崎区役所 まちづくり推進部 地域振興課,指定なし,,2026-08-25 20:25:24
KAWASAKI-6726b8c3fc4f9e05,動物愛護フェアかわさき2026,2026-10-12,2026-10-12,2026-10-12,10:00:00,15:00:00,"各種イベントの開催時間についてはリーフレットのタイムスケジュールをご確認ください。
譲渡会は随時動物の休憩時間が入りますので、予めご了承ください。","川崎市では、動物の愛護と適正な取扱いについて市民の理解と関心を深めることを目的として、公益社団法人川崎市獣医師会と共催で「動物愛護フェアかわさき2026」を開催します。
動物愛護セレモニー・犬猫譲渡会・聴導犬の実演・ペットの防災コーナー・獣医さん体験・市民向けセミナーなど、さまざまなイベントを実施します。

【動物愛護フェアかわさきに来場予定の皆様へ】
建物内に動物を連れてのご入場はいただけません。また、公共交通機関をご利用のうえ、ご来場ください。ご理解とご協力の程、よろしくお願い申し上げます。",川崎市川崎区宮本町1番地 川崎市役所本庁舎1階・2階・市役所前広場,川崎市川崎区宮本町1番地 川崎市役所本庁舎1階・2階・市役所前広場,35.530824888952445,139.70300137996674,学び・講座;体感・体験;子ども・子育て;環境・自然;生き物;観光;祭り;小学生向け;中学生向け;高校生向け,https://www.city.kawasaki.jp/350/page/0000178601.html,川崎区,指定なし,,,,,川崎市、公益社団法人川崎市獣医師会,健康福祉局 保健医療政策部 生活衛生課 / 川崎市,指定なし,,2026-09-04 20:39:14
KAWASAKI-4b3e8b3f2e06e861,巡視船あおぞらに乗って海の上から学ぶ︕「川崎港親子見学会」,2026-10-13,2026-10-13,2026-10-13,,,"13:30:00〜14:30:00
10:30:00〜11:30:00","川崎市では、1今年度のホリデー・アンド・スタディ設定日である10 月13 日（火）に、親子で川崎市の巡視船「あおぞら」に乗って海の上から川崎港について学べる、川崎港親子見学会の参加者を募集します。
　「かわさきホリデー・アンド・スタディ（旧かわさき家庭と地域の日）」は、川崎市独自の体験的学習活動休業日で、10月のスポーツの日を含む3連休後の火曜日と保護者等の休暇に合わせて柔軟に取得できる任意利用日があります。",神奈川県川崎市川崎区千鳥町15-7 川崎市船客待合所,神奈川県川崎市川崎区千鳥町15-7 川崎市船客待合所,35.5216984100462,139.75185682715139,学び・講座;体感・体験;環境・自然;小学生向け;中学生向け;高校生向け,https://www.city.kawasaki.jp/580/page/0000188935.html,川崎区,"小学生,中学生,高校生,保護者","川崎市在住の親子（小学生〜高校生）
※お子様のみでの参加はできません。保護者の付き添いが必要です。",,各回40名,"2026-08-25〜2026-09-25 / ・申込は先着順です。定員に達した場合は受付を終了します。
・キャンセル発生時は再度受付可能となる場合があります。
・当日の詳細は10月5日（月）以降にご登録いただいたメールアドレス宛お知らせします。",港湾局 港湾振興部 誘致振興課,港湾局 港湾振興部 誘致振興課,指定なし,,2026-08-25 15:25:20
KAWASAKI-d738d4df502b99c0,富士通スタジアム川崎ジュニアラクロス教室,2026-10-14,2026-10-28,2026-10-14;2026-10-28,16:00:00,19:00:00,"ビギナークラス【前半】：16:15～17:15 
ビギナークラス【後半】：17:25〜18:25
アドバンスクラス：17:25～18:45","ラクロスは「クロス」と呼ばれる網のついたスティックでボールを、パス・キャッチしながら敵陣に運んでシュートを決める、大学生を中心に競技人口を増やしている、人気のチームスポーツです。

男子ラクロスは激しいボディコンタクト、女子ラクロスで華やかなパスワークが特徴ですが、「ジュニアラクロス」は男女ミックス（混合）で、防具を着けず、柔らかいボールを使いミニコートで楽しみます。

クロスやボールなど、ラクロス用具は貸出いたしますので、特別にご用意いただくものはありません。

日本代表経験者などのトッププレイヤーがコーチをし、オリンピック競技にも選ばれた人気のラクロスを小学生から経験できるチャンスです。

ぜひ楽しみながらプレーしましょう! ご参加お待ちしております。",神奈川県川崎市川崎区富士見２丁目１−９,神奈川県川崎市川崎区富士見２丁目１−９,35.527122792213476,139.7096425294876,スポーツ,https://kawasaki-fujimi.com/info/2026/0803_01/,川崎区,小学生,,"ビギナークラス：1500円
アドバンスクラス：1800円
（初回限定、ビギナークラス：1000円 / アドバンスクラス：1200円）",,2026-09-01〜2026-10-28 / 神奈川県川崎市川崎区富士見２丁目１−９,公益社団法人日本ラクロス協会,公益社団法人日本ラクロス協会担当：佐野,"授乳室,バリアフリートイレ",,2026-09-11 15:51:26
KAWASAKI-8d586e1a02a913d1,【講座】発達障がい応援キャラバン2026,2026-10-15,2026-12-22,2026-10-15;2026-11-12;2026-12-09;2026-12-22,,,"10:00:00〜12:00:00
14:00:00〜16:00:00
10:00:00〜15:30:00","発達障がいについてさまざまな事柄を学ぶ家族向け講座を開催します。
（発達障がいに関心のある方、支援者の方も受講できます）

多くの時間を共有する家族が、悩みや不安に向き合うことの難しさを実感しているからこそ届けたい想いがあります。
特性や行動の理由を知ることで、受け止めることのヒントを探してみませんか？",中原区小杉3-600　コスギサードアヴェニュー4F 川崎市総合自治会館,中原区小杉3-600　コスギサードアヴェニュー4F 川崎市総合自治会館,35.575009833129286,139.6613936461949,学び・講座;コミュニティ・交流;子ども・子育て;健康・福祉,https://www.city.kawasaki.jp/350/page/0000189244.html,中原区,指定なし,,,"・10月15日（木）川崎市役所本庁舎復元棟101会議室　65名
・11月12日（木）12月22日（火）川崎市総合自治会館　70名
・12月9日（水）川崎市役所本庁舎復元棟201会議室　20名",2026-08-24〜2026-12-15,"主催：川崎市
実施：社会福祉法人青い鳥　川崎市発達相談支援センター・保護者会りあん",川崎市発達相談支援センター,指定なし,,2026-08-25 10:25:25
KAWASAKI-86acd07d5a090323,大師こども文化センター　乳幼児親子向け　「Andyさんとリズム遊び＆ベビーサインをしよう！」,2026-10-15,2026-10-15,2026-10-15,10:30:00,11:30:00,,リズム遊びを通してベビーサインを学びましょう！,神奈川県川崎市川崎区大師公園１−４,神奈川県川崎市川崎区大師公園１−４,35.5325141,139.7334582,子ども・子育て;音楽;コミュニティ・交流;遊び;体感・体験;学び・講座,http://www3.kawasaki-shiminkatsudo.or.jp/seishonen/shisetsu/1/21/index.html,川崎区,"保護者,幼児,乳児",,,10組,2026-09-25〜2026-10-09 / 定員を超えた場合は10月10日（土）に公開抽選を行い、結果は館内掲示やホームページ等でお知らせします。,大師こども文化センター,"大師こども文化センター / 210-0815
神奈川県川崎市川崎区大師公園1-4",指定なし,,2026-08-31 10:05:10
KAWASAKI-98ee4e2899863f89,令和8年度第1回川崎区総合防災訓練,2026-10-17,2026-10-17,2026-10-17,10:00:00,11:30:00,,地域・行政・関係機関等が連携した参加型訓練として総合防災訓練を実施することにより、相互の顔が見える関係と災害に立ち向かう意識を醸成し、地域防災力の向上を図ります。,川崎区渡田1-20-1 田島小学校,川崎区渡田1-20-1 田島小学校,35.52186308167414,139.70829369978776,学び・講座;体感・体験;防災・防犯,https://www.city.kawasaki.jp/kawasaki/page/0000189133.html,川崎区,指定なし,,,,,川崎区役所 危機管理担当,川崎区役所 危機管理担当,指定なし,,2026-08-21 12:25:27
KAWASAKI-f1106b052f5cd63b,橘樹学連続講座「古代橘樹を知り、活用する！！」第1回を開催します！,2026-10-17,2026-10-17,2026-10-17,14:30:00,16:30:00,,橘樹郡家発見30周年記念・令和8年度橘樹官衙遺跡群保存活用事業　第1回橘樹学連続講座「古代橘樹を知り、活用する！！」を開催します！,川崎市川崎区宮本町1番地 川崎市役所本庁舎2階ホール,川崎市川崎区宮本町1番地 川崎市役所本庁舎2階ホール,35.530824888952445,139.70300137996674,学び・講座,https://www.city.kawasaki.jp/880/page/0000189441.html,川崎区,指定なし,,,定員：100名,2026-08-25〜2026-09-25 / 郵送は往復はがき。9月25日（金）消印有効,教育委員会事務局 生涯学習部 文化財課,教育委員会事務局 生涯学習部 文化財課,指定なし,,2026-08-31 19:25:18
KAWASAKI-0da8982b09d5a8b7,くすりと健康フェアかわさき2026,2026-10-18,2026-10-18,2026-10-18,11:00:00,15:00:00,,川崎市では、一般社団法人　川崎市薬剤師会とともに、「薬と健康の週間」に関わるイベントとして、医薬品や薬剤師等の専門家の役割に関する正しい知識を知っていただくことを目的に、令和8年10月18日（日）に川崎アゼリア　サンライト広場で「くすりと健康フェアかわさき2026」を実施します。（主催／くすりと健康フェアかわさき2026実行委員会）,神奈川県川崎市川崎区駅前本町26番地2 川崎アゼリア　サンライト広場,神奈川県川崎市川崎区駅前本町26番地2 川崎アゼリア　サンライト広場,35.530736787272104,139.6979343509378,体感・体験;健康・福祉;生活,https://www.city.kawasaki.jp/350/page/0000188889.html,川崎区,指定なし,こども調剤体験コーナーは5歳以上が対象です。,,こども調剤体験コーナーは事前予約で先着30名です。,"2026-09-15〜2026-10-17 / こども調剤体験コーナーの応募先
連絡先：川崎市薬剤師会　こども調剤体験係
電話：
Eメール:
応募期間：9月15日（火）午前9時から",くすりと健康フェアかわさき2026実行委員会,川崎市薬剤師会 / 川崎市薬剤師会,指定なし,,2026-09-14 16:25:25
KAWASAKI-1f45a552734f53a0,オーケストラ・ラム・スール第13回演奏回,2026-10-18,2026-10-18,2026-10-18,13:15:00,15:30:00,,"ブルックナー×ワーグナー
神の愛
人間の愛　
ここに極まれり 

2026年10月18日（日）13:15開演
会場：ミューザ川崎シンフォニーホール
指揮：平林遼
ソプラノ：鷲尾麻衣
曲目：
ワーグナー：ヴェーゼンドンク歌曲集
ブルックナー：交響曲第8番（ハース版）",神奈川県川崎市川崎区大宮町１３１０,神奈川県川崎市川崎区大宮町１３１０,35.5310523,139.6946619,文化・芸術;音楽,https://orchestralamesoeur.wixsite.com/orchestralamesoeur,川崎区,"外国人,障がい者,妊産婦,高齢者,保護者,社会人,大学生,高校生,中学生,小学生",,S席¥3000、A席¥2000、B席¥1000但し演奏会当日窓口でのご購入は各席¥500アップ,,2026-09-10〜2026-10-18,オーケストラ・ラム・スール,オーケストラ・ラム・スール事務局,指定なし,,2026-09-10 19:47:56
KAWASAKI-19bbae8bfbc22df0,川崎マリエンバドミントン教室２０２６秋,2026-10-20,2026-12-15,2026-10-20;2026-10-27;2026-11-10;2026-11-17;2026-11-24;2026-12-01;2026-12-08;2026-12-15,18:30:00,20:00:00,,初心者・初級者から中級者対象のバドミントン教室。10月20日（火）から毎週火曜（祝日を除く）。18：30から20：00。全８回。冷暖房完備のマリエンの体育館を貸切で行います。川崎市スポーツ協会推薦の信頼できる講師２名が丁寧に指導してくれます。,神奈川県川崎市川崎区東扇島３８−１ 川崎マリエン体育館,神奈川県川崎市川崎区東扇島３８−１ 川崎マリエン体育館,35.4970506,139.763355,スポーツ,http://www.kawasakiport.or.jp,川崎区,指定なし,夜間実施となるため、対象者は１５歳以上。中学生は保護者による送迎が必要です。,"10,000円（全8回分）",20名募集。応募多数の場合、抽選。,2026-08-04〜2026-10-06 / タイトルを「川崎マリエンバドミントン教室2026秋」とし、①氏名（フリガナ）②年齢③住所④電話番号⑤自己判断レベル（初心者・初級者・中級者・上級）を明記して必ずメールでご応募下さい。,公益社団法人川崎港振興協会,会館事業課会館事業係 / 〒210-0061　川崎市川崎区東扇島38-1,"授乳室,おむつ交換台,思いやり駐車スペース,エレベーター,バリアフリートイレ",ご応募メールアドレスに当落メールを返信します。迷惑メール設定（受信者拒否設定）をご利用の場合、のメールを受信できるようにして下さい。,2026-08-04 19:20:06
KAWASAKI-ff938bb21c4a8261,スポGOMI大会inかわさき,2026-10-24,2026-10-24,2026-10-24,09:30:00,12:00:00,,"川崎駅周辺をフィールドとして、拾ったごみの種類などでポイントを競うチーム対抗の清掃イベント「スポGOMI大会inかわさき」を開催します。
市内では日頃から駅前周辺等で、地域や団体、企業の皆さんと一緒に清掃活動を実施していますが、今回はスポーツの要素を加えて競技として楽しくごみ拾いを行うイベントです。これまでごみ拾いに馴染みがなかった方も気軽に参加いただけます。",川崎区東田町5番地4 川崎市役所南庁舎,川崎区東田町5番地4 川崎市役所南庁舎,35.5299965159843,139.70244213938713,体感・体験;スポーツ;環境・自然;小学生向け;中学生向け;高校生向け,https://www.city.kawasaki.jp/300/page/0000189600.html,川崎区,指定なし,"小学生以下は保護者と参加
川崎市内在住・在学・在勤",,市内在住・在勤・在学の方によるチーム　20組（1チーム3～5人）,"2026-09-10〜2026-10-08 / 申込多数の場合は抽選となります。
抽選結果は、10月13日（火曜日）までを目途に当選者にのみメールにてお知らせします。",環境局 生活環境部 減量推進課,環境局 生活環境部 減量推進課,指定なし,,2026-09-09 21:25:31
KAWASAKI-3c93cefff2de1ea7,かわさき大師ウォークラリー2026,2026-10-25,2026-10-25,2026-10-25,09:00:00,15:00:00,,"川崎区の大師地区には川崎大師平間寺のみならず、名所・史跡が数多く存在しています。その魅力を広くアピールするとともに、地域の活性化につながるように、地域住民が主体となって「かわさき大師ウォークラリー」を開催します。
　メインイベントは大師地区の名所等の各ポイントを巡るスタンプラリーです。川崎区のシンボルマークシールを身に付け10か所以上のポイントを回ると、若宮八幡宮での抽選会に参加でき、景品が当たります。",川崎市川崎区大師駅前 川崎大師駅前広場ほか各ポイント,川崎市川崎区大師駅前 川崎大師駅前広場ほか各ポイント,35.53533442779776,139.72609557854014,体感・体験;文化・芸術;観光,https://www.city.kawasaki.jp/kawasaki/page/0000189183.html,川崎区,指定なし,,,,,かわさき大師ウォークラリー2026実行委員会、川崎区役所,川崎区役所 まちづくり推進部 大師支所,指定なし,,2026-09-11 15:25:33
KAWASAKI-f61ee874982a964e,"🌸川崎富士見公園テニスイベント 🎾　10月26日(月）
『お一人様ダブルスゲーム大会』",2026-10-26,2026-10-26,2026-10-26,11:00:00,15:00:00,集合場所：10:35　富士見テニスコート12番コート,"◎お一人での参加申込み型ダブルスゲーム大会!!
◎毎試合ペアを変更しながらダブルス力を高め、参加者の皆様と一緒にゲームを楽しみましょう!!",神奈川県川崎市川崎区富士見１丁目１ 競輪場前,神奈川県川崎市川崎区富士見１丁目１ 競輪場前,35.52955356526873,139.71029542883602,健康・福祉;スポーツ;コミュニティ・交流;学び・講座,https://fujimi-park.com/guide/tennis_court.php,川崎区,"高齢者,社会人,大学生,高校生","１５歳以上一般、シニアまで
初級・初中級・中級を対象にした個人参加型ダブルスゲーム大会（毎試合ペアー変更）","1名　3,000円（当日、現金支払い）",20名,2026-08-29〜2026-10-25 / ホームページを確認の上、メールにてエントリー申込を直接行って下さい,"共催
富士見パークマネージメント株式会社（富士見公園の指定管理者です）
運営　株式会社エフ・エージェンシー エフチャレンジカップ大会本部",メールはエフチャレンジカップ大会事務局　電話は大会運営ヘッドコーチ,指定なし,"本イベントは、富士見公園指定管理者「富士見パークマネージメント（株）」が主催し、運営委託する事業です。 富士見・等々力再編整備室様より自主事業の承認を得て富士見テニスコートで実施します。
天候による実施判断は開始60分前に判断し、メールで一斉配信致します
会場へのお電話でのご確認はご遠慮ください",2026-08-31 11:30:12
KAWASAKI-55a98087b0901bde,【募集予告】バルーンアートでボランティアをはじめよう,2026-10-27,2026-12-01,2026-10-27;2026-11-03;2026-11-17;2026-11-24;2026-12-01,10:00:00,12:00:00,2026年12月8日 10時00分～12時00分,"バルーンアートの制作技術等を学び、地域でイベントボランティアとして活動することを目指します。

日時　令和8年10月27日～12月8日　11月10日を除く毎週火曜日　全6回
会場　大師分館　ほか
対象　関心のある方 20名（先着順）
費用　受講料無料、材料費として500円
申込　10月8日（木)午前10時からプラザ大師へ電話かホームページで受付",川崎市川崎区大師駅前1－1－5 教育文化会館大師分館,川崎市川崎区大師駅前1－1－5 教育文化会館大師分館,35.534125199102014,139.72539246082306,学び・講座;環境・自然;ボランティア,https://www.city.kawasaki.jp/kawasaki/page/0000188534.html,川崎区,指定なし,,ただし材料費として500円,20名（先着順）,2026-10-06〜2026-10-26,川崎区役所 まちづくり推進部 生涯学習支援課,川崎区役所 まちづくり推進部 生涯学習支援課,指定なし,,2026-08-25 01:26:49
KAWASAKI-6b20513723283dd1,こども文化センター出張児童館,2026-10-29,2026-10-29,2026-10-29,10:00:00,12:00:00,,"近隣のこども文化センター職員による未就学児向けイベントを教育文化会館で行います。未就学児のおともだち、たくさん遊んで楽しみましょう！
日時　令和8年10月29日木曜日10時から12時
会場　教育文化会館　1階　イベントホール
対象・定員　未就学児とその保護者　定員なし
費用　無料
申込　申込不要　直接会場へお越しください
　　　(混雑時はお待ちいただく場合がございます)",川崎市川崎区富士見2-1-3 教育文化会館,川崎市川崎区富士見2-1-3 教育文化会館,35.52889482628753,139.70744919579357,学び・講座;体感・体験;遊び;コミュニティ・交流;子ども・子育て,https://www.city.kawasaki.jp/kawasaki/page/0000189529.html,川崎区,"乳児,幼児,保護者",,,,,"こども文化センター
川崎区役所 まちづくり推進部 生涯学習支援課",川崎区役所 まちづくり推進部 生涯学習支援課,指定なし,,2026-09-01 17:25:26
KAWASAKI-7041045bad274f74,プラザ田島　もっと便利に、もっと身近に！シニア暮らしのスマホ講座,2026-10-29,2026-12-10,2026-10-29;2026-11-12;2026-11-26;2026-12-10,10:00:00,12:00:00,,"シニア世代が暮らしに役立つスマートフォンの活用方法を学び、皆で日々の暮らしを豊かにしましょう！
日時　2026年10月29日、11月12日、26日、12月10日　隔週木曜日
時間　午前10時から午前12時
会場　プラザ田島（教育文化会館田島分館）実習室
対象　50歳以上のスマートフォン基本操作ができる方　15人
初心者向けではありませんのでご注意ください。
申込　10月1日木曜日午前10時から10月14日水曜日午後5時まで
プラザ田島ホームページより申込してください。
費用　無料",川崎市川崎区追分町16−1　カルナーザ川崎4階 プラザ田島（教育文化会館田島分館）,川崎市川崎区追分町16−1　カルナーザ川崎4階 プラザ田島（教育文化会館田島分館）,35.51903650563978,139.7165579776153,学び・講座;体感・体験;コミュニティ・交流;生活,https://www.city.kawasaki.jp/kawasaki/page/0000188990.html,川崎区,高齢者,50歳以上のスマートフォン基本操作ができる方（初心者向けではありません）,,15人,2026-10-01〜2026-10-14,川崎区役所 まちづくり推進部 生涯学習支援課（田島地区担当）,川崎区役所 まちづくり推進部 生涯学習支援課,指定なし,,2026-09-01 06:26:36
KAWASAKI-1a6209174fa2403d,プラザ田島　元気！健康カフェ,2026-11-06,2026-11-06,2026-11-06,14:00:00,15:00:00,,"みんなで体操をしながら、健康で生き生きと過ごせる体をつくりましょう。
講師　介護予防デイサービスはなまる元気塾塾長　小田祥大
日時　11月6日金曜日午後2時から午後3時(開場　午後1時30分)
会場　プラザ田島学習室（教育文化会館田島分館）
定員　20名（当日先着順）
費用　無料",川崎市川崎区追分町16−1　カルナーザ川崎4階 プラザ田島（教育文化会館田島分館）,川崎市川崎区追分町16−1　カルナーザ川崎4階 プラザ田島（教育文化会館田島分館）,35.51903650563978,139.7165579776153,学び・講座;体感・体験;コミュニティ・交流;スポーツ;健康・福祉,https://www.city.kawasaki.jp/kawasaki/page/0000189442.html,川崎区,指定なし,,,20名（当日先着順）,,川崎区役所 まちづくり推進部 生涯学習支援課（田島地区担当）,川崎区役所 まちづくり推進部 生涯学習支援課,指定なし,,2026-09-05 06:25:22
KAWASAKI-61decf21b0fc2603,参加者募集！！川崎ワカモノ未来PROJECT2026「ヒラメキLab」,2026-11-08,2027-02-14,2026-11-08;2026-11-09;2026-11-10;2026-11-11;2026-11-12;2026-11-13;2026-11-14;2026-11-15;2026-11-16;2026-11-17;2026-11-18;2026-11-19;2026-11-20;2026-11-21;2026-11-22;2026-11-23;2026-11-24;2026-11-25;2026-11-26;2026-11-27;2026-11-28;2026-11-29;2026-11-30;2026-12-01;2026-12-02;2026-12-03;2026-12-04;2026-12-05;2026-12-06;2026-12-07;2026-12-08;2026-12-09;2026-12-10;2026-12-11;2026-12-12;2026-12-13;2026-12-14;2026-12-15;2026-12-16;2026-12-17;2026-12-18;2026-12-19;2026-12-20;2026-12-21;2026-12-22;2026-12-23;2026-12-24;2026-12-25;2026-12-26;2026-12-27;2026-12-28;2026-12-29;2026-12-30;2026-12-31;2027-01-01;2027-01-02;2027-01-03;2027-01-04;2027-01-05;2027-01-06;2027-01-07;2027-01-08;2027-01-09;2027-01-10;2027-01-11;2027-01-12;2027-01-13;2027-01-14;2027-01-15;2027-01-16;2027-01-17;2027-01-18;2027-01-19;2027-01-20;2027-01-21;2027-01-22;2027-01-23;2027-01-24;2027-01-25;2027-01-26;2027-01-27;2027-01-28;2027-01-29;2027-01-30;2027-01-31;2027-02-01;2027-02-02;2027-02-03;2027-02-04;2027-02-05;2027-02-06;2027-02-07;2027-02-08;2027-02-09;2027-02-10;2027-02-11;2027-02-12;2027-02-13;2027-02-14,09:00:00,17:00:00,,「川崎ワカモノ未来PROJECT」は、川崎市を舞台に、自分の身近なことや地域、社会の未来づくりに挑戦したい高校生世代を対象としたプロジェクトです。高校生たちは、まちづくりや自分の興味を活かし、一人ひとりが企画を立ち上げ、実際にアクションし、最後に学びや展望を発表します。このたび、参加者を募集します！,川崎市川崎区宮本町1 川崎市役所本庁舎,川崎市川崎区宮本町1 川崎市役所本庁舎,35.53052856071475,139.70290438466253,学び・講座;体感・体験;遊び;コミュニティ・交流;音楽;文化・芸術;スポーツ;子ども・子育て;健康・福祉;環境・自然;防災・防犯;生き物;ボランティア;観光;祭り;食;生活;高校生向け,https://www.city.kawasaki.jp/250/page/0000119008.html,川崎区,指定なし,,,30人,2026-09-15〜2026-11-01 / 11月1日（日）までに市ホームページ内から申込,市民文化局 コミュニティ推進部 協働・連携推進課,市民文化局 コミュニティ推進部 協働・連携推進課,指定なし,,2026-09-15 11:25:37
KAWASAKI-5ffa42facab797b5,第19回川崎国際環境技術展　来場者募集中！,2026-11-11,2026-11-12,2026-11-11;2026-11-12,10:00:00,17:00:00,,"川崎市では、脱炭素社会の実現と持続可能な経済成長の両立を目指し、毎年、環境分野における優れた環境技術やノウハウを川崎から国内外に広く情報発信し、出展者・来場者の皆様の市場開拓や販路拡大、新たな人脈形成に繋がる交流の場を提供する展示会「川崎国際環境技術展」を開催しています。
　川崎市内最大級のBtoB展示会となっております。",神奈川県川崎市川崎区富士見1-1-4 カルッツかわさき,神奈川県川崎市川崎区富士見1-1-4 カルッツかわさき,35.529833896307764,139.70853209495544,学び・講座;体感・体験;環境・自然;仕事・ビジネス,https://www.city.kawasaki.jp/jigyou/category/283-2-5-0-0-0-0-0-0-0.html,川崎区,指定なし,,,,2026-09-16〜2026-11-12 / 川崎国際環境技術展ホームページから事前の来場登録をお願いします。,川崎国際環境技術展実行委員会,経済労働局イノベーション推進部 / 川崎市,指定なし,,2026-09-16 16:25:33
KAWASAKI-23028d9a9552fc9a,令和8年度大人の交通安全自転車教室を実施します！,2026-11-28,2026-11-28,2026-11-28,09:00:00,11:00:00,,令和8年の川崎区内の全人身交通事故のうち、自転車関係事故が占める割合はなんと4割を超えます！自転車は正しく使用すれば便利な乗り物ですが、使い方を間違えると、とても危険な乗り物にもなってしまいます。道路状況を再現したコースを利用し、改めて自転車の交通ルールについて学んでみませんか？なお、警察の方による交通安全講話だけでなく、実技講習や自転車シュミレーターによる学習も予定しております。ぜひご来場お待ちしております！！,川崎区大島4ー17－1 川崎市立向小学校,川崎区大島4ー17－1 川崎市立向小学校,35.52426315482057,139.7153341770172,学び・講座;体感・体験,https://www.city.kawasaki.jp/kawasaki/page/0000167896.html,川崎区,"中学生,高校生,大学生,社会人,保護者,高齢者,障がい者,外国人",川崎区在住の方,,30人,2025-10-01〜2025-11-06 / 川崎区東田町8番地　川崎区役所危機管理担当,川崎区役所 危機管理担当,川崎区役所 危機管理担当 地域安全担当,指定なし,,2026-08-31 15:25:38
KAWASAKI-e909512b3e9f7d32,令和8年度川崎区交通安全子ども自転車大会への出場者を募集します！,2026-11-28,2026-11-28,2026-11-28,09:00:00,13:30:00,,"自転車は正しく使えば、楽しく、便利な乗り物です。交通ルールやマナーを学び、デコボコ道やくねくね道を安全に乗りこなす技術を競い合ってみませんか！！自転車の知識を試す学科試験やルールを守って走行する安全走行テスト、はしごや板乗り等技術を競う技能走行があります。優勝チームは翌年の神奈川県子ども自転車大会に川崎区代表として出場します。
日時：令和8年11月28日土曜日　午前9時～午後1時30分（受付開始午前8時30分）
場所：川崎市立向小学校
対象：小学3年生～6年生の児童4名＋責任者1名で1チーム
　　　なお、4名に満たない場合は個人参加とさせていただきます。",川崎区大島4-17-1 川崎市立向小学校,川崎区大島4-17-1 川崎市立向小学校,35.528761139081524,139.7057931232571,学び・講座;体感・体験;スポーツ;小学生向け,https://www.city.kawasaki.jp/kawasaki/page/0000041693.html,川崎区,小学生,"小学3年生～6年生
川崎区在住",,10チーム40名まで,2026-10-01〜2026-11-06 / 川崎区東田町8番地　川崎区役所危機管理担当,川崎区役所 危機管理担当,川崎区役所 危機管理担当 地域安全担当,指定なし,,2026-09-03 13:25:19
KAWASAKI-de9164eda4dff7a2,大師公園でロケットを作って、飛ばそう🚀,2026-12-12,2026-12-12,2026-12-12,10:50:00,13:30:00,＊小雨の場合は実施致しますが、悪天候の場合は中止とする場合もあります。,"３・２・１でロケット発射！！
0.3秒で時速200㌔。上空でパラシュートを開いてゆっくりとロケットは降下。
作るロケットは本物のロケットと同じ構造のモデルロケット。エンジンをつめて、ロケットを発射。
「下町ロケット」のモデルになった植松電機考案の「モデルロケット教室」を開催します！",神奈川県川崎市川崎区大師公園１−１ 大師公園,神奈川県川崎市川崎区大師公園１−１ 大師公園,35.53126908542727,139.73133087158203,高校生向け;中学生向け;小学生向け;子ども・子育て;遊び;体感・体験,https://www.kawasakirocket.com/,川崎区,"大学生,高校生,中学生,小学生",小学校１年生〜以上が参加目安となります,"2,000円／1人",２０名程度,2026-11-21〜2026-12-12 / 定員になり次第、申し込み終了となります。,川崎ロケット教室プロジェクト FUEL,川崎ロケット教室プロジェクト FUEL,指定なし,"＊小雨の場合は実施致しますが、悪天候の場合は中止とする場合もあります。
＊中止や体調不良でのキャンセル発生時に参加費の徴収は基本的にございません。",2026-08-12 10:07:47
KAWASAKI-e70b4406d588078f,MUZAパイプオルガン体験,2026-12-19,2026-12-19,2026-12-19,14:00:00,16:00:00,14時開演のコンサート鑑賞後に体験となります。,"MUZAパイプオルガン クリスマス・コンサート公演終了後、大オルガンの演奏体験プログラムを開催！抽選で5名様にご参加いただけます。オルガニストによる楽器の仕組みについての簡単なレクチャー後、お一人最大5分程度、演奏体験をしていただけます。
鍵盤楽器がはじめての方でも気軽にご参加いただけますので、この機会にぜひお申込みください！",神奈川県川崎市川崎区大宮町１３１０,神奈川県川崎市川崎区大宮町１３１０,35.5310523,139.6946619,高校生向け;中学生向け;小学生向け;音楽;体感・体験,https://kawasaki-sym-hall.jp/events/calendar/detail.php?id=4649,川崎区,"大学生,高校生,中学生,小学生",12/19MUZAパイプオルガン クリスマス・コンサートご来場で小学生～25歳以下の方,公演チケット代のみ（オルガン体験は無料）,5名,2026-09-07〜2026-12-07 / 申し込み多数の場合は抽選。,ミューザ川崎シンフォニーホール（川崎市文化財団グループ）,ミューザ川崎シンフォニーホール,"手話又は筆談対応,エレベーター,オストメイト対応トイレ,バリアフリートイレ",,2026-09-15 19:58:32
KAWASAKI-3ab510001d9e89f0,"わたしもぼくもオルガニスト！
パイプオルガン長期レッスン",2027-01-17,2027-05-05,2027-01-17;2027-01-24;2027-01-31;2027-02-11;2027-02-14;2027-02-23;2027-02-28;2027-03-14;2027-03-22;2027-03-28;2027-03-30;2027-04-04;2027-04-11;2027-04-18;2027-04-25;2027-04-29;2027-05-03;2027-05-05,,,"17:30:00〜21:20:00
17:30:00〜20:20:00
17:30:00〜19:30:00
16:00:00〜19:40:00
09:00:00〜18:00:00
レッスン・練習時間は該当時間の中から一人30～40分間。3/14は合同レッスン。5/5時間調整中。ミューザの詳細ページをご覧ください。","ミューザのホールオルガニスト澤菜摘を講師に、専門性の高いパイプオルガンのレッスンを開催！
1月から5月にかけ、ホールの大オルガンとポジティフオルガンを使ってレッスンをおこないます。
最後は5月のオープンハウスで受講生全員による発表会（一般公開）を開催！",神奈川県川崎市川崎区大宮町１３１０,神奈川県川崎市川崎区大宮町１３１０,35.5310523,139.6946619,高校生向け;中学生向け;音楽;体感・体験;学び・講座,https://www.kawasaki-sym-hall.jp/wakuwakumuza/event/organist2027/,川崎区,"高校生,中学生,小学生",小学校4年生～高校2年生,"33,000円（消費税3,000円込み・レッスン料、練習費用、発表会費用含む）",5名,2026-08-15〜2026-11-24,ミューザ川崎シンフォニーホール（川崎市文化財団グループ）,ミューザ川崎シンフォニーホール,指定なし,,2026-09-15 19:26:53
KAWASAKI-28e3f1245403318e,第26回障害者スポーツ大会「第6部 ボウリング大会」,2027-01-23,2027-01-23,2027-01-23,09:20:00,13:30:00,,"川崎市内に在住、在学、在勤、施設に入所・通所している方で、障害者手帳をお持ちの原則13歳以上の方を対象に、ボウリング大会を開催します。
　本大会は、令和9年(2027年)10月に宮崎県で開催される第26回全国障害者スポーツ大会の川崎市代表選手の選考会を兼ねています。",川崎区宮前町11‐14 川崎グランドボウル,川崎区宮前町11‐14 川崎グランドボウル,35.527712170460774,139.70672965049744,スポーツ,https://www.city.kawasaki.jp/250/page/0000184199.html,川崎区,障がい者,"・市内在住・在学・在勤の方。・13歳以上の方。
参加競技については、「障害区分表」を御確認ください。",,,"2026-02-20〜2026-12-11 / 地域みまもり支援センター障害者支援係の窓口に申込書が置いてあります。
お住まいの地区の地域みまもり支援センター障害者支援係までお申し込みください。",市民文化局 市民スポーツ室,市民文化局 市民スポーツ室,指定なし,医師から運動競技大会への参加を許可されていることが条件となります。障害状況により、診断書・意見書等の提出を求め、安全の確認をさせていただく場合があります。,2026-03-03 19:25:38
KAWASAKI-a183653f573465ba,川崎市青少年フェスティバル,2027-03-14,2027-03-14,2027-03-14,10:00:00,15:30:00,,川崎市青少年フェスティバルは、16～25歳程度の青少年が実行委員となり、企画を一から考えて開催する、子どものためのお祭りです。,川崎区富士見1丁目1-4 カルッツかわさき,川崎区富士見1丁目1-4 カルッツかわさき,35.529833896307764,139.70852136611938,体感・体験;遊び;子ども・子育て;小学生向け;中学生向け;高校生向け,https://www.city.kawasaki.jp/450/page/0000087062.html,川崎区,"乳児,幼児,小学生,中学生,高校生,大学生,社会人,保護者,高齢者,妊産婦,障がい者,外国人",主に、就学前から小学校低学年程度の子どもを対象としたミニゲームなどの体験企画があります。,,,,こども未来局 青少年支援室,こども未来局 青少年支援室,指定なし,,2026-08-05 11:25:12
KAWASAKI-73b73c223493364d,オーケストラ・ラム・スール第14回演奏会,2027-03-22,2027-03-22,2027-03-22,13:30:00,15:30:00,,"ヨーロッパ再興の秘密　ルネッサンスの火が、今灯る
2027年3月22日（月・祝） 13:30開演
会場：ミューザ川崎シンフォニーホール
指揮：平林遼
曲目：
レスピーギ：ローマの噴水
レスピーギ：ローマの祭り
平林 遼：メディチ家の芸術家たち
レスピーギ：ローマの松",神奈川県川崎市川崎区大宮町１３１０,神奈川県川崎市川崎区大宮町１３１０,35.5310523,139.6946619,文化・芸術;音楽,https://orchestralamesoeur.wixsite.com/orchestralamesoeur,川崎区,"外国人,障がい者,妊産婦,高齢者,保護者,社会人,大学生,高校生,中学生,小学生",,S席¥3000.A席¥2000.B席¥1000但し演奏会当日窓口でのご購入は各席¥500アップ,,2026-09-10〜2027-03-22,オーケストラ・ラム・スール,,指定なし,,2026-09-10 19:50:45
KAWASAKI-6e70bb4ac82d9811,ジュニア・プロデューサー2026,2026-09-27,2026-09-27,2026-09-27,10:00:00,12:00:00,6/30は時間未定,"7月1日のコンサートをみんなでつくりませんか？
コンサートの当日まで仲間とアイディアを出し合い、企画したり、チラシをつくったり、お客さまのご案内をしたり...コンサートの裏側で活やくしよう！
「やりがいのあることに挑戦したい！」「イベントが大好き！」「楽しいことをやりたい！」など、『やりたい！』という気持ちをミューザで叶えよう！",神奈川県川崎市幸区大宮町１３１０,神奈川県川崎市幸区大宮町１３１０,35.5310523,139.6946619,小学生向け;音楽;コミュニティ・交流;体感・体験;学び・講座,https://www.kawasaki-sym-hall.jp/,幸区,小学生,"小学4年生〜6年生（2026年4月時点）。
必要に応じて活動内容や日程の追加、変更の可能性があります。
川崎市内校在学",,9名,2026-01-27〜2026-02-28 / 川崎市幸区大宮町1310ミューザ川崎シンフォニーホール / 申込用紙に必要事項を記入の上、FAXまたは郵送にてご応募ください。,ミューザ川崎シンフォニーホール（川崎市文化財団）,ミューザ川崎シンフォニーホール,指定なし,ホールの顔として活躍していただきますので、公式サイトや広報物へのお顔やお名前の掲載、テレビや新聞などの取材がある場合がございます。予めご了承の上、お申し込みください。,2026-01-28 09:16:06
KAWASAKI-bd4dd5d4938ec287,遊びながら「考える力」が身につく！はじめてのロボット・プログラミング体験教室,2026-09-17,2026-09-30,2026-09-17;2026-09-18;2026-09-19;2026-09-20;2026-09-21;2026-09-22;2026-09-23;2026-09-24;2026-09-25;2026-09-26;2026-09-27;2026-09-28;2026-09-29;2026-09-30,09:00:00,19:00:00,※期間内に定期的に開催いたします。正しい開催日時は、お申込み用のホームページよりご確認ください。,"大人気の体験イベント！「ロボット」と「プログラミング」の2つのコースをご用意しました。お申し込み用のホームページにてご希望のコースをお選びいただけます。

【①：ロボット】
モーターを使った「バタ足」で進むロボット作りに挑戦！モノづくりの楽しさを通じて観察力・論理的思考力を育てます。

【②：プログラミング】
大人気の「Scratch」や「マインクラフト」を使用！ゲーム感覚でパソコンを操作しながら、プログラミングの基礎を楽しく学びます。

どちらも初めての方大歓迎！楽しみながら「考える力」を伸ばしましょう。",神奈川県川崎市幸区南幸町３丁目124-5-101 尻手ビル,神奈川県川崎市幸区南幸町３丁目124-5-101 尻手ビル,35.5323378,139.6840827,小学生向け;子ども・子育て;遊び;体感・体験;学び・講座,https://kids.athuman.com/search/detail/?store_id=1862&amp;code=140001,幸区,"保護者,小学生,幼児","※原則、会場に定期通学が可能な範囲にお住いの方を対象とさせていただきます。
【①：ロボット】対象：年中～小学生
【②：プログラミング】対象：小学生",,,2026-06-25〜2026-09-30,ヒューマンアカデミー株式会社,宮塾（担当：宮﨑）,指定なし,,2026-06-24 08:44:46
KAWASAKI-2dd814828304f0a3,【夏のイベント】“こどもをまんなか”やってみよう！～『遊ぶ』があふれる幸区に♡～,2026-10-13,2026-10-13,2026-10-13,10:00:00,13:00:00,,"今年度は、「外遊び」の大切さ、楽しさを学べるプレーパーク講座を開催します！大人だけ、家族で、中・高・大学生の参加大歓迎！※小学3年生未満は保護者の同伴必須
1日のみのご参加も可能です！",川崎市幸区新川崎7ー1　 　K2タウンキャンパス　K2ハウス（厚生棟）会議室,川崎市幸区新川崎7ー1　 　K2タウンキャンパス　K2ハウス（厚生棟）会議室,35.54680568323469,139.6712225675583,学び・講座;体感・体験;遊び;子ども・子育て;中学生向け;高校生向け,https://www.city.kawasaki.jp/saiwai/page/0000177021.html,幸区,"幼児,小学生,中学生,高校生,大学生,社会人,保護者",,,各回先着15組,2025-05-27〜2025-07-10 / ・連続講座ですが1日のみのご参加も可能です。,"幸区役所 地域みまもり支援センター（福祉事務所・保健所支所）
地域ケア推進課",幸区役所 地域みまもり支援センター（福祉事務所・保健所支所） 地域ケア推進課,指定なし,,2026-08-10 19:25:07
KAWASAKI-223a978f91704e15,下平間こども文化センター「しもひらわんぱくキッズ　みんなで Jump-Jam」,2026-09-29,2026-09-29,2026-09-29,16:30:00,17:00:00,,みんなで元気に運動あそびをしよう！,神奈川県川崎市幸区下平間７０−９ 下平間こども文化センター,神奈川県川崎市幸区下平間７０−９ 下平間こども文化センター,35.552324,139.6770402,高校生向け;中学生向け;小学生向け;スポーツ;遊び,,幸区,"高校生,中学生,小学生",,,,,下平間こども文化センター,下平間こども文化センター,指定なし,,2026-08-30 16:44:53
KAWASAKI-9e3dd7ce13c3187e,おでかけ”ぽかぽか”　～お外でもっとあそぼうよ！出張青空子育て広場～（南加瀬けやき公園）,2026-11-17,2027-03-09,2026-11-17;2026-12-15;2027-01-19;2027-03-09,10:00:00,13:00:00,,きれいな色の布、ボール落とし、シャボン玉など…。親子でゆったり遊べる道具を使って、公園に『おでかけ』しましょう。赤ちゃんと一緒にくつろげるコーナーや、お弁当を食べる場所もありますので、おにぎりひとつかばんに入れて、のんびり親子で遊びに来てください♪ねんねでも、ハイハイでも、おでかけしよう♪,神奈川県川崎市幸区南加瀬４丁目３５−４ 南加瀬けやき公園,神奈川県川崎市幸区南加瀬４丁目３５−４ 南加瀬けやき公園,35.5424712,139.6599931,子ども・子育て;遊び,https://www.city.kawasaki.jp/saiwai/page/0000175973.html,幸区,"保護者,幼児,乳児",,,,,主催：幸区役所地域ケア推進課、企画・運営：夢見ヶ崎プレーパークを作る会,幸区役所地域ケア推進課,指定なし,,2026-08-28 11:04:56
KAWASAKI-4d9778051b4250e4,おでかけ”ぽかぽか”　～お外でもっとあそぼうよ！出張青空子育て広場～（諏訪公園）,2026-11-10,2027-02-16,2026-11-10;2027-02-16,10:00:00,13:00:00,,きれいな色の布、ボール落とし、シャボン玉など…。親子でゆったり遊べる道具を使って、公園に『おでかけ』しましょう。赤ちゃんと一緒にくつろげるコーナーや、お弁当を食べる場所もありますので、おにぎりひとつかばんに入れて、のんびり親子で遊びに来てください♪ねんねでも、ハイハイでも、おでかけしよう♪,神奈川県川崎市幸区南幸町２丁目38-1 諏訪公園,神奈川県川崎市幸区南幸町２丁目38-1 諏訪公園,35.53457909999999,139.6908414,子ども・子育て;遊び,https://www.city.kawasaki.jp/saiwai/page/0000175973.html,幸区,"保護者,幼児,乳児",,,,,主催：幸区役所地域ケア推進課、企画・運営：夢見ヶ崎プレーパークを作る会,幸区役所地域ケア推進課,指定なし,,2026-08-28 17:06:49
KAWASAKI-17a1c9c815fa8e56,下平間こども文化センター「CURRY SATURDAY」,2026-09-19,2026-09-19,2026-09-19,12:00:00,13:00:00,カレーの提供は12:30までです。,"毎回好評！ぶんごのからあげつき！
9月の土曜日はカレーの日",神奈川県川崎市幸区下平間７０−９ 下平間こども文化センター,神奈川県川崎市幸区下平間７０−９ 下平間こども文化センター,35.552324,139.6770402,高校生向け;中学生向け;小学生向け;食;コミュニティ・交流;体感・体験,https://forms.cloud.microsoft/r/p9kkfqg29V,幸区,指定なし,,300円,30食,"2026-09-01〜2026-09-19 / 申込みの申込みが定員を超えた場合は抽選となります。
〆切日は、開催する週の火曜日となります。抽選は〆切日の翌日に行います。",下平間こども文化センター,下平間こども文化センター,指定なし,,2026-08-31 11:15:42
KAWASAKI-9704d80970ee2222,おでかけ”ぽかぽか”　～お外でもっとあそぼうよ！出張青空子育て広場～（戸手第一公園）,2026-09-29,2027-03-16,2026-09-29;2026-10-06;2026-10-27;2026-11-24;2026-12-22;2027-01-26;2027-02-09;2027-03-16,10:00:00,13:00:00,,きれいな色の布、ボール落とし、シャボン玉など…。親子でゆったり遊べる道具を使って、公園に『おでかけ』しましょう。赤ちゃんと一緒にくつろげるコーナーや、お弁当を食べる場所もありますので、おにぎりひとつかばんに入れて、のんびり親子で遊びに来てください♪ねんねでも、ハイハイでも、おでかけしよう♪,神奈川県川崎市幸区戸手本町１丁目７５−３ 戸手第一公園,神奈川県川崎市幸区戸手本町１丁目７５−３ 戸手第一公園,35.5435416,139.6864903,子ども・子育て;遊び,https://www.city.kawasaki.jp/saiwai/page/0000175973.html,幸区,"保護者,幼児,乳児",,,,,主催：幸区役所地域ケア推進課、企画・運営：夢見ヶ崎プレーパークを作る会,幸区役所地域ケア推進課,指定なし,おでかけぽかぽかのイベント登録をします。イベント登録後、子育てアプリにも連携されます。,2026-08-28 11:06:45
KAWASAKI-17ac564e046a5325,水曜ナイトライブ in LAZONA,2026-10-21,2026-12-02,2026-10-21;2026-11-18;2026-12-02,18:00:00,20:00:00,,"「水曜ナイトライブin LAZONA」は、JR川崎駅西口直結の「ラゾーナ川崎プラザ」のルーファ広場で、川崎を中心に活躍中のアーティストによる演奏を楽しめるフリーライブです。 毎月1回程度（冬期を除く）水曜日の夜に開催しています。
ぜひお仕事帰り・学校帰り・おでかけ帰りにふらっとお立ち寄りください！",川崎市幸区堀川町72-1 ラゾーナ川崎プラザ　ルーファ広場,川崎市幸区堀川町72-1 ラゾーナ川崎プラザ　ルーファ広場,35.53252308136877,139.6958613395691,音楽,https://www.city.kawasaki.jp/250/page/0000150249.html,幸区,指定なし,,,,,「水曜ナイトライブ in LAZONA」運営委員会,市民文化局 市民文化振興室,指定なし,,2026-09-15 19:25:33
KAWASAKI-2767606610ece5a2,秋の交通安全運動キャンペーン・交通事故死ゼロを目指す日キャンペーン,2026-09-17,2026-09-17,2026-09-17,12:00:00,13:00:00,,「自称夢見ヶ崎動物公園専属アイドル　GABU(がぶ)」様をお招きし、秋の全国交通安全運動の周知を行うとともに、通行中の歩行者にチラシと啓発品を配布することで、交通事故死ゼロを目指す日（9月30日）についても周知し、交通事故防止の徹底ならびに交通安全意識の高揚を図ります。,川崎市幸区堀川町72－1 ラゾーナ川崎プラザ　ルーファ広場,川崎市幸区堀川町72－1 ラゾーナ川崎プラザ　ルーファ広場,35.53217761046331,139.69605625186674,学び・講座;音楽,https://www.city.kawasaki.jp/saiwai/page/0000189427.html,幸区,指定なし,,,,,幸区交通安全対策協議会・幸警察署・幸区役所・幸交通安全協会・幸区青少年交通安全連絡協議会・幸安全運転管理者会,危機管理担当 / 幸区役所,指定なし,,2026-08-14 18:25:26
KAWASAKI-799d0f525dc7e3ca,かわさきジャズ2026,2026-09-18,2026-11-23,2026-09-18;2026-09-19;2026-09-20;2026-09-21;2026-09-22;2026-09-23;2026-09-24;2026-09-25;2026-09-26;2026-09-27;2026-09-28;2026-09-29;2026-09-30;2026-10-01;2026-10-02;2026-10-03;2026-10-04;2026-10-05;2026-10-06;2026-10-07;2026-10-08;2026-10-09;2026-10-10;2026-10-11;2026-10-12;2026-10-13;2026-10-14;2026-10-15;2026-10-16;2026-10-17;2026-10-18;2026-10-19;2026-10-20;2026-10-21;2026-10-22;2026-10-23;2026-10-24;2026-10-25;2026-10-26;2026-10-27;2026-10-28;2026-10-29;2026-10-30;2026-10-31;2026-11-01;2026-11-02;2026-11-03;2026-11-04;2026-11-05;2026-11-06;2026-11-07;2026-11-08;2026-11-09;2026-11-10;2026-11-11;2026-11-12;2026-11-13;2026-11-14;2026-11-15;2026-11-16;2026-11-17;2026-11-18;2026-11-19;2026-11-20;2026-11-21;2026-11-22;2026-11-23,13:30:00,20:00:00,時間は各公演・イベント・講座により異なります。詳しくはかわさきジャズホームページをご覧ください。,"かわさきジャズは、川崎の特徴である「多様性」と「コラボレーション」を活かした、川崎ならではの音楽フェスティバルとして2015年に始まりました。ホール公演をメインコンテンツとし、市民が活躍するフリーライブなどの地域イベントを広域にわたって開催します。「ジャズは橋を架ける」を合言葉に、多様な文化や人々をつなぐ“橋”となることをコンセプトとしています。
2026年は、生誕100年を迎えた伝説的ジャズトランペッター マイルス・デイヴィス の言葉「Good Music is Good!（いい音楽はいい！）」をキーフレーズに掲げます。また、市内のフェスティバルやさまざまな主体と連携し、川崎ならではの特色を活かした音楽フェスティバルを展開します。",川崎市幸区大宮町1310 ミューザ川崎シンフォニーホール　ほか,川崎市幸区大宮町1310 ミューザ川崎シンフォニーホール　ほか,35.53110963550942,139.69477291499908,学び・講座;体感・体験;コミュニティ・交流;音楽;文化・芸術,https://www.city.kawasaki.jp/250/page/0000154830.html,幸区,指定なし,,"料金は公演・講座により異なります。入場無料のフリーライブも各区で開催します。
詳細はかわさきジャズホームページをご確認ください。",定員は会場により異なります。詳細はかわさきジャズホームページをご確認ください。,"2026-07-17〜2026-11-23 / 各ホール、プレイガイドでも取り扱いあり。詳しくはホームページの各公演（ライブ）情報をご覧ください。
なお、フリーライブは申込不要です。",かわさきジャズ実行委員会・川崎市,かわさきジャズ実行委員会事務局,指定なし,,2026-07-28 17:24:58
KAWASAKI-82769d9ad12a2ea8,ジャズアカデミー2026第1回「馬とジャズ」,2026-09-18,2026-09-18,2026-09-18,13:30:00,15:30:00,,"かわさきジャズ2026BRIDGEアーティストに選出された市原ひかりさんは、ジャズトランぺッター、ヴォーカリストとして活躍される傍ら、実際に競馬場にも足を運び、パドックで撮影するなど、今も馬を愛し、熱心な「推し活」を続けています。彼女を魅了する、馬の魅力とは！？2026年が午年であることを記念して、馬とジャズをテーマにしたトークをお届けします。後半は市原さんのライブもお楽しみください。
会場：ミューザ川崎音楽工房市民交流室",神奈川県川崎市幸区大宮町１３１０,神奈川県川崎市幸区大宮町１３１０,35.5309314,139.6948068,文化・芸術;学び・講座,https://kawasakijazz.jp/future/academy/2026/,幸区,指定なし,未就学児入場不可,"自由席一般1,500円",100名,2026-07-17〜2026-09-17 / かわさききたテラスでも販売中,かわさきジャズ実行委員会　川崎市,かわさきジャズ事務局,エレベーター,,2026-08-04 10:47:03
KAWASAKI-3cc637b1c0f6ddd6,スマイル食堂：敬老の日イベント,2026-09-19,2026-09-19,2026-09-19,15:00:00,17:00:00,,敬老の日イベント,神奈川県川崎市幸区北加瀬３丁目１２−７ パステル日吉,神奈川県川崎市幸区北加瀬３丁目１２−７ パステル日吉,35.5574674,139.6614589,小学生向け;食;子ども・子育て;コミュニティ・交流;遊び;体感・体験,https://smile.gotoutekken.com/,幸区,指定なし,,,,,特定非営利活動法人シャンティ,,指定なし,,2026-09-14 17:44:41
KAWASAKI-eace7b17678ab46f,下平間こども文化センター「大画面ゲーム」,2026-09-24,2026-09-24,2026-09-24,15:00:00,16:00:00,,大きな画面でゲームしてみたくない？今月は大乱闘だよ！,神奈川県川崎市幸区下平間７０−９ 下平間こども文化センター,神奈川県川崎市幸区下平間７０−９ 下平間こども文化センター,35.552324,139.6770402,高校生向け;中学生向け;小学生向け;コミュニティ・交流;遊び;体感・体験,,幸区,指定なし,,,,,下平間こども文化センター,下平間こども文化センター,指定なし,,2026-08-30 16:43:57
KAWASAKI-240a3d219ac4dcf0,ジャズアカデミー2026第2回「マイルス・デイヴィス生誕100年記念講座①～マイルス・デイヴィスのモードジャズ～」,2026-09-25,2026-09-25,2026-09-25,13:30:00,15:30:00,,"ジャズの巨人マイルス・デイヴィスはなぜ今もなお語り継がれるのでしょうか。本講座では、マイルス・デイヴィスの音楽的変遷をたどりながら、モード・ジャズとフュージョンがジャズの歴史に与えた影響をわかりやすく紹介します。代表的な作品や演奏にも触れながら、マイルスの革新性とその魅力に迫ります。解説は、今年5月に『マイルス・デイヴィス研究入門』（星海社）を上梓した音楽ライターの小室敬幸さん。
特別協力：DENON　※13：15から今回の試聴に使用するオーディオセットのプレトークを実践します。
会場：ミューザ川崎音楽工房市民交流室",神奈川県川崎市幸区大宮町１３１０,神奈川県川崎市幸区大宮町１３１０,35.5310516,139.6947021,文化・芸術;音楽;学び・講座,https://www.kawasakijazz.jp/,幸区,指定なし,未就学児入場不可,"自由席1,500円",100名,2026-07-17〜2026-09-24,かわさきジャズ実行委員会　川崎市,かわさきジャズ事務局,エレベーター,,2026-08-07 18:46:05
KAWASAKI-0cd3d8413d4d286e,下平間こども文化センター「しもひらまっこフレンズ　にこにこおうたタイム」,2026-09-25,2026-09-25,2026-09-25,10:30:00,12:00:00,,"キッズルームのピアノ生演奏でうたいましょう♪
おやこでうたってハッピーになろう",神奈川県川崎市幸区下平間７０−９ 下平間こども文化センター,神奈川県川崎市幸区下平間７０−９ 下平間こども文化センター,35.552324,139.6770402,子ども・子育て;音楽;コミュニティ・交流;遊び,,幸区,"保護者,幼児,乳児",,,,,下平間こども文化センター,下平間こども文化センター,おむつ交換台,,2026-08-30 16:45:17
KAWASAKI-4e0b68806bf6c7a0,さいわいにぎわいフェス2026,2026-09-25,2026-09-26,2026-09-25;2026-09-26,,,"12:00:00〜20:00:00
10:00:00〜17:00:00",川崎駅西口の魅力がぎゅっと詰まった2日間！子どもから大人まで楽しめる地域手作りのイベントを開催します。,大宮町1310,大宮町1310,35.53097108541568,139.695496921306,学び・講座;体感・体験;遊び;コミュニティ・交流;音楽;文化・芸術;スポーツ;健康・福祉;防災・防犯;観光;祭り;食;買い物;生活;仕事・ビジネス;小学生向け;中学生向け;高校生向け,https://www.city.kawasaki.jp/saiwai/page/0000188565.html,幸区,指定なし,,コンテンツにより一部有料,一部コンテンツにて定員あり,,さいわいにぎわいプロジェクト実行委員会,幸区役所 まちづくり推進部 企画課,指定なし,,2026-09-02 21:25:18
KAWASAKI-aa2818d62a0fa346,障害者スポーツプログラム（パラスポーツ体験）,2026-09-26,2027-02-13,2026-09-26;2026-10-03;2026-12-05;2027-01-30;2027-02-13,12:45:00,14:45:00,"幸スポーツセンター
宮前スポーツセンター
幸スポーツセンター","障害のある方が身近な地域でスポーツを楽しめるように、市内のスポーツセンターでボッチャ、卓球、卓球バレーといった障害者スポーツ等の体験会を開催します。
　川崎市内に在住・在学・在勤で障害者手帳を持っている方（就学児以上）であれば、どなたでも参加できます。",幸区戸手本町1-11-3 幸スポーツセンター,幸区戸手本町1-11-3 幸スポーツセンター,35.5447534515839,139.68654425079552,体感・体験;スポーツ,https://www.city.kawasaki.jp/250/page/0000187857.html,幸区,"小学生,中学生,高校生,大学生,社会人,保護者,高齢者,障がい者","障害者手帳を持っている方や、その介助者や家族等
川崎市内に在住・在学・在勤の方",,各回の定員はチラシに掲載。,"2026-06-01〜2027-03-06 / 〒210-0834　川崎市川崎区大島1ー8ー6南部身体障害者福祉会館内　川崎市障害者スポーツ協会 / ・体験への参加が可能な場合のみ連絡先にご連絡いたします。
・申込期限は開催日の21日前までとなります。",川崎市、川崎市障害者スポーツ協会,市民文化局 市民スポーツ室,指定なし,"【持ち物】運動できる服装、内履き、着替え、タオル、飲み物等
（障害者手帳をお持ちいただくと駐車料金が無料になります。台数に限りがあります。）",2026-06-26 12:25:04
KAWASAKI-fc6d5e7c7c49a3f0,下平間こども文化センターこどもまんなか「おばけやしき」,2026-09-26,2026-09-27,2026-09-26;2026-09-27,,,"13:00:00〜15:00:00
10:00:00〜12:00:00",おばけになったこどもスタッフたちが廃病院で待ってるよ,神奈川県川崎市幸区下平間７０−９ 下平間こども文化センター,神奈川県川崎市幸区下平間７０−９ 下平間こども文化センター,35.552324,139.6770402,高校生向け;中学生向け;小学生向け;コミュニティ・交流;遊び;体感・体験,,幸区,指定なし,,,各日10組,"2026-09-12〜2026-09-24 / 1枠10分時間予約制です。空きがあれば当日予約可能です。
抽選は〆切日の翌日です。",下平間こども文化センター,下平間こども文化センター,指定なし,,2026-08-30 16:36:49
KAWASAKI-ef1da35f83e5b8e4,下平間こども文化センターしもひらまっこフレンズ「ベビーマッサージ」,2026-09-28,2026-09-28,2026-09-28,10:30:00,11:30:00,,ベビーマッサージを教えていただきながら、お子さんとのスキンシップを楽しみましょう♪,神奈川県川崎市幸区下平間７０−９ 下平間こども文化センター,神奈川県川崎市幸区下平間７０−９ 下平間こども文化センター,35.552324,139.6770402,子ども・子育て;コミュニティ・交流;学び・講座,,幸区,"保護者,乳児",生後3か月～ハイハイまでののお子様,600円（オイル代）,8組,"2026-09-11〜2026-09-25 / 定員を超えた場合は6/25に抽選となります。
※電話予約可",下平間こども文化センター,下平間こども文化センター,おむつ交換台,"持ち物：大判バスタオル・親子の飲み物
※48時間以内に予防接種を受けたお子さんは参加できません。",2026-08-30 16:41:45
KAWASAKI-0814c96ab9f972a6,【かわさきジャズ2026】国府弘子アコースティックトリオ＋with藤野拓人～秋の平均年齢若返り大作戦！Part3~,2026-09-30,2026-09-30,2026-09-30,19:00:00,21:00:00,,"ジャズをベースにHAPPYなライブで人気の国府弘子アコースティックトリオに気鋭の若者を迎えるこのライブ。今や「かわさきジャズ」の公表のレギュラー企画となりました。今年お迎えするのはトランペット奏者の藤野拓人。
毎年、カルッツかわさきで開催される「ヤマノ・ビッグバンド・ジャズ・コンテスト」で2025年の最優秀ソリスト賞んに輝いた期待の新人。このコラボは必見です！",神奈川県川崎市幸区堀川町７２−１ ラゾーナ川崎プラザ,神奈川県川崎市幸区堀川町７２−１ ラゾーナ川崎プラザ,35.5332949,139.695676,文化・芸術;音楽,https://www.kawasakijazz.jp/,幸区,指定なし,未就学児入場不可,"指定席5,500円",,2026-07-17〜2026-09-30,かわさきジャズ実行委員会　川崎市,かわさきジャズ事務局,エレベーター,,2026-07-29 09:55:00
KAWASAKI-7f481311a0886c2b,【かわさきジャズ2026】Gentle Forest 5& Gentle Forest Sisters,2026-10-01,2026-10-01,2026-10-01,19:00:00,21:00:00,,3人組のジャズボーカルGemtle Forest Sistersの美しく自由なハーモニーと、8人編成ならではの軽快で温かなサウンド。思わず体を揺らしたくなるスウィング、心ほどけるハーモニー、そしてどこか懐かしく心躍るステージが、日常を忘れるひとときへと誘います。ぜひ会場で、この心地よいグルーヴを体感してください。,神奈川県川崎市幸区堀川町７２−１ ラゾーナ川崎プラザ,神奈川県川崎市幸区堀川町７２−１ ラゾーナ川崎プラザ,35.5332949,139.695676,文化・芸術;音楽,https://kawasakijazz.jp/program/detail2026/20261001.php,幸区,指定なし,未就学児入場不可,"指定席4,400円",,2026-07-17〜2026-10-01,かわさきジャズ実行委員会　川崎市,かわさきジャズ事務局,エレベーター,,2026-08-05 18:22:44
KAWASAKI-53202a2810c1dab6,【かわさきジャズ2026】原朋直 Quintet plays Miles Davis,2026-10-02,2026-10-02,2026-10-02,19:00:00,21:00:00,,"生誕100年周年を迎えるマイルス・デイヴィス。その偉大な足跡をたどるべく、原朋直Quintetが「plays Miles Davis」をお届けします。
名曲の数々を通して、マイルスが追及したサウンドやバンド・コンセプトに迫る特別プログラム。時代を切り開き続けた音楽の魅力を、現代の感性で描き出します。",神奈川県川崎市幸区堀川町７２−１ ラゾーナ川崎プラザ,神奈川県川崎市幸区堀川町７２−１ ラゾーナ川崎プラザ,35.5332949,139.695676,文化・芸術;音楽,https://www.kawasakijazz.jp/,幸区,指定なし,未就学児入場不可,"指定席4,400円",,2026-07-17〜2026-10-02,かわさきジャズ実行委員会　川崎市,かわさきジャズ事務局,指定なし,,2026-07-29 09:58:20
KAWASAKI-82118f649541f9d8,ジャズアカデミー2026第3回「マイルス・デイヴィス生誕100年記念講座②～ステージの光と素顔～」,2026-10-02,2026-10-02,2026-10-02,13:30:00,15:30:00,,"マイルス・デイヴィスの圧倒的なステージの姿の奥には、どのような素顔があったのでしょうか。
本講座では、マイルスと直接交流のあったデザイナーの佐藤孝信さん、写真家の内山繫さんによる貴重な証言を交えながら、その人柄や知られざるエピソードを紹介します。あわせて、内山さんが撮影した豊富な写真を通して、ステージの光の中に立つマイルスとカメ
ラが捉えた素顔をたどります。常盤武彦さんの視点も加え、写真と言葉から”帝王”の実像に迫ります。
会場：ミューザ川崎音楽工房市民交流室",神奈川県川崎市幸区大宮町１３１０,神奈川県川崎市幸区大宮町１３１０,35.5310516,139.6947021,文化・芸術;音楽;学び・講座,https://www.kawasakijazz.jp/,幸区,指定なし,未就学児入場不可,"自由席1,500円",100名,2026-07-17〜2026-10-01,かわさきジャズ実行委員会　川崎市,かわさきジャズ事務局,エレベーター,,2026-08-12 09:55:26
KAWASAKI-368e0956165ae068,これからの多摩川の水辺活用を考える体験型イベント『TRY! DAY KAWA』,2026-10-04,2026-10-04,2026-10-04,12:00:00,20:00:00,,川崎市は多摩川見晴らし公園（幸区）とその周辺において、居心地の良い水辺空間のあり方を考える体験型イベント『TRY! DAY KAWA』を10月4日（日）に開催いたします。イベントでは、野外シネマ、盆踊り、環境学習、ヨガ、水上アクティビティ、焚き火などのコンテンツを用意しております。,川崎市幸区幸町2丁目567―1ほか 多摩川見晴らし公園周辺,川崎市幸区幸町2丁目567―1ほか 多摩川見晴らし公園周辺,35.53760247856133,139.69981136731974,学び・講座;体感・体験;遊び;コミュニティ・交流;子ども・子育て;環境・自然;防災・防犯;生き物;祭り;食;買い物;小学生向け;中学生向け;高校生向け,https://www.city.kawasaki.jp/530/page/0000189901.html,幸区,指定なし,,（一部有料）,,一部要予約（詳細は後日このHPを更新します）,川崎市、株式会社ディー・エヌ・エー、京浜急行電鉄株式会社,建設緑政局 緑政部 みどり・多摩川事業推進課 / 川崎市,指定なし,,2026-09-08 12:25:26
KAWASAKI-376b7f83b23f9d05,おでかけ”ぽかぽか”　～お外でもっとあそぼうよ！出張青空子育て広場～(小倉西公園),2026-10-06,2027-02-16,2026-10-06;2027-02-16,10:00:00,13:00:00,,きれいな色の布、ボール落とし、シャボン玉など…。親子でゆったり遊べる道具を使って、公園に『おでかけ』しましょう。赤ちゃんと一緒にくつろげるコーナーや、お弁当を食べる場所もありますので、おにぎりひとつかばんに入れて、のんびり親子で遊びに来てください♪ねんねでも、ハイハイでも、おでかけしよう♪,神奈川県川崎市幸区小倉５丁目１７−１０−１ 小倉西公園,神奈川県川崎市幸区小倉５丁目１７−１０−１ 小倉西公園,35.5377043,139.6653425,子ども・子育て;遊び,https://www.city.kawasaki.jp/saiwai/page/0000175973.html,幸区,"保護者,幼児,乳児",,,,,主催：幸区役所地域ケア推進課、企画・運営：夢見ヶ崎プレーパークを作る会,幸区役所地域ケア推進課,指定なし,,2026-08-28 11:04:10
KAWASAKI-1f2570146bf06d92,第2回エッジ茶論「フィジカルAIが実現する 実世界の変革」,2026-10-07,2026-10-07,2026-10-07,14:00:00,16:00:00,,"大学や研究室で生まれたロボティクスの技術を、いかに実世界で機能する知能として実装していくのか。
いま、物理環境を認知し、自ら判断しながら行動する「フィジカルAI(物理AI)」が注目を集めています。
今回のエッジ茶論では、認知ロボティクス・ロボット学習の研究を通じて、知能理解とロボットの実世界応用に取り組む慶應義塾大学の村田真悟准教授と、「フィジカルAI」を活用した自律ロボティクスで生産現場の自動化に挑む、KBIC入居企業・株式会社Zrekの今村優希CEOにお話しいただきます。",川崎市幸区新川崎7番7号 かわさき新産業創造センター　AIRBIC,川崎市幸区新川崎7番7号 かわさき新産業創造センター　AIRBIC,35.544856824496584,139.67308769527105,学び・講座;コミュニティ・交流;仕事・ビジネス,https://www.city.kawasaki.jp/280/page/0000189513.html,幸区,指定なし,,,20名,2026-08-24〜2026-10-02,川崎市 経済労働局 イノベーション推進部,株式会社事務局 / 川崎市 エッジ茶論事務局,思いやり駐車スペース,,2026-08-24 15:26:53
KAWASAKI-a00b63e6a31fceb8,～人間はことばをどんな風に話せるようになるのかな？～ワークショップ「赤ちゃんに学ぼう」,2026-10-10,2026-10-10,2026-10-10,10:00:00,12:00:00,,"外国語、勉強しないと話せるようにならないって思っていませんか？でも日本では英語の授業があるのに英語が話せないよ～という人が大勢！？

でも赤ちゃんは日本で育てば日本語をアメリカで育てば英語を話せるようになる。そしてインドやアフリカのような3つ以上のことばが話されている多言語の国に育ったらやはり複数のことばを話してる。これってすごくないですか？

だから私たちは多言語を赤ちゃんみたいに習得することにチャレンジしてみました。それから45年いろいろなことばが話せるようになっちゃいました。次はあなたの番かもしれません！？

子育て中のパパさんママさんだけでなく、小中学生や学生の皆さん、社会人、おじいちゃま、おばあちゃま、どなたでもご参加頂けます。ぜひ遊びに来てね～。",神奈川県川崎市幸区大宮町１３１０,神奈川県川崎市幸区大宮町１３１０,35.5309314,139.6948068,高校生向け;中学生向け;小学生向け;仕事・ビジネス;生活;子ども・子育て;コミュニティ・交流;遊び;体感・体験;学び・講座,https://www.lexhippo.gr.jp/inquiry/kouenkai/app.php?id=303196,幸区,指定なし,,,10組ほど,"2026-09-01〜2026-10-10 / 先着順でご参加頂けます。
申込み多数の際はキャンセル待ちでの受付になります。",一般財団法人　言語交流研究所　ヒッポファミリークラブ,一般財団法人　言語交流研究所　ヒッポファミリークラブ,指定なし,同イベントを掲載して頂いておりましたが、開催場所が「幸区」ですが、「川崎区」になっておりましたので、改めて承認依頼をお願いしたく存じます。大変失礼いたしました。お手数をおかけしますがどうぞよろしくお願いします。,2026-09-11 15:12:38
KAWASAKI-f6b420a41ec17ed9,第60回かわさき市美術展 特別企画「どうぶつ大集合！みんなでスケッチを楽しもう！」,2026-10-11,2026-10-11,2026-10-11,10:00:00,12:30:00,※雨天の場合は10月12日（月・祝）に延期します,"どうぶつたちを描いてスケッチ動物園をつくろう！
かわさき市美術展で作品が入選したこともある若手アーティスト 石原陸郎さん(ひつじ先生)とどうぶつたちを描くスケッチの野外イベントです。
会場はたくさんの動物たちがあつまる夢見ヶ崎動物公園！
みんなでオリジナルのスケッチブックを作りましょう！",神奈川県川崎市幸区南加瀬１丁目２−１ 夢見ヶ崎動物公園,神奈川県川崎市幸区南加瀬１丁目２−１ 夢見ヶ崎動物公園,35.5491782,139.6651556,小学生向け;子ども・子育て;文化・芸術;体感・体験,https://www.kawasaki-museum.jp/event/34515/,幸区,"小学生,幼児",5歳以上～小学生(小学生3年生までは保護者同伴のこと),,15名(事前申込制、申込多数の場合は抽選、1組3名まで応募可),2026-09-10〜2026-09-29 / 申込多数の場合は抽選。当選者のみ10月2日（金）までにメールでお知らせします,川崎市市民ミュージアム,川崎市市民ミュージアム,指定なし,,2026-09-07 17:22:58
KAWASAKI-8eef67317cfc69f8,ゆ（湯）っくり入ろう♪　あかちゃん銭湯でコンニチワ！（富士見湯・10月13日）,2026-10-13,2026-10-13,2026-10-13,10:30:00,12:00:00,,"幸区赤十字奉仕団では、子育てしやすい環境をつくるために、銭湯を拠点とした「子育て支援」に取り組んでいます。
　昔、銭湯で行なわれていたように入浴後の赤ちゃんを地域のボランティアが預かりますので、お母さまには、その間、ゆっくりと入浴してもらいます。
　入浴前には、育児に役立つお話や親子遊びなど（30分程度）も行います。",幸区幸町4-2-3 富士見湯,幸区幸町4-2-3 富士見湯,35.53640827072347,139.69582378864288,コミュニティ・交流;子ども・子育て;健康・福祉,https://www.city.kawasaki.jp/saiwai/page/0000189336.html,幸区,"乳児,幼児,保護者",,お子様1人つき、現金150円をご準備ください。,先着12組,"2026-09-11〜2026-10-09 / 申込フォームからお申込みください。
また、先着順となります。",幸区役所 地域みまもり支援センター（福祉事務所・保健所支所） 地域ケア推進課,幸区役所 地域みまもり支援センター 地域ケア推進課 / 川崎市幸区戸手本町1丁目11番地1,指定なし,,2026-09-04 18:39:16
KAWASAKI-55ba4ba290fdb709,川崎定期演奏会 第107回,2026-10-17,2026-10-17,2026-10-17,14:00:00,16:30:00,,"【出演】
指揮：出口大地
ピアノ：マルティン・ガルシア・ガルシア

【曲目】
チャイコフスキー：ピアノ協奏曲 第1番 
チャイコフスキー：交響曲 第6番「悲愴」",神奈川県川崎市幸区大宮町１３１０ ミューザ川崎シンフォニーホール,神奈川県川崎市幸区大宮町１３１０ ミューザ川崎シンフォニーホール,35.53099514636856,139.6947294473648,高校生向け;中学生向け;小学生向け;文化・芸術;音楽;体感・体験,https://tokyosymphony.jp/?guid=on,幸区,"外国人,障がい者,妊産婦,高齢者,保護者,社会人,大学生,高校生,中学生,小学生",未就学児の入場はできません。予めご了承ください。,"S席7,500円、A席6,500円、B席4,500円、C席3,500円、P席3,000円",,2026-03-16〜2026-10-17 / TEL：（平日 10:00～18:00）,公益財団法人東京交響楽団,TOKYO SYMPHONYチケットセンター,託児室,,2026-04-17 08:51:15
KAWASAKI-afeedd12df0d9f0e,とうめい葉っぱのワークショップ ～「あっ！」という体験をぜひ～,2026-10-20,2026-10-20,2026-10-20,10:00:00,11:00:00,,"身近な葉っぱから、葉脈だけが残った「とうめい葉っぱ」をつくるワークショップです。
いつも見ている葉っぱの中に広がる、細かな葉脈の美しさをじっくり観察してみませんか。
完成した「とうめい葉っぱ」はお持ち帰りいただけます。本のしおりなどにしてお楽しみください。",神奈川県川崎市幸区南加瀬１丁目７−１７ 幸区日吉合同庁舎,神奈川県川崎市幸区南加瀬１丁目７−１７ 幸区日吉合同庁舎,35.5467826,139.6683821,生き物;環境・自然;体感・体験;学び・講座,https://shizentaiken-labo.com/events,幸区,指定なし,,300円,20名,2026-09-04〜2026-10-18 / https: / forms.gle/TurEM6ArmhsdGkw48,まちの自然体験ラボ,,指定なし,,2026-09-04 09:20:16
KAWASAKI-22937eea995e0c7c,【楽曲探検トークショー】,2026-10-24,2026-10-24,2026-10-24,14:00:00,16:00:00,,"「Digる」＝「とある曲から数珠繋ぎで様々な作品を辿っていくこと」言わば「楽曲探究」をテーマに登壇者の方々と一緒に探検していくトークショーです。
ここまで見て「むずかしそう」「めんどうくさそう」と思った方、ご安心下さい。
日頃流れているBGMや皆さんがよく聴かれる好きな曲、それぐらい身近なところから音楽を見ていきます。

こんな人におすすめ！
・曲を深く知るってそもそもどういうこと？って人
・普段よく曲を聞くけど、どんな意味があるんだろ？って疑問がある人
・曲を知りたいけどどうしたらいいかわからない人
・新しい視点が欲しい人

フリートーク形式のトークショーを通じて音楽をもっと楽しめるようになるかも知れない機会です。
ぜひ探検しに来て下さい！

登壇者
・ながはな（サックス奏者・オーケストレーター・合唱作家）
・久津見れい（ソプラノ歌手・音楽博士）
・Lutherヒロシ市村（声楽家・俳優・発声指導者）",神奈川県川崎市幸区堀川町６６−２０ 川崎市産業振興会館　9階　第3研修室,神奈川県川崎市幸区堀川町６６−２０ 川崎市産業振興会館　9階　第3研修室,35.535461000327516,139.70105946063995,高校生向け;中学生向け;生活;文化・芸術;音楽;コミュニティ・交流;体感・体験;学び・講座,https://teket.jp/14474/72859,幸区,指定なし,,"一般3,000円　学生1,000円",,2026-08-19〜2026-10-23,＃眞壁の野望,＃眞壁の野望 主宰　眞壁大輔,指定なし,,2026-08-19 17:38:19
KAWASAKI-3f4bb0002046c3fe,中小企業労務管理セミナー「同一労働同一賃金について～ガイドラインの改定と実務におけるポイント～」,2026-11-10,2026-11-10,2026-11-10,14:00:00,16:00:00,,パートタイム・有期雇用労働者の待遇改善を進めるため、改正「同一労働同一賃金ガイドライン」が、令和８年10月から施行されます。今回のガイドライン改正は、不合理な待遇差を明確化し、制度運用の具体性を高めるものです。本セミナーでは、労働問題に詳しい弁護士が、改正されたガイドラインに新たに盛り込まれた具体例等の重要なポイントや、実務を行う上で留意すべき点について、これまでの裁判例等を交えてわかりやすく解説します。,神奈川県川崎市幸区堀川町６６−２０ 川崎市産業振興会館,神奈川県川崎市幸区堀川町６６−２０ 川崎市産業振興会館,35.5352689,139.7009965,仕事・ビジネス;学び・講座,https://www.pref.kanagawa.jp/docs/jg5/cnt/f7615/index.html,幸区,指定なし,,,50名（申込先着順),2026-07-16〜2026-11-10 / 詳細、申込み方法はホームページをご覧ください。,神奈川県かながわ労働センター川崎支所,神奈川県かながわ労働センター川崎支所 / 〒213-0001神奈川県川崎市高津区溝口1-6-12 リンクス溝の口1階,指定なし,,2026-08-31 19:01:06
KAWASAKI-cd93a6ae8c11278e,おでかけ”ぽかぽか”　～お外でもっとあそぼうよ！出張青空子育て広場～（鹿島田ガタンゴトン広場）,2026-11-17,2026-12-15,2026-11-17;2026-12-15,10:00:00,13:00:00,,きれいな色の布、ボール落とし、シャボン玉など…。親子でゆったり遊べる道具を使って、公園に『おでかけ』しましょう。赤ちゃんと一緒にくつろげるコーナーや、お弁当を食べる場所もありますので、おにぎりひとつかばんに入れて、のんびり親子で遊びに来てください♪ねんねでも、ハイハイでも、おでかけしよう♪,神奈川県川崎市幸区鹿島田１丁目１１−１ 鹿島田ガタンゴトン広場,神奈川県川崎市幸区鹿島田１丁目１１−１ 鹿島田ガタンゴトン広場,35.55198206186408,139.67459946870804,子ども・子育て;遊び,https://www.city.kawasaki.jp/saiwai/page/0000175973.html,幸区,"保護者,幼児,乳児",,,,,主催：幸区役所地域ケア推進課、企画・運営：夢見ヶ崎プレーパークを作る会,幸区役所地域ケア推進課,指定なし,,2026-08-28 11:02:01
KAWASAKI-99c9767aea65257b,「社会的処方 ～まちとのつながりで人が元気になる方法～」,2026-11-25,2026-11-25,2026-11-25,14:00:00,16:00:00,,"講師：西　智弘（にし　ともひろ）氏
川崎市立井田病院　腫瘍内科　部長
一般社団法人　プラスケア代表理事",川崎市幸区戸手本町1丁目11番地1 幸区役所4階第3・4会議室,川崎市幸区戸手本町1丁目11番地1 幸区役所4階第3・4会議室,35.54435925935669,139.68694465236058,学び・講座;コミュニティ・交流;健康・福祉,https://www.city.kawasaki.jp/saiwai/page/0000189385.html,幸区,指定なし,,,50名(先着順),2026-10-16〜2026-11-18,幸区役所 地域みまもり支援センター（福祉事務所・保健所支所） 地域ケア推進課,幸区役所 地域みまもり支援センター 地域ケア推進課　企画調整係 / 川崎市幸区戸手本町1丁目11番地1,"バリアフリートイレ,エレベーター,スロープ,思いやり駐車スペース,おむつ交換台,授乳室",,2026-09-16 13:25:34
KAWASAKI-a7b484541b0d23dd,さいわいテクノ塾　～ライトアップシミュレーターを作ってLEDを学ぼう～,2026-12-05,2026-12-05,2026-12-05,,,"10:00:00〜12:00:00
13:30:00〜15:30:00",「さいわいテクノ塾」は、幸区役所と東芝HERITAGE SQUAREの協働により、さまざまなワークショップをとおして科学をより楽しく好きになってもらうイベントです。　　　今回は、光の三原色である赤青緑のLEDを使って、いろいろな色光を重ねることで、光の造形と電子回路を同時に学べる工作イベントです。作ったものは、お持ち帰りできます。,幸区堀川町72番地34　ラゾーナ川崎東芝ビル2階,幸区堀川町72番地34　ラゾーナ川崎東芝ビル2階,35.532229622465934,139.69472037629617,学び・講座;体感・体験;子ども・子育て;小学生向け,https://www.city.kawasaki.jp/saiwai/page/0000154040.html,幸区,小学生,"保護者同伴
幸区在住または在学の小学生",参加料　500円,2部制　各部20名,2026-09-25〜2026-10-27,幸区役所 まちづくり推進部 地域振興課,幸区役所 まちづくり推進部 地域振興課,指定なし,,2026-08-27 15:25:31
KAWASAKI-ff0f20915af06251,川崎定期演奏会 第108回,2026-12-13,2026-12-13,2026-12-13,14:00:00,16:30:00,,"【出演】
指揮：下野竜也
チェロ：宮田大

【曲目】
三善晃：祝典序曲
芥川也寸志：チェロとオーケストラのためのコンチェルト・オスティナート
ブルックナー：交響曲 第0番",神奈川県川崎市幸区大宮町１３１０ ミューザ川崎シンフォニーホール,神奈川県川崎市幸区大宮町１３１０ ミューザ川崎シンフォニーホール,35.53099514636856,139.6947294473648,高校生向け;中学生向け;小学生向け;文化・芸術;音楽;体感・体験,https://tokyosymphony.jp/?guid=on,幸区,"外国人,障がい者,妊産婦,高齢者,保護者,社会人,大学生,高校生,中学生,小学生",未就学児の入場はできません。予めご了承ください。,"S席7,500円、A席6,500円、B席4,500円、C席3,500円、P席3,000円",,2026-03-16〜2026-12-13 / TEL：（平日 10:00～18:00）,公益財団法人東京交響楽団,TOKYO SYMPHONYチケットセンター,託児室,,2026-04-17 08:50:23
KAWASAKI-528f13c05885b0a6,MUZAパイプオルガン クリスマス・コンサート2026,2026-12-19,2026-12-19,2026-12-19,14:00:00,16:00:00,（終了時刻は予定）,"今年のクリスマスは、聖なる歌声とともに。
国内最大級のパイプオルガン×総勢200名の合唱団がとっておきのクリスマスをお贈りします。",神奈川県川崎市幸区大宮町１３１０,神奈川県川崎市幸区大宮町１３１０,35.5310516,139.6947021,文化・芸術;音楽,https://www.kawasaki-sym-hall.jp/,幸区,指定なし,"・未就学児入場不可
・ホール内に託児あり（有料・要事前申し込み）",全席指定　一般4000円　U25（小学生～２５歳）1500円,1997名,2026-09-07〜2026-12-19 / ミューザWebチケット https: / muza.pia.jp,ミューザ川崎シンフォニーホール,ミューザ川崎シンフォニーホール　チケットセンター / 10:00～18:00　※12/28～1/3は年末年始休業,"託児室,手話又は筆談対応,エレベーター,オストメイト対応トイレ,バリアフリートイレ","託児室は有料・公演1週間前までに要予約
イベント託児®マザーズ TEL：（平日／10:00～17:00）",2026-09-15 19:44:35
KAWASAKI-dc17dd46ac70d914,第14回幸区市民活動交流イベント「はぴ☆フェスさいわい」,2027-01-17,2027-01-17,2027-01-17,10:30:00,15:00:00,,幸区市民活動交流イベントは、市民活動団体同士やこれから活動を始めてみたい人が出会い、つながることにより活動の幅を広げ、幸区内の市民活動の活性化を図ることを目的としたイベントです。幸区内で活動するさまざまな分野の市民活動団体が、パネル展示や実演・体験コーナーなどで日頃の活動を紹介します。,川崎市幸区戸手本町1－11－1 幸区役所,川崎市幸区戸手本町1－11－1 幸区役所,35.54435357900236,139.6868739704453,学び・講座;体感・体験;コミュニティ・交流;音楽;文化・芸術;防災・防犯;祭り,https://www.city.kawasaki.jp/saiwai/page/0000186742.html,幸区,指定なし,,基本無料ですがブースによっては参加費がかかります。,,,幸区役所 まちづくり推進部 地域振興課,幸区役所 まちづくり推進部 地域振興課,指定なし,,2026-07-01 01:25:01
KAWASAKI-3b2bb3478268f38e,"ホールアドバイザー小川典子企画
デビュー40年の軌跡、ピアノ五重奏の奇跡。",2027-02-20,2027-02-20,2027-02-20,14:00:00,16:00:00,（終了時刻は目安）,"2027年にデビュー40周年を迎える小川典子がトップ・ソリストたちを弦楽四重奏に迎え、至高の室内楽をお贈りします。
モーツァルト：ピアノ四重奏曲 第1番 ト短調 K. 478
ジョゼフ・フィブス：ピアノ五重奏曲（日本初演）
シューマン：ピアノ五重奏曲 変ホ長調 op. 44",神奈川県川崎市幸区大宮町１３１０,神奈川県川崎市幸区大宮町１３１０,35.5310516,139.6947021,文化・芸術;音楽,https://kawasaki-sym-hall.jp/events/calendar/detail.php?id=4651,幸区,指定なし,小学生以上入場可能,"全席指定4000円　U25（小学1年生～25歳）は1500円
小学生～高校生対象100席限定で無料ご招待「みらいシート」あり",1997人,2026-10-15〜2027-02-20 / チケットの購入・お問合せは（10：00～18：00）まで,主催：ミューザ川崎シンフォニーホール,ミューザ川崎シンフォニーホール　チケットセンター / 〒212‐8557　神奈川県川崎市幸区大宮町1310,"手話又は筆談対応,エレベーター,オストメイト対応トイレ,バリアフリートイレ,託児室","託児室は有料・公演1週間前まで要予約
イベント託児®マザーズTEL:（平日／10:00～17:00）",2026-09-15 19:42:58
KAWASAKI-d9fa5c565b04dfba,川崎定期演奏会 第109回,2027-02-28,2027-02-28,2027-02-28,14:00:00,16:30:00,,"【出演】
指揮：小林資典

【曲目】
シューベルト：交響曲 第7番「未完成」
ベートーヴェン：交響曲 第5番「運命」
ドヴォルザーク：交響曲 第9番「新世界より」",神奈川県川崎市幸区大宮町１３１０ ミューザ川崎シンフォニーホール,神奈川県川崎市幸区大宮町１３１０ ミューザ川崎シンフォニーホール,35.53099514636856,139.6947294473648,高校生向け;中学生向け;小学生向け;文化・芸術;音楽;体感・体験,https://tokyosymphony.jp/?guid=on,幸区,"外国人,障がい者,妊産婦,高齢者,保護者,社会人,大学生,高校生,中学生,小学生",未就学児の入場はできません。予めご了承ください。,"S席7,500円、A席6,500円、B席4,500円、C席3,500円、P席3,000円",,2026-03-16〜2027-02-28,公益財団法人東京交響楽団,TOKYO SYMPHONYチケットセンター,託児室,,2026-04-17 08:50:43
KAWASAKI-382cdc842a7cde9e,"こどものまちミニカワサキ
こどもまちづくりクラブ募集中！",2026-10-04,2026-11-01,2026-10-04;2026-10-10;2026-10-11;2026-11-01,,,"09:30:00〜12:30:00
08:00:00〜17:00:00
13:30:00〜16:00:00
7月12日（日）はまちたんけん体験会（場所かわさき市民活動センター）、7月26日（日）はこどものまち体験会（場所どばりば/川崎市大師町16-10）、それぞれ別途参加費1,000円","年に1回、川崎市内に突如出現するこどもだけのまち、「こどものまちミニカワサキ」
2026年10月10日（土）、11日（日）の2日間、川崎市役所1階アトリウムで開催決定！
おとな立ち入り禁止のこどもだけのまち
当日にまちのスタッフとして活動する「こどもまちづくりクラブメンバー」を募集します",神奈川県川崎市中原区新丸子東３丁目１１００−１２,神奈川県川崎市中原区新丸子東３丁目１１００−１２,35.57470199999999,139.66041,高校生向け;中学生向け;小学生向け;仕事・ビジネス;遊び;体感・体験;学び・講座,https://www.minikawasaki.info/event-details/teamminikawarecruit2026,中原区,"外国人,保護者,社会人,大学生,高校生,中学生,小学生",,"5,000円

4回の会議の参加費、資料代、保険料、おやつ代、ミニカワサキ当日2日間の参加費込み",30名,2026-07-01〜2026-08-07,NPO法人ミニカワサキ,NPO法人ミニカワサキ,指定なし,一次保存したイベントをひらこうと「イベント一覧・編集」を押したものの、構築中ですしばらくお待ちくださいになったままクルクルが止まらず表示されませんでしたので、新たに作成しました。,2026-07-01 08:07:24
KAWASAKI-06a5d63f71a6d84f,こ文でプール,2026-09-25,2026-09-29,2026-09-25;2026-09-29,10:00:00,12:00:00,天候や暑さ指数などにより中止になる場合があります。HP・インスタでお知らせします。,"こ文の前にプールを出すよ！
水遊びをして暑い夏をすずしくしよう。
持ちもの：水着(水遊び用おむつ可）タオルなど",神奈川県川崎市中原区井田杉山町１６−３８ 川崎市井田こども文化センター,神奈川県川崎市中原区井田杉山町１６−３８ 川崎市井田こども文化センター,35.5685913,139.6412889,子ども・子育て;遊び;体感・体験,https://kawasaki-city.ashita-ba.co.jp/kodomo-bunka-center/ida-cc/,中原区,"保護者,幼児,乳児",,,,,井田こども文化センター,"井田こども文化センター / 211-0036
川崎市中原区井田杉山町１６－３８
井田こども文化センター","授乳室,おむつ交換台",,2026-09-01 17:29:11
KAWASAKI-5bb9a158b576f5af,市民法律講座,2026-09-24,2026-09-24,2026-09-24,14:00:00,16:00:00,,"神奈川県弁護士会川崎支部の弁護士による全3回の法律講座です。""事例で学ぶ身近な法律""をテーマに、「働く人を守る労働法」、「成年後見制度について」、「離婚の基本～法改正もふまえて～」の3講座を開催します。どうぞお気軽にお申込みください。",中原区小杉3丁目600番　コスギ　サード　アヴェニュー4階 川崎市総合自治会館 大会議室1・2・3,中原区小杉3丁目600番　コスギ　サード　アヴェニュー4階 川崎市総合自治会館 大会議室1・2・3,35.57574721270863,139.65848609805107,学び・講座;生活,https://www.city.kawasaki.jp/250/page/0000188644.html,中原区,指定なし,,,各回100名（申込み先着順）,ファックスでのお申し込みには、(1)お名前・フリガナ(2)電話番号(3)住所(4)希望日(5)「市民法律講座希望」と記入してください。,神奈川県弁護士会川崎支部・川崎市共催,市民文化局 コミュニティ推進部 市民活動推進課 / 川崎市,指定なし,当日参加も可能。ただし定員に達した場合は、申し込みされた方を優先します。中止となる場合はホームページにてお知らせしますので、御確認ください。,2026-07-24 02:07:24
KAWASAKI-6f353abe9ad739b8,かき氷やさん,2026-09-23,2026-09-23,2026-09-23,15:00:00,16:00:00,,冷た～いかき氷を食べに来ませんか？,神奈川県川崎市中原区下新城１丁目２−４,神奈川県川崎市中原区下新城１丁目２−４,35.5803217,139.6341694,食,http://www3.kawasaki-shiminkatsudo.or.jp/seishonen/shisetsu/3/41/index.html,中原区,"保護者,高校生,中学生,小学生,幼児,乳児",,1杯50円,,小学生は保護者の申込書が必要となります。,新城こども文化センター,新城こども文化センター,指定なし,1人1日2杯までです。,2026-08-31 11:35:40
KAWASAKI-563cfce71f718ee5,新丸子こども文化センター【9/5、9/19プラレールデイ】,2026-09-19,2026-09-19,2026-09-19,10:30:00,12:00:00,行事時間内の集会室は出入り自由です。,集会室でプラレールを作ってあそびます。みなさんの参加お待ちしています！,神奈川県川崎市中原区新丸子町６９１−７,神奈川県川崎市中原区新丸子町６９１−７,35.5819331,139.6618878,子ども・子育て;コミュニティ・交流;遊び;体感・体験,,中原区,"保護者,小学生,幼児,乳児",,,,,新丸子こども文化センター,,指定なし,,2026-08-27 14:59:00
KAWASAKI-454507fd0424c1c5,集会室で遊ぼう,2026-09-20,2026-09-20,2026-09-20,09:30:00,12:00:00,,ボールプール、トランポリンなどで遊べます♪,神奈川県川崎市中原区木月祗園町１７−６ 川崎市住吉こども文化センター,神奈川県川崎市中原区木月祗園町１７−６ 川崎市住吉こども文化センター,35.5690668,139.6529285,健康・福祉;子ども・子育て;スポーツ;コミュニティ・交流;遊び;体感・体験;学び・講座,https://kawasaki-city.ashita-ba.co.jp/kodomo-bunka-center/sumiyoshi-cc/,中原区,"保護者,幼児,乳児",,,,,住吉こども文化センター,住吉こども文化センター,授乳室,,2026-08-24 17:33:57
KAWASAKI-8fdee3cb644a4b70,すくすくお誕生日フォト撮影会,2026-09-17,2026-09-28,2026-09-17;2026-09-28,10:00:00,12:00:00,,9月に0歳6か月～6歳になるお友達にフォトカードをプレゼント！,神奈川県川崎市中原区木月祗園町１７−６ 川崎市住吉こども文化センター,神奈川県川崎市中原区木月祗園町１７−６ 川崎市住吉こども文化センター,35.5690668,139.6529285,生活;健康・福祉;子ども・子育て;コミュニティ・交流;遊び;体感・体験;学び・講座,https://kawasaki-city.ashita-ba.co.jp/kodomo-bunka-center/sumiyoshi-cc/,中原区,"保護者,幼児,乳児",,,,,住吉こども文化センター,住吉こども文化センター,授乳室,,2026-08-24 17:32:49
KAWASAKI-2c9636f09b55db8f,子育ておしゃべり広場「なないろ」,2026-10-08,2027-03-11,2026-10-08;2026-11-12;2026-12-10;2027-01-14;2027-03-11,10:00:00,11:30:00,毎月第２木曜日に開催※2月は祝日のためお休みです。,お子さんとの時間は、可愛い様子を観ているだけで楽しいことや、はじめて出来る瞬間に立ち会えてうれしいこと、毎日毎日いそがしいですね。そんなことが分かち合える場所「おしゃべり子育て広場なないろ」です。保育ボランティアグループにじの会さんもいらっしゃいます。開催時間中は、ふらっと立ち寄っていただけるように１階のラウンジで開催しています。,神奈川県川崎市中原区新丸子東３丁目１１００−１２,神奈川県川崎市中原区新丸子東３丁目１１００−１２,35.5747731,139.6609749,コミュニティ・交流;遊び,https://www.nakahara-shiminkan.jp/,中原区,"保護者,幼児,乳児",プレパパ・プレママも大歓迎です。,,10組程度,定員を超えたら時間で入替制,中原市民館,中原市民館 / 川崎市中原区新丸子東3丁目1100－12 パークシティ武蔵小杉ミッドスカイタワー1・2階,"授乳室,おむつ交換台,手話又は筆談対応,思いやり駐車スペース,スロープ,エレベーター,オストメイト対応トイレ,バリアフリートイレ",,2026-09-10 19:19:48
KAWASAKI-684ddfd69185b651,おやこ★ベビーリトミック・おやこ★幼児リトミック,2026-09-17,2026-10-30,2026-09-17;2026-09-18;2026-09-19;2026-09-20;2026-09-21;2026-09-22;2026-09-23;2026-09-24;2026-09-25;2026-09-26;2026-09-27;2026-09-28;2026-09-29;2026-09-30;2026-10-01;2026-10-02;2026-10-03;2026-10-04;2026-10-05;2026-10-06;2026-10-07;2026-10-08;2026-10-09;2026-10-10;2026-10-11;2026-10-12;2026-10-13;2026-10-14;2026-10-15;2026-10-16;2026-10-17;2026-10-18;2026-10-19;2026-10-20;2026-10-21;2026-10-22;2026-10-23;2026-10-24;2026-10-25;2026-10-26;2026-10-27;2026-10-28;2026-10-29;2026-10-30,00:00:00,00:00:00,金曜日　全8回　9/11、9/18、9/25、10/2、10/9、10/16、10/23、10/30　（予備日　11/6）,"▷ おやこ★ベビーリトミック…ピアノや歌に合わせて親子でスキンシップをとりながら踊り、フルート演奏でリラックス。産後のお母さまの身体を整える活動もあります。

▷ おやこ★幼児リトミック…ひとりで歩くようになったお子様を中心としたクラスです。親子でふれあいながら、体を動かす楽しみを知りましょう。保護者の方の運動不足解消にも！",神奈川県川崎市中原区今井南町２８−４１,神奈川県川崎市中原区今井南町２８−４１,35.5706796,139.654234,健康・福祉;子ども・子育て;スポーツ;音楽;コミュニティ・交流;遊び;体感・体験;学び・講座,https://kpal.or.jp/2_zaidan/22_zaidan_jigyou/221_sports/221-sports.html,中原区,"保護者,幼児,乳児",,"お子様1人と保護者1人：9,200円
お子様2人と保護者1人：11,600円",各教室　20組,2026-07-29〜2026-08-28,公益財団法人　川崎市生涯学習財団,川崎市生涯学習財団　スポーツ教室係,"授乳室,おむつ交換台,エレベーター","募集はイベントに該当いたしませんので、差し戻しいたします。登録できるイベントは下記『「かわさきイベントアプリ」の情報登録に係る 民間 利用規約』の第５条の登録可能情報第３項に該当するものとなりますのでご確認をお願いいたします。
https: / www.city.kawasaki.jp/170/cmsfiles/contents/0000084/84590/Event_20250612.pdf",2026-07-29 09:38:36
KAWASAKI-98931c3c31e4509f,"マイクラでセキュリティハウスづくり！【満足度90％超】【無料】
（小学１〜６年生・先着制／各回定員12名）",2026-09-19,2026-09-19,2026-09-19,,,"11:00:00〜12:10:00
09:30:00〜10:40:00
内容はすべての回で同様ですので、ご都合のよい回にご参加ください！","マインクラフトを使って、楽しみながら“つくる力”を育てる体験会です。
ただ遊ぶのではなく、自分で考え、形にして、みんなに発表するアウトプット型の学習で、創造力・プログラミング的思考・協働する力を伸ばします。

地上波TV番組でも紹介されたSOZOWパークの対面教室。
少人数制でスタッフが一人ひとりに伴走するので、初めてでも安心です！

対象：小学１〜６年生（推奨）、中学１～３年生
参加費：無料
申込み：先着制。各回定員12名
会場：武蔵小杉駅から徒歩5分・新丸子駅から徒歩2分
持ち物：
①マインクラフト統合版がプレイできる端末（Switch・スマホ・タブレット等）
②マインクラフトのソフト/アプリ（教育版は不可）

※保護者同席のうえご参加ください。端末の操作等はスタッフにお任せください！",神奈川県川崎市中原区新丸子東１丁目９８３−６ ウイング岩間,神奈川県川崎市中原区新丸子東１丁目９８３−６ ウイング岩間,35.5793022,139.6620003,小学生向け;子ども・子育て;コミュニティ・交流;遊び;体感・体験;学び・講座,https://sozow-park.com/,中原区,"中学生,小学生",※保護者同席のうえご参加ください,,各回12名,"2026-09-01〜2026-09-18 / Webサイトの「申込みフォーム」よりご登録ください。
先着順の受け付けです！",SOZOW株式会社,"＜お問合せフォームはこちら＞
https: / form.run/@SOZOW-contact",エレベーター,,2026-09-04 17:29:11
KAWASAKI-7d8ab3e9f0fe0576,くるるん子育て広場,2026-10-21,2027-03-17,2026-10-21;2026-11-18;2026-12-16;2027-01-20;2027-02-17;2027-03-17,14:00:00,15:30:00,毎月第３水曜日に開催します。,子どもたちの見まもり方を学べる場所です。子どもは子ども同士の遊びから多くを学びます。まだ言葉が出ない赤ちゃんも同じです。「育み合い」を大切にしている広場です。,神奈川県川崎市中原区新丸子東３丁目１１００−１２ パークシティ武蔵小杉ミッドスカイタワー １・２階,神奈川県川崎市中原区新丸子東３丁目１１００−１２ パークシティ武蔵小杉ミッドスカイタワー １・２階,35.5747731,139.6609749,子ども・子育て;コミュニティ・交流;遊び;体感・体験;学び・講座,https://www.nakahara-shiminkan.jp/,中原区,"保護者,幼児,乳児",プレパパ・プレママも大歓迎です。,,10組程度,,中原市民館,中原市民館 / 川崎市中原区新丸子東3丁目1100－12 パークシティ武蔵小杉ミッドスカイタワー1・2階,"おむつ交換台,手話又は筆談対応,思いやり駐車スペース,スロープ,エレベーター,オストメイト対応トイレ,バリアフリートイレ,授乳室",,2026-09-14 10:07:18
KAWASAKI-85ebddc48505e269,新丸子こども文化センター【9/17ちびっこランド】,2026-09-17,2026-09-17,2026-09-17,10:30:00,12:00:00,,巨大エアー遊具で遊びましょう！！,神奈川県川崎市中原区新丸子町６９１−７,神奈川県川崎市中原区新丸子町６９１−７,35.5819331,139.6618878,子ども・子育て;遊び;体感・体験,,中原区,"保護者,幼児,乳児",,,,,新丸子こども文化センター,新丸子こども文化センター,指定なし,,2026-08-27 17:34:25
KAWASAKI-975c5051591cf42c,心も体も元気体操,2026-09-18,2026-09-18,2026-09-18,10:00:00,10:45:00,動きやすい服装で室内履き、水筒を持参してお越しください。,"井田こ文の大人向けプログラム！！
介護予防運動指導員の先生と椅子を使って体を動かしましょう。",神奈川県川崎市中原区井田杉山町１６−３８ 川崎市井田こども文化センター,神奈川県川崎市中原区井田杉山町１６−３８ 川崎市井田こども文化センター,35.5685913,139.6412889,健康・福祉,https://kawasaki-city.ashita-ba.co.jp/kodomo-bunka-center/ida-cc/,中原区,高齢者,,,,,井田こども文化センター,"井田こども文化センター / 211-0036
川崎市中原区井田杉山町１６－３８
井田こども文化センター","授乳室,おむつ交換台",,2026-09-07 17:28:07
KAWASAKI-7605883bb0a0874e,中原図書館における認知症特集展示について,2026-09-19,2026-10-18,2026-09-19;2026-09-20;2026-09-21;2026-09-22;2026-09-23;2026-09-24;2026-09-25;2026-09-26;2026-09-27;2026-09-28;2026-09-29;2026-09-30;2026-10-01;2026-10-02;2026-10-03;2026-10-04;2026-10-05;2026-10-06;2026-10-07;2026-10-08;2026-10-09;2026-10-10;2026-10-11;2026-10-12;2026-10-13;2026-10-14;2026-10-15;2026-10-16;2026-10-17;2026-10-18,09:30:00,21:00:00,,中原図書館にて、認知症に関する図書及び特集展示を行います。,川崎市中原区小杉町3-1301　駅前複合ビル5・6階 中原図書館,川崎市中原区小杉町3-1301　駅前複合ビル5・6階 中原図書館,35.57605831818237,139.65929617683943,学び・講座;健康・福祉,https://www.city.kawasaki.jp/nakahara/page/0000189215.html,中原区,指定なし,,,,,中原区役所 地域みまもり支援センター（福祉事務所・保健所支所） 地域支援課,中原区役所 地域みまもり支援センター（福祉事務所・保健所支所） 地域支援課,指定なし,,2026-08-06 17:25:07
KAWASAKI-d453ff37c70ef8c2,地ケアフェア2026「大人の遊び場学び場　～趣味でつながる　未来にそなえる～」,2026-09-19,2026-09-19,2026-09-19,11:00:00,16:00:00,,"新しい一歩を踏み出すなら中原市民館へ！！
川崎市では、人生100年時代を自分らしく、いきいきと過ごすきっかけづくりの場として、地ケアフェアを毎年開催しています。
今年度も体操やボイトレ、料理など気軽に体験できる講座・イベントに加え、介護・認知症・終活など、これからの暮らしに役立つ講座・展示等が中原市民館に大集合。新しい趣味への挑戦や、新たな出会いをきっかけに地域とのつながりが広がる一日です。
また、シニア世代が地域でつながり、いきいきと暮らす姿を伝える「川崎シニアフォトコンテスト2026」も初開催します。",神奈川県川崎市中原区新丸子東3丁目1100番地12 パークシティ武蔵小杉ミッドスカイタワー1・2階,神奈川県川崎市中原区新丸子東3丁目1100番地12 パークシティ武蔵小杉ミッドスカイタワー1・2階,35.574918212992316,139.6603810787201,学び・講座;体感・体験;遊び;コミュニティ・交流;音楽;文化・芸術;スポーツ;健康・福祉;環境・自然;防災・防犯;生き物;食;生活;仕事・ビジネス,https://www.city.kawasaki.jp/350/page/0000188972.html,中原区,指定なし,,,一部の講座は定員あり。,2026-08-12〜2026-09-13 / 一部講座は予約制。,川崎市地域包括ケアシステム連絡協議会,健康福祉局 地域包括ケア推進室 / 川崎市地域包括ケアシステム連絡協議会事務局,指定なし,,2026-08-13 13:25:21
KAWASAKI-1453600eb95154a9,ダンボール迷路であそぼう,2026-09-19,2026-09-24,2026-09-19;2026-09-20;2026-09-21;2026-09-22;2026-09-23;2026-09-24,,,"10:00:00〜12:00:00
13:00:00〜16:30:00
幼児さんは保護者同伴でのご利用となります。",西中原中学校テクノ工作部の先輩が激ムズ迷路を設計！君はゴールにたどり着けるかな？,神奈川県川崎市中原区下新城１丁目２−４,神奈川県川崎市中原区下新城１丁目２−４,35.5802823,139.634104,遊び,https://www.kawasaki-shiminkatsudo.or.jp/seishonen/kodomobunka/shinjyo/index.html,中原区,"保護者,中学生,小学生,幼児",,,,,新城こども文化センター,新城こども文化センター,指定なし,混雑した場合お待ちいただく場合があります。,2026-08-31 19:03:54
KAWASAKI-58431706056bf2db,家族でらららん　備えよう防災　拡げよう防犯　第３回め9月19日（土）以降も受付中です！,2026-09-19,2026-12-05,2026-09-19;2026-10-08;2026-11-12;2026-12-05,10:00:00,12:00:00,,参加者同士でおしゃべりをしながらアップデートできるチャンスです。子育て中の今だから、色々なことを吸収し、工夫も出来る！そう思いませんか？今回は防災や防犯も考えておいていただきたくて学習の時間を組み込んでいます。外国語も用いたコミュニケーションの時間もありますよ。すでに終了した回については資料をお渡しできます。概ね1歳半以上のお子さんは別のお部屋で見守り保育を実施中です。小さなお子さん連れの方には保育ボランティアのサポートもあります。安心してお申込みくださいませ。,神奈川県川崎市中原区新丸子東３丁目１１００−１２ パークシティ武蔵小杉ミッドスカイタワー １・２階,神奈川県川崎市中原区新丸子東３丁目１１００−１２ パークシティ武蔵小杉ミッドスカイタワー １・２階,35.5747731,139.6609749,生活;防災・防犯;子ども・子育て;コミュニティ・交流;体感・体験;学び・講座,https://www.nakahara-shiminkan.jp/,中原区,"外国人,妊産婦,保護者,幼児,乳児",,,20名,2026-09-12〜2026-12-02 / ホームページTOPページ　講座・イベントをご確認ください。,中原市民館,中原市民館 / 川崎市中原区新丸子東3丁目1100－12 パークシティ武蔵小杉ミッドスカイタワー1・2階,"思いやり駐車スペース,授乳室,おむつ交換台,手話又は筆談対応,スロープ,エレベーター,オストメイト対応トイレ,バリアフリートイレ",全回出席が難しい方もご相談ください。,2026-09-15 11:01:28
KAWASAKI-66a529a1a6574b3f,めいろランタン,2026-09-20,2026-09-21,2026-09-20;2026-09-21,10:00:00,11:30:00,幼児さんは保護者同伴でのご利用となります。,ペットボトルでオリジナルランタン作り　完成したランタンを持って、暗やみダンボール迷路を探検に！きらきら光る世界を楽しもう！,神奈川県川崎市中原区下新城１丁目２−４,神奈川県川崎市中原区下新城１丁目２−４,35.5802823,139.634104,遊び,https://www.kawasaki-shiminkatsudo.or.jp/seishonen/kodomobunka/shinjyo/index.html,中原区,"保護者,中学生,小学生,幼児",,100円,,,新城こども文化センター,新城こども文化センター,指定なし,混雑した場合お待ちいただく場合があります。,2026-08-31 19:04:54
KAWASAKI-e95efd7f48a7671a,秋の全国交通安全運動　一日中原警察署長キャンペーン,2026-09-23,2026-09-23,2026-09-23,14:00:00,15:00:00,,"中原区交通安全対策協議会では、9月23日（祝・水）に、グランツリー武蔵小杉（中原区）で一日中原警察署長キャンペーンを実施します。このイベントは、「秋の全国交通安全運動」（9月21日～30日）の活動の一環として実施します。
　一日警察署長には中原区にホームを置く、プロサッカーチームの川崎フロンターレ公式マスコットである「ふろん太」をお招きします。
　また、株式会社川崎フロンターレと連携して作成した、「大島僚太選手・宮城天選手」の等身大パネルと、両選手による交通安全啓発音声のお披露目式を実施します。
　イベントの最後には、ふろん太と川崎市交通安全協会がコラボした、限定デザインの反射材キーホルダーをはじめとした交通安全啓発物を200セット配布します。

　区民一人ひとりが交通安全について考え、交通ルールの遵守と交通マナーの向上を図るきっかけとすることで、交通事故防止を徹底します。",川崎市中原区新丸子東3-1135-1 グランツリー武蔵小杉1階　アクアドロップ,川崎市中原区新丸子東3-1135-1 グランツリー武蔵小杉1階　アクアドロップ,35.57405866212176,139.6596353767096,生活,https://www.city.kawasaki.jp/nakahara/page/0000189520.html,中原区,指定なし,,,啓発物を200セット御用意しております。,,中原区交通安全対策協議会,中原区役所 危機管理担当,指定なし,,2026-09-01 06:26:37
KAWASAKI-e6a2bb1c8fe136c5,AI体験あり🤖マイクラでセキュリティハウスづくり！【リピート希望90％超】【無料】,2026-09-23,2026-09-23,2026-09-23,16:00:00,17:10:00,開催日程は追加されることがありますので、日程はWebページをご確認ください！,"7月に実施し大好評だったイベント✨
9月はAI体験コンテンツも追加✅

地上波TV番組でも紹介されたSOZOWパークの対面教室です！

マインクラフトを使って、楽しみながら“つくる力”を育てます🌟
ただ遊ぶのではなく、自分で考え、形にして、みんなに発表するアウトプット型の学習で、創造力・プログラミング的思考・協働する力が伸ばせます🌈

少人数制でスタッフが一人ひとりに伴走するので安心です😊

対象：小学１〜６年生（推奨）、中学１～３年生
参加費：無料
申込み：先着制。各回定員12名
会場：武蔵小杉駅から徒歩5分・新丸子駅から徒歩2分
持ち物：
①マインクラフト統合版がプレイできる端末（Switch・スマホ・タブレット等）
②マインクラフトのソフト/アプリ（教育版は不可）
③Microsoftアカウント

※保護者同席のうえご参加ください。端末の操作等はスタッフにお任せください！",神奈川県川崎市中原区新丸子東１丁目９８３−６ ウイング岩間,神奈川県川崎市中原区新丸子東１丁目９８３−６ ウイング岩間,35.5793022,139.6620003,小学生向け;子ども・子育て;コミュニティ・交流;遊び;体感・体験;学び・講座,https://sozow-park.com/,中原区,"中学生,小学生",※保護者同席のうえご参加ください,,各回12名,"2026-09-01〜2026-09-22 / Webサイトの「申込みフォーム」よりご登録ください。
先着順の受け付けです！",SOZOW株式会社,"＜お問合せフォームはこちら＞
https: / form.run/@SOZOW-contact",エレベーター,,2026-09-07 17:05:51
KAWASAKI-896d083d067ae2f4,【9月23日（水祝）開催】KAWASAKIおさんぽマルシェ！「緑や花そして地域のアートを通じて、人と街を心地よく結ぶ」,2026-09-23,2026-09-23,2026-09-23,10:00:00,16:00:00,,"「緑や花そして地域のアートを通じて、人と街を心地よく結ぶ」をテーマに展示場からイベント活動が街へ広がるようなKAWASAKIおさんぽマルシェを開催します！
2027年に横浜で開催される花博2027や川崎市の緑化を応援！園内を楽しくお散歩してね！ 

●まちを彩るアート　ラシクラボ　アート装飾
●ラシクラボ手仕事ブース　ハンドメイドグッズ販売
●みんなでつくろう！KAWASAKIアートガーランド
●楽しく遊べるワークショップ
・お花とかおりのバスソルト
・押し花スタンプ巾着
・クリッカー絵付け体験
●花苗のプレゼント
●水遊び＆自由あそび広場
●涼しいDrinkや地域野菜のキーマカレーなど！キッチンカー

※ワークショップは1組2つまでご参加いただけます。
※雨天時は中止するイベントもあります。",神奈川県川崎市中原区市ノ坪７１０,神奈川県川崎市中原区市ノ坪７１０,35.56279202095624,139.6692430973053,小学生向け;買い物;食;祭り;子ども・子育て;文化・芸術;コミュニティ・交流;遊び;体感・体験;学び・講座,https://abc-housing.asahi.co.jp/syuto/park/kawasaki.html,中原区,指定なし,,,"ワークショップ　各36組様（1組1名様）
※1組様最大2ワークショップへ参加いただけます。",,Vege&ArtFes実行委員会,Vege＆ArtFes実行委員会,"おむつ交換台,バリアフリートイレ",小雨決行・駐車スペースあり,2026-09-02 17:10:23
KAWASAKI-856ae59a7058da73,親子リトミック,2026-09-25,2026-10-02,2026-09-25;2026-10-02,11:00:00,12:00:00,,先生と一緒にリズムに合わせて遊ぼう♪9/25分は9/22〆切、抽選9/23　10/2分は9/29〆切、抽選9/30となります。,神奈川県川崎市中原区木月祗園町１７−６ 川崎市住吉こども文化センター,神奈川県川崎市中原区木月祗園町１７−６ 川崎市住吉こども文化センター,35.5690668,139.6529285,健康・福祉;子ども・子育て;音楽;コミュニティ・交流;遊び;体感・体験;学び・講座,https://kawasaki-city.ashita-ba.co.jp/kodomo-bunka-center/sumiyoshi-cc/,中原区,"保護者,幼児,乳児",,,15組程度,"2026-09-01〜2026-09-29 / 来館受付(9:30~18:00)・電話(9:30~18:00)・上記ホームページ欄のURL
※定員を超えた場合、抽選日に公開抽選を行い、落選の方にのみご連絡いたします。",住吉こども文化センター,住吉こども文化センター,授乳室,,2026-08-24 09:48:46
KAWASAKI-919456a415291bad,身長体重測定会,2026-09-25,2026-09-25,2026-09-25,10:30:00,11:30:00,受付は11時20分までにお願いします。,お子さんの身長と体重が測定できます。,神奈川県川崎市中原区下新城１丁目２−４,神奈川県川崎市中原区下新城１丁目２−４,35.5803217,139.6341694,子ども・子育て,https://www.kawasaki-shiminkatsudo.or.jp/seishonen/kodomobunka/shinjyo/index.html,中原区,"保護者,幼児,乳児",,,,,新城こども文化センター,新城こども文化センター,指定なし,混雑した場合お待ちいただく場合があります。,2026-08-31 11:38:55
KAWASAKI-f1906a1243b48274,新城ファミリーパーク,2026-09-26,2026-09-26,2026-09-26,10:00:00,11:00:00,,広いお部屋でトンネルやトランポリン、ボールプールで遊びませんか？,神奈川県川崎市中原区下新城１丁目２−４,神奈川県川崎市中原区下新城１丁目２−４,35.5802823,139.634104,遊び,https://www.kawasaki-shiminkatsudo.or.jp/seishonen/kodomobunka/shinjyo/index.html,中原区,"保護者,幼児,乳児",,,,,新城こども文化センター,新城こども文化センター,指定なし,混雑時はお待ちいただく場合があります。,2026-08-31 11:40:03
KAWASAKI-2ce1eb5f82d79880,ボードゲームを使ってパパが遊びも学びもプロ級に！,2026-09-26,2026-09-26,2026-09-26,09:30:00,12:00:00,,"ボードゲームは、ちょっとした時間遊ぶだけで、戦略が得意なんだな、直感が良いな、空間認知が良いな、そんな子どもの「得意」を見つける事が出来ます。
子どもに向かい合うコミュニケーションの方法のひとつとして、取り入れてみてください。
そして、「すごい」を子どもから沢山引き出して欲しいです。",神奈川県川崎市中原区小杉町３丁目６００ コスギ サード アヴェニュ 4階,神奈川県川崎市中原区小杉町３丁目６００ コスギ サード アヴェニュ 4階,35.5757467,139.6584862,子ども・子育て;遊び;学び・講座,https://www.scrum21.or.jp/seminar/sc46165.html,中原区,"保護者,小学生","小学生、父親、プレパパも参加可
※子どものみの参加は不可",各回大人のみ1000円、子ども無料,各回子どもと父親12組程度　※最少催行人数2組4名,2026-08-15〜2026-09-24,川崎市男女共同参画センター（すくらむ21）Redesignlab thc（内藤プログラミング教室）,川崎市男女共同参画センター（すくらむ21）,指定なし,,2026-09-16 17:58:25
KAWASAKI-3f11e0720b258c0d,【マイクラ×探求・協働＋AIイベント】セキュリティハウスをつくろう！,2026-09-26,2026-09-26,2026-09-26,,,"11:00:00〜12:10:00
09:30:00〜10:40:00
開催日程は追加されることがありますので、最新の日程はWebページをご確認ください！","地上波TV番組でも紹介されたSOZOWパークの対面教室です！

マインクラフトを使って、楽しみながら“つくる力”を育てます🌟
ただ遊ぶのではなく、自分で考え、形にして、みんなに発表するアウトプット型の学習で、創造力・プログラミング的思考・協働する力が伸ばせます🌈

少人数制イベントで、スタッフがサポートするので安心です😊

対象：小学１〜６年生（推奨）、中学１～３年生
参加費：無料
申込み：先着制。各回定員12名
会場：武蔵小杉駅から徒歩5分・新丸子駅から徒歩2分
持ち物：
①マインクラフト統合版がプレイできる端末（Switch・スマホ・タブレット等）
②マインクラフトのソフト/アプリ（教育版は不可）
③Microsoftアカウント

※保護者同席のうえご参加ください。端末の操作等はスタッフにお任せください！",神奈川県川崎市中原区新丸子東１丁目９８３−６ ウイング岩間,神奈川県川崎市中原区新丸子東１丁目９８３−６ ウイング岩間,35.5793022,139.6620003,小学生向け;子ども・子育て;コミュニティ・交流;遊び;体感・体験;学び・講座,https://sozow-park.com/,中原区,"中学生,小学生",※保護者同席のうえご参加ください,,各回12名,"2026-09-01〜2026-09-25 / Webサイトの「申込みフォーム」よりご登録ください。
先着順の受け付けです！",SOZOW株式会社,"＜お問合せフォームはこちら＞
https: / form.run/@SOZOW-contact",エレベーター,,2026-09-14 10:13:42
KAWASAKI-18f441e1c87fd392,時代劇と舞踊ワークショップ,2026-09-26,2026-12-19,2026-09-26;2026-10-10;2026-10-31;2026-11-21;2026-12-05;2026-12-19,09:30:00,11:30:00,発表会があります　日時：12月19日（土）13時30分～15時30分,時代劇＝忍者やお侍や芸者など江戸時代設定のTV番組を思い出すでしょうか。この講座では、地域の子どもたちにお囃子や盆踊り、キッズダンスなどを指導している、歌や舞踊にダンスにお芝居などをされるエンターティナー「チーム歌留多」が講師となり、浴衣の着付けやたたみ方から和服を着た時の所作を教わります・・・と言っても「交流」を目的に開催します。地域のお姉さんやお兄さんたちと楽しく日本伝統文化を通じて交流をして、最終回は「時代劇の発表会」が本物のライトや音響を使って開催します。あなたの町の市民館だから叶う、幼いころの思い出づくりになることまちがいなし！ですですです。,神奈川県川崎市中原区新丸子東３丁目１１００−１２,神奈川県川崎市中原区新丸子東３丁目１１００−１２,35.5747731,139.6609749,小学生向け;生活;スポーツ;文化・芸術;音楽;コミュニティ・交流;遊び;体感・体験;学び・講座,https://www.nakahara-shiminkan.jp/,中原区,小学生,持ち物　浴衣（お持ちでない場合はご相談ください）飲み物　タオル　筆記用具,"こはぜ付き足袋1足　扇子　小道具代として2,500円",15組,2026-08-08〜2026-09-25 / ホームページTOPページ　講座・イベントをご確認ください。,中原市民館,中原市民館 / 川崎市中原区新丸子東3丁目1100－12 パークシティ武蔵小杉ミッドスカイタワー1・2階,"授乳室,おむつ交換台,手話又は筆談対応,思いやり駐車スペース,スロープ,エレベーター,オストメイト対応トイレ,バリアフリートイレ",全回出席が難しい方もご相談ください。,2026-09-09 16:53:05
KAWASAKI-871fb84204a24ac6,サードアヴェニュー縁日,2026-09-26,2026-09-26,2026-09-26,16:00:00,19:00:00,,今回で三回目の開催。法政通り商店街の協力のもと、昔なつかしい、金魚すくい、スーパーボウル、綿菓子や大人向けで生ビールなどの販売をコスギサードアヴェニュー内のサウスパークで行います。地域の皆様に楽しんでいただき、賑わいの創出をして地域価値向上にむけて地元を盛り上げていきたい。,神奈川県川崎市中原区小杉町３丁目６００,神奈川県川崎市中原区小杉町３丁目６００,35.5762596,139.6581246,ボランティア;子ども・子育て;コミュニティ・交流;体感・体験,https://k3a.jp,中原区,指定なし,,,,,コスギサードアヴェニュー施設管理組合,コスギサードアヴェニュー施設管理組合　理事長　新小杉開発株式会社　安藤　均,指定なし,,2026-08-19 15:57:57
KAWASAKI-4a34d2f77b94ae68,プラレールで遊ぼう,2026-09-26,2026-09-26,2026-09-26,09:30:00,12:00:00,,広いお部屋で思いっきりプラレールで遊ぼう♪,神奈川県川崎市中原区木月祗園町１７−６ 川崎市住吉こども文化センター,神奈川県川崎市中原区木月祗園町１７−６ 川崎市住吉こども文化センター,35.5690668,139.6529285,健康・福祉;子ども・子育て;スポーツ;コミュニティ・交流;遊び;体感・体験;学び・講座,https://kawasaki-city.ashita-ba.co.jp/kodomo-bunka-center/sumiyoshi-cc/,中原区,"保護者,高校生,中学生,小学生,幼児,乳児",,,,,住吉こども文化センター,住吉こども文化センター,授乳室,,2026-08-24 17:34:56
KAWASAKI-e037c421404339c6,おやこヨガ,2026-09-26,2026-09-26,2026-09-26,11:00:00,11:40:00,,"乳幼児親子で楽しむヨガプログラムです。
親子で触れあったり、笑顔で見つめあうだけでなく、
仕事に子育てに大忙しのパパママのリフレッシュを目的にしているので、
いつも使っていない部分を伸ばしたりほぐしたりできますよ。
RYT200、股関節ヨガなどの資格を持っている講師の方が来てくれます。",神奈川県川崎市中原区井田杉山町１６−３８ 川崎市井田こども文化センター,神奈川県川崎市中原区井田杉山町１６−３８ 川崎市井田こども文化センター,35.5685913,139.6412889,健康・福祉;子ども・子育て;スポーツ;体感・体験,https://kawasaki-city.ashita-ba.co.jp/kodomo-bunka-center/ida-cc/,中原区,"保護者,幼児,乳児",,,5組程度,"事前申込フォーム⇒https: / kawasaki-city.ashita-ba.co.jp/kodomo-bunka-center/ida-cc/
先着順となっています。",井田こども文化センター,"井田こども文化センター
井田こども文化センター / 211-0036
川崎市中原区井田杉山町１６－３８","おむつ交換台,授乳室",,2026-09-07 17:33:06
KAWASAKI-a77a43e63d91ef72,新丸子こども文化センター【9/26ちびっこ開放デイ】,2026-09-26,2026-09-26,2026-09-26,10:30:00,12:00:00,,予約なしで集会室を使います！幼児親子さんみんなで遊びましょう♪,神奈川県川崎市中原区新丸子町６９１−７,神奈川県川崎市中原区新丸子町６９１−７,35.5819315,139.6618941,子ども・子育て;コミュニティ・交流;遊び;体感・体験,,中原区,"保護者,幼児,乳児",,,,,新丸子こども文化センター,新丸子こども文化センター,指定なし,,2026-08-27 17:30:27
KAWASAKI-45e904fc65f3ad3e,あつまれ4歳！,2026-09-27,2026-09-27,2026-09-27,11:00:00,11:30:00,,4歳児親子を対象に広いお部屋で遊びます！おともだちをいっぱいつくってね♪,神奈川県川崎市中原区木月祗園町１７−６ 川崎市住吉こども文化センター,神奈川県川崎市中原区木月祗園町１７−６ 川崎市住吉こども文化センター,35.5690668,139.6529285,生活;健康・福祉;子ども・子育て;コミュニティ・交流;遊び;体感・体験;学び・講座,https://kawasaki-city.ashita-ba.co.jp/kodomo-bunka-center/sumiyoshi-cc/,中原区,"保護者,幼児,乳児",,,,,住吉こども文化センター,住吉こども文化センター,授乳室,,2026-08-24 09:40:42
KAWASAKI-95e11eff1b8eb3ed,"わくわくドキドキふしぎ発見！
認定NPO法人おもしろ科学たんけん工房おもしろ科学体験塾
ぴょんぴょんウサギを作ろう",2026-09-27,2026-09-27,2026-09-27,13:30:00,16:00:00,受付：13：00～,"（学習) くっついたり離れたがったり、磁石って不思議ですね。
　　　　磁石の性質をいろいろな実験をして調べましょう！
（工作）磁石と磁石を組み合わせて、跳びはねながら目を光らせるふしぎなウサギを作ります！",神奈川県川崎市中原区新丸子東３丁目１１００−１２ 川崎市中原市民館内市民活動センター会議室,神奈川県川崎市中原区新丸子東３丁目１１００−１２ 川崎市中原市民館内市民活動センター会議室,35.57470199999999,139.66041,学び・講座,https://tankenkobo.com/wp/,中原区,"中学生,小学生",小学3年生～中学2年生,"800円(材料費、傷害保険料を含みます)
参加費は当日ご持参ください。","20名
小学3年生のみ保護者同伴で参加お願いします",2026-07-06〜2026-09-19 / 応募者多数の場合は、抽選とさせていただきます。,認定NPO法人おもしろ科学たんけん工房,岡崎,指定なし,"保護者の参観はご遠慮いただいております。
移動は公共交通機関のご利用をお願いします。",2026-07-06 09:57:43
KAWASAKI-1764b1f96e65706f,9/27　気候変動時代の暮らし方講座　住宅の断熱から健康を考える　暑さや寒さから身を守る暮らし方,2026-09-27,2026-09-27,2026-09-27,10:00:00,11:30:00,,"気候変動時代の暮らし方講座
暑さや寒から身を守るための住宅の断熱や健康をテーマに、実際に居住されている方の様子の報告も含めた講座です。
より快適に、より健康に、気候変動時代の暮らし方について考えてみませんか？
会場：川崎市総合福祉センター　エポック中原　7階第3会議室　(JR南武線 武蔵中原駅前)
定員：40名(応募多数の場合は抽選)
参加費：無料
申込期限：9月18日(金)正午迄。",神奈川県川崎市中原区上小田中６丁目２２−５ 川崎市総合福祉センター ５階,神奈川県川崎市中原区上小田中６丁目２２−５ 川崎市総合福祉センター ５階,35.58115,139.6423566,生活;環境・自然;健康・福祉;学び・講座,https://www.cckawasaki.jp/kwccca/,中原区,指定なし,,,40名,2026-08-01〜2026-09-18 / 申込多数の場合は抽選となります。,川崎市地球温暖化防止活動推進センター,川崎市地球温暖化防止活動推進センター / 〒213-0001　川崎市高津区溝口1-4-1　ノクティ2 高津市民館内（CCかわさき交流コーナー）,"オストメイト対応トイレ,バリアフリートイレ,授乳室,おむつ交換台,音声案内又は点字案内,思いやり駐車スペース,スロープ,エレベーター",,2026-08-03 18:19:50
KAWASAKI-5767c73ef7906ee7,お知らせ　男子トイレ工事,2026-09-28,2026-10-08,2026-09-28;2026-09-29;2026-09-30;2026-10-01;2026-10-02;2026-10-03;2026-10-04;2026-10-05;2026-10-06;2026-10-07;2026-10-08,09:00:00,18:00:00,,9月28日～10日8日男子トイレ工事（女子トイレが共用となります）,神奈川県川崎市中原区下新城１丁目２−４,神奈川県川崎市中原区下新城１丁目２−４,35.5803217,139.6341694,生活,https://www.kawasaki-shiminkatsudo.or.jp/seishonen/kodomobunka/shinjyo/index.html,中原区,指定なし,,,,,新城こども文化センター,新城こども文化センター,指定なし,お知らせ　男子トイレ工事,2026-08-31 17:47:25
KAWASAKI-35aa275a69bd03ae,ひよこ測定会,2026-09-28,2026-09-28,2026-09-28,10:30:00,12:00:00,,お子さまの毎月の成長記録を残そう！,神奈川県川崎市中原区井田杉山町１６−３８ 川崎市井田こども文化センター,神奈川県川崎市中原区井田杉山町１６−３８ 川崎市井田こども文化センター,35.5685913,139.6412889,子ども・子育て;体感・体験,https://kawasaki-city.ashita-ba.co.jp/kodomo-bunka-center/ida-cc/,中原区,"保護者,幼児,乳児",,,,"事前申込フォーム⇒https: / kawasaki-city.ashita-ba.co.jp/kodomo-bunka-center/ida-cc/
先着順となっています。",井田こども文化センター,"井田こども文化センター / 211-0036
川崎市中原区井田杉山町１６－３８
井田こども文化センター","授乳室,おむつ交換台",,2026-09-07 17:27:02
KAWASAKI-5215b4c314100f58,体操で遊ぼう,2026-09-29,2026-09-29,2026-09-29,10:30:00,11:00:00,,とび箱、鉄棒、トンネルなどを使って体操の先生と一緒に身体を動かして遊ぼう！！,神奈川県川崎市中原区木月祗園町１７−６ 川崎市住吉こども文化センター,神奈川県川崎市中原区木月祗園町１７−６ 川崎市住吉こども文化センター,35.5690668,139.6529285,健康・福祉;子ども・子育て;スポーツ;コミュニティ・交流;遊び;体感・体験;学び・講座,https://kawasaki-city.ashita-ba.co.jp/kodomo-bunka-center/sumiyoshi-cc/,中原区,"保護者,幼児,乳児",,,15組程度,2026-09-01〜2026-09-27 / 申込み方法：来館受付(9:30~18:00)・電話(9:30~18:00)・上記ホームページ欄のURL,住吉こども文化センター,住吉こども文化センター,授乳室,,2026-08-24 09:44:36
KAWASAKI-3517e20ff437424a,【コスギアイハグ】砂栽培教室プラス,2026-09-30,2026-10-25,2026-09-30;2026-10-14;2026-10-25,10:30:00,11:30:00,,"高床式砂栽培のシェアリング農園「トレファーム」では
苗植えや収穫など…小さなお子さまからご⾼齢の⽅まで年齢問わずどなたでも気軽に農作業をお楽しみ頂けます。
ベビーカーでもそのままお入り頂くことができます。

トレファームの特徴についてご案内後、収穫や定植（苗を植える作業）など栽培に係る一連の作業を体験いただきます。体験後、トレファーム野菜のスムージーをお楽しみください。
※季節に応じた野菜を数種類お持ち帰り頂きます。",神奈川県川崎市中原区小杉町３丁目 コスギアイハグ　トレファーム,神奈川県川崎市中原区小杉町３丁目 コスギアイハグ　トレファーム,35.5748955,139.6554678,小学生向け;仕事・ビジネス;生活;食;祭り;生き物;環境・自然;子ども・子育て;コミュニティ・交流;遊び;体感・体験;学び・講座,https://reserva.be/kosugiihug,中原区,指定なし,,"大人：1,980円　子ども：980円
※リピーター割あり",各８名,2026-09-16〜2026-10-25,コスギアイハグ,コスギアイハグ管理員,"おむつ交換台,思いやり駐車スペース,オストメイト対応トイレ,バリアフリートイレ",現金以外での決済となります。ご了承ください。,2026-09-16 17:54:47
KAWASAKI-5c68ddbd3b0ab8ae,新丸子こども文化センター【10/1大好きMARUCO調査隊】,2026-10-01,2026-10-01,2026-10-01,09:50:00,12:30:00,,こども文化センターのまわりを探検しよう！探検の後はカレーを一緒に食べるよ！,神奈川県川崎市中原区新丸子町６９１−７,神奈川県川崎市中原区新丸子町６９１−７,35.5819331,139.6618878,体感・体験;小学生向け;食;防災・防犯;子ども・子育て;コミュニティ・交流,,中原区,"保護者,小学生,幼児",5歳～小学生対象です。,参加費200円（カレー材料費）,20名程度,2026-09-18〜2026-09-28 / 定員を超えた場合は公開抽選を行います。9月29日（火）12時にHPへ抽選結果を掲載します。,新丸子こども文化センター,新丸子こども文化センター,指定なし,,2026-08-27 17:41:13
KAWASAKI-9dd672e7686930d3,休館のお知らせ,2026-10-02,2026-10-02,2026-10-02,09:30:00,21:00:00,,害虫駆除のため、終日休館となります。,神奈川県川崎市中原区下新城１丁目２−４,神奈川県川崎市中原区下新城１丁目２−４,35.5803121,139.634174,生活,,中原区,指定なし,,,,,新城こども文化センター,新城こども文化センター / 中原区下新城1-2-4,指定なし,休館のお知らせ,2026-08-31 17:47:41
KAWASAKI-baadfd5a49a47ff7,木の音色を楽しむ クラシックギター＆フルートコンサート,2026-10-03,2026-10-03,2026-10-03,14:00:00,16:00:00,"【当日の流れ】
開場：13時15分
開演：14時
ミュージックトーク・楽器体験ワークショップ：14時50分～16時","普段なかなか触れることのできない本格的な音楽を、リーズナブルに楽しめます。コンサートの中では、川崎市産の木材を使ったギターの紹介もあります。
コンサートを楽しんだ後は、出演者を囲んでのミュージックトークや、木の楽器を体験できるワークショップもあります。",神奈川県川崎市中原区新丸子東３丁目１１００−１２ パークシティ武蔵小杉ミッドスカイタワー １・２階,神奈川県川崎市中原区新丸子東３丁目１１００−１２ パークシティ武蔵小杉ミッドスカイタワー １・２階,35.5749199,139.6604607,高校生向け;中学生向け;小学生向け;生活;子ども・子育て;文化・芸術;音楽;コミュニティ・交流;学び・講座;体感・体験,https://www.nakahara-shiminkan.jp/,中原区,指定なし,0歳児～大人まで、どなたでも参加できます,"０～２歳（座席なし）：無料
小学生以下：500円
中学生以上：1,000円",180名,2026-09-15〜2026-10-03 / 神奈川県川崎市中原区新丸子東三丁目1100ｰ12 / チケットは当日もお買い求めいただけますが、確実なお席の確保のため、事前のお申込みをおススメします,中原市民館：指定管理者　なかはらフューチャーデザインパートナーズ,中原市民館：指定管理者　なかはらフューチャーデザインパートナーズ / 川崎市中原区新丸子東3丁目1100－12 パークシティ武蔵小杉ミッドスカイタワー1・2階,"授乳室,おむつ交換台,思いやり駐車スペース,スロープ,エレベーター,オストメイト対応トイレ,バリアフリートイレ",荒天時のイベント開催の有無につきましては、当日中原市民館のHPでご確認ください。,2026-08-24 17:31:30
KAWASAKI-5de1c802bf36dcf0,新丸子こども文化センター【10/3多摩川水族館】,2026-10-03,2026-10-03,2026-10-03,14:00:00,16:00:00,,今年もこども文化センターに多摩川の生き物がやってきます！,神奈川県川崎市中原区新丸子町６９１−７,神奈川県川崎市中原区新丸子町６９１−７,35.5819331,139.6618878,小学生向け;生き物;環境・自然;子ども・子育て;コミュニティ・交流;体感・体験,,中原区,"保護者,小学生,幼児",,,定員：20名程度,2026-09-18〜2026-09-28,新丸子こども文化センター,新丸子こども文化センター,指定なし,,2026-08-27 17:51:51
KAWASAKI-ebdb439561ad6a6f,令和8年度　こころの健康セミナー,2026-10-03,2026-10-03,2026-10-03,13:30:00,16:00:00,,"川崎市では毎年度、自殺予防やメンタルヘルスに関するテーマのもと、こころの健康についての市民講演会を開催しています。

令和8年度は、「アルコール依存症」をテーマに開催します。

第1部では、「お酒によるこころへの影響」や「依存症の理解、早期発見・早期対応の重要性」などについてご講演いただきます。

また第2部では、アルコール依存症の回復を経験された当事者の方及びご家族による体験談として、これまでの日常の中での悩みや向き合い方、支え合いの大切さなどについてお話しいただきます。",川崎市中原区小杉町3丁目600番　コスギサードアヴェニュー4階 川崎市総合自治会館,川崎市中原区小杉町3丁目600番　コスギサードアヴェニュー4階 川崎市総合自治会館,35.58115295309428,139.64235126972198,学び・講座;健康・福祉,https://www.city.kawasaki.jp/350/page/0000136850.html,中原区,指定なし,,,会場100名,2025-07-06〜2025-09-18 / 先着順となります。定員を超えた場合やその他ご参加いただけない事情等が発生した場合に、当課よりご連絡いたします。,健康福祉局 総合リハビリテーション推進センター 企画・連携推進課,健康福祉局 総合リハビリテーション推進センター 企画・連携推進課,指定なし,,2026-07-17 11:25:15
KAWASAKI-6aba846a78fc8476,認知症サポーター養成講座,2026-10-06,2026-10-15,2026-10-06;2026-10-15,14:00:00,16:00:00,,地域で認知症の方とのかかわりがある方を講師に呼び、認知症サポーター養成講座を開催します。講座を通じて、認知症の方とその家族への理解を深めます。,神奈川県川崎市中原区小杉町3丁目245 中原区役所,神奈川県川崎市中原区小杉町3丁目245 中原区役所,35.57632532585411,139.65576499700546,学び・講座;健康・福祉,https://www.city.kawasaki.jp/nakahara/page/0000189194.html,中原区,指定なし,川崎市在住・在勤・在学の方,,"第1回　40名
第2回　40名",2026-09-15〜2026-10-14,中原区役所 地域みまもり支援センター（福祉事務所・保健所支所） 地域支援課,中原区役所 地域みまもり支援センター（福祉事務所・保健所支所） 地域支援課,指定なし,,2026-08-03 10:25:11
KAWASAKI-15e0e4b3e5e25fab,おやこ★運動あそび,2026-10-06,2026-11-17,2026-10-06;2026-10-07;2026-10-08;2026-10-09;2026-10-10;2026-10-11;2026-10-12;2026-10-13;2026-10-14;2026-10-15;2026-10-16;2026-10-17;2026-10-18;2026-10-19;2026-10-20;2026-10-21;2026-10-22;2026-10-23;2026-10-24;2026-10-25;2026-10-26;2026-10-27;2026-10-28;2026-10-29;2026-10-30;2026-10-31;2026-11-01;2026-11-02;2026-11-03;2026-11-04;2026-11-05;2026-11-06;2026-11-07;2026-11-08;2026-11-09;2026-11-10;2026-11-11;2026-11-12;2026-11-13;2026-11-14;2026-11-15;2026-11-16;2026-11-17,11:00:00,11:45:00,"火曜日　全6回
10/6、10/13、10/20、10/27、11/10、11/17　（予備日　11/24）",おもいっきり体を動かしたり、いろいろな道具を使って運動の基礎となる神経系の発達を促します。「チャレンジする気持ち」を大切にしながら、小さな「できた！」を積み重ねていきます。お友だちとのふれあいの中で、「みんなでやると楽しい！」という気持ちを育みながら、集団行動の基礎を自然と身につけます。基本的なルールの理解は、入園準備にも役立ちますよ！時には保護者の方と手をつないで、時にはお子様のチャレンジを見守って…親子で楽しむクラスです。,神奈川県川崎市中原区今井南町２８−４１,神奈川県川崎市中原区今井南町２８−４１,35.5706796,139.654234,健康・福祉;子ども・子育て;スポーツ;コミュニティ・交流;遊び;体感・体験;学び・講座,https://kpal.or.jp/2_zaidan/22_zaidan_jigyou/221_sports/221-sports.html,中原区,"保護者,幼児",,"お子様1人と保護者1人：6,900円
お子様2人と保護者1人：8,700円",各教室　15組,2026-07-22〜2026-09-17,公益財団法人　川崎市生涯学習財団,川崎市生涯学習財団　スポーツ教室係,"授乳室,おむつ交換台,エレベーター",,2026-07-22 14:36:02
KAWASAKI-d469063ab0285c76,令和8年度　発達に支援が必要な子どもの保護者のための中原区Meeting,2026-10-06,2027-02-09,2026-10-06;2026-11-10;2026-12-08;2027-01-12;2027-02-09,10:00:00,11:30:00,,発達特性のある就学児を育てる保護者同士が、同じ立場で支え合いながら悩んでいることや知りたいことを分かち合うピアサポート（仲間同士の支え合い）を、年8回開催します。,川崎市中原区小杉町3-245 中原区役所　別館1階　講堂,川崎市中原区小杉町3-245 中原区役所　別館1階　講堂,35.57632750740527,139.65576231479645,学び・講座;コミュニティ・交流;子ども・子育て;健康・福祉,https://www.city.kawasaki.jp/nakahara/page/0000187844.html,中原区,保護者,"小中学生の子どもがいる中原区在住の保護者
中原区在住",,,2026-05-15〜2027-02-09 / 申込フォームからのご登録を宜しくお願いいたします。,中原区役所 地域みまもり支援センター（福祉事務所・保健所支所） 地域支援課,こどもサポート宮ノ下 / 認定特定非営利活動法人 教育活動総合サポートセンター,指定なし,,2026-09-09 20:25:26
KAWASAKI-3e153d6fc728004d,美文字レッスン,2026-10-06,2026-11-17,2026-10-06;2026-10-20;2026-11-17,13:30:00,15:00:00,全３回,"自分や家族の名前を美しく書くコツを学び、ひらがなの基本を練習します。
最終回は慶弔表書きにも挑戦します。
暮らしの中で役立つ美文字を身につけましょう。",神奈川県川崎市中原区今井南町２８−４１ 川崎市生涯学習プラザ,神奈川県川崎市中原区今井南町２８−４１ 川崎市生涯学習プラザ,35.570683,139.6541792,文化・芸術;コミュニティ・交流;体感・体験;学び・講座,https://www.kpal.or.jp,中原区,"高齢者,社会人,大学生,高校生",,"受講料：3,630円",16名,2026-08-01〜2026-09-16 / 申込多数の場合には抽選になります,公益財団法人　川崎市生涯学習財団,公益財団法人川崎市生涯学習財団　事業推進室,"授乳室,おむつ交換台,思いやり駐車スペース,エレベーター,バリアフリートイレ",,2026-08-21 14:28:00
KAWASAKI-98ea49bb16b95a0b,切り絵,2026-10-06,2026-12-15,2026-10-06;2026-10-20;2026-11-17;2026-12-01;2026-12-15,10:00:00,12:00:00,全５回,"お気に入りの構図を見つけて、オリジナルの作品に取り組みましょう。
初めての方でも安心してご参加ください。",神奈川県川崎市中原区今井南町２８−４１,神奈川県川崎市中原区今井南町２８−４１,35.570683,139.6541792,文化・芸術;コミュニティ・交流;体感・体験;学び・講座,https://www.kpal.or.jp,中原区,"高齢者,社会人,大学生,高校生",,"受講料：6,050円（５回分）
教材費：初心者2,700円、既習者1,500円",16名,2026-08-01〜2026-09-16 / 申込多数の場合には抽選になります,公益財団法人　川崎市生涯学習財団,公益財団法人川崎市生涯学習財団　事業推進室,"授乳室,おむつ交換台,思いやり駐車スペース,エレベーター,バリアフリートイレ",,2026-08-21 14:27:12
KAWASAKI-0c9520e5f431ec20,筋力トレーニング・初級,2026-10-08,2026-11-12,2026-10-08;2026-10-09;2026-10-10;2026-10-11;2026-10-12;2026-10-13;2026-10-14;2026-10-15;2026-10-16;2026-10-17;2026-10-18;2026-10-19;2026-10-20;2026-10-21;2026-10-22;2026-10-23;2026-10-24;2026-10-25;2026-10-26;2026-10-27;2026-10-28;2026-10-29;2026-10-30;2026-10-31;2026-11-01;2026-11-02;2026-11-03;2026-11-04;2026-11-05;2026-11-06;2026-11-07;2026-11-08;2026-11-09;2026-11-10;2026-11-11;2026-11-12,15:30:00,16:30:00,"木曜日　全4回
10/8、10/22、10/29、11/12　（予備日　11/26）",筋トレ初心者やシニア向けのクラスです。効果的に身体を動かし基礎体力を作っていくための筋トレフォームを習得しましょう。調理師でもある講師が食生活の秘訣も伝授します。また講師自身の介護の経験を活かし、いつまでも元気に歩ける身体つくりを指導します。自分のペースで無理なく筋力トレーニングをしましょう。,神奈川県川崎市中原区今井南町２８−４１,神奈川県川崎市中原区今井南町２８−４１,35.5706796,139.654234,健康・福祉;スポーツ;コミュニティ・交流;学び・講座,https://kpal.or.jp/2_zaidan/22_zaidan_jigyou/221_sports/221-sports.html,中原区,"高齢者,社会人,大学生",,"全4回　3,800円（税込）",40名,2026-07-22〜2026-07-30,公益財団法人　川崎市生涯学習財団,川崎市生涯学習財団　スポーツ教室係,"授乳室,おむつ交換台,エレベーター",,2026-07-22 14:32:59
KAWASAKI-fc29d40803f338ed,FP3級講座,2026-10-08,2027-01-14,2026-10-08;2026-10-15;2026-10-22;2026-10-29;2026-11-05;2026-11-12;2026-11-19;2026-11-26;2026-12-03;2026-12-10;2026-12-17;2026-12-24;2027-01-07;2027-01-14,18:30:00,20:00:00,毎週木曜日（12/31を除く）、全１４回の講座です。,ファイナンシャル・プランニング技能検定３級合格を目指しながら、お金の活かし方について学ぶ講座です。税金や保険の活用、資産運用、相続など、お金に関する基礎知識を学べるので、実生活にそのまま活かすすことができます。,神奈川県川崎市中原区今井南町２８−４１,神奈川県川崎市中原区今井南町２８−４１,35.570683,139.6541792,仕事・ビジネス;生活;学び・講座,https://www.kpal.or.jp,中原区,指定なし,１６歳以上なら受講できます。,"23,100円　教材費3,520円",24名,2026-08-20〜2026-09-24 / 先着順になります,公益財団法人　川崎市生涯学習財団,公益財団法人川崎市生涯学習財団　事業推進室,"授乳室,エレベーター,バリアフリートイレ",,2026-09-09 15:10:25
KAWASAKI-1e88f66685ee39ce,令和8年度地域課題研修「こどもが地域社会で育まれるために」～川崎市における里親制度の取り組み～,2026-10-09,2026-10-09,2026-10-09,13:30:00,15:30:00,,川崎市の里親制度や特別養子縁組についてそれぞれの機関からお話いただきます。前段では川崎市こども未来局から行政の取り組みをお話しいただき、後段では里親さんからもお話いただきます。川崎市で活躍している里親さんのお話が聞ける貴重な機会です。是非ご参加ください。,神奈川県川崎市中原区上小田中６丁目２２−５ 川崎市総合福祉センター,神奈川県川崎市中原区上小田中６丁目２２−５ 川崎市総合福祉センター,35.5811731,139.6424664,子ども・子育て;学び・講座,https://kawasaki-jinzaibank.jp,中原区,指定なし,川崎市在住・在勤・在学,,"25名
※定員を超えた場合は抽選",2026-08-18〜2026-09-14 / 神奈川県川崎市中原区上小田中6-22-5 / 関連URLまたは人材バンクのHPの申込フォームからお申込み下さい。申込時に受付完了メールが届いているかご確認下さい。届かない場合やこちらの方法でお申込みが難しい場合はご連絡ください。,社会福祉法人川崎市社会福祉協議会,"社会福祉法人川崎市社会福祉協議会川崎市福祉人材バンク / 〒211-0053
川崎市中原区上小田中6-22-5","授乳室,おむつ交換台,スロープ,エレベーター",申込締切は9月14日（月）10時必着。定員を超えた場合は抽選となり、申込時にご入力いただいたメールアドレスに抽選結果を通知いたします。,2026-08-18 17:25:06
KAWASAKI-2b63591ca5f23207,TOEIC®L＆R　５００店目標,2026-10-09,2027-01-29,2026-10-09;2026-10-16;2026-10-23;2026-10-30;2026-11-06;2026-11-13;2026-11-20;2026-11-27;2026-12-04;2026-12-11;2026-12-18;2026-12-25;2027-01-08;2027-01-15;2027-01-22;2027-01-29,18:30:00,20:00:00,毎週金曜日（1/1を除く）、全１6回の講座です。,英語学習から遠ざかっていた方や英語に苦手意識がある方も大丈夫です。楽しんで生きた英語を学びながら、TOEIC®L＆R５００点を目指しましょう。,神奈川県川崎市中原区今井南町２８−４１,神奈川県川崎市中原区今井南町２８−４１,35.570683,139.6541792,仕事・ビジネス;生活;学び・講座,https://www.kpal.or.jp,中原区,指定なし,１６歳以上なら受講できます。,"26,400円　教材費4,950円",24名,2026-08-14〜2026-09-18 / 先着順になります,公益財団法人　川崎市生涯学習財団,公益財団法人川崎市生涯学習財団　事業推進室,"授乳室,エレベーター,バリアフリートイレ",,2026-09-09 15:42:10
KAWASAKI-66834ea7ead5f6b4,スマホを話題に楽しくおしゃべり！「スマ友サロンinなかはら」,2026-10-10,2026-10-10,2026-10-10,14:00:00,16:00:00,詳しくは中原市民館ホームページをご確認ください。,お茶やコーヒーを飲みながらスマホの使い方などあれこれおしゃべりするサロンです。10月のテーマは「LINEどれだけ使ってる？」です。スマホ初心者の方、気軽参加してみませんか？（参加：無料）,神奈川県川崎市中原区新丸子東３丁目１１００−１２,神奈川県川崎市中原区新丸子東３丁目１１００−１２,35.5749199,139.6604607,生活;コミュニティ・交流;学び・講座,https://www.nakahara-shiminkan.jp/,中原区,高齢者,会場は交通アクセスの良い場所です。公共の交通機関をご利用なさってご来場ください。,,20人（先着）,2026-09-01〜2026-10-09,川崎市中原市民館（指定管理者：なかはらフューチャーデザインパートナーズ ）,中原市民館 / 川崎市中原区新丸子東3丁目1100－12 パークシティ武蔵小杉ミッドスカイタワー1・2階,"授乳室,おむつ交換台,手話又は筆談対応,思いやり駐車スペース,スロープ,エレベーター,オストメイト対応トイレ,バリアフリートイレ",,2026-09-14 15:52:20
KAWASAKI-36f18e3da2034612,令和8年度　献血推進イベント「噂のケンケツSHOW」,2026-10-11,2026-10-11,2026-10-11,12:30:00,15:30:00,"川崎フロンターレVS名古屋グランパス戦　試合前
※献血バスでの献血(予約制)は10時30分～14時30分","川崎市、神奈川県赤十字血液センター、川崎フロンターレは、平成23年から毎年3者主催献血推進イベントを行っています。
10月11日（日）川崎フロンターレの試合前にイベントを実施します！
（1)献血バスでの献血　
　 献血バスで献血（事前予約制）に御協力いただいた方に『川崎フロンターレ』×『日本赤十字社』コラボキーホルダー＆選手直筆サイン入り色紙をプレゼントします!
　 注意：記念品はランダムでプレゼントのため選手を選ぶことはできません。
（2)お笑い演芸ステージ開催
　　お笑い芸人ガリットチュウ、スパイク他のステージを開催します。
（3)献血PRブース「おフロシューターと献血ミニクイズで記念品ゲット!!」
　　ゲームを楽しみながら献血について知り、献血を身近に感じることができます！
（4)その他
　　バスボム作り教室のほか、献血にちなんで赤をモチーフとしたイベントを実施します。",川崎市中原区等々力1－1 Uvanceとどろきスタジアム by Fujitsu入口前フロンパーク,川崎市中原区等々力1－1 Uvanceとどろきスタジアム by Fujitsu入口前フロンパーク,35.585796504627055,139.65090543059063,体感・体験;健康・福祉;ボランティア,https://www.city.kawasaki.jp/350/page/0000189457.html,中原区,指定なし,"献血参加は16歳から69歳まで
（65～69歳の方は、60歳に達した日から65歳に達した日の前日までの間に採血が行われた方に限る）","献血参加はボランティア（事前予約が必要）
販売品購入、スタジアム内イベント観覧については別途料金が必要",献血参加は定員になり次第予約終了,2025-06-09〜2025-06-30 / 川崎フロンターレホームページ「川崎フロンターレ「献血応援キャンペーン」実施のお知らせ」内で献血の事前予約受付,川崎市・神奈川県赤十字血液センター・川崎フロンターレ　3者主催,健康福祉局 保健医療政策部 医事・薬事課,指定なし,,2026-09-10 20:25:24
KAWASAKI-5d4f11f0cdbdf4ba,中原歩こう会,2026-10-11,2026-10-11,2026-10-11,08:00:00,11:00:00,,"概要
楽しく歩くことによる健康増進と体力の向上を目的として開催しています。
参加資格はなく誰でも自由に参加することができます。

詳細
開催日　原則として毎月第2日曜日。ただし、8月は実施しません。
内容　中原区内など約5km前後のウォーキング。
コース　月ごとに異なります。
参加資格　自由。事前申込は不要
参加数　毎回約80～150名

その他
動きやすい服装でお越しください。運動靴、帽子、飲料水などをご用意の上、無理せず楽しく歩きましょう。

天候が危ぶまれる場合は、当日の午前6時30分以降に中原区役所守衛室()まで、御確認ください。また、中止または延期の場合は、当日の7時にこのHPにてお知らせいたします。

※守衛室は「中原歩こう会」からの依頼により、実施の有無についてのみ電話対応しています。詳細についてのお問い合わせは、平日8時30分から17時までに地域振興課までお願いします。",川崎市中原区小杉町3-245 中原区役所,川崎市中原区小杉町3-245 中原区役所,35.56442108295373,139.65393273578763,コミュニティ・交流;スポーツ;健康・福祉,https://www.city.kawasaki.jp/nakahara/page/0000102464.html,中原区,指定なし,,,,,中原区スポーツ推進委員会,中原区役所 まちづくり推進部 地域振興課 地域スポーツ推進担当,指定なし,,2026-09-14 13:25:32
KAWASAKI-d465f0ffdebb5c51,川崎市スポーツフェスタ2026　スポーツ体験教室参加者募集！,2026-10-12,2026-10-12,2026-10-12,10:00:00,16:00:00,,スポーツの楽しさを体験してもらい、継続的にスポーツを実施するきっかけとして、親子で一緒に行う初心者向けのスポーツ体験教室等（11種目：ラクビー、サッカー、野球、陸上競技、バスケ、チアダンス、卓球、体操、ボッチャ、ブレイクダンス、バレーボール）を実施します。,川崎市中原区等々力1-1 等々力緑地屋内外スポーツ施設等,川崎市中原区等々力1-1 等々力緑地屋内外スポーツ施設等,35.587001724924285,139.65063465552024,学び・講座;体感・体験;遊び;スポーツ;子ども・子育て;健康・福祉;防災・防犯;祭り;小学生向け,https://www.city.kawasaki.jp/250/page/0000188931.html,中原区,"小学生,保護者","小学1年生～3年生の児童（1名）と保護者（1名）
川崎市内在住",,各競技により異なります。詳細はホームページをご確認ください。,"2026-08-18〜2026-09-15 / ※定員を越えた場合は、抽選により参加者を決定します。
※抽選結果については、9月30日までを目途にメールで通知します。",市民文化局 市民スポーツ室,市民文化局 市民スポーツ室,指定なし,,2026-09-16 13:25:34
KAWASAKI-456a1c50ab85d94c,ハーブ＆アロマ＆はちみつ,2026-10-13,2026-12-08,2026-10-13;2026-10-27;2026-11-10;2026-11-24;2026-12-08,10:00:00,11:30:00,全５回,"季節のハーブ・アロマ・はちみつを使って、クラフトを作成します。
季節に合ったハーブティーをお持ち帰りいただきます。",神奈川県川崎市中原区今井南町２８−４１ 川崎市生涯学習プラザ,神奈川県川崎市中原区今井南町２８−４１ 川崎市生涯学習プラザ,35.570683,139.6541792,文化・芸術;コミュニティ・交流;体感・体験;学び・講座,https://www.kpal.or.jp,中原区,"高齢者,社会人,大学生,高校生",,"受講料：6,050円（５回分）
教材費：4,000円（５回分）",16名,2026-08-01〜2026-09-16 / 申込多数の場合には抽選になります,公益財団法人　川崎市生涯学習財団,公益財団法人川崎市生涯学習財団　事業推進室,"授乳室,おむつ交換台,思いやり駐車スペース,エレベーター,バリアフリートイレ",,2026-08-21 14:29:05
KAWASAKI-df71119de7f7189c,小学生向けオータムスクールのご案内,2026-10-13,2026-10-13,2026-10-13,09:30:00,11:30:00,,動物愛護センターANIMAMALL かわさきでは、かわさきホリデー・アンド・スタディ（ホリスタ）に小学生を対象としたオータムスクールを開催します。バックヤードツアーなどのプログラムをご用意して、皆さまのご参加をお待ちしています！,川崎市中原区上平間1700番地8 川崎市動物愛護センター ANIMAMALL かわさき,川崎市中原区上平間1700番地8 川崎市動物愛護センター ANIMAMALL かわさき,35.56607470078807,139.63654902381242,学び・講座;体感・体験;生き物,https://www.city.kawasaki.jp/350/page/0000189852.html,中原区,小学生,川崎市在住の小学生,,各回5組　（1組4名程度）,2026-09-13〜2026-10-12 / 先着順にてご案内いたします。,健康福祉局 保健医療政策部 動物愛護センター ANIMAMALL かわさき,健康福祉局 保健医療政策部 動物愛護センター,指定なし,,2026-09-10 10:25:39
KAWASAKI-91c5ee5ded60a82b,令和8年度3R推進講演会,2026-10-14,2026-10-14,2026-10-14,14:00:00,16:00:00,開場午後1時30分,"家庭におけるごみの減量・リサイクルをテーマとした講演会を開催します。

【テーマ】マヨネーズボトル回収プロジェクトがつなぐプラスチック資源循環

　海洋プラスチックごみの削減と資源循環の実現を目指し、キユーピー株式会社、味の素株式会社、アミタ株式会社の3社が連携して取り組む「使用済みマヨネーズボトル回収の実証実験」をご紹介します。本プロジェクトでは、使用済みのマヨネーズボトルを「ごみ」ではなく「資源」として回収し、新たな資源循環の仕組みづくりに挑戦しています。
　講演では、アミタ株式会社より川崎市内で実施している回収実証の内容やその成果、生活者参加による資源循環の可能性についてご紹介するとともに、キユーピー株式会社・味の素株式会社によるプラスチック削減や資源循環に向けた最新の取り組みをお伝えします。",中原区上小田中6－22－5 川崎市総合福祉センター（エポックなかはら）ホール,中原区上小田中6－22－5 川崎市総合福祉センター（エポックなかはら）ホール,35.58115295309428,139.64235126972198,学び・講座;環境・自然,https://www.city.kawasaki.jp/300/page/0000190058.html,中原区,指定なし,,,当日先着900人,,環境局 生活環境部 減量推進課,環境局 生活環境部 減量推進課,指定なし,,2026-09-16 11:25:34
KAWASAKI-28e99fa19de48604,災害時看護支援ボランティアナース養成講座,2026-10-14,2026-10-14,2026-10-14,09:30:00,16:00:00,,災害発生時に避難所など身近な地域の医療救護や相談支援に協力していただく「災害時看護支援ボランティアナース」の養成講座を開催します。受講後に希望される方を「災害時看護支援ボランティアナース」として登録します。この研修は登録を強制するものではありませんので、災害発生時の看護支援活動に関心があり、なにかできることはないかと考えている看護職の方はこの機会にぜひ御受講ください。災害時こそ看護の力が必要です。,神奈川県川崎市中原区今井上町１−３４ 和田ビル,神奈川県川崎市中原区今井上町１−３４ 和田ビル,35.5769587,139.6534593,学び・講座,https://www.kawa-kango.jp/,中原区,指定なし,看護職の免許を持ち、市内災害発生時の看護支援に関心のある方,,４０名,2026-08-03〜2026-10-07 / 川崎市看護協会ホームページ（またはチラシに記載の２次元コード）の研修フォームよりお申込みください。受付メールが届いたら受講手続きの完了です。定員を超えた場合のみ、別途連絡いたします。,公益社団法人　川崎市看護協会,公益社団法人　川崎市看護協会 / 川崎市中原区今井上町１－３４和田ビル３階,"思いやり駐車スペース,エレベーター",,2026-08-04 19:30:34
KAWASAKI-c37dc11d74c851ce,［未経験者歓迎］「中原区」の新たな魅力を発見・共有・交流するYouTubeチャンネルに動画を投稿しませんか？,2026-10-17,2026-10-17,2026-10-17,10:00:00,12:00:00,10月17日、11月14日・21日の3回連続講座です。3日間で動画の編集・投稿方法を習得します。,"講座名：中原YouTubeで発信！動画編集・投稿方法をサクッと習得
「中原区」の新たな魅力を発見・共有・交流するYouTubeチャンネルに動画を投稿しませんか？中原区に少しでも関連する動画であれば、ジャンルを問わず何でも投稿OKな映像コミュニティ！スマホをお持ちの方で、終了後「特派員」として動画を投稿していただける方はどなたでもご参加いただけます。",神奈川県川崎市中原区新丸子東３丁目１１００−１２,神奈川県川崎市中原区新丸子東３丁目１１００−１２,35.5749199,139.6604607,生活;コミュニティ・交流;学び・講座,https://www.nakahara-shiminkan.jp/,中原区,指定なし,会場は交通アクセスの良い場所です。公共の交通機関をご利用なさってご来場ください。,,10人（先着順）,2026-09-20〜2026-10-15,川崎市中原市民館（指定管理者：なかはらフューチャーデザインパートナーズ ）,中原市民館 / 川崎市中原区新丸子東3丁目1100－12 パークシティ武蔵小杉ミッドスカイタワー1・2階,"授乳室,おむつ交換台,手話又は筆談対応,思いやり駐車スペース,スロープ,エレベーター,オストメイト対応トイレ,バリアフリートイレ",,2026-09-14 15:52:10
KAWASAKI-60ec05523eb28c9b,川崎市民登山　尾瀬ヶ原,2026-10-17,2026-10-18,2026-10-17;2026-10-18,06:00:00,20:00:00,,紅葉の尾瀬ヶ原の景色を楽しむ1泊2日の市民登山,群馬県利根郡片品村戸倉８９８−２５,群馬県利根郡片品村戸倉８９８−２５,36.8898865,139.2006809,環境・自然;健康・福祉;スポーツ;コミュニティ・交流;遊び;体感・体験;学び・講座,,その他,指定なし,定員を超える応募の際は、川崎市内在住、在勤者を優先いたします。,"45,000円（交通費、宿泊代、傷害保険代） 
※集合場所は、ＪＲ南武線『武蔵小杉駅』 改札出口のコンコース
※自宅から武蔵小杉駅までの往復の交通費は各自にてご負担ください。",20名,"2026-08-28〜2026-09-30 / 定員を超える応募の際は、川崎市内在住、在勤者を優先いたします。
※集合場所は、ＪＲ南武線『武蔵小杉駅』 改札出口のコンコース","主管：川崎市山岳協会
主催：(公財)川崎市スポーツ協会　川崎市",川崎市山岳協会普及委員　菅原 守雄,指定なし,※集合場所は、ＪＲ南武線『武蔵小杉駅』 改札出口のコンコースとなります。,2026-08-28 17:46:05
KAWASAKI-4cec60879e49481c,未来をみつめる平和・人権学習～過去から学び、今を知り、未来を考える～,2026-10-17,2026-12-19,2026-10-17;2026-10-24;2026-11-14;2026-11-21;2026-12-12;2026-12-19,,,"13:30:00〜15:30:00
09:30:00〜11:30:00
10/24（土）は平和館見学と学習会を開催し、12/12（土）はユニセフハウス見学をします。",国連の「子どもの権利条約」を日本が批准してから30年が過ぎ、川崎市子どもの権利に関する条例が施行されてから２５年を迎えた。何故このようなルールを決めておかないといけないのでしょう。暴力や争いが起こる原因はどこにあるのでしょう。貧困や環境問題などを心配せずに、子どもたちが安心してのびのび生きられる、そんな世の中であるために、考え、学ぶ学習会を開催します。,神奈川県川崎市中原区新丸子東３丁目１１００−１２,神奈川県川崎市中原区新丸子東３丁目１１００−１２,35.5747731,139.6609749,高校生向け;生活;環境・自然;健康・福祉;体感・体験,https://www.nakahara-shiminkan.jp/,中原区,"外国人,障がい者,高齢者,保護者,社会人,大学生,高校生",,,20名,2026-08-30〜2026-10-15 / ホームページTOPページ　講座・イベントをご確認ください。,中原市民館,中原市民館 / 川崎市中原区新丸子東3丁目1100－12 パークシティ武蔵小杉ミッドスカイタワー1・2階,"授乳室,おむつ交換台,手話又は筆談対応,思いやり駐車スペース,スロープ,エレベーター,オストメイト対応トイレ,バリアフリートイレ",全回出席が難しい方もご相談ください。,2026-09-14 10:05:18
KAWASAKI-868f5dcea34ab854,川崎ウインドオーケストラ第24回定期演奏会,2026-10-18,2026-10-18,2026-10-18,13:30:00,15:30:00,,"入場無料・全席自由となっておりますのでご家族・ご友人お誘い合わせの上、お気軽にご来場ください！
団員一同お待ちしております♪

●交通：JR南武線「武蔵中原駅」徒歩1分
（駅改札口を出て右側の駅から続く連絡通路をご利用ください。)
●会場：入場無料、全席自由、未就学児OK！
（公共交通機関でのご来館にご協力をお願いいたします。）
●指揮：仲辻征史（当団常任指揮者）
●曲目：
♪ウィズ・ハート・アンド・ヴォイス
♪スーパーマリオブラザーズ
♪新宝島
♪ノートルダムの鐘 他

♬オープニングコンサートもございます♬

※未就学児童の入場も可能ではございますが、他のお客様のご迷惑にならないよう、ご配慮いただきますようお願い申し上げます。

X(旧Twitter)：@kwo_since2002
Instagram：@kwo_since2002
お問い合わせ：",神奈川県川崎市中原区上小田中６丁目２２−５ エポックなかはら（川崎市総合福祉センター）,神奈川県川崎市中原区上小田中６丁目２２−５ エポックなかはら（川崎市総合福祉センター）,35.58115,139.6423566,高校生向け;中学生向け;小学生向け;文化・芸術;音楽,https://kawasaki-wo.jimdofree.com/,中原区,指定なし,,,,,川崎ウインドオーケストラ,,指定なし,,2026-07-01 18:07:33
KAWASAKI-1909d09a3e666131,"202６年度市民活動デザイン講座
「私らしい地域との関わり方」～一人から始められる、私らしい市民活動のデザイン～",2026-10-18,2026-11-08,2026-10-18;2026-10-24;2026-10-31;2026-11-08,10:00:00,,"10:00:00〜12:30:00
10:00:00〜12:00:00","全４回の連続講座です。
市民活動って、もっと自由でいい。
地域の「気になる」「やってみたい」から始める、一人から始められる市民活動を自分で考えて、自分らしくつくる講座です。",神奈川県川崎市中原区新丸子東３丁目１１００−１２,神奈川県川崎市中原区新丸子東３丁目１１００−１２,35.5747023,139.6604102,ボランティア;学び・講座,https://www2.kawasaki-shiminkatsudo.or.jp/volunt/14847/,中原区,指定なし,保育はありません。原則全4回出席できるかた,"2000円（全４回分）
第１回時に全額お支払いください。",,2026-09-18〜2026-10-17,公益財団法人かわさき市民活動センター,（公財）かわさき市民活動センター,指定なし,,2026-09-15 19:46:38
KAWASAKI-df08862015407c31,ステップアップ！色えんぴつ画,2026-10-19,2026-12-14,2026-10-19;2026-10-26;2026-11-16;2026-11-30;2026-12-14,14:00:00,15:30:00,全５回,"色えんぴつ画入門受講経験者、スケッチの基礎技術のある中級者向け講座です。
描く楽しさを存分に味わっていただけます。",神奈川県川崎市中原区今井南町２８−４１,神奈川県川崎市中原区今井南町２８−４１,35.570683,139.6541792,文化・芸術;コミュニティ・交流;体感・体験;学び・講座,https://www.kpal.or.jp,中原区,"高齢者,社会人,大学生,高校生",,"受講料：6,050円（５回分）",20名,2026-08-01〜2026-09-16 / 申込多数の場合には抽選になります,公益財団法人　川崎市生涯学習財団,公益財団法人川崎市生涯学習財団　事業推進室,"おむつ交換台,思いやり駐車スペース,エレベーター,バリアフリートイレ,授乳室",,2026-08-21 14:34:06
KAWASAKI-908b5881491a6b27,色えんぴつ画入門,2026-10-19,2026-12-14,2026-10-19;2026-10-26;2026-11-16;2026-11-30;2026-12-14,14:00:00,15:30:00,全５回,"旅先での素敵な景色をささっとスケッチできることを目標に！
身近な果物、野菜から練習します。
はじめての方向けに丁寧にご指導します。",神奈川県川崎市中原区今井南町２８−４１ 川崎市生涯学習プラザ,神奈川県川崎市中原区今井南町２８−４１ 川崎市生涯学習プラザ,35.570683,139.6541792,学び・講座;文化・芸術;コミュニティ・交流;体感・体験,https://www.kpal.or.jp,中原区,"高齢者,社会人,大学生,高校生",,"受講料：6,050円（５回分）",16名,2026-08-01〜2026-09-16 / 申込多数の場合には抽選になります,公益財団法人　川崎市生涯学習財団,公益財団法人川崎市生涯学習財団　事業推進室,"授乳室,おむつ交換台,思いやり駐車スペース,エレベーター,バリアフリートイレ",,2026-08-21 14:32:50
KAWASAKI-33dbcd31439e30b5,"【中原区民招待】川崎ブレイブサンダースホームゲーム観戦会（10/21,24,31,11/1）",2026-10-21,2026-11-01,2026-10-21;2026-10-24;2026-10-31;2026-11-01,,,"19:05:00〜21:00:00
15:05:00〜17:00:00
18:05:00〜20:00:00
※終了時刻は前後することがあります。
※終了時刻は前後することがあります。
※終了時刻は前後することがあります。","川崎ブレイブサンダースのホームゲームに、中原区在住の皆様を対象に抽選で各日20名様を御招待します。

■対象試合
10/21(水) 19:05～vs大阪エヴェッサ
10/24(土) 15:05～vs仙台89ERS
10/31(土) 18:05～vs横浜ビー・コルセアーズ
11/1(日) 19:05～vs横浜ビー・コルセアーズ

川崎ブレイブサンダースのホームゲームは、炎やビジョン映像を使った試合前演出やチアリーダーズのパフォーマンスなど、バスケットボールの観戦が初めての方や御家族でもお楽しみいただける仕掛けが盛りだくさんです！",川崎市中原区等々力1-3 東急ドレッセとどろきアリーナ,川崎市中原区等々力1-3 東急ドレッセとどろきアリーナ,35.58760924226121,139.64742135805093,スポーツ,https://www.city.kawasaki.jp/nakahara/page/0000170580.html,中原区,指定なし,中原区在住　※在勤・在学は対象外,,各日20名　※応募者多数の場合抽選,2026-08-25〜2026-09-20,川崎ブレイブサンダース,中原区役所 まちづくり推進部 地域振興課 地域スポーツ推進担当,指定なし,未就学児は大人の膝上観戦に限り、無料で御入場いただけます。座席を使用して観戦する場合、チケットが必要になります。,2026-08-25 15:25:19
KAWASAKI-2023b36dbfdd208c,チーズを気軽に楽しむ,2026-10-22,2026-12-17,2026-10-22;2026-11-05;2026-11-19;2026-12-03;2026-12-17,14:00:00,15:30:00,全５回,チーズで季節を感じましょう。チーズの種類や豆知識、切り方などを学びながらワインと共に楽しんでいただきます。,神奈川県川崎市中原区今井南町２８−４１ 川崎市生涯学習プラザ,神奈川県川崎市中原区今井南町２８−４１ 川崎市生涯学習プラザ,35.570683,139.6541792,文化・芸術;コミュニティ・交流;体感・体験;学び・講座,https://www.kpal.or.jp,中原区,"高齢者,社会人,大学生,高校生",,"受講料：6,050円（５回分）
教材費：5,500（５回分）",16名,2026-08-01〜2026-09-16 / 申込多数の場合には抽選になります,公益財団法人　川崎市生涯学習財団,公益財団法人川崎市生涯学習財団　事業推進室,"授乳室,おむつ交換台,思いやり駐車スペース,エレベーター,バリアフリートイレ",,2026-08-21 14:30:48
KAWASAKI-cb75538e92276673,川崎フロンターレ　ホームゲーム応援ツアー（vsファジアーノ岡山）,2026-10-25,2026-10-25,2026-10-25,16:00:00,18:00:00,,"川崎フロンターレのホーム戦（vsファジアーノ岡山）をみんなで応援しよう！現地集合、現地解散です。
4,600円 (観戦チケット代)
・川崎フロンターレ麻生アシストクラブからの助成による特別料金
・大人・子ども同一料金
・小・中学生は保護者同伴
・抽選結果発送後、当選の方は期日までに指定口座への入金が必要となります
・入場チケットは試合当日のお渡しとなります（氏名確認有）
・会場までの往復交通費は当選者負担となります",中原区等々力1－1 Uvanceとどろきスタジアム by Fujitsu,中原区等々力1－1 Uvanceとどろきスタジアム by Fujitsu,35.585807967386756,139.65272068977356,体感・体験;遊び;スポーツ,https://www.city.kawasaki.jp/asao/page/0000189645.html,中原区,指定なし,麻生区在住、在勤、在学,"4,600円
・川崎フロンターレ麻生アシストクラブからの助成による特別料金
・大人・子ども同一料金","50名程度
・1家族2名まで
・応募多数の場合は抽選",2026-09-01〜2026-09-18 / 抽選結果は当選者のみ9月28日（月）までにメールで連絡します。,川崎フロンターレ麻生アシストクラブ,麻生区役所 まちづくり推進部 地域振興課,指定なし,,2026-09-01 01:25:26
KAWASAKI-c7e452e01fd94067,人形劇「パンどろぼう」川崎公演,2026-10-31,2026-10-31,2026-10-31,11:00:00,15:30:00,"【開演時間】
①11:00開演（10:30開場）
②14:00開演（13:30開場）
上演時間90分（休憩15分含む）","みんなでパンどろぼうに会いに行こう！
大人気絵本シリーズ「パンどろぼう」が人形劇になって川崎市にやってくる！

「おれは パンどろぼう。おいしいパンを さがしもとめる おおどろぼうさ」
パンに包まれた、その正体とは――!?
お茶目で憎めないパンどろぼうが、今日も事件をまきおこす！

開催日
2026年10月31日（土）

開場・開演時間
①11:00開演（10:30開場）
②14:00開演（13:30開場）
上演時間90分（休憩15分含む）

会場
エポックなかはら 大ホール（JR南武線「武蔵中原駅」直結）

料金
全席指定 4,000円（税込）（3歳以上）
※車椅子席あり。
※3歳未満のお子様で膝上鑑賞の場合は無料です。",神奈川県川崎市中原区上小田中６丁目２２−５ 川崎市総合福祉センター エポックなかはら 大ホール,神奈川県川崎市中原区上小田中６丁目２２−５ 川崎市総合福祉センター エポックなかはら 大ホール,35.5811573159335,139.64234590530396,小学生向け;子ども・子育て;文化・芸術,https://teket.jp/19357/75332,中原区,指定なし,乳幼児から大人まで楽しめます。,"全席指定 4,000円（税込）（3歳以上）",1公演500名,"2026-08-01〜2026-10-31 / 電子チケットサービス「teket」での販売のみとなります。
記載URLよりチケット販売ページをご覧ください。",人形劇「パンどろぼう」川崎公演実行委員会,人形劇「パンどろぼう」川崎公演実行委員会,"授乳室,おむつ交換台,スロープ,エレベーター,オストメイト対応トイレ,バリアフリートイレ",車椅子席あり,2026-08-12 10:00:14
KAWASAKI-f38577c1ffe03c29,パンジーの地掘り・寄せ植え体験,2026-10-31,2026-10-31,2026-10-31,09:30:00,11:35:00,,"川崎で育ったパンジーを畑から掘り上げて寄せ植えを作ります。
市内産農産物「かわさきそだち」のパンジーで一緒に秋を感じませんか？
皆様の御参加をお待ちしております。


【日時・内容】
2026年10月31日　土曜
第1部　午前9時30分　～　午前10時20分
第2部　午前10時45分　～　午前11時35分
当日雨天時は、中止とし、延期はいたしません。
　　　　　　　　　　　　　　　　
【開催・集合場所】
「かしま園」（中原区下小田中5-1-2
JR南武線「武蔵中原」駅から徒歩15分
市バス「全竜寺前」から徒歩5分
農園に駐車場はございませんので、公共交通機関でお越しください。

【費用】
1組1,000円（寄せ植え持ち帰り分含む）",中原区下小田中5-1-2 かしま園,中原区下小田中5-1-2 かしま園,35.57649766821092,139.63510394096375,学び・講座;体感・体験;コミュニティ・交流;子ども・子育て;環境・自然,https://www.city.kawasaki.jp/280/page/0000189533.html,中原区,指定なし,市内在住の方,"1組　1,000円（寄せ植え持ち帰り分含む）","各10組。申し込み多数の場合は抽選
1組あたり3名まで（18歳未満の場合、保護者の申込・同伴が必要）",2026-09-01〜2026-10-05 / 川崎市高津区梶ヶ谷2丁目1番地7号 　川崎市経済労働局都市農業振興センター農業振興課,かわさき地産地消推進協議会,経済労働局 都市農業振興センター 農業振興課,指定なし,"申込みは、1組につき1件のみです。
応募者多数の場合は抽選となります。
申込み結果は、メールまたは、はがきにて通知します。",2026-09-10 22:25:34
KAWASAKI-d52b8b7afb13975e,【子育て支援に興味ある方大歓迎！】地域で子育てきっかけ講座,2026-11-04,2026-11-30,2026-11-04;2026-11-18;2026-11-30,10:00:00,12:00:00,,"「子ども達のために何かできたらいいな」 「地域とのつながりを広げたいな」

そんな思いをお持ちの方へ。

この講座では、子どもや子育て家庭を取り巻く現状や、地域での支え合いについて楽しく学びながら、子育て支援の第一歩を見つけていきます。

子育て中の方も、地域活動に興味のある方も、まずは気軽に参加してみませんか？

あなたの“ちょっとした気持ち”が、地域の子育てを支える大きな力につながります。",川崎市中原区新丸子東3-1100-12 公益財団法人かわさき市民活動センター,川崎市中原区新丸子東3-1100-12 公益財団法人かわさき市民活動センター,35.574736050062796,139.6604159474373,学び・講座;子ども・子育て,https://www.city.kawasaki.jp/nakahara/page/0000189351.html,中原区,指定なし,,オンライン受講の場合、受講中の通信料等は受講生の負担となります）,会場、オンライン受講生合わせて　30名程,"2026-09-10〜2026-10-23 / 申込フォームの利用が困難な際は、電話でお問い合わせください。
企画実施団体：公益財団法人かわさき市民活動センター　 (9時～21時) (ただし日曜・祝日は9時から17時30分)",中原区役所 地域みまもり支援センター（福祉事務所・保健所支所） 地域ケア推進課,"中原区役所 地域みまもり支援センター 地域ケア推進課
公益財団法人かわさき市民活動センター",指定なし,,2026-09-10 09:25:24
KAWASAKI-548d4d5b3c8d34af,第21回なかはら子ども未来フェスタ,2026-11-07,2026-11-07,2026-11-07,10:00:00,16:00:00,,"2006年から開催され、親子で楽しめるおまつりとしてたくさんの方にご来場いただいてきた「なかはら子ども未来フェスタ」。

今年で21回目の開催となります。今年のフェスタはワークショップやクイズラリーなど、たくさんの企画を用意しています！ぜひ、遊びにきてください。",神奈川県川崎市中原区新丸子東3丁目1100番12号 中原市民館、かわさき市民活動センター,神奈川県川崎市中原区新丸子東3丁目1100番12号 中原市民館、かわさき市民活動センター,35.574918212992316,139.6603810787201,体感・体験;コミュニティ・交流;子ども・子育て,https://www.city.kawasaki.jp/nakahara/page/0000132882.html,中原区,指定なし,,,イベント内容によって、事前申込が必要なものや当日整理券配布があります。詳しくは中原区ホームページをご覧ください。,イベント内容によって、事前申込が必要なものや当日整理券配布があります。詳しくは中原区ホームページをご覧ください。,なかはら子ども未来フェスタ実行委員会,中原区役所 地域みまもり支援センター（福祉事務所・保健所支所） 地域ケア推進課 / 中原区役所地域ケア推進課,指定なし,,2026-07-13 14:25:01
KAWASAKI-64607591370140fe,2026インターナショナル・フェスティバル in カワサキ,2026-11-08,2026-11-08,2026-11-08,10:00:00,16:00:00,,"さまざまな国・地域の文化を体験できるイベント
シーラ・クリフさん（着物研究家）のトークショーを始め、さまざまな国や地域の音楽やダンスを楽しめるステージ、川崎で活動する民間団体の活動発表、外国人のための相談や情報提供、留学生と交流できるコーナー、世界の物産展、世界のキッチンカーなど盛りだくさんのイベントです。",神奈川県川崎市中原区木月祗園町２−２,神奈川県川崎市中原区木月祗園町２−２,35.568418,139.648242,コミュニティ・交流;体感・体験;学び・講座,https://www.kian.or.jp/evenko26/event/festival.shtml,中原区,指定なし,,入場無料、一部有料あり,,,インターナショナル・フェスティバル実行委員会,（公財）川崎市国際交流協会,指定なし,,2026-09-02 16:53:15
KAWASAKI-6563b908cd4cbed5,【参加者募集】消費者支援強調月間特別講演「なぜ人は騙されるのか？消費者被害の心理トリック」,2026-11-09,2026-11-09,2026-11-09,14:30:00,16:10:00,,"川崎市では、「川崎市消費者の利益の擁護及び増進に関する条例」を施行した11月を消費者支援強調月間とし、講演会等の啓発事業を実施しています。
今年度は、「消費者被害に遭わないための心理学」をテーマに消費者支援強調月間特別講演を開催します。",川崎市中原区小杉町3-600　コスギサードアヴェニュー4階 川崎市総合自治会館,川崎市中原区小杉町3-600　コスギサードアヴェニュー4階 川崎市総合自治会館,35.57627810004673,139.6580069415793,学び・講座;防災・防犯;生活,https://www.city.kawasaki.jp/280/page/0000188951.html,中原区,指定なし,川崎市内在住・在勤・在学の方,,100名,2026-09-15〜2026-11-06,経済労働局 産業政策部 消費者行政センター,経済労働局 産業政策部 消費者行政センター 啓発係,指定なし,,2026-08-14 10:25:25
KAWASAKI-38c0bea0fe2a7cc8,なかはらの魅力発信講座,2026-11-09,2026-11-25,2026-11-09;2026-11-10;2026-11-11;2026-11-12;2026-11-13;2026-11-14;2026-11-15;2026-11-16;2026-11-17;2026-11-18;2026-11-19;2026-11-20;2026-11-21;2026-11-22;2026-11-23;2026-11-24;2026-11-25,10:00:00,12:00:00,,"第1回　11月9日(月)　講座「世田谷吉良氏と上小田中・泉澤寺」（10時～12時）

第2回　11月25日(水) 　まち歩き「吉良氏の本拠世田谷を歩く」（10時半～13時）",中原区小杉町3－245 中原区役所5階会議室,中原区小杉町3－245 中原区役所5階会議室,35.57632750740527,139.65576231479645,学び・講座;体感・体験;文化・芸術;健康・福祉;観光,https://www.city.kawasaki.jp/nakahara/page/0000189216.html,中原区,指定なし,中原区,,,2026-09-20〜2026-10-21 / 〒211-8570　中原区役所地域振興課まちづくり推進係,中原区役所／なかはら散策ガイドの会,中原区役所地域振興課,指定なし,,2026-09-16 19:25:34
KAWASAKI-3f2d77ae2e8503cd,おと絵かきタイム　in大戸こども文化センター,2026-11-11,2026-11-11,2026-11-11,15:00:00,16:00:00,,"和楽器の音楽を聴きながら、みんなで5メートルの大きな紙に絵を描いていきます。
みんなで和楽器のリズムに乗って、どんな絵が描けるかな？
体を使って大きな絵を描いていこう！
こちらで作成した絵は、12月に中原市民館１Fギャラリーで行われる「きらきら未来アート」展に飾られます。",神奈川県川崎市中原区上小田中２丁目２４−１,神奈川県川崎市中原区上小田中２丁目２４−１,35.58677645556545,139.63734090328217,子ども・子育て;音楽;遊び;体感・体験;学び・講座,https://sites.google.com/view/webcircle-art/2026%E5%B9%B4%E5%BA%A6%E6%B4%BB%E5%8B%95?authuser=0,中原区,"保護者,幼児",親子（未就学児2歳～6歳）,,親子5組（未就学児2歳～6歳）,2026-10-24〜2026-11-06 / 11月7日(土)　抽選＆結果発表　※大戸こども文化センターにて掲示＆HPにて発表,web circle,web circle　代表　坂田美代子,指定なし,,2026-08-31 18:24:37
KAWASAKI-cd6f8e40b9200177,おと絵かきタイム　宮内こども文化センター,2026-11-18,2026-11-18,2026-11-18,10:00:00,11:00:00,,"スティールパンの音楽を聴きながら、みんなで5メートルの大きな紙に絵を描いていきます。
みんなでスティールパンのリズムに乗って、どんな絵が描けるかな？
体を使って大きな絵を描いていこう！
こちらで作成した絵は、12月に中原市民館１Fギャラリーで行われる「きらきら未来アート」展に飾られます。",神奈川県川崎市中原区宮内３丁目４−３ 川崎市宮内こども文化センター,神奈川県川崎市中原区宮内３丁目４−３ 川崎市宮内こども文化センター,35.59020969541025,139.64556992053986,子ども・子育て;音楽;遊び;体感・体験;学び・講座,https://sites.google.com/view/webcircle-art/2026%E5%B9%B4%E5%BA%A6%E6%B4%BB%E5%8B%95?authuser=0,中原区,"保護者,幼児",親子（未就学児2歳～6歳）,,親子10組（未就学児2歳～6歳）,2026-10-20〜2026-11-13 / 11月14日(土)　抽選＆結果発表　※宮内こども文化センターにて掲示＆HPにて発表,web circle,web circle　代表　坂田美代子,指定なし,,2026-08-31 18:47:35
KAWASAKI-c3faf6ad1ca9d4c0,消費生活サポーター養成講座,2026-11-25,2026-12-02,2026-11-25;2026-12-02,13:00:00,16:00:00,,川崎市消費者行政センターでは「消費生活サポーター」としてご登録いただいた方に、地域における消費生活に関する見守りや知識を広げる担い手として、御自身のライフスタイルや経験に合わせ、ボランティアとして活動していただいています。現在、142名の方に活動いただいており、この度、第9期の「消費生活サポーター」を養成する講座を開催します。皆様の御参加をお待ちしております。,川崎市中原区小杉町3ー600コスギサードアヴェニュー4階 川崎市総合自治会館　大会議室,川崎市中原区小杉町3ー600コスギサードアヴェニュー4階 川崎市総合自治会館　大会議室,35.57574721270863,139.65848475694656,学び・講座;防災・防犯;ボランティア;生活;仕事・ビジネス,https://www.city.kawasaki.jp/280/page/0000189258.html,中原区,指定なし,市内在住・在勤・在学の18歳以上の方（令和9年3月末時点）,,先着順50名,2026-10-15〜2026-11-16,経済労働局 産業政策部 消費者行政センター,経済労働局 産業政策部 消費者行政センター 啓発係,指定なし,,2026-08-13 12:25:18
KAWASAKI-f5374daa1f2de914,令和8年度かわさき子どもの権利の日のつどい,2026-11-28,2026-11-28,2026-11-28,10:00:00,15:00:00,,"川崎市では、かわさき子どもの権利のに関する条例第5条により11月20日を「子どもの権利の日」として、毎年この権利の日の前後の月に「かわさき子どもの権利の日のつどい」を実施しています。
今年は11月28日（土）に中原市民館で行います。",川崎市中原区新丸子東3-1100-12 パークシティ武蔵小杉ミッドスカイタワー1・2階 中原市民館,川崎市中原区新丸子東3-1100-12 パークシティ武蔵小杉ミッドスカイタワー1・2階 中原市民館,35.57491821299229,139.6603810787201,学び・講座;体感・体験;遊び;コミュニティ・交流;文化・芸術;子ども・子育て;祭り;小学生向け;中学生向け,https://www.city.kawasaki.jp/450/page/0000155082.html,中原区,"幼児,小学生,中学生,社会人,保護者",,,,,こども未来局 青少年支援室,こども未来局 青少年支援室,指定なし,,2026-08-31 17:25:19
KAWASAKI-096539730894a866,第5回なかはらランニングフェスタ,2026-12-05,2026-12-05,2026-12-05,09:15:00,12:30:00,,"子どもから大人まで気軽に参加でき、走る楽しみや完走する達成感を感じられるランニングイベントを開催します！
　仮装でのランニング大歓迎！一流アスリート達も走ったUvanceとどろきスタジアム by Fujitsuで、あなたも走ってみませんか？
　申込、詳細については中原区ホームページを御覧ください。",川崎市中原区等々力1-1 Uvanceとどろきスタジアム by Fujitsu（等々力陸上競技場）,川崎市中原区等々力1-1 Uvanceとどろきスタジアム by Fujitsu（等々力陸上競技場）,35.58763330365071,139.64975772728138,スポーツ;子ども・子育て;健康・福祉;小学生向け;中学生向け;高校生向け,https://www.city.kawasaki.jp/nakahara/page/0000189693.html,中原区,"幼児,小学生,中学生,高校生,大学生,社会人,保護者,高齢者,障がい者,外国人",中原区在住・在勤・在学の未就学児（3～6歳程度）以上の方 ※車いすランのみ区外・市外の方も参加可,ランニング教室500円、チャレンジラン500円、ファミリーラン2人組600円・3人組700円、車いすラン100円（介助者と一緒に走る場合は200円）、一般ラン300円、ロードレース小学生100円,・ランニング教室 小学生30人/一般50人 ・チャレンジラン300人（1組2人） ・ファミリーラン300人（1組3人まで) ・車いすラン20人・一般ラン50人 ・ロードレース 小学生 各学年100人,2026-10-15〜2026-11-24 / 申込方法については、中原区役所ホームページを御覧ください。,なかはらランニングフェスタ実行委員会,中原区役所 まちづくり推進部 地域振興課 地域スポーツ推進担当,指定なし,詳細は中原区HPを御確認ください。,2026-09-07 08:25:27
KAWASAKI-4a6496454f6f7ea7,In Unity(インユニティ),2027-01-24,2027-01-24,2027-01-24,14:00:00,18:30:00,,In Unityは区内のボランティアが中心の実行委員会により、アマチュアバンドやダンスユニットに、日頃の成果を大舞台で発表する場を提供するとともに、音楽をきっかけに幅広く区内の地域・世代間の交流を図ることを目的に、手作りによる音楽ライブを開催しています。,川崎市中原区上小田中6丁目22－5 エポックなかはら,川崎市中原区上小田中6丁目22－5 エポックなかはら,35.58113413819717,139.64253001465548,体感・体験;音楽;文化・芸術;ボランティア;小学生向け;中学生向け;高校生向け,https://www.city.kawasaki.jp/nakahara/page/0000184769.html,中原区,指定なし,,,,詳しいお問い合わせはIn　Unity実行委員会HPをご覧いただくかメールアドレス（）までお問合せください。,中原区音楽ライブ実行委員会（In　Unity実行委員会）、中原区役所,中原区役所 まちづくり推進部 地域振興課 まちづくり推進係,指定なし,,2026-03-13 15:25:55
KAWASAKI-c3071850cdddda8b,両親学級,2026-10-04,2027-03-07,2026-10-04;2026-11-01;2026-12-05;2027-01-17;2027-02-06;2027-03-07,09:30:00,12:00:00,"9：15より受付開始です。
参加費は当日現金にてお願いいたします。
温かいお飲み物の準備をしていますので、受付開始頃にお越しいただければと思います。","訪問型・産後ケア専門の助産院POLEPOLEでは、毎月1回、少人数制で実習を大切にした両親学級を開催しています。
テキストを用いた講義に加え、妊婦体験や沐浴、抱っこ、おむつ交換などを実際に体験しながら、産後の生活を具体的にイメージしていきます。新しい生活の準備は、物品だけでなく「こころの準備」もとても大切です。お一人でも、パートナーとご一緒でもご参加いただけます。楽しみながら学び、赤ちゃんを迎える準備を一緒にしましょう！",神奈川県川崎市高津区溝口１丁目１８−１６ 川崎市わーくす高津,神奈川県川崎市高津区溝口１丁目１８−１６ 川崎市わーくす高津,35.6011193,139.6140725,体感・体験;学び・講座;生活;健康・福祉;子ども・子育て,https://midwifery-polepole.com/,高津区,妊産婦,,"3,500円（おふたりまで・一組）
・妊娠20週～35週の妊婦さんとそのパートナー
・妊娠経過に異常がなく、主治医から外出の許可がある方",6組12名程度,"2026-03-27〜2027-03-06 / お申込みの方が多い場合は別日程で追加開催することがあります。
URLよりお申し込み後、お申込み時に記載いただいたメールアドレスにご案内をお送りしております。",助産院POLEPOLE,"助産院POLEPOLE / 〒213-0032
川崎市高津区久地","エレベーター,オストメイト対応トイレ,バリアフリートイレ","駐車場や駐輪場はございません。近隣のコインパーキングや駐輪場をご利用ください。
感染症の症状や恐れがある場合は参加をご遠慮いただき、ご相談ください。",2026-04-01 09:22:16
KAWASAKI-1043c55b360121ad,高津市民館「親子フリースペース ぷらっと」,2026-10-08,2027-03-11,2026-10-08;2026-11-12;2026-12-10;2027-01-14;2027-02-18;2027-03-11,10:00:00,11:30:00,時間内出入り自由です,"出入り自由のフリースペース
おおむね2歳～小学校入学前のお子さんと保護者の方が対象です。お買い物の合間や、お子さんを広い場所で遊ばせたいと思った時に、ぜひぷらっと来てください♪
会場：高津市民館 11階 児童室",神奈川県川崎市高津区溝口１丁目４−１ ノクティ２ １１Ｆ・１２Ｆ高津市民館,神奈川県川崎市高津区溝口１丁目４−１ ノクティ２ １１Ｆ・１２Ｆ高津市民館,35.5990023,139.6128841,子ども・子育て;遊び,https://www.kawasaki-takatsu.jp/shiminkan/event/1796/,高津区,幼児,"概ね2歳のお子さんとその保護者が対象です
定員に満たない場合は他区の方も参加可能です",,各回10組（先着順）,,高津市民館,川崎市高津市民館,"授乳室,おむつ交換台,エレベーター",,2026-04-09 18:30:46
KAWASAKI-ca8526c05d4c3eeb,高津市民館　Tabunka Kodomo Juku,2026-09-26,2027-03-13,2026-09-26;2026-10-03;2026-10-17;2026-11-07;2026-11-21;2026-12-05;2026-12-19;2027-01-09;2027-01-23;2027-02-06;2027-02-20;2027-03-06;2027-03-13,10:00:00,12:00:00,参加（さんか）には事前申込（じぜんもうしこみ）が必要（ひつよう）です,"Tabunka Kodomo Jukuは、外国（がいこく）につながる小学生（しょうがくせい）の勉強（べんきょう）をサポートしています。
月（つき）に2回（かい）、土曜日（どようび）の午前中（ごぜんちゅう）に活動（かつどう）します。
希望者（きぼうしゃ）は高津市民館（たかつしみんかん）に連絡（れんらく）してください。",神奈川県川崎市高津区溝口１丁目４−１ ノクティ２ １１Ｆ・１２Ｆ　高津市民館,神奈川県川崎市高津区溝口１丁目４−１ ノクティ２ １１Ｆ・１２Ｆ　高津市民館,35.5990023,139.6128841,小学生向け;学び・講座,https://www.kawasaki-takatsu.jp/shiminkan/event/1785/,高津区,小学生,,,20人（にん）程度（ていど）,2026-04-01〜2027-03-31 / 満員（まんいん）の時（とき）はすぐに参加（さんか）できない場合（ばあい）があります,高津市民館,高津市民館　Tabunka Kodomo Juku　担当まで,指定なし,,2026-04-09 18:50:50
KAWASAKI-84e5a72d9de077b9,高津市民館「ぽかぽかおはなし会」,2026-09-18,2027-03-19,2026-09-18;2026-10-16;2026-11-20;2026-12-18;2027-01-15;2027-02-19;2027-03-19,10:45:00,11:15:00,,"「たかつ あおむしの会」による「ぽかぽかおはなし会」
未就学児を対象に、絵本や紙芝居の読み聞かせ会を開催！
ぜひ一度遊びに来てみてください！
会場：高津市民館 11階 児童室",神奈川県川崎市高津区溝口１丁目４−１ ノクティプラザ2　11階　高津市民館,神奈川県川崎市高津区溝口１丁目４−１ ノクティプラザ2　11階　高津市民館,35.5990379,139.6128173,子ども・子育て;遊び,https://www.kawasaki-takatsu.jp/shiminkan/event/1800/,高津区,"幼児,乳児",小学校入学前のお子さんとその保護者が対象です,,各回10組程度,,高津市民館,高津市民館「ぽかぽかおはなし会」担当まで,"授乳室,おむつ交換台,エレベーター",,2026-04-09 18:30:38
KAWASAKI-6fe187e1ebb2e638,ママとベビーのひと息サロン,2026-10-30,2027-02-26,2026-10-30;2026-12-23;2027-02-26,09:30:00,12:00:00,9時30分〜11時00分のお好きなお時間にお越しください。,"ママと赤ちゃんが、“ほっとひと息つける時間”を過ごしていただけるサロンです。
がんばる場所ではなく、少し肩の力を抜いて過ごせる場所としてお気軽にご参加ください！
＜サロンでできること＞
助産師・保育士・管理栄養士がいる空間で、おしゃべりしながら、ゆったり過ごしていただけます。
・育児や母乳のことをちょっと聞いてみる
・赤ちゃんとの関わりや遊びを知る
・スキンケア作りを楽しむ
その日の気分で、自由にお過ごしください♪

お申込みはお申込みフォームよりお願いいたします。",神奈川県川崎市高津区溝口１丁目１８−１６ 川崎市わーくす高津,神奈川県川崎市高津区溝口１丁目１８−１６ 川崎市わーくす高津,35.6011132,139.6140128,子ども・子育て;コミュニティ・交流;遊び;体感・体験;学び・講座,https://forms.gle/AKCm6hLCgZMGvtx26,高津区,"妊産婦,保護者,乳児",ねんね期〜はいはい期の赤ちゃんが安心して遊びに来られる場所作りとして企画しています。,"材料費　1,500円
当日現金にてお支払いください",６組１２名程度,2026-03-31〜2027-02-25,助産院POLEPOLE,助産院POLEPOLE,"エレベーター,オストメイト対応トイレ,バリアフリートイレ",,2026-04-01 14:56:31
KAWASAKI-8ff458ef05ecf0b6,高津市民館「キューピーランド」,2026-10-13,2027-03-09,2026-10-13;2026-11-10;2026-12-08;2027-01-12;2027-02-09;2027-03-09,10:00:00,11:30:00,,"保護者の仲間をつくりを応援します！！
高津区在住の0歳から1歳11か月の第1子とその保護者が対象です。
ボランティアによる手遊びや絵本の読み聞かせの時間もありますが、基本的には自由に遊んでいただけるスペースです。保護者同士の情報交換や仲間づくりにお役立てください。
会場：高津市民館 11階 体育室",神奈川県川崎市高津区溝口１丁目４−１ ノクティ２ １１Ｆ・１２Ｆ高津市民館,神奈川県川崎市高津区溝口１丁目４−１ ノクティ２ １１Ｆ・１２Ｆ高津市民館,35.5990023,139.6128841,子ども・子育て;遊び,https://www.kawasaki-takatsu.jp/shiminkan/event/1793/,高津区,乳児,高津区在住の0歳から1歳11か月の第1子とその保護者が対象です。,,各回20組（先着順）,,高津市民館,高津市民館,"授乳室,おむつ交換台,エレベーター",,2026-04-09 18:30:42
KAWASAKI-e7789f689e56988b,『季節のテーブルコンサート』2026年度,2026-10-18,2027-03-21,2026-10-18;2027-01-11;2027-03-21,14:00:00,14:50:00,,"出演者が各季節を表すものをテーブルに飾るように自由にプログラムを組み、演奏者とお客様がともに季節を感じられる事をめざしているコンサートシリーズです。
演奏して頂く出演者の方々は毎年公募しており、今年度は12.5倍以上のご応募の中から出演者が決定しました。

詳細はチラシ、当館ホームページをご覧ください。

〇夏：7月26日（日）【夏の輝き～リズムと情熱のステージ～】

〇秋：10月18日（日）　【秋を奏でる弦楽器の響】

〇冬：2027 年1 月11 日（月・祝）【冬の銀世界を綴るフルート四重奏〜巡りゆく時の流れに耳を澄ませて〜】

〇春：2027 年3 月21 日（日）【ピアノの魅⼒〜春を誘う情景〜】",神奈川県川崎市高津区諏訪３丁目１３−８,神奈川県川崎市高津区諏訪３丁目１３−８,35.6020739,139.6260631,子ども・子育て;文化・芸術;音楽,https://xn--i8s3qt0huor17hbct8ub4z7cxwk.jp/archives/14801,高津区,指定なし,0歳からどなたでもご参加頂けます。,"入館料のみで参加頂けます
大人: 200円
小学生～18歳: 100円
未就学児：無料
お得な年間パスポートもございます
（大人:1,000円　小学生～18歳以下: 500円）",先着50名,"2026-07-05〜2027-03-21 / 各開催回の予約開始日より、開館時間内に電話にて受付(先着順・予約申込制)
予約開始日：
夏→7月5日
秋→9月27日
冬→12月14日
春→2027年2月28日",小黒恵子童謡記念館,"小黒恵子童謡記念館 / 〒213-0004
神奈川県川崎市高津区諏訪3-13-8","バリアフリートイレ,授乳室,思いやり駐車スペース,スロープ,オストメイト対応トイレ",,2026-06-01 12:27:26
KAWASAKI-e2edbe76b61b920c,小学生対象　サッカー　無料体験会　開催のお知らせ,2026-09-30,2026-10-21,2026-09-30;2026-10-07;2026-10-14;2026-10-21,16:00:00,20:00:00,,"世界で認められた指導システム「クーバー・コーチング」で、質の高い練習を提供し、川崎市から更なる良い選手の育成に貢献して参ります。

スタープレイヤーのテクニックを学び、ひとりひとりのペースに合った指導をし、ステップバイステップで楽しく、自分の成長を肌で感じられるプログラムをご用意しております。
経験豊富なプロのコーチ陣が、子供達のレベルに合わせた的確な指導で上達に導きます。

チームに所属している選手も、今までサッカースクールに通ったことのない子供達も、安心してご入会頂いております。
是非、この機会に世界No1の指導法「クーバー・コーチング・メソッド」を体感しに来てください。
友達やチームメイトとの参加大歓迎です。皆様で一緒にお申込ください。",神奈川県川崎市高津区蟹ケ谷２０６,神奈川県川崎市高津区蟹ケ谷２０６,35.5657033,139.630107,小学生向け;子ども・子育て;スポーツ;コミュニティ・交流;遊び;体感・体験;学び・講座,https://coerver.co.jp/experience/?sid=290#scroll_to,高津区,小学生,"U8クラス：小学低学年（１・２）
U10クラス：小学中学年（３・４）
U12クラス：小学高学年（５・６）",,各クラス空き枠分,2026-08-18〜2026-10-21 / 神奈川県川崎市高津区蟹ヶ谷205,クーバー・コーチング・サッカー・スクール高津蟹ヶ谷校,クーバー・コーチング・サッカー・スクール高津蟹ヶ谷校 / 神奈川県川崎市高津区蟹ヶ谷206,指定なし,"悪天候時は、各クラス開始の1時間前に練習有無決定をいたします。
高津蟹ヶ谷校HPの「本日の開催状況」をご確認ください。
駐車場利用は、無料となります。",2026-08-19 15:51:02
KAWASAKI-0b5318c29d1376ed,初心者のための手話入門講習会,2026-09-29,2026-10-20,2026-09-29;2026-10-06;2026-10-13;2026-10-20,13:30:00,15:00:00,毎週火曜日　全７回,手話はろう者が中心となって使うことばで、手指の動きや表現などを使って概念や意思を視覚的に表現する視覚言語です。表現方法を学んで、耳の不自由な方々との会話を楽しんでみませんか？,神奈川県川崎市高津区溝口１丁目１８ー１６ 川崎市北部身体障害者福祉会館,神奈川県川崎市高津区溝口１丁目１８ー１６ 川崎市北部身体障害者福祉会館,35.601113702934235,139.61407048756703,ボランティア;健康・福祉;学び・講座,,高津区,指定なし,,,１６名,"2026-06-19〜2026-08-17 / 川崎市高津区溝口1-18-16 川崎市北部身体障害者福祉会館 / 申し込み多数の場合は抽選になります。
申し込みは8/17（月）17:00までとなります。",川崎市北部身体障害者福祉会館,川崎市北部身体障害者福祉会館 / 〒213-0001　川崎市高津区溝口1-18-16　川崎市北部身体障害者福祉会館,"バリアフリートイレ,エレベーター,オストメイト対応トイレ",,2026-06-22 18:05:13
KAWASAKI-142942d60cd5bedc,初めての赤ちゃんのいる暮らし　～R8 ゴロゴロ育児講座in和室,2026-09-19,2026-10-08,2026-09-19;2026-10-01;2026-10-08,10:00:00,12:00:00,,初めての不安や心配なことがたくさんありますよね。そんな不安や悩みを軽減するため、安全対策や家計について学ぶとともに、同じ子育てが初めての参加者同士で交流し、いろいろなお話をしてみましょう。お子さんと一緒に講義やワークショップを行います。【全５回講座】,神奈川県川崎市高津区溝口１丁目４−１,神奈川県川崎市高津区溝口１丁目４−１,35.5990023,139.6128841,子ども・子育て;学び・講座,https://www.kawasaki-takatsu.jp/shiminkan/event/3628/,高津区,"保護者,乳児","9/3時点で、第１子が生後三か月～1歳未満の子どもとその保護者
高津区在住",,15組（先着）,2026-08-01〜2026-08-27,高津市民館,高津市民館「初めての赤ちゃんのいる暮らし」担当,"授乳室,おむつ交換台",,2026-08-04 16:56:44
KAWASAKI-2c7b52c68644aa76,学童保育たんぽぽ 9月の体験会,2026-09-17,2026-09-25,2026-09-17;2026-09-18;2026-09-25,14:00:00,18:00:00,,"小学校1～2年生の皆さん、ぜひ一度学童保育を体験してみませんか？たんぽぽってどんな所だろう？学童保育ってどんな生活してるのかな？わくわくとは違うの？などなど・・・今通っている子たちと一緒に帰って、遊んで過ごせば、きっとその面白さがわかるはず！わからないことは、何でも支援員さんに聞いてみてね。
もうすぐ暑くなってきてもチャンスがあれば外遊びで発散したり、せせらぎにいって生き物にふれあったり、室内ではたくさんの本やおもちゃであそんだりしています。室内でも楽しくみんなでイベントしたりしますよ。夏休みを前に一度たんぽぽを体験してみてください。９月は外遊びでは
（小学校に入学前の子は見学できます。お気軽にご相談ください。）
（小学校に入学前の子は親子見学できます。お気軽にご相談ください。お兄さんお姉さんと一緒に遊ぼう！）",神奈川県川崎市高津区子母口４２１,神奈川県川崎市高津区子母口４２１,35.5761826,139.6298081,小学生向け;子ども・子育て;コミュニティ・交流;遊び;体感・体験,https://tampopo.2-d.jp/,高津区,"小学生,幼児",小学校1~2年生対象（年長、年中）,,,2026-09-07〜2026-09-25 / 川崎市高津区子母口421 子母口ハイツ / ※電話でもメールでもOKです。事前に予約をお願いします。,学童保育たんぽぽ,学童保育たんぽぽ / 〒213-0023　川崎市高津区子母口421 子母口ハイツ,指定なし,雨天決行,2026-09-07 17:01:43
KAWASAKI-046497131061c915,かわさきTEKTEKスタンプラリー「天体戦士サンレッド聖地巡礼コース」,2026-09-17,2026-11-08,2026-09-17;2026-09-18;2026-09-19;2026-09-20;2026-09-21;2026-09-22;2026-09-23;2026-09-24;2026-09-25;2026-09-26;2026-09-27;2026-09-28;2026-09-29;2026-09-30;2026-10-01;2026-10-02;2026-10-03;2026-10-04;2026-10-05;2026-10-06;2026-10-07;2026-10-08;2026-10-09;2026-10-10;2026-10-11;2026-10-12;2026-10-13;2026-10-14;2026-10-15;2026-10-16;2026-10-17;2026-10-18;2026-10-19;2026-10-20;2026-10-21;2026-10-22;2026-10-23;2026-10-24;2026-10-25;2026-10-26;2026-10-27;2026-10-28;2026-10-29;2026-10-30;2026-10-31;2026-11-01;2026-11-02;2026-11-03;2026-11-04;2026-11-05;2026-11-06;2026-11-07;2026-11-08,00:00:00,23:55:00,,"高津区は、平成20年から22年まで放映された溝口を舞台としたご当地アニメ「天体戦士サンレッド」と連携し、さまざまな事業や広報を進めてきました。
この度、アニメの再放送等に伴い、区の魅力をさらに知ってもらい、好きになってもらうために、「かわさきTEKTEK」を活用して、「天体戦士サンレッド」の聖地を巡るスタンプラリーや歩数対決などを実施します。",川崎市高津区下作延2丁目8番1号 高津区役所,川崎市高津区下作延2丁目8番1号 高津区役所,35.599566380538825,139.6080780029297,体感・体験;遊び;文化・芸術;スポーツ;観光,https://www.city.kawasaki.jp/takatsu/page/0000189692.html,高津区,指定なし,,,,,高津区役所 まちづくり推進部 企画課,高津区役所 まちづくり推進部 企画課,指定なし,,2026-09-09 17:25:20
KAWASAKI-602c7d5e3914c1d3,拡大写本入門講習会,2026-09-18,2026-10-16,2026-09-18;2026-09-25;2026-10-02;2026-10-09;2026-10-16,13:30:00,15:30:00,毎週金曜日　全6回,拡大写本は、既存の本を弱視や高齢者の方が読み易い大きな文字に書き直して作られた本のことです。今回の講習会では、手書きの拡大写本技術を基礎から丁寧にお教えします。入会後はパソコンでの拡大写本に進むことも可能です。,神奈川県川崎市高津区溝口１丁目１８−１６ 川崎市北部身体障害者福祉会館,神奈川県川崎市高津区溝口１丁目１８−１６ 川崎市北部身体障害者福祉会館,35.601273801070526,139.61403850172215,健康・福祉;学び・講座,,高津区,"高齢者,社会人,大学生",,教材費500円,16名,"2026-07-01〜2026-08-28 / 川崎市高津区溝口1-18-16 川崎市北部身体障害者福祉会館 / 申し込み多数の場合は抽選になります。
申し込みは8/28（金）15時までとなります。",川崎市北部身体障害者福祉会館,"川崎市北部身体障害者福祉会館 / 〒213-0001
川崎市高津区溝口1-18-16 川崎市北部身体障害者福祉会館","エレベーター,オストメイト対応トイレ,バリアフリートイレ",,2026-06-29 13:37:58
KAWASAKI-891a74e1a6176800,【高津区】すくすくひろば　かじがや（地域子育て支援センター）「土曜開所」,2026-09-26,2026-10-24,2026-09-26;2026-10-10;2026-10-24,09:00:00,16:30:00,"※11月以降も第2,4土曜日に開所します。
※12月のみ第2,3土曜日となります。
詳しくは、下記のチラシをご覧ください。","就学前のお子さんと保護者の方のための施設『すくすくひろば　かじがや（地域子育て支援センター）』が、第2，4土曜日の月2回土曜開所します。
広いお庭や室内でお子さんと保護者の方で一緒に遊んだり交流したりできます♪
身体測定や子育て相談もできます。
11：30～13：00は、ランチルームで持参された食事をとっていただけます。
予約不要です！　お散歩がてら遊びにいらしてください♪

【ご参加いただく方へ】
・当日はご家庭で保護者とお子さんの検温してからご参加ください。
・発熱や風邪症状など体調に不安がある場合は、参加をお控えください。
・手洗い、手指消毒にご協力ください。
　感染防止策へのご理解ご協力をお願いいたします。",高津区梶ヶ谷4ー12 すくすくひろば　かじがや（地域子育て支援センター）,高津区梶ヶ谷4ー12 すくすくひろば　かじがや（地域子育て支援センター）,35.58528836528451,139.60345458787614,遊び;コミュニティ・交流;子ども・子育て;健康・福祉,https://www.city.kawasaki.jp/takatsu/page/0000140248.html,高津区,"乳児,幼児,保護者",0歳児から未就学のお子さんと保護者（小学生はご遠慮ください）,,,,高津区保育総合支援担当（高津区役所保育所等・地域連携担当）,"高津区役所 地域みまもり支援センター（福祉事務所・保健所支所） 保育所等・地域連携担当 / 高津区保育総合支援担当（高津区役所保育所等・地域連携担当）
こども未来局保育・子育て推進部 / すくすくひろば　かじがや（地域子育て支援センター）",指定なし,"・悪天候や災害時、感染症流行時には中止となることがあります。
・水分補給用のお茶やお水はご持参ください。
・会場に駐車場はありません。ご参加の際は公共交通機関をご利用ください。",2026-08-25 18:25:19
KAWASAKI-77606dc4c87049d4,実践までチャレンジ！高津市民館にコミュニティカフェを立ち上げよう,2026-09-27,2026-11-08,2026-09-27;2026-10-11;2026-10-18;2026-11-08,10:00:00,12:00:00,この他に見学もございます。詳しくはHPをご覧ください。,"近年、「コミュニティカフェ」が様々な地域に誕生しています。気軽に話せて、知らない人同士のコミュニケーションが生まれる場所の大切さについて学んでみませんか？
講座の最終回では、市民館の中で実際にコミュニティカフェを実践します！【見学含む、全6回講座】
会場は主に高津市民館11階第4会議室",神奈川県川崎市高津区溝口１丁目４−１ ノクティ２ １１Ｆ・１２Ｆ,神奈川県川崎市高津区溝口１丁目４−１ ノクティ２ １１Ｆ・１２Ｆ,35.5990176,139.6128529,生活;コミュニティ・交流;学び・講座,https://www.kawasaki-takatsu.jp/shiminkan/event/3594/,高津区,"外国人,高齢者,社会人,大学生","18歳以上の方
市内在住の方",※見学の際の交通費や参加費等は自己負担,20名,2026-08-16〜2026-09-10,川崎市高津市民館,高津市民館「コミュニティカフェ」担当,指定なし,,2026-08-06 20:53:06
KAWASAKI-206af6d28a5debfd,小黒恵子童謡記念館　「大人のための朗読会～ホラ　耳をすまして～」,2026-09-17,2026-09-17,2026-09-17,10:30:00,12:00:00,開館：10:00～,"小黒恵子の大人向けの作品や、青空文庫など定番のお話の朗読を聴いてお楽しみ頂くイベントです。
自然豊かな庭に囲まれたレトロな記念館で、文学に触れてみませんか？

小黒恵子の詩、文学作品、エッセイ・・・などをお楽しみ頂けます。

＜プログラム＞
庭(山本文緒)。。。吉良智津子
未定。。。畠山宙林　

～～　体験朗読　～～
「愛されすぎた白鳥」(小川洋子)。。。吉井栄子さん
「秋の暈」(織田作之助)。。。佐々木えりかさん(朗読＋ピアノ)",神奈川県川崎市高津区諏訪３丁目１３−８,神奈川県川崎市高津区諏訪３丁目１３−８,35.6020739,139.6260631,文化・芸術,https://xn--i8s3qt0huor17hbct8ub4z7cxwk.jp/archives/15058,高津区,指定なし,,"入館料のみでご参加頂けます
大人: 200円
小学生～18歳以下: 100円
未就学児：無料
お得な年間パスポートもございます
（大人:1,000円　小学生～18歳以下: 500円）",先着50名,,小黒恵子童謡記念館,"小黒恵子童謡記念館 / 〒213-0004
神奈川県川崎市高津区諏訪3-13-8","オストメイト対応トイレ,バリアフリートイレ",,2026-08-18 17:20:07
KAWASAKI-b4ea8ff3b9138b72,第22回高津区子ども・子育てフェスタを開催します！,2026-09-19,2026-09-19,2026-09-19,10:30:00,15:00:00,,高津区子ども・子育てフェスタは、子育て中のママ・パパを応援するイベントです。親子で楽しめる催し物やさまざまな子育て情報が得られます。是非、遊びに来てください！,川崎市高津区溝口1-4-1　マルイファミリー 高津市民館ノクティプラザ211階12階,川崎市高津区溝口1-4-1　マルイファミリー 高津市民館ノクティプラザ211階12階,35.5993308245575,139.61238634389258,学び・講座;体感・体験;遊び;コミュニティ・交流;音楽;スポーツ;子ども・子育て;健康・福祉;祭り;小学生向け;中学生向け,https://www.city.kawasaki.jp/takatsu/page/0000179616.html,高津区,"乳児,幼児,小学生,中学生,保護者,妊産婦",子育て中の保護者、子育て支援関係者,,,,高津区役所 地域みまもり支援センター（福祉事務所・保健所支所） 地域ケア推進課,地域ケア推進課 / 高津区役所,指定なし,"一部事前申込、当日整理券配布出展有。
フェスタの詳細はホームページをご覧ください。",2026-09-08 18:25:37
KAWASAKI-7f916255b31fcd16,"小黒恵子童謡記念館　山と音楽と・・・
～　映像とともに楽しむ歌とピアノ～",2026-09-23,2026-09-23,2026-09-23,14:00:00,15:00:00,,"小黒恵子童謡記念館　2026スタッフプロデュースコンサート！
第2回目は歌とピアノコンサート！
小黒恵子童謡記念館 音楽スタッフ が出演します。

山の映像とともに山の関連した歌を多数歌います。
知ってる歌があったら一緒に歌ってもOK。
コンサート終了後に
山に行った気分になってもらえたら・・・
そんなコンサートです。
クラシックの名曲から演歌まで彩り豊かなジャンルを演奏！
大正琴オリジナルの「新曲」も披露します。

～　出演　～
雅望(大正琴)
高橋晶子(ピアノ)
谷川マユコ(作曲：アコーディオン)
GREEN LEMON(大正琴アンサンブル)",神奈川県川崎市高津区諏訪３丁目１３−８,神奈川県川崎市高津区諏訪３丁目１３−８,35.6020739,139.6260631,音楽,https://xn--i8s3qt0huor17hbct8ub4z7cxwk.jp/archives/15008,高津区,指定なし,0歳からどなたでもご参加頂けます。,"入館料のみで参加頂けます
大人: 200円
小学生～18歳: 100円
未就学児：無料
お得な年間パスポートもございます
（大人:1,000円　小学生～18歳以下: 500円）",先着50名,2026-08-31〜2026-09-23 / 開館時間内に電話にて受付(先着順・予約申込制),小黒恵子童謡記念館,"小黒恵子童謡記念館 / 〒213-0004
神奈川県川崎市高津区諏訪3-13-8","授乳室,スロープ,オストメイト対応トイレ,バリアフリートイレ",,2026-08-03 10:53:36
KAWASAKI-6e16b34e1ac1f999,大人のためのいきいき交通安全教室,2026-09-27,2026-09-27,2026-09-27,13:30:00,15:00:00,,自転車のマナーや青切符など、自転車に乗るうえで大切なことを学んだり、スタントによる交通事故を再現するスケアードストレートを見学する、大人のための交通安全教室です。,川崎市高津区末長3丁目5ー3 KANTOモータースクール溝口校,川崎市高津区末長3丁目5ー3 KANTOモータースクール溝口校,35.590397276064735,139.62185382843018,学び・講座;体感・体験;防災・防犯;生活;高校生向け,https://www.city.kawasaki.jp/takatsu/page/0000174682.html,高津区,"高校生,大学生,社会人,保護者,高齢者,妊産婦,障がい者,外国人",,,関心のある方30名,2026-09-01〜2026-09-24 / 先着順,高津区役所危機管理担当,高津区役所 危機管理担当 / 高津区役所 危機管理担当,指定なし,,2026-08-27 13:25:24
KAWASAKI-00845fdd6ae778c5,秋の親子自転車交通安全教室～チリリンスクール～,2026-09-27,2026-09-27,2026-09-27,09:30:00,11:30:00,,"自動車教習所のコースを走って、自転車の安全な乗り方を勉強します。
教室終了後はVRの体験もできますよ。",高津区末長3－5－3 KANTOモータースクール　溝ノ口校,高津区末長3－5－3 KANTOモータースクール　溝ノ口校,35.590397276064735,139.62185382843018,学び・講座;体感・体験;小学生向け,https://www.city.kawasaki.jp/takatsu/page/0000164548.html,高津区,"小学生,保護者",自転車を運転できる人に限ります。,,親子50組まで（応募者多数の場合は、抽選となります）,2026-08-31〜2026-09-18 / ロゴフォームによる申し込みとなります。申し込み多数の場合は抽選となります。,高津区役所 危機管理担当,高津区役所 危機管理担当,指定なし,,2026-08-27 12:25:25
KAWASAKI-a531449db809a8ae,【募集は終了しました】「大きな花コンサート2026」を開催します！,2026-09-27,2026-09-27,2026-09-27,14:00:00,16:10:00,,高津区音楽のまち推進事業のひとつとして、高津区役所のロビーでプロの演奏家などによる親しみやすいコンサートを提供する「花コンサート」を開催しています。通常の花コンサートは平日開催のため、鑑賞できない方にも音楽を鑑賞していただくため、9月に高津市民館大ホールで「大きな花コンサート」と題して開催いたします。,高津区溝口1－4－1　ノクティ2　12階 高津市民館大ホール,高津区溝口1－4－1　ノクティ2　12階 高津市民館大ホール,35.599008063581344,139.61287379264832,音楽;小学生向け;中学生向け;高校生向け,https://www.city.kawasaki.jp/takatsu/page/0000187356.html,高津区,"小学生,中学生,高校生,大学生,社会人,保護者,高齢者,妊産婦,障がい者,外国人",未就学児の入場はご遠慮ください,事前申込み要,600名（申込み多数の場合、抽選となります）,2026-06-01〜2026-08-26 / 申込多数により抽選となった場合は、抽選結果について8月31日(月)頃までに入力いただいたメールアドレス宛てに御連絡いたします。,花コンサート運営委員会（高津区役所地域振興課内）,高津区役所 まちづくり推進部 地域振興課,指定なし,,2026-08-27 11:25:43
KAWASAKI-505adb32d3f94fce,てくのかわさき技能フェスティバル2026,2026-09-27,2026-09-27,2026-09-27,10:00:00,15:30:00,,"子どもから大人まで楽しめる「てくのかわさき技能フェスティバル2026」を開催します。水鉄砲作りや光る泥だんご製作など、普段はなかなか体験できないものづくりの楽しさを、プロの職人が直接お教えします。
　会場では、ものづくり体験のほか、かき氷やスーパーボールすくいなどの縁日コーナー、市内最高峰の匠である「かわさきマイスター」による実演・展示もお楽しみいただけます。
　事前申込みは不要です。ぜひご家族そろってお越しください。",川崎市高津区溝口1丁目6番10号 てくのかわさき,川崎市高津区溝口1丁目6番10号 てくのかわさき,35.59881614122767,139.6139895915985,体感・体験;祭り;食;買い物;生活,https://www.city.kawasaki.jp/280/page/0000189646.html,高津区,指定なし,,入場無料、各制作体験等で一部有料。,材料がなくなり次第終了。,,経済労働局 労働・人材支援部,経済労働局 労働・人材支援部,指定なし,,2026-08-25 15:25:19
KAWASAKI-6274774935da8ed5,中小企業労務管理セミナー「義務化されたカスハラ対策！～企業と従業員を守る実務対応～」,2026-09-30,2026-09-30,2026-09-30,14:00:00,16:00:00,,令和８年10月から、すべての企業において、カスタマーハラスメント（カスハラ）防止のために雇用管理上必要な措置を講じることが義務付けられます。本セミナーでは、ハラスメントの専門家が、防止措置の内容について詳しく解説すると共に、関連する裁判例等の解説も交え、ＢtoＣ（企業対個人）だけでなくＢtoＢ（企業対企業）でも起こりうるカスハラに対して、企業が取るべき具体的な対応策についてわかりやすくお伝えします。,神奈川県川崎市高津区溝口１丁目６−１０ てくのかわさき　てくのホール（２階）,神奈川県川崎市高津区溝口１丁目６−１０ てくのかわさき　てくのホール（２階）,35.5988127,139.6140331,仕事・ビジネス;学び・講座,https://www.pref.kanagawa.jp/docs/jg5/cnt/f7615/index.html,高津区,指定なし,,,50名（申込先着順）,2026-07-16〜2026-09-30 / 詳細、申込み方法はホームページをご覧ください。,神奈川県かながわ労働センター川崎支所,神奈川県かながわ労働センター川崎支所 / 〒213-0001 神奈川県川崎市高津区溝口1-6-12 リンクス溝の口１階,指定なし,,2026-07-30 17:46:26
KAWASAKI-ff02596c48ee6de2,10/1（木）女性の就職・転職サポート　ワークショップ＆企業交流会,2026-10-01,2026-10-01,2026-10-01,09:30:00,16:00:00,,女性求職者の方を対象とした、グループディスカッションを交えたワークショップと市内企業等5社との企業交流会等を開催します！参加無料で、採用担当者等とグループごとにざっくばらんに話ができるイベントです。ぜひお気軽にご参加ください。,川崎市高津区溝口1-6-10 てくのかわさき,川崎市高津区溝口1-6-10 てくのかわさき,35.5988163732829,139.61407670004843,学び・講座;生活;仕事・ビジネス,https://www.city.kawasaki.jp/280/page/0000189790.html,高津区,指定なし,川崎市内在住・在勤,,20名,2026-09-03〜2026-09-30,経済労働局 労働・人材支援部,経済労働局 労働・人材支援部 / 川崎市,指定なし,,2026-09-03 10:25:37
KAWASAKI-9d85755610f883e9,夕方夜間のいろいろ運動体験《ピラティス》,2026-10-02,2026-11-06,2026-10-02;2026-11-06,17:45:00,20:00:00,"各日2部制　①17：45～18：45　②19：00～20：00
※①17：45～の回と、②19：00～の回の内容は違いますので、両方のお申込も可能です。
※10/2と11/6の内容は同じです。","学校帰りや仕事帰りにおススメ♪

仕事や学校で忙しくて運動不足…
姿勢や体型を整えたい…
そんな方におすすめの「ピラティス」を体験してみませんか？
初心者向けの内容ですので、初めての方、経験はあるが基礎からやりたいという方、ぜひお申し込みください！",神奈川県川崎市高津区溝口１丁目４−１,神奈川県川崎市高津区溝口１丁目４−１,35.5990176,139.6128529,健康・福祉;スポーツ;体感・体験,https://www.kawasaki-takatsu.jp/shiminkan/event/3803/,高津区,指定なし,,ひとり500円（現金のみ）,各回15名,2026-09-11〜2026-11-04 / 申込みは開催日の2日前まで受付（定員になり次第受付終了）,高津市民館,高津市民館,指定なし,,2026-09-11 10:40:47
KAWASAKI-9c2c179194ee3967,川崎市の国産木材利用促進に向けた取り組みを学び伝えられる人になろう！,2026-10-02,2026-10-23,2026-10-02;2026-10-09;2026-10-16;2026-10-23,10:00:00,12:00:00,,"川崎市は地球温暖化防止等への寄与を目的に、国産木材利用促進に向けた取り組みを行っています。

高津市民館では、国産材の良さをお子さんにも知ってもらう事を目的としたイベント「やさちぃ き のひろば in 高津市民館」を開催しています。

このイベントのワークショップ講師として活躍したり、川崎市の取り組みを自主的に伝える活動をできる人になるための講座です。

国産木材や地球環境に興味のある方、人に伝る・教えることにチャレンジしてみたい方の参加をお待ちしています！",神奈川県川崎市高津区溝口１丁目４−１,神奈川県川崎市高津区溝口１丁目４−１,35.5990023,139.6128841,生活;環境・自然;コミュニティ・交流;学び・講座,https://www.kawasaki-takatsu.jp/shiminkan/event/3674/,高津区,"外国人,高齢者,社会人,大学生,高校生,中学生",,,10名（先着）,2026-09-03〜2026-09-30,高津市民館,高津市民館,指定なし,,2026-09-11 09:02:37
KAWASAKI-bffb3c69421dcd60,プラザ・アフタヌーンジャズVol.21 FINAL,2026-10-03,2026-10-03,2026-10-03,14:00:00,16:30:00,,"約5年間にわたって開催されてきた「プラザ・アフタヌーンジャズ」シリーズのファイナル公演！
1部は佐藤允彦トリオが、バイオリンの太田惠資をゲストに迎えて至福のジャズを響かせます。ジャズの境界を越えた唯一無二の表現で魅せる太田と、日本を代表するピアニスト・佐藤の融合に注目です。
2部では洗練されたタッチで心を響かせるピアニストの山本剛が実力派トリオとともにラストステージを飾ります。
「プラザ・アフタヌーンジャズ」の集大成である本公演にご期待ください。",神奈川県川崎市高津区新作１丁目１９−１,神奈川県川崎市高津区新作１丁目１９−１,35.584909,139.610552,文化・芸術;音楽,https://www.kawasaki-shiminplaza.jp/,高津区,指定なし,※未就学児のご入場はご遠慮ください。,"前売5,000円　当日5,500円　（全自由席）
U25学割チケット：前売2,000円　当日2,500円
ペア割：9,000円",489名,2026-07-29〜2026-10-02 / チケットぴあ（ https: / t.pia.jp/） Pコード：329210,川崎市民プラザ（指定管理者：川崎みらい創造グループ）,川崎市民プラザ（指定管理者：川崎みらい創造グループ）,"授乳室,おむつ交換台,音声案内又は点字案内,思いやり駐車スペース,スロープ,エレベーター,オストメイト対応トイレ,バリアフリートイレ",,2026-07-06 17:01:46
KAWASAKI-6844a122113dd95e,《きく・はなす練習会》対話を通してみんなで社会を育てよう,2026-10-04,2027-01-23,2026-10-04;2026-11-29;2027-01-23,13:30:00,16:30:00,,"デンマーク発祥の「デモクラシーフィットネス」をもとにした体験型ワークショップです。知識や経験は必要ありません。安心して対話できる場で一緒に練習してみませんか？

※本講座は「市民自主企画事業」として、市民の方の提案により開催します。

「デモクラシーフィットネス」とは
デンマーク発祥のワークショップです。対話に必要なスキルを「10の筋肉」にたとえ、対話を通じて、みんなで社会を育てるための実践講座です。",神奈川県川崎市高津区溝口１丁目４−１ 高津市民館,神奈川県川崎市高津区溝口１丁目４−１ 高津市民館,35.5990023,139.6128841,生活;コミュニティ・交流;学び・講座,https://www.kawasaki-takatsu.jp/shiminkan/event/3593/,高津区,"外国人,高齢者,社会人,大学生,高校生,中学生",,,各回30名,2026-09-16〜2027-01-15 / 開催日により、申込期間が異なりますので、HPでご確認の上お申し込みください,高津市民館,高津市民館,指定なし,,2026-08-27 18:10:32
KAWASAKI-648330010c5c1b5a,waku♪waku♪ベビー＆キッズパーク,2026-10-04,2026-10-04,2026-10-04,10:00:00,15:00:00,午前午後で２部制をとり、①10時～12時　　②13時～15時　完全入れ替え制です。,"子育て支援音楽団体「はじめてのベビーリトミック」は今年で創立５年目を迎えることができました。

そこで、日ごろお世話になっている皆様に向けて、初の無料イベントを開催することになりました。 施設内で、市民団体さんによるブースや、いつもは中原区内で開催している洋服交換会、初開催ハイハイレースそして、１２月のクリスマスコンサートの演奏者数名によるミニコンサートを開催いたします。ご家族とお友達とお越しください。

対象は赤ちゃん～小学生までのお子さんや保護者のみなさま。妊産婦さん。子育て支援関係者など。 子育て支援に興味がある学生さんも大歓迎です。",神奈川県川崎市高津区溝口１丁目６−１０ てくのかわさき ２階,神奈川県川崎市高津区溝口１丁目６−１０ てくのかわさき ２階,35.598815,139.61399,祭り;健康・福祉;子ども・子育て;文化・芸術;音楽;コミュニティ・交流;遊び;体感・体験,https://docs.google.com/forms/d/e/1FAIpQLSe4rqee4MR7IAObe09_2ArLA8HDDI2QAqjGDtJTai2YZIbJgA/viewform?usp=header,高津区,"高齢者,保護者,小学生,幼児,乳児,妊産婦,社会人",,,各回親子50組,2026-09-01〜2026-10-03 / 下記の関連サイトに記載のGoogleフォームにてお申し込みください。９月１日（火）午前９時より申込スタート,子育て支援音楽団体「はじめてのベビーリトミック」,はじめてのベビーリトミック,"授乳室,おむつ交換台,スロープ,エレベーター","川崎市・川崎市高津区役所より後援頂いた事業です。
台風などで警報が出た場合は中止の可能性あり。",2026-08-04 11:21:37
KAWASAKI-d4b006659958ac22,10/12 防災を楽しく学べる親子１DAY講座,2026-10-12,2026-10-12,2026-10-12,13:30:00,15:30:00,,"防災を楽しく学べる親子１DAY講座　気候危機×減災にスイッチオン2026
10月12日(月・祝)午後1時30分から3時30分
今知っておきたい防災のヒントが８つのミニ講座で学べます。
身近なもので作れる防災グッズやポリ袋クッキング、ローリングストック、避難時のヒント、災害時のトイレのことなど、知ってよかったと思える ミニ講座を親子で楽しく学びましょう。
ご参加後のアンケートにお答えの方にノベルティをプレゼント！

開催日時：2026年10月12日（月・祝）13時30分から15時30分
会場：高津市民館 11階 会議室（受付は第1・2会議室）
募集対象：小学1年生以上のお子様と保護者
定員：親子40組
参加費：親子１組400円（保護者1名+お子さま1名） お子様１名追加で＋100円。当日現金払い。
申込方法：事前申込制　お申込多数の場合は抽選
申込期限：9月16日（水）正午必着。締切後、追加募集する場合があります。",神奈川県川崎市高津区溝口１丁目４−１,神奈川県川崎市高津区溝口１丁目４−１,35.5990176,139.6128529,小学生向け;生活;買い物;食;防災・防犯;環境・自然;健康・福祉;子ども・子育て;コミュニティ・交流;体感・体験;学び・講座,https://www.cckawasaki.jp/kwccca/,高津区,"保護者,中学生,小学生",小学1年生以上のお子様と保護者,親子１組400円（保護者1名+お子さま1名） お子様１名追加で＋100円。,親子40組,2026-07-20〜2026-09-16 / お申込多数の場合は抽選,川崎市地球温暖化防止活動推進センター、気候危機・減災市民連携会議,川崎市地球温暖化防止活動推進センター / 〒213-0001　川崎市高津区溝口1-4-1　ノクティ2 高津市民館内（CCかわさき交流コーナー）,"バリアフリートイレ,授乳室,おむつ交換台,音声案内又は点字案内,思いやり駐車スペース,スロープ,エレベーター,オストメイト対応トイレ",,2026-08-19 11:55:35
KAWASAKI-828f9b99931bb38a,【講座】こころをひらく　わたしとあなたの対話時間,2026-10-15,2026-11-12,2026-10-15;2026-10-22;2026-10-29;2026-11-05;2026-11-12,10:00:00,12:00:00,,"ワークショップや講座を通じて自分の気持ちや価値観を知るとともに、他者との違いを認め合い、家族との関係のつくり方や、地域交流でどう活かすかについて考えてみましょう【全5回】

子育て中の方・地域との関わりに関心のある方を対象にしています。子育てしているお子さんの年齢は問いません。家族との関係や、地域での交流、また自分自身を見つめ直す機会が欲しい方は、ざひご参加ください！",神奈川県川崎市高津区溝口１丁目４−１ 高津市民館11階・12階,神奈川県川崎市高津区溝口１丁目４−１ 高津市民館11階・12階,35.5990176,139.6128529,生活;健康・福祉;子ども・子育て;コミュニティ・交流;学び・講座,https://www.kawasaki-takatsu.jp/shiminkan/event/3667/,高津区,指定なし,,,20名（先着）,2026-09-03〜2026-10-01,高津市民館,高津市民館「わたしとあなたの対話時間」担当,指定なし,,2026-08-10 11:41:22
KAWASAKI-8b713555a11e374a,音のはらっぱ〜子どもと聴きたいコンサート〜vol.21,2026-10-17,2026-10-17,2026-10-17,10:30:00,11:15:00,約45分の公演です,"寝転んでも、泣いても、ゴロゴロしてもOK！
小さなお子さまと一緒に、自由にのびのび楽しめる音楽のひとときをお届けします♪

うた・ピアノ・リコーダーのアンサンブルで、
親子で一緒に楽しめる手あそび歌や、季節を感じる童謡、
さらに本格的なクラシックまで——
お子さんと一緒に音楽の世界をたっぷり楽しんでみませんか？

会場は靴をぬいで過ごせるフラットな空間。
赤ちゃんも安心、おむつ替え・授乳スペースもご用意しています。
公園やはらっぱに出かけるような気軽さで、
親子で音のシャワーを浴びに来てくださいね♪

♫演奏予定曲目
山の音楽家
どんぐりころころ
たからもの
きらきら星変奏曲
お人形の夢と目覚め
他


♫演奏者
うたのおねえさん:よねやまかなこ
リコーダ：太田光子
ピアノ:望月香菜子",神奈川県川崎市高津区諏訪３丁目１３−８,神奈川県川崎市高津区諏訪３丁目１３−８,35.6020395,139.626027,子ども・子育て;文化・芸術;音楽;体感・体験,https://www.ongakunomachi.jp/event/,高津区,"妊産婦,保護者,幼児,乳児",,"大人1500円
小人(小学生以下)500円
0歳以下無料",２５組,2026-08-04〜2026-10-16,音のはらっぱ,音のはらっぱ,"授乳室,おむつ交換台",おむつ替え・授乳スペース有り、駐車場３台まで可（要申込）,2026-08-25 18:43:49
KAWASAKI-d40a6a7117bd8a67,仕事と育児の両立応援カウンセリング【無料・要予約】,2026-10-17,2027-03-09,2026-10-17;2026-11-17;2026-12-15;2027-01-19;2027-03-09,13:00:00,16:00:00,相談時間はお一人様50分です。カウンセリングは、来所面談、電話相談が可能です。電子申請システムにてご予約ください。,"仕事と子育ての両立に、負担感や不安を感じていませんか？　
「育休から復帰後のキャリアが描けず、モヤモヤしている」、
「時短勤務で周りに申し訳なさを感じてしまう」、
「パートナーとの家事育児分担について、客観的な意見が欲しい」
そんな悩みをに寄り添い、気持ちの整理やよりよい方法を探すためのお手伝いをします。
カウンセリングは様々な資格をもつ経験豊富なプロのカウンセラーが担当します。",神奈川県川崎市高津区溝口１丁目６ リンクス溝の口,神奈川県川崎市高津区溝口１丁目６ リンクス溝の口,35.5987557,139.6145272,仕事・ビジネス;子ども・子育て,https://www.pref.kanagawa.jp/docs/jg5/cnt/f7615/index.html#kawasakiwmc,高津区,"妊産婦,保護者,社会人",カウンセリング中に生後６か月から就学前までのお子様をお預かりする託児もご利用いただけます。併せて電子申請システムにてご予約ください。,,"１枠各１名（ご家族や職場の上司等の同伴も可能です）
※１枠50分",2026-09-01〜2027-03-09 / 電子申請システムにてご予約ください。なお、相談希望日の約1週間前まで入力できますが、入力できない場合は、お電話にてお問合せください。,神奈川県かながわ労働センター　川崎支所,神奈川県かながわ労働センター　川崎支所,指定なし,,2026-09-10 19:40:32
KAWASAKI-e26d9979203046a2,第61回高津地区親子運動会,2026-10-18,2026-10-18,2026-10-18,08:30:00,14:30:00,,高津区内最大級のイベントである「高津地区親子運動会」は今年で61回を迎えます。町会対抗競技や親子で行う競技、その他誰でも参加できる競技・イベントがあります。ぜひ参加をお待ちしております。,高津区久本3-11-2 高津中学校,高津区久本3-11-2 高津中学校,35.59597414659127,139.6186111486909,コミュニティ・交流;スポーツ,https://www.city.kawasaki.jp/takatsu/page/0000153593.html,高津区,指定なし,,,,,高津地区親子運動会実行委員会,まちづくり推進部地域振興課 / 高津区役所,指定なし,,2026-07-13 17:25:15
KAWASAKI-b612b772ec61872d,龍臺寺本堂天井画を特別公開します,2026-10-18,2026-10-19,2026-10-18;2026-10-19,10:30:00,15:00:00,,"龍臺寺本堂は明和6（1769）年に建築された住宅風の仏堂で、堂内を仕切る杉戸には蓮池図、内陣天井には天女図が配され、内陣を浄土を見立てた設（しつら）えです。
　令和7年度に、天井画の修復を行ったことを記念し、普段は嵌めていない杉戸絵とともに特別公開します。",川崎市高津区久本2丁目12-23 天台宗　龍台寺,川崎市高津区久本2丁目12-23 天台宗　龍台寺,35.59323274404935,139.61334586143494,学び・講座;文化・芸術;観光,https://www.city.kawasaki.jp/880/page/0000189635.html,高津区,指定なし,,,,,川崎市教育委員会,教育委員会事務局 生涯学習部 文化財課,指定なし,,2026-09-04 17:39:19
KAWASAKI-95c91e02fbf90e79,小黒恵子童謡記念館『季節のテーブルコンサート』秋「秋を奏でる弦楽器の響」,2026-10-18,2026-10-18,2026-10-18,14:00:00,15:00:00,,"出演者が各季節を表すものをテーブルに飾るように自由にプログラムを組み、演奏者とお客様がともに季節を感じられる事をめざしているコンサートシリーズです。
楽器の繊細な音に耳を澄まして頂き、「静かにしよう」ではなく「音楽を聴こう」とお客様が感じ、皆様が生演奏を楽しめる場にしたいと考えています。
赤ちゃんからどなたでもお入り頂けます。

今回は「秋を奏でる弦楽器の響」と題して、吉田藍さん（ヴァイオリン）、 木村元美さん（ヴァイオリン）、川上拓人さん（ヴィオラ） 、清水唯史さん（チェロ）に演奏して頂きます。",神奈川県川崎市高津区諏訪３丁目１３−８,神奈川県川崎市高津区諏訪３丁目１３−８,35.6020739,139.6260631,子ども・子育て;文化・芸術;音楽,https://xn--i8s3qt0huor17hbct8ub4z7cxwk.jp/archives/15204,高津区,指定なし,0歳からどなたでもご参加頂けます。,"入館料のみで参加頂けます
大人: 200円
小学生～18歳: 100円
未就学児：無料
お得な年間パスポートもございます
（大人:1,000円　小学生～18歳以下: 500円）",先着50名,2026-09-27〜2026-10-18 / 開館時間内に電話にて受付(先着順・予約申込制),小黒恵子童謡記念館,"小黒恵子童謡記念館 / 〒213-0004
神奈川県川崎市高津区諏訪3-13-8","授乳室,スロープ,オストメイト対応トイレ,バリアフリートイレ",,2026-09-04 08:50:35
KAWASAKI-d79ede71eb1441e6,第58回橘地区親子運動会,2026-10-18,2026-10-18,2026-10-18,09:00:00,14:30:00,,川崎市高津区の橘地区で行われる親子運動会です。開催日時は令和8年10月18日の9時から、開催場所は川崎市立橘中学校です。町会対抗の団体競技のほか、当日参加が可能な競技や、お楽しみ抽選会（当選は高津区在住者に限る）もあります。スポーツの秋、ご家族で楽しいひとときをお過ごしください。,川崎市高津区千年 1300 川崎市立橘中学校,川崎市高津区千年 1300 川崎市立橘中学校,35.58355957502297,139.62044575225704,コミュニティ・交流;スポーツ;子ども・子育て;小学生向け;中学生向け,https://www.city.kawasaki.jp/takatsu/page/0000153607.html,高津区,指定なし,,,,,橘地区親子運動会実行委員会,地域振興担当 / （事務局）高津区役所橘出張所,指定なし,,2026-09-15 09:25:24
KAWASAKI-735c4b1d0ff8a3d0,学んでみよう！やさしい日本語,2026-10-18,2026-12-13,2026-10-18;2026-12-13,14:00:00,16:00:00,※単回受講が可能です,"外国人が理解しやすい「やさしい日本語」を学ぶことで、違う文化や背景を持つ人々と仲良くなりませんか？
講師のお話を聞き、参加者同士で交流し、実際に「やさしい日本語」を使ってみましょう！

※本講座は「市民自主企画事業」として、市民の方の提案により開催します。",神奈川県川崎市高津区溝口１丁目４−１,神奈川県川崎市高津区溝口１丁目４−１,35.5990023,139.6128841,コミュニティ・交流;学び・講座,https://www.kawasaki-takatsu.jp/shiminkan/event/3627/,高津区,"外国人,高齢者,社会人,大学生,高校生,中学生",,,各回30名,2026-09-16〜2026-10-09 / 開催日により、申込期間が異なりますので、HPでご確認の上お申し込みください,高津市民館,高津市民館,指定なし,,2026-09-11 11:32:18
KAWASAKI-8c716f37a916c3bc,スコーレ家庭教育講座「もう怒らない！を叶える　親の感情コントロール」,2026-10-20,2026-10-20,2026-10-20,10:00:00,11:30:00,10/24オンラインセミナー、10/27高津市民館セミナー、10/29中原市民館セミナー、11/5高津市民館セミナーの4回のフォローセミナーがあり、講座に参加された方はセミナー１回無料になります。,"子育てにたずさわっている方に、日頃の子育てを振り返り、子供たちを健全に育てていくために、家庭のあり方がいかに大切かを学んでいただく講座です。
スコーレ協会認定の講師が、自分や多くの会員の体験談を交えながら話をし、講義の後には参加者の質問にお答えします。",神奈川県川崎市高津区溝口１丁目４−１,神奈川県川崎市高津区溝口１丁目４−１,35.5990176,139.6128529,生活;子ども・子育て;コミュニティ・交流;学び・講座,https://schole.org/,高津区,指定なし,,ひとり５００円（保育無料：5名まで）,30名,"2026-09-15〜2026-10-20 / 川崎市幸区小向仲野町８－１－５２７ / 申し込みは先着順です。チラシのQRコードを読み込むか、メールアドレスで申し込んでください。
保育定員が5名ですので、QRコードで申し込むときは「備考欄」に保育希望の記載をお願いします。",公益社団法人スコーレ家庭教育振興協会　川崎地区実行委員会,公益社団法人スコーレ家庭教育振興協会　川崎地区実行委員会,"託児室,授乳室,おむつ交換台,思いやり駐車スペース,エレベーター,バリアフリートイレ",,2026-09-15 19:48:59
KAWASAKI-2c3bd8eab09adfdf,10/20 生涯学習相談会【予約制】高津市民館,2026-10-20,2026-10-20,2026-10-20,13:30:00,15:30:00,"相談時間はおひとり30分
30分単位で受付しております","高津市民館において「生涯学習相談会」を初めて開催します！
やりたいことを探している方。
学びたいことがあるけれど、どこで学べるのかわからないなど、様々なご相談に生涯学習相談コンシェルジュが対応します！

★事前に相談したいことと、ご希望の時間帯を選んでいただき、お申し込みください。後日、市民館より当日のご案内をお送りいたします。",神奈川県川崎市高津区溝口１丁目４−１ 高津市民館,神奈川県川崎市高津区溝口１丁目４−１ 高津市民館,35.5990176,139.6128529,コミュニティ・交流;学び・講座,https://www.kawasaki-takatsu.jp/shiminkan/event/3756/,高津区,指定なし,,,8名（30分毎に2名）,2026-08-26〜2026-09-18,高津市民館,高津市民館,指定なし,,2026-08-27 18:05:10
KAWASAKI-43e65d149569c2ae,園庭開放（わかばの杜保育園）,2026-10-21,2026-10-21,2026-10-21,09:30:00,11:30:00,入退場自由,保育園の園庭に、遊びに来てみませんか？ぜひ、お散歩がてら気軽にお寄りください。保育園の遊具で遊んだり保育士への育児相談も大歓迎です！,神奈川県川崎市高津区子母口３７８,神奈川県川崎市高津区子母口３７８,35.5743029,139.6295492,子ども・子育て;遊び,https://minpokyo.or.jp/wakabanomori/,高津区,"保護者,幼児,乳児",未就園児とその保護者,,,,神奈川民間保育園協会　わかばの杜保育園,平日のみ　10:00~16:00,指定なし,"・雨天中止（中止の場合、当日9：00までに公式ホームページでお知らせします）
・園内での写真や動画の撮影禁止
・水分補給できるもの（お茶または水）、帽子を持ってきてください。",2026-09-01 17:22:15
KAWASAKI-95ae8f8d0a9f575f,親子のためのプラザdeこども寄席 Theラスト,2026-10-24,2026-10-24,2026-10-24,14:00:00,15:15:00,,"家族みんなで笑って楽しむ「こども寄席」、ついにフィナーレ！
見て笑ってびっくり！わくわくいっぱい、最後の寄席公演を開催します。

0歳から入場OK。小さな子どもから大人まで夢中になれる、はじめての寄席体験にもぴったりです。
一部は三遊亭遊馬による「落語教室」。楽しく笑いのコツを学ぼう！二部は三増紋之助の曲ごま。くるくる回る華やかな技に目がくぎづけ！そして三部は遊馬の本格落語で、会場いっぱいに大笑い！
今回がラスト公演。笑顔と拍手で、みんなで楽しく締めくくりましょう。

開演前には「Kidsわくわく券（500円）」で遊びも充実。
秋の一日、思い出に残る“笑いのひととき”をお届けします。",神奈川県川崎市高津区新作１丁目１９−１,神奈川県川崎市高津区新作１丁目１９−１,35.584909,139.610552,文化・芸術,https://www.kawasaki-shiminplaza.jp/event/detail?id=15981,高津区,"大学生,小学生",,"・親子ペア券：3,000円（お得！）
・おとな券：2,500円（18歳以上）
・こども券：1,000円",489名,2026-08-26〜2026-10-23 / チケットぴあ https: / t.pia.jp/ [Pコード：543985],川崎市民プラザ（指定管理者：川崎みらい創造グループ）,川崎市民プラザ,"授乳室,おむつ交換台,手話又は筆談対応,音声案内又は点字案内,思いやり駐車スペース,スロープ,エレベーター,オストメイト対応トイレ,バリアフリートイレ",,2026-08-03 09:06:21
KAWASAKI-bc407cddbf2a3c4e,令和８年度両立応援セミナー「育休復帰準備セミナー　応援します！安心してスタートするための第一歩」,2026-10-24,2026-10-24,2026-10-24,10:00:00,12:00:00,,"育児休業からの職場復帰や再就職、不安に思うことはありませんか？
そんな不安を解消するための「働き方」と、家庭での「家事・育児の共有」について、今のうちにパートナーとポジティブに話し合い、不安を解消しましょう。
講義の合間には、ワークとグループディスカッションも予定しています。
仕事と家庭、どちらも大切にしたいあなたを応援する講座です。パートナーとご一緒にまたはおひとりでも、ぜひご参加ください！",神奈川県川崎市高津区溝口１丁目６ リンクス溝の口,神奈川県川崎市高津区溝口１丁目６ リンクス溝の口,35.5987361,139.6145242,仕事・ビジネス;生活;子ども・子育て;学び・講座,https://www.pref.kanagawa.jp/docs/jg5/cnt/f7615/index.html,高津区,"妊産婦,保護者,社会人",,,30名,"2026-09-01〜2026-10-23 / ・事前申込制
・託児あり（事前予約制・定員あり・申込先着順・無料）
　※　お子様と一緒にセミナーは受講していただけませんのでご了承ください。

・詳細につきましては、ホームページをご覧ください。",神奈川県かながわ労働センター　川崎支所,神奈川県かながわ労働センター　川崎支所,託児室,,2026-09-10 19:45:40
KAWASAKI-d2e963833219eb68,殻をやぶれ！わくわくたまごプロジェクト,2026-10-25,2026-11-29,2026-10-25;2026-11-03;2026-11-15;2026-11-29,,,"10:30:00〜15:00:00
10:00:00〜16:00:00
10:00:00〜12:30:00
途中参加・退出は原則できません。全日参加を必須といたします","認定NPO法人キーパーソン21（神奈川県川崎市、代表：吉田明弘）は、昨年大好評だった『殻をやぶれ！わくわくたまごプロジェクト』を、今年もかながわサイエンスパーク（KSP)）にて実施いたします。
本プロジェクトは、地域の多様な大人たちがつながりながら、対話と体験を以て子どもたちを応援していく対話型地域循環キャリア教育モデルとして2024年にスタートしました。
　「対話型地域循環キャリア教育モデル」として、全国の小中学校等で導入されているキャリア教育プログラムをアレンジし、地域の子どもたちが誰でも参加でき、多様な大人と対話を重ねながら自らの原動力に気づき、はじめの一歩を行動する『殻をやぶれ！わくわくたまごプロジェクト』。
　今年は『かながわサイエンスパーク（KSP）』にて、子どもたちと地域の大人がともに楽しみながら、未来の自分に対する可能性を広げる体験をしていきます。",神奈川県川崎市高津区坂戸３丁目２−１ かながわサイエンスパーク（KSP)西棟２階 RESTAURANT&GALLERY PALETTE,神奈川県川崎市高津区坂戸３丁目２−１ かながわサイエンスパーク（KSP)西棟２階 RESTAURANT&GALLERY PALETTE,35.5940213,139.6206201,中学生向け;小学生向け;子ども・子育て;コミュニティ・交流;体感・体験;学び・講座,https://www.keyperson21.org/,高津区,"中学生,小学生",小学4年生～中学生,,16名,"2026-07-31〜2026-09-30 / 応募多数の場合は抽選となり、【10月11日(日)まで】に当選者へ参加案内メールをお送りします。 
参加案内メールに【3日以内】に返信がない場合はお電話にて確認させていただきます。",認定NPO法人　キーパーソン21,認定NPO法人　キーパーソン21 / 神奈川県川崎市中原区新丸子東2-907-25 ハイツ武蔵小杉704,指定なし,申請させていただきます。よろしくお願いします。,2026-07-21 08:48:46
KAWASAKI-18548d7a4c06554d,第62回川崎市消費生活展,2026-10-25,2026-10-25,2026-10-25,10:30:00,15:30:00,,川崎市では、消費生活に関する知識の普及を図り、市民の消費生活の向上に資するため、昭和40年から市内で活動する消費者団体や生活協同組合などとともに展示会を開催しています。展示内容は、消費者被害の防止に向けた啓発をはじめ、健康や環境問題など、消費生活に関する幅広い分野での展示や実演を行っています。,川崎市高津区溝口1-1-1 JR武蔵溝ノ口駅南北自由通路,川崎市高津区溝口1-1-1 JR武蔵溝ノ口駅南北自由通路,35.599077319721836,139.61094161790015,学び・講座;体感・体験;健康・福祉;環境・自然;生活,https://www.city.kawasaki.jp/280/page/0000114881.html,高津区,指定なし,,,先着順60名,,経済労働局 産業政策部 消費者行政センター,経済労働局 産業政策部 消費者行政センター 啓発係,指定なし,,2026-09-07 13:25:31
KAWASAKI-e7b75ae11281f562,10/29（木）「かわさき　はたらく応援合同説明会」の参加者を募集します！,2026-10-29,2026-10-29,2026-10-29,14:00:00,16:15:00,,世代に関わりなく、どなたでもご参加いただけるマッチングイベントです。会場は企業がブースを出展する「お仕事探しエリア」と、市内就労支援機関が出展する「就労サポートエリア」にわかれており、ご自身の就活ペースに合わせて話をきくことができます。,川崎市高津区溝口1-6-10 川崎市生活文化会館（てくのかわさき）2階ホール,川崎市高津区溝口1-6-10 川崎市生活文化会館（てくのかわさき）2階ホール,35.59885539811023,139.6140003204346,学び・講座;仕事・ビジネス,https://www.city.kawasaki.jp/280/page/0000189395.html,高津区,指定なし,,,40名程度,2026-09-14〜2026-10-28,経済労働局 労働・人材支援部,経済労働局 労働・人材支援部,指定なし,,2026-09-11 19:25:34
KAWASAKI-95aecc042a2303d9,第17回川崎シニアネット講演会,2026-10-30,2026-10-30,2026-10-30,13:30:00,16:45:00,受付13:00～,"１．ナヌ？川崎読書サークル？　本は人々を結びる。読書会を立ち上げた動機、経緯、続けてきた艱難辛苦と涙の物語
２．介護保険～分かっているようで、分からない～　元ケアマネージャーが介護の現状について語ります
３．美人画だけじゃない浮世絵　趣味の浮世絵について、今回は歌川広重の「名所江戸百景」についてご紹介",神奈川県川崎市高津区溝口１丁目６−１０ てくのかわさき１階　第１＆２研修室,神奈川県川崎市高津区溝口１丁目６−１０ てくのかわさき１階　第１＆２研修室,35.59881614122767,139.6139895915985,生活;文化・芸術;学び・講座,https://kawasaki-snet.com/,高津区,高齢者,,,４０名　申込の先着順,"2026-09-14〜2026-10-26 / 下記の案内及び申込フォームより申込願います。
https: / kawasaki-snet.com/koen",川崎シニアネット,川崎シニアネット,指定なし,,2026-09-14 10:17:54
KAWASAKI-6dd4337d542eedaa,第25回高津地区防災訓練を実施します！,2026-11-07,2026-11-07,2026-11-07,09:00:00,11:00:00,,"日時：令和8年11月7日 土曜日
　　　9時00分～11時00分
　　 （参加型訓練は10時30分までとなります。）

場所；川崎市立久地小学校

地域防災力の向上を目的として、防災訓練を実施します！

地震や風水害などの災害は、いつ発生するかわかりません。
いざという時に適切な行動が取れるよう、この機会にぜひご参加ください。",川崎市高津区久地4－2－1 川崎市立久地小学校,川崎市高津区久地4－2－1 川崎市立久地小学校,35.61084778687713,139.6012175500096,防災・防犯,https://www.city.kawasaki.jp/takatsu/page/0000189716.html,高津区,指定なし,,,,,高津区役所 危機管理担当,高津区役所 危機管理担当,指定なし,,2026-09-01 10:25:21
KAWASAKI-f90e6d69b4bb1e28,第33回北身館フェスティバル,2026-11-14,2026-11-14,2026-11-14,10:30:00,14:30:00,,地域やボランティア団体の皆様に北身館を知っていただくためのフェスティバルです。手話、点字、拡大写本、音訳の体験コーナーや、視覚障害者との囲碁対局、編み物の実演などがあります。他にも、模擬店や作品展示、自主製品販売、手話通訳付きの演劇・朗読・演奏、館内スタンプラリーでのお菓子プレゼントなども行います。,神奈川県川崎市高津区溝口１丁目１８−１６ 川崎市北部身体障害者福祉会館,神奈川県川崎市高津区溝口１丁目１８−１６ 川崎市北部身体障害者福祉会館,35.6011132,139.6140128,ボランティア;健康・福祉;コミュニティ・交流;体感・体験;学び・講座,,高津区,指定なし,,入場無料、各模擬店やバザーで商品を購入する時のみ料金がかかります。,,,川崎市北部身体障害者福祉会館,川崎市北部身体障害者福祉会館 / 川崎市高津区溝口１－１８－１６,"エレベーター,オストメイト対応トイレ,バリアフリートイレ",雨天決行,2026-09-11 17:54:05
KAWASAKI-0bb37c4f87f39261,里親月間啓発イベント「夢パにキットパス号がやってくる！」,2026-11-29,2026-11-29,2026-11-29,10:00:00,15:00:00,,"こども家庭庁では、毎年10月を「里親月間」と位置づけ、里親制度やファミリーホームを推進するための集中的な広報啓発を実施しています。
今年もかわさき里親支援センターさくらでは、かわさき里親月間啓発イベントを行います😊
「夢パにキットパス号がやってくる！」と題しまして、川崎市子ども夢パークさんを会場に思い切り遊びながら、里親制度にも触れられるイベントを実施します。",神奈川県川崎市高津区下作延５丁目３０−１ 川崎市子ども夢パーク,神奈川県川崎市高津区下作延５丁目３０−１ 川崎市子ども夢パーク,35.6055744,139.5970434,健康・福祉;子ども・子育て;遊び;体感・体験;学び・講座,https://satooya-sakura.com/,高津区,"外国人,障がい者,妊産婦,高齢者,保護者,社会人,大学生,高校生,中学生,小学生,幼児,乳児",手形足型作成コーナーや、キットパスを使って楽がき（らくがき）するコーナー、里親制度を知ることができるミニ講座、おはなし劇場など、大人だけでも、子どもだけでも、家族でも楽しめる時間になっています。,,,,社会福祉法人　厚生館福祉会　かわさき里親支援センターさくら,"かわさき里親支援センターさくら / 〒214-0001 川崎市多摩区菅５－２－１ポーラスター
（月～土　9時～17時）","授乳室,スロープ,エレベーター,バリアフリートイレ",雨天決行,2026-09-04 17:36:36
KAWASAKI-981ccf746efe48e3,高津さんの市,2026-11-29,2026-11-29,2026-11-29,10:00:00,12:00:00,,"「高津 さんの市」は、「地元""産""、市民""参""加、""SUN""DAY（日曜）開催」をキャッチフレーズに、橘地区を中心とした川崎市内で収穫された野菜を生産者の方が直接販売するファーマーズマーケットです。
また、地元の野菜を使った食品販売などもあります。

さんの市を通じて、都市に隣接した地元の農に触れて、見て、知ってください。",川崎市高津区久本1-5-19 久本薬医門公園,川崎市高津区久本1-5-19 久本薬医門公園,35.59745522406289,139.61179554462433,コミュニティ・交流;健康・福祉;環境・自然;食;買い物;生活;小学生向け;中学生向け;高校生向け,https://www.city.kawasaki.jp/takatsu/page/0000144966.html,高津区,指定なし,,,,,「たちばな農のあるまちづくり」推進会議・川崎市高津区役所,まちづくり推進部地域振興課 / 高津区役所,指定なし,,2026-08-13 18:25:15
KAWASAKI-6ea376d3313c442a,【宮前区】菅生フレンドおもちゃ病院,2026-11-08,2027-01-10,2026-11-08;2027-01-10,13:00:00,16:00:00,,"こわれて、つかえなくなったおもちゃ、そうだんしてみませんか。

「菅生おもちゃドクターの会」のみなさんが、お子さんの目の前でおもちゃをなおします。
おもちゃドクターがおもちゃを治す様子を見ていただきながら、物への愛着や、地域の方とのふれあいを育むことを目的としています。
奇数月の第2日曜日に開院しています。
ご予約の上、ご来院ください。


[修理対象]子ども用のおもちゃで、電池、ゼンマイ、手で動くもの。子どもが乗れるおもちゃや人形のようなもの。

[対象外]電子ゲーム機やそれに類する物。弾丸などを発射するおもちゃ。家電製品と同じ構造をし、100Vの電源を使用するものなど。",川崎市宮前区菅生5丁目4番11号 川崎市宮前市民館菅生分館,川崎市宮前区菅生5丁目4番11号 川崎市宮前市民館菅生分館,35.5949863216774,139.55536723136902,学び・講座;コミュニティ・交流;子ども・子育て;ボランティア,https://www.city.kawasaki.jp/miyamae/page/0000077299.html,宮前区,指定なし,できるだけお子さんと保護者の方で、一緒にご来院ください。,修理は無料ですが、部品交換が必要な場合は部品代として実費（50円～500円程度）をいただくことがあります。,各回のご予約は、先着20件までです。（状況により変更する場合がございます）,"2026-04-01〜2027-03-31 / または菅生分館窓口にて、随時受付中。
受付時間：午前9時～午後9時、休館日を除く","川崎市教育委員会
菅生おもちゃドクターの会",宮前区役所　まちづくり推進部　生涯学習支援課　菅生地区担当 / 宮前市民館菅生分館,指定なし,"・時間内に治らない場合はドクターがお預かりして修理する場合があります。
・お預かりしても治せない場合もあります。
・乾電池を使用する場合は、新しい乾電池をお持ちください。",2026-04-13 17:26:11
KAWASAKI-c265701e658549fa,菅生分館『児童室であそぼうDay』,2026-11-08,2027-01-10,2026-11-08;2027-01-10,13:00:00,16:00:00,,"菅生分館の「児童室」を、奇数月の第2日曜日、予約不要・出入り自由で小さなお子さんが遊べるように開放します。
ママパパの地域でのつながりの場、お子さん同士の遊びの場として、ぜひご活用ください。

申込み不要・出入り自由です。
対象：未就学児とその保護者・ご家族
場所：菅生分館 　児童室
日時：奇数月の第2日曜日　午後1時～4時
料金：無料（保険に加入はいたしません）",宮前区菅生5－4－11 宮前市民館菅生分館,宮前区菅生5－4－11 宮前市民館菅生分館,35.59497977854869,139.55536991357803,学び・講座;体感・体験;遊び;コミュニティ・交流;子ども・子育て,https://www.city.kawasaki.jp/miyamae/page/0000174942.html,宮前区,"乳児,幼児,保護者",,,,,川崎市教育委員会,宮前区役所まちづくり推進部生涯学習支援課菅生地区担当 / 宮前市民館菅生分館,指定なし,,2026-08-06 18:25:15
KAWASAKI-76b003418d77e9a7,2026年度　小学校での読み聞かせ講座　―　絵本とお話の本の選び方・全９回　―,2026-09-18,2026-10-16,2026-09-18;2026-10-02;2026-10-16,09:45:00,12:00:00,,子どもたちの『楽しい！』を引き出す本の選び方を、一緒に学びましょう。これから始めたい方も、始めたばかりの方も大歓迎。,神奈川県川崎市宮前区宮前平２丁目 川崎市宮前市民館,神奈川県川崎市宮前区宮前平２丁目 川崎市宮前市民館,35.5894498,139.5797253,生活;ボランティア;子ども・子育て;文化・芸術;コミュニティ・交流;学び・講座,https://forms.gle/x3ueCVsX7ye2oWnY7,宮前区,指定なし,,"3,000円（全９回分・資料代）",25名（先着順）,2026-05-09〜2026-06-05,宮前区小学校図書ボランティアの会,,指定なし,"地図が正しく表示されておりません。
修正をお願いいたします。",2026-05-07 13:20:55
KAWASAKI-c2051217d433f313,第382回みやまえロビーコンサート,2026-09-17,2026-09-29,2026-09-17;2026-09-18;2026-09-19;2026-09-20;2026-09-21;2026-09-22;2026-09-23;2026-09-24;2026-09-25;2026-09-26;2026-09-27;2026-09-28;2026-09-29,12:00:00,12:55:00,,音楽コンサートの開催を通して、行政施設に対する親近感を持ってもらうとともに、区に対するイメージアップを図り、区民の行政に対する意識や地域への関心等の向上につなげていく。「音楽のまち　かわさき」推進の一環として、大ホール等を使用したコンサートだけではなく、区民が日常生活において、気軽にかつ身近に上質でさまざまなジャンルの音楽と接することのできる機会を創出し、区民の文化意識の向上につなげていく。,川崎市宮前区宮前平2-20-5 宮前区役所2階ロビー,川崎市宮前区宮前平2-20-5 宮前区役所2階ロビー,35.52976189656687,139.70242099837648,音楽,https://www.city.kawasaki.jp/miyamae/page/0000184566.html,宮前区,指定なし,,,,,宮前区役所 まちづくり推進部 地域振興課,宮前区役所 まちづくり推進部 地域振興課,指定なし,,2026-08-25 16:25:12
KAWASAKI-22be64350c9c5c30,集会室であそぼう＆ランチタイム交流会【宮崎こども文化センター】,2026-09-17,2026-09-17,2026-09-17,10:00:00,14:00:00,"10:00～12:00 集会室であそぼう
片付けが終わり次第 ランチタイム交流会","宮崎台駅の近くにある宮崎こども文化センターで毎月1回開催している「集会室であそぼう」。
広いお部屋を使って、幼児室とはひと味違った遊びを親子で楽しみませんか？
遊びを通して、親子同士の交流も楽しめます。

今月は10:00～12:00開催の「集会室であそぼう」のあとに、「ランチタイム交流会」を開催します。
遊んだあとは、そのままお昼ごはんを食べながら、ゆっくりおしゃべりしませんか？
お昼ごはんは各自ご持参ください。ドリンクは無料でご用意します。

ランチタイム交流会のみの参加もできます。
予約不要・時間内出入り自由です。
親子で遊んで、食べて、気軽に交流できるひとときをお過ごしください。",神奈川県川崎市宮前区宮崎１丁目７ 宮崎こども文化センター,神奈川県川崎市宮前区宮崎１丁目７ 宮崎こども文化センター,35.584944170749715,139.59254801273346,子ども・子育て;コミュニティ・交流,https://kawasaki-city.ashita-ba.co.jp/kodomo-bunka-center/miyazaki-cc/,宮前区,"保護者,幼児,乳児",,,,,宮崎こども文化センター,"宮崎こども文化センター / 〒216-0033
神奈川県川崎市宮前区宮崎１丁目７番
宮崎第一公園内
宮崎こども文化センター
開館時間
平日9:30～21:00
日祝9:30～18:00","授乳室,おむつ交換台","マップに住所を入力すると、会場名が「宮崎第一公園」となってしまいます。
テキスト入力をし直しても保存ボタンを押すと公園名が保存されてしまう状況です。
実際には、公園の一角にある建物「宮崎こども文化センター」が会場となります。",2026-09-10 20:08:45
KAWASAKI-aab6138c6d446e79,スマホ相談会,2026-09-17,2026-09-17,2026-09-17,,,"13:30:00〜14:10:00
14:20:00〜15:00:00","スマボラ宮前（スマホボランティア）によるスマホ相談会を向丘出張所で開催します。
☆主な相談内容
基本操作、ネット検索、LINE、メール、カメラ、二次元コード読取、YouTube、行政手続きなど",宮前区平1－1－10 向丘出張所,宮前区平1－1－10 向丘出張所,35.59966506162294,139.57678533113824,学び・講座,https://www.city.kawasaki.jp/miyamae/page/0000185191.html,宮前区,指定なし,,,各回5名,"2026-08-28〜2026-09-16 / 申込方法：電話でお申し込みください（先着順）。
※申し込み時に、お名前、年代、連絡先、相談内容、スマホの種類についてお聞きします。",スマボラ宮前,宮前区役所 まちづくり推進部 向丘出張所 / 問合せ先,指定なし,,2026-07-16 15:25:02
KAWASAKI-89e59aad30be56d6,バタバタコップ工作【宮崎こども文化センター】,2026-09-18,2026-09-19,2026-09-18;2026-09-19,,,"10:30:00〜11:30:00
15:30:00〜16:30:00","紙コップから、動くおもちゃを作ってみよう！輪ゴムを巻いて手を離すと、生きているみたいにバタバタ動く、かわいくてちょっと不思議な工作です。

ペンギンさんやひよこさんの顔をつけて、自分だけのバタバタコップを作って遊びましょう。
コップに貼りつけるパーツは、あらかじめ職員が用意しています。はさみを使うのがまだ難しいお子さんも安心して取り組めますよ。

身近な紙コップが動くおもちゃに変身する楽しさを、親子で体験してみませんか？",神奈川県川崎市宮前区宮崎１丁目７ 宮崎こども文化センター,神奈川県川崎市宮前区宮崎１丁目７ 宮崎こども文化センター,35.5856291,139.5923222,子ども・子育て;遊び;体感・体験,https://kawasaki-city.ashita-ba.co.jp/kodomo-bunka-center/miyazaki-cc/,宮前区,幼児,,,,,宮崎こども文化センター,"宮崎こども文化センター / 〒216-0033
神奈川県川崎市宮前区宮崎１丁目７番
宮崎第一公園内
宮崎こども文化センター
開館時間
月～土 9:30～21:00
日・祝 9:30～18:00",授乳室,こちらでは、地図上で宮崎こども文化センターを選択後、建物名から宮崎第一公園を削除し宮崎こども文化センターに入力し直してプレビューをかけると宮崎こども文化センターが残ります。次回記載した手順で入力しても、公園名が表示されるようでしたらこちらに記載してください。,2026-09-14 09:26:38
KAWASAKI-fc28111614c7dcac,パークヨガｉｎ東高根森林公園,2026-09-18,2026-09-18,2026-09-18,10:15:00,11:00:00,雨天時また天候がヨガの実施にそぐわない場合、パークセンター（屋内）にて実施します。,"パークヨガｉｎ東高根森林公園　公園の緑に囲まれながらのヨガで心も身体も気持ちよくリラックス！！
ヨガ初心者向けのレッスンとなります。お気軽にご参加くださいませ。毎月第三金曜日に開催！
ヨガマットレンタル無料（先着順・要申込・数に限りがございます）",神奈川県川崎市宮前区神木本町２丁目１０−１ 県立東高根森林公園,神奈川県川崎市宮前区神木本町２丁目１０−１ 県立東高根森林公園,35.6044149,139.5868147,生活;環境・自然;スポーツ;コミュニティ・交流;遊び;体感・体験;学び・講座,https://higashitakane.com/topics/4737/,宮前区,指定なし,,800円,15名(先着順),2026-08-21〜2026-09-15 / 神奈川県川崎市宮前区神木本町2-10-1,東高根森林公園（指定管理者：石勝エクステリア）,東高根森林公園パークセンター / 神奈川県川崎市宮前区神木本町2-10-1,指定なし,雨天時または天候等がヨガの実施にそぐわない場合パークセンター内(屋内)にて実施します。,2026-04-01 09:49:05
KAWASAKI-2f566a27da1ce6e4,みやまえご近助ピクニックを開催します！,2026-09-19,2026-09-19,2026-09-19,10:00:00,14:00:00,,"「つながりひろがる」をテーマに開催している『みやまえご近助ピクニック』と、『宮前区防災フェア』がコラボレーション！
宮前区で活動している方のマルシェやカフェ、フリーマーケットを実施します！
同時開催の宮前区防災フェアでは災害時に役立つ防災知識を楽しく学べるコーナーなどを実施します。

ぜひ会場に足をお運びください！",川崎市宮前区初山1丁目 とんもり谷戸周辺,川崎市宮前区初山1丁目 とんもり谷戸周辺,35.60031661281704,139.56517338752747,学び・講座;体感・体験;遊び;コミュニティ・交流;スポーツ;子ども・子育て;健康・福祉;環境・自然;防災・防犯;ボランティア;食;買い物;生活;仕事・ビジネス,https://www.city.kawasaki.jp/miyamae/page/0000189306.html,宮前区,指定なし,,入場は無料ですが、有料の商品販売店舗が並びます。,,,みやまえご近助ピクニック実行委員会、宮前区自主防災組織連絡協議会、宮前区役所,宮前区役所　地域振興課 / みやまえご近助ピクニックに関すること,指定なし,,2026-08-21 16:25:23
KAWASAKI-5c350d3e88afa4d0,森林カフェ,2026-09-20,2026-09-20,2026-09-20,11:00:00,15:00:00,,おいしいハンドドリップのコーヒーを提供。,神奈川県川崎市宮前区神木本町２丁目１０−１ 県立東高根森林公園,神奈川県川崎市宮前区神木本町２丁目１０−１ 県立東高根森林公園,35.6044149,139.5868147,生活;子ども・子育て;コミュニティ・交流,https://higashitakane.com/topics/5192/,宮前区,指定なし,,300円,,,東高根森林公園（指定管理者：石勝エクステリア）,東高根森林公園パークセンター / 神奈川県川崎市宮前区神木本町2-10-1,指定なし,,2026-09-14 10:29:54
KAWASAKI-c35d9bfd4e243f20,宮前平こども文化センター　親子工作～トンボのメガネを作ろう～,2026-09-20,2026-09-20,2026-09-20,10:00:00,11:00:00,,トンボのメガネを作ります！羽に好きな模様を描いたり貼ったりしよう！,神奈川県川崎市宮前区宮崎６丁目 宮前平こども文化センター,神奈川県川崎市宮前区宮崎６丁目 宮前平こども文化センター,35.5918314,139.5843855,子ども・子育て;遊び,https://kawasaki-city.ashita-ba.co.jp/kodomo-bunka-center/miyamaedaira-cc/,宮前区,"保護者,幼児",乳幼児親子対象,,,,宮前平こども文化センター,宮前平こども文化センター,おむつ交換台,,2026-09-10 19:51:56
KAWASAKI-4a9c37ca9537734e,プラレールであそぼう【宮崎こども文化センター】,2026-09-20,2026-12-20,2026-09-20;2026-10-18;2026-11-15;2026-12-20,10:00:00,12:00:00,"開催日は変更になる場合があります。
最新の予定は、毎月発行の「宮崎こども文化センターだより」でご確認ください。
おたよりはホームページからもご覧になれます。","毎月第3日曜日は、宮崎こども文化センターでプラレール三昧！

広いお部屋いっぱいにプラレールを広げて、思いっきり遊びましょう。たくさんのレールを自由につないで、大きなコースを作ることができます。トミカの立体駐車場や立体道路も用意しています。

親子で一緒に遊ぶのはもちろん、上のきょうだいなど、幼児さんと一緒に遊んでくれる小学生以上のお子さんも参加できます。

その日の参加者のアイデアで、コースがどんどん変わっていくのも楽しみのひとつです。

宮崎こども文化センターは宮崎台駅から徒歩5分。宮崎第一公園の一角にある水色の建物です。初めての方もお気軽にお越しください。",神奈川県川崎市宮前区宮崎１丁目７ 宮崎こども文化センター,神奈川県川崎市宮前区宮崎１丁目７ 宮崎こども文化センター,35.5849436,139.5925517,子ども・子育て;コミュニティ・交流;遊び,https://kawasaki-city.ashita-ba.co.jp/kodomo-bunka-center/miyazaki-cc/,宮前区,"保護者,幼児,乳児",,,,,宮崎こども文化センター,"宮崎こども文化センター / 〒216-0033
神奈川県川崎市宮前区宮崎１丁目７番
宮崎第一公園内
宮崎こども文化センター
開館時間
平日9:30～21:00
日祝9:30～18:00",授乳室,マップで施設の住所を入力すると「宮崎第一公園」と表示されてしまいますが、実際にイベントが開催されるのは公園内にある「宮崎こども文化センター」です。,2026-09-14 17:41:15
KAWASAKI-cfaf29308445deb9,モルックであそぼう【宮崎こども文化センター】,2026-09-21,2026-09-21,2026-09-21,14:00:00,15:00:00,,"木の棒を投げて、ピンを倒して点数を競う「モルック」。フィンランド生まれの、みんなで楽しめるゲームです！

数字のついた木のピンをめがけて棒を投げ、倒したピンの得点を重ねながら、50点ぴったりを目指します。
「どのピンを狙おう？」「あと何点取ればいい？」と考えながら投げるのもおもしろさのひとつです。
力だけでは決まらないので、運動が得意な人も、そうでない人も楽しめます。

初めて会う子同士でも一緒に楽しめるのがモルックのいいところ。ひとりで参加しても大丈夫です。ゲームを楽しみながら、こ文で新しいお友達との出会いがあるかもしれません。

みんなで投げて、倒して、点数を数えて、モルックを楽しもう！",神奈川県川崎市宮前区宮崎１丁目７ 宮崎こども文化センター,神奈川県川崎市宮前区宮崎１丁目７ 宮崎こども文化センター,35.584944170749715,139.59255069494247,小学生向け;スポーツ;コミュニティ・交流;遊び;体感・体験,https://kawasaki-city.ashita-ba.co.jp/kodomo-bunka-center/miyazaki-cc/,宮前区,小学生,,,,,宮崎こども文化センター,"宮崎こども文化センター / 〒216-0033
神奈川県川崎市宮前区宮崎１丁目７番
宮崎第一公園内
宮崎こども文化センター
開館時間
月～土 9:30～21:00
日・祝 9:30～18:00",指定なし,"地図に住所を入力すると、開催場所が自動的に「宮崎第一公園」に設定されてしまいます。
実際のイベント開催場所は公園内にある「宮崎こども文化センター」です。",2026-09-14 17:41:29
KAWASAKI-b5d556c84eb02ef4,スポーツ＆食欲の秋を楽しもう！,2026-09-21,2026-09-21,2026-09-21,10:30:00,15:00:00,,"遊びや健康、試食といったブースが盛りだくさん♪
キッチンカーも来るので是非シルバーウィークは東高根森林公園にお越しください♪",神奈川県川崎市宮前区神木本町２丁目１０−１ 県立東高根森林公園,神奈川県川崎市宮前区神木本町２丁目１０−１ 県立東高根森林公園,35.6044149,139.5868147,生活;環境・自然;スポーツ;コミュニティ・交流;遊び;体感・体験;学び・講座,https://higashitakane.com/topics/5205/,宮前区,指定なし,,,,,東高根森林公園（指定管理者：石勝エクステリア）,東高根森林公園パークセンター / 神奈川県川崎市宮前区神木本町2-10-1,指定なし,,2026-09-14 10:31:52
KAWASAKI-d9b35ae34aa39dd9,レッツトライ！ミュージカル体験！,2026-09-22,2026-09-22,2026-09-22,13:30:00,15:00:00,13:30開場、13:45スタート,"「レ・ミゼラブル」等に出演経験のある局田奈都子さん指導によるミュージカル体験!!

まずは簡単な準備運動から
セリフの伝え方や歌唱のポイント
ミュージカルとは何かを学びます

皆さんが知っている作品を題材にピアノの生演奏も加えた局田さん監修のミュージカルを参加者の皆さんで作り上げます。


ミュージカルや演劇、歌劇などの表現活動を体験し、仲間と一緒に演じることで、自分の気持ちを伝える力や、相手の気持ちを思いやる心、想像する力を育みます。

この体験レッスンでは、普段は住んでいる地域を離れて活動する機会が少ない障がいのある子どもたちをはじめ、参加するすべての子どもたちが、多様な感情や表現に触れながら、共感力・創造性・表現力・社会性を育むことを目指します。

さらに、保護者の皆さまにもお子さまと一緒に体験や成長を共有していただくことで、家族間のコミュニケーションが深まる機会となることも期待しています。",神奈川県川崎市宮前区宮前平２丁目 川崎市宮前市民館,神奈川県川崎市宮前区宮前平２丁目 川崎市宮前市民館,35.5894498,139.5797253,中学生向け;小学生向け;健康・福祉;子ども・子育て;文化・芸術;音楽;コミュニティ・交流;体感・体験;学び・講座,http://picka.jp,宮前区,"障がい者,保護者,高校生,中学生,小学生,幼児",小学校低学年は付き添い必須,,お子さま10〜15名程度(保護者との参加が望ましい),2026-08-03〜2026-09-21 / 詳しいお申し込み方法は画像データをご確認いただくか、記載のURLよりメールフォームに必要事項をご記入の上、お申し込みください。,一般社団法人 ピッカ,一般社団法人 ピッカ,"思いやり駐車スペース,スロープ,エレベーター,バリアフリートイレ",,2026-08-04 11:08:04
KAWASAKI-adc7dbb5e30b232c,防災フェスタ,2026-09-23,2026-09-23,2026-09-23,10:00:00,12:00:00,,"煙体験、川崎の地盤展示や測量体験など防災に関わるプログラムが目白押し！
キッチンカーも出店予定！入場料無料ですので、ぜひお越しください",神奈川県川崎市宮前区神木本町２丁目１０−１ 県立東高根森林公園,神奈川県川崎市宮前区神木本町２丁目１０−１ 県立東高根森林公園,35.6044149,139.5868147,生活;環境・自然;コミュニティ・交流;体感・体験;学び・講座,https://higashitakane.com/topics/5187/,宮前区,指定なし,,,,,東高根森林公園（指定管理者：石勝エクステリア）,東高根森林公園パークセンター / 神奈川県川崎市宮前区神木本町2-10-1,指定なし,,2026-09-14 10:36:48
KAWASAKI-d65bbf44664805e8,フットサル教室【宮崎こども文化センター】,2026-09-25,2026-09-25,2026-09-25,16:00:00,17:00:00,,"宮崎こ文の2つの部屋をつなげた広いスペースで、フットサルを楽しむ小学校１年生～４年生向けの教室です。
Make Smile フットサルクラブ（NPO法人ONE）から先生を迎え、ボールの蹴り方やフットサルの楽しさを教えてもらいます。

「サッカーに興味はあるけれど、やったことがない」「ちょっとやってみたい」という人から、サッカーやフットサルが好きな人まで、気軽に参加してくださいね。

申し込みはWebから。当日は室内履きをお忘れなく。",神奈川県川崎市宮前区宮崎１丁目７ 宮崎こども文化センター,神奈川県川崎市宮前区宮崎１丁目７ 宮崎こども文化センター,35.584944170749715,139.59254801273346,小学生向け;スポーツ;体感・体験;学び・講座,https://kawasaki-city.ashita-ba.co.jp/kodomo-bunka-center/miyazaki-cc/,宮前区,小学生,小学校１年生～４年生向けのイベントです,,,2026-09-14〜2026-09-25 / 来館またはお電話でもご予約可能です。,宮崎こども文化センター,"宮崎こども文化センター / 〒216-0033
神奈川県川崎市宮前区宮崎１丁目７番
宮崎第一公園内
宮崎こども文化センター
開館時間
月～土 9:30～21:00
日・祝 9:30～18:00",指定なし,,2026-09-15 19:40:13
KAWASAKI-9128bda3b124015f,秋を感じよう♪ベビーコペル制作イベント,2026-09-25,2026-09-27,2026-09-25;2026-09-27,,,"10:00:00〜10:45:00
14:00:00〜14:45:00","0歳7か月～1歳5ヶ月のお子さま限定イベント🍁

秋といえば
・おいしい食べもの🍠
・澄んだ空
・虫たちの音色
・十五夜　と
考えるだけで幸せになりますね！

秋にちなんだお歌を歌い、制作、フラッシュカードなどなど！
親子でゆったり楽しい秋の時間を過ごしませんか(^^♪

お友達を誘っての参加も大歓迎です✨
皆さまにお会いできるのを楽しみにお待ちしております！

🌛日程：①9月25日(金)10：00～10：45
　　　　 ②9月27日(日)14：00～14：45
👶対象：0歳7か月～1歳5ヶ月のお子さまと保護者さま
🍁参加費：無料

どうぞお気軽にご参加ください✨",神奈川県川崎市宮前区鷺沼１丁目 ニューウェル　２０６号室,神奈川県川崎市宮前区鷺沼１丁目 ニューウェル　２０６号室,35.5778199,139.5706123,子ども・子育て;遊び,https://copel.co.jp/,宮前区,乳児,0歳7か月～1歳5ヶ月のお子様限定,,4組,2026-09-11〜2026-09-24,幼児教室コペル鷺沼教室,幼児教室コペル鷺沼教室,エレベーター,待合室のソファーで授乳可能です,2026-09-11 15:31:22
KAWASAKI-f683a728a5909bff,－川崎市市民ミュージアム講座－,2026-09-26,2026-09-27,2026-09-26;2026-09-27,10:30:00,15:00:00,"※4つの講座を開講します
2026年9月26日（土）①10：30～12：00／②13：30～15：00
2026年9月27日（日）③10：30～12：00／④13：30～15：00","今年は宮前区で開催！当館学芸員が研究分野や専門領域について分かりやすく解説します。
今年度は川崎の歴史に関する内容や映画フィルムの保存・修復について、さらに当館が所蔵する版画などに用いられている紙に関する講座など幅広い内容で開催。興味のある講座はもちろん、はじめて知る分野にもお気軽にお申込みください。

【ラインナップ（事前申込制）】
①2026年9月26日（土）10：30～12：00
「1日でめぐる西国三十三所？「京浜東横沿線出開扉」を読む―」
②2026年9月26日（土）13：30～15：00
「知りたい！映画を守る仕事　－映画の保存と復元－」
③2026年9月27日（日）10：30～12：00
「六郷橋と六郷渡船　―多摩川を渡す人々―」
④2026年9月27日（日）13：30～15：00
「紙・めくるめく」",神奈川県川崎市宮前区宮前平２丁目２０−４ 川崎市消防局宮前消防署,神奈川県川崎市宮前区宮前平２丁目２０−４ 川崎市消防局宮前消防署,35.5896366,139.5798882,文化・芸術;学び・講座,https://www.kawasaki-museum.jp/event/34409/,宮前区,指定なし,,,各回40名（要申込）,2026-08-24〜2026-09-14 / ※申込多数の場合は抽選　１組4名まで応募可能,川崎市市民ミュージアム,川崎市市民ミュージアム / ※会場は宮前市民館 4階 第4会議室ですのでご注意ください。,指定なし,※会場は宮前市民館 4階 第4会議室,2026-08-14 17:39:42
KAWASAKI-52873d46cc1372a9,おもちゃ病院【宮崎こども文化センター】,2026-09-26,2026-12-26,2026-09-26;2026-10-24;2026-11-28;2026-12-26,10:00:00,14:00:00,"受付時間は10:00～13:30です。

開催日は変更になる場合があります。
最新の予定は、毎月発行の「宮崎こども文化センターだより」でご確認ください。
おたよりはホームページからもご覧になれます。","壊れてしまった大切なおもちゃ、捨てる前に「おもちゃ病院」に持ってきませんか？
毎月第4土曜日、宮崎こども文化センターにおもちゃドクターがやってきて、おもちゃの診察・修理を行います。

保育玩具、知育玩具、ゲーム機、ラジコン、電子楽器、プラレールなど、さまざまなおもちゃを診察します。

【修理について】
・修理費は原則無料（部品代等がかかる場合があります）
・状態や種類によっては修理できない場合があります
・当日修理できたものは、原則当日にお受け取りください
・預かりの場合は次回開催日の10:00～11:30に返却します

【お持ちいただくもの】
・説明書や外箱、取れた部品・破片など
・電池で動くおもちゃは新しい電池

お子様だけでの受付はできません。小学生以上の方も保護者の方と一緒にお越しください。

「宮崎おもちゃ病院」は、日本おもちゃ病院協会の登録病院・柿生おもちゃ病院の分院です。",神奈川県川崎市宮前区宮崎１丁目７ 宮崎こども文化センター,神奈川県川崎市宮前区宮崎１丁目７ 宮崎こども文化センター,35.5849436,139.5925517,高校生向け;中学生向け;小学生向け;生活;環境・自然;子ども・子育て;遊び,https://kawasaki-city.ashita-ba.co.jp/kodomo-bunka-center/miyazaki-cc/,宮前区,指定なし,,原則無料ですが、部品代等かかる場合があります。,,,宮崎こども文化センター,"宮崎こども文化センター / 〒216-0033
神奈川県川崎市宮前区宮崎１丁目７番
宮崎第一公園内
宮崎こども文化センター
開館時間
平日9:30～21:00
日祝9:30～18:00",指定なし,"地図に住所を入力すると、自動的に開催場所が「宮崎第一公園」と入力されてしまいますが、
実際にイベントが開催される施設は公園内にある「宮崎こども文化センター」です。",2026-09-14 17:40:59
KAWASAKI-6afa5ad4f17e3711,向丘モルック杯,2026-09-27,2026-09-27,2026-09-27,09:00:00,12:00:00,,"「モルック」（木の棒）を投げて、「スキットル」（数字が書かれた木の棒）を倒して点を取っていくゲームです。イメージとしては、ボウリングのように下投げでモルックを投げて、3～4m離れた位置にあるスキットルを倒す、というものになります。モルックを投げて倒れたスキットルによって得点を加算していき、先に50点ピッタリになるまで得点した方が勝ち！投げ方や倒す本数など体だけではなく頭も使うアウトドアスポーツです。
向丘出張所の会議室にて開催いたします。",平1-1-10 向丘出張所会議室,平1-1-10 向丘出張所会議室,35.59959470549059,139.57679519159745,体感・体験;遊び;コミュニティ・交流;スポーツ;子ども・子育て;小学生向け;中学生向け;高校生向け,https://www.city.kawasaki.jp/miyamae/page/0000168196.html,宮前区,指定なし,,,"団体：16チーム
個人：8人",2026-08-01〜2026-09-18 / 向丘出張所窓口（平日8:30～17:00）,向丘地区青少年指導員会,宮前区役所 まちづくり推進部 向丘出張所,指定なし,,2026-08-01 13:25:14
KAWASAKI-97abbfe2ac655a7c,むかおか本の会「おはなし会」,2026-09-29,2026-09-29,2026-09-29,11:00:00,11:30:00,,図書ボランティア「むかおか本の会」による「おはなし会」を出張所の1階ロビーで9月29日11時～11時30分に開催します。ぜひ、楽しい絵本の世界に触れてみませんか？,川崎市宮前区平1--1-10 向丘出張所,川崎市宮前区平1--1-10 向丘出張所,35.599592551550636,139.57679271697998,学び・講座;体感・体験;コミュニティ・交流;文化・芸術;子ども・子育て;ボランティア;生活,https://www.city.kawasaki.jp/miyamae/page/0000165278.html,宮前区,"乳児,幼児,小学生,中学生,高校生,大学生,社会人,保護者,高齢者,妊産婦,障がい者",,,,,宮前区役所 まちづくり推進部 向丘出張所,宮前区役所 まちづくり推進部 向丘出張所,指定なし,,2026-08-25 13:25:19
KAWASAKI-7dff51bc553a54dd,有馬こども文化センター　ベビーマッサージ教室,2026-09-29,2026-09-29,2026-09-29,11:00:00,12:00:00,,ロイヤルセラピスト協会認定講師の方をお招きして、オイルを使わないベビーマッサージを行います。手足マッサージや手遊びを通してスキンシップをとる技術を学ぶことができます。,神奈川県川崎市宮前区有馬４丁目５−２ 川崎市有馬こども文化センター,神奈川県川崎市宮前区有馬４丁目５−２ 川崎市有馬こども文化センター,35.5768569,139.5829689,子ども・子育て;体感・体験;学び・講座,,宮前区,"保護者,乳児",歩行前のお子さんが対象です。,,10組（先着順）,2026-09-01〜2026-09-28 / 川崎市宮前区有馬４－５－２,有馬こども文化センター,有馬こども文化センター,"おむつ交換台,授乳室",,2026-09-09 16:52:12
KAWASAKI-cde818aa5d50c7bb,令和8年度　ボランティア養成講座,2026-10-01,2026-10-29,2026-10-01;2026-10-08;2026-10-15;2026-10-22;2026-10-29,,,"14:00:00〜16:00:00
09:45:00〜13:30:00","宮前区では、食を通じた活動を行う食生活改善推進員や、運動を通じて地域の方の健康づくりのお手伝いをするボランティア、乳幼児健診の保育のボランティア等の人々が活躍しています。講座を通して食事・口腔ケア・運動について学び、市民や自身の健康づくりに一緒に取り組みませんか。ご自身やご家族のために学びたい方、ボランティアに初めて挑戦する方、すでにご経験が
ある方まで、どなたでも大歓迎です。",川崎市宮前区平1-1-10 向丘出張所,川崎市宮前区平1-1-10 向丘出張所,35.5995860087985,139.576795399189,学び・講座;コミュニティ・交流;スポーツ;子ども・子育て;健康・福祉;ボランティア;食,https://www.city.kawasaki.jp/miyamae/page/0000187594.html,宮前区,指定なし,,10月22日は食材料費500円程度がかかります。,先着15名,2026-08-17〜2026-09-30,宮前区役所 地域みまもり支援センター（福祉事務所・保健所支所） 地域支援課,宮前区役所 地域みまもり支援センター（福祉事務所・保健所支所） 地域支援課,指定なし,,2026-08-06 20:25:15
KAWASAKI-fcfc4d536e35a7ea,第19回まちづくり広場ラブみやまえ,2026-10-03,2026-10-03,2026-10-03,10:00:00,15:00:00,,"宮前区及び宮前区まちづくり協議会では、私たちの宮前区をより住みやすい“まち”にするため、地域の住民や市民活動団体が交流し、まちづくりを活性化するイベント「まちづくり広場ラブみやまえ」を開催します。19回目となる今回は「つなぐ・むすぶ・ひろげる」をテーマに市民活動団体によるステージ発表や体験ブース、展示などを行うほか、飲食物販など多世代が楽しめる企画を多数用意しました。

是非御来場いただきお楽しみください。

また、イベントを盛り上げるため、飲食物販や子ども向け企画、受付など当日の運営をお手伝いいただけるボランティアの方を募集します。詳しくは募集案内を御確認の上、応募フォームからお申込みください。",宮前区宮前平2－20－4 宮前市民館,宮前区宮前平2－20－4 宮前市民館,35.58920474764483,139.57943656791852,学び・講座;体感・体験;遊び;コミュニティ・交流;音楽;文化・芸術;子ども・子育て;健康・福祉;環境・自然;ボランティア;観光;祭り;生活,https://www.city.kawasaki.jp/miyamae/page/0000189174.html,宮前区,指定なし,,,,,宮前区・ラブみやまえ実行委員会,宮前区役所 まちづくり推進部 地域振興課,指定なし,,2026-09-01 13:25:35
KAWASAKI-f9ad1597ae222de8,森林浴,2026-10-03,2026-10-03,2026-10-03,08:45:00,11:15:00,,森林公園でリフレッシュしてみませんか？,神奈川県川崎市宮前区神木本町２丁目１０−１ 県立東高根森林公園,神奈川県川崎市宮前区神木本町２丁目１０−１ 県立東高根森林公園,35.6044149,139.5868147,環境・自然;体感・体験;学び・講座,https://higashitakane.com/topics/5210/,宮前区,指定なし,,2000円,7名,2026-09-03〜2026-10-02,東高根森林公園（指定管理者：石勝エクステリア）,東高根森林公園パークセンター / 神奈川県川崎市宮前区神木本町2-10-1,指定なし,,2026-09-14 10:39:15
KAWASAKI-045cdd808e9d43bb,音色ってナニ!? 音と描画の体験教室,2026-10-04,2026-10-04,2026-10-04,10:00:00,11:30:00,10:00開場、10:15スタート,"ピアノやギター、パーカッション等の音楽家の生演奏される中で、オリジナルデザインの作品をつくろう!
小さなお子様はぬり絵や自由に絵を描くだけでもOK！

「音色」ってナニ！？「ねいろ？」「おんしょく？」――この答えを探しながら、音楽家の生演奏を間近で体感してみよう！

まずは、生演奏を聴きながら、白い紙にクレヨンなどで、音から感じたイメージや感覚を自由に描きます。上手に描くことを目的とせず、一人ひとりが感じたことを自分なりの方法で表現することを楽しみます。

その後は、ピクセルアートやオリジナル作品の制作にも挑戦します。音楽を感じることから始まり、描く・つくるというさまざまな表現へと体験を広げていきます。

音楽を聴くだけの参加も大歓迎！それぞれの楽しみ方で、音楽と創作の時間をお楽しみください。",神奈川県川崎市宮前区宮前平２丁目２０−４ 宮前市民館　実習室,神奈川県川崎市宮前区宮前平２丁目２０−４ 宮前市民館　実習室,35.5894498,139.5797253,体感・体験;学び・講座;中学生向け;小学生向け;子ども・子育て;文化・芸術;音楽;コミュニティ・交流,http://picka.jp,宮前区,"障がい者,保護者,高校生,中学生,小学生,幼児",小学校低学年は付き添い必須,お子さま1名につき500円,お子さま10〜15名程度(保護者との参加が望ましい),2026-08-12〜2026-10-03 / 詳しいお申し込み方法はチラシのデータをご確認いただくか、記載のURLよりメールフォームに必要事項をご記入の上、お申し込みください。,一般社団法人 ピッカ,一般社団法人 ピッカ,"音声案内又は点字案内,思いやり駐車スペース,スロープ,エレベーター,バリアフリートイレ",,2026-08-13 13:17:04
KAWASAKI-06efb057cb4ccbf7,はじめての子育てパパ必見！どんなパパになりたいですか？,2026-10-04,2026-11-29,2026-10-04;2026-10-18;2026-11-01;2026-11-15;2026-11-29,10:00:00,11:30:00,2026年12月13日日曜日10時～11時30分,はじめての子育てパパ。どんなパパになりたいですか。お子さんと一緒にしたいことは何ですか。なりたいパパ像、親子関係、お子さんの未来のために、今からできることはなんだろう？子育ての大切なお話を聞いたり、話したりして一緒に考えてみませんか。,川崎市宮前区菅生5－4－11 菅生分館,川崎市宮前区菅生5－4－11 菅生分館,35.59498195959164,139.55536723136902,学び・講座;体感・体験;遊び;コミュニティ・交流;子ども・子育て,https://www.city.kawasaki.jp/miyamae/page/0000188614.html,宮前区,"乳児,保護者","概ね令和7年4月～令和8年3月生まれの第1子の父親
保育対象のお子さんが第2子以降の場合は、電話または来館にてご相談ください。
川崎市宮前区在住の方優先","AED講習費として400円（第4回に集金）
（ただし、別室保育利用の場合は、別途子ども1人につき保育保険に係る費用・雑費として900円初回集金）",14人。子どもの預かりは定員7人。,2026-09-15〜2026-10-02 / 来館：川崎市宮前区菅生5－4－11 菅生分館,川崎市教育委員会,宮前区役所まちづくり推進部生涯学習支援課菅生地区担当 / 川崎市宮前市民館菅生分館,指定なし,,2026-09-16 14:25:31
KAWASAKI-624dd4d6960d9365,英語も楽しく♪多言語で世界とつながろう！体験ワークショップ,2026-10-11,2026-10-11,2026-10-11,14:00:00,16:00:00,,"「多言語・多世代・多様性」をテーマに、日本全国700ヵ所で活動している ヒッポファミリークラブです！

今回、川崎市教育委員会の後援をいただいて、「多言語で世界につながろう！体験ワークショップ」を開催します！

当日は、
・世界の音楽で楽しく体を動かそう
・世界の言葉をまねっこしよう 
・「多言語環境だから育つもの」についての講師のお話 
など、大人も子どもも多言語に楽しくふれていただけるプログラムとなります♪ 

0才からどなたでもご参加OK！ 【要申込】",神奈川県川崎市宮前区東有馬４丁目６−１,神奈川県川崎市宮前区東有馬４丁目６−１,35.57124651373703,139.58840399980545,高校生向け;中学生向け;小学生向け;子ども・子育て;コミュニティ・交流;遊び;体感・体験;学び・講座,https://www.lexhippo.gr.jp/,宮前区,指定なし,,,,2026-09-01〜2026-10-31,一般財団法人　言語交流研究所　ヒッポファミリークラブ,一般財団法人　言語交流研究所　ヒッポファミリークラブ,"授乳室,おむつ交換台,思いやり駐車スペース,エレベーター",,2026-09-10 19:22:19
KAWASAKI-388b41d83573bc88,威德山影向寺　重要文化財をめぐる歴史旅,2026-10-12,2026-10-12,2026-10-12,14:00:00,16:30:00,,影向寺のいつもは厳重に閉まっている各お堂の扉の鍵を開け、寺の由緒をはじめ重要文化財の説明を住職自らお話頂きます,神奈川県川崎市宮前区野川本町3-4-4 威徳山影向寺,神奈川県川崎市宮前区野川本町3-4-4 威徳山影向寺,35.578434858053036,139.61876392364502,学び・講座;体感・体験;コミュニティ・交流;文化・芸術;観光;生活;小学生向け;中学生向け;高校生向け,https://www.city.kawasaki.jp/miyamae/page/0000189982.html,宮前区,指定なし,,"500円
※通常は見ることが出来ないお堂を見学する特別拝観料です",先着20名,2026-09-09〜2026-10-10 / 申込みフォームからお申し込みください,推し活！MIYAMAE,宮前区役所 まちづくり推進部 企画課,指定なし,境内は車いすも使用できますが、本堂など堂内へ入るには数段の階段があります,2026-09-09 09:25:34
KAWASAKI-808d1b9d4d884f14,ひよっこ向丘,2026-10-14,2026-10-14,2026-10-14,10:30:00,11:30:00,,子育てサロン「ひよっこ向丘」は、地域のボランティアさんが、お子様と一緒に遊んだり子育ての悩みなど聞いてくれるアットホームなサロンです。また、子育て中の同じような仲間と交流できる憩いの場です。お子様と一緒に楽しい時間を過ごしませんか。,神奈川県川崎市宮前区平1-1-10 宮前区役所向丘出張所,神奈川県川崎市宮前区平1-1-10 宮前区役所向丘出張所,35.59967978819489,139.57681953907013,コミュニティ・交流;子ども・子育て,https://www.city.kawasaki.jp/miyamae/page/0000140781.html,宮前区,"乳児,幼児",,,,,向丘地区社会福祉協議会,向丘出張所 / 宮前区役所向丘出張所,指定なし,,2026-09-09 13:25:56
KAWASAKI-da5156c489342741,スマホ相談会,2026-10-15,2026-10-15,2026-10-15,,,"14:20:00〜15:00:00
13:30:00〜14:10:00","スマボラ宮前（スマホボランティア）によるスマホ相談会を向丘出張所で開催します。
☆主な相談内容
基本操作、ネット検索、LINE、メール、カメラ、二次元コード読取、YouTube、行政手続きなど",宮前区平1－1－10 向丘出張所,宮前区平1－1－10 向丘出張所,35.59966506162294,139.57678533113824,学び・講座,https://www.city.kawasaki.jp/miyamae/page/0000183374.html,宮前区,指定なし,,,各回5名,"2026-09-25〜2026-10-14 / 申込方法：電話でお申し込みください（先着順）。
※申し込み時に、お名前、年代、連絡先、相談内容、スマホの種類についてお聞きします。",スマボラ宮前,宮前区役所 まちづくり推進部 向丘出張所 / 問合せ先,指定なし,,2026-08-20 16:25:12
KAWASAKI-f205388ec06db9e1,ハロウィンアレンジメント作り,2026-10-15,2026-10-15,2026-10-15,14:30:00,15:45:00,,街の停留所の山田真由美さんを講師にお招きし、ハロウィンアレンジメント作り講座を開催します。一緒にアレンジメントを作って、季節のイベントを感じましょう。,川崎市宮前区宮前平2-20-5 宮前区役所4階大会議室,川崎市宮前区宮前平2-20-5 宮前区役所4階大会議室,35.589287087149906,139.57875506953582,学び・講座;体感・体験;コミュニティ・交流;文化・芸術;環境・自然;生き物,https://www.city.kawasaki.jp/miyamae/page/0000189181.html,宮前区,指定なし,,"1人1,000円",定員20名,2026-09-15〜2026-10-15,宮前区役所 まちづくり推進部 地域振興課,宮前区役所 まちづくり推進部 地域振興課,指定なし,,2026-08-20 10:25:26
KAWASAKI-87f3474320e1e4e8,菅生分館「今日からはじめる姿勢改善体操」,2026-10-15,2026-10-31,2026-10-15;2026-10-23;2026-10-31,,,"14:00:00〜16:00:00
10:00:00〜12:00:00","姿勢のくずれ、慢性的な痛みに悩んでいませんか？健康寿命を延ばすための講話と、姿勢改善、痛み改善、予防に効果的な運動を楽しく行います。
（各回申込。複数申し込み可）

第1回 10月15日 木曜日　午後2時～4時　健康のために必要な3要素
第2回 10月23日　金曜日　10時～12時　呼吸が変わると姿勢、睡眠の質が変わる
第3回 10月31日　土曜日　10時～12時　効果倍増！正しいストレッチと筋トレの方法",川崎市宮前区菅生5－4－11 宮前市民館菅生分館,川崎市宮前区菅生5－4－11 宮前市民館菅生分館,35.59498195959164,139.55536723136902,学び・講座;体感・体験;スポーツ;健康・福祉,https://www.city.kawasaki.jp/miyamae/page/0000187970.html,宮前区,高齢者,おおむね50歳以上の関心がある方,,各回30人,2026-09-17〜2026-10-14 / [先着順],川崎市教育委員会,宮前区役所まちづくり推進部生涯学習支援課菅生地区担当 / 宮前市民館菅生分館,指定なし,,2026-08-04 10:25:05
KAWASAKI-3c5b63d5c3267c13,第21回宮前区フォトコンテスト,2026-10-16,2026-10-21,2026-10-16;2026-10-17;2026-10-18;2026-10-19;2026-10-20;2026-10-21,10:00:00,16:00:00,10月19日は宮前市民館休館日,みなさんの身近にある風景、大切にしたい、今後も残したい風景や、いきいきとしたまちづくり活動など、区の魅力を区の内外にアピールすることを目的とした写真とメッセージを募集しフォトコンテストを実施します。すべての応募作品を宮前市民館ギャラリーで展示します。,川崎市宮前区宮前平2丁目20番地5 宮前区役所,川崎市宮前区宮前平2丁目20番地5 宮前区役所,35.58920856398002,139.57858877257695,文化・芸術,https://www.city.kawasaki.jp/miyamae/page/0000185093.html,宮前区,指定なし,,,,2026-06-01〜2026-07-31 / 宮前区役所地域振興課,宮前区役所 まちづくり推進部 地域振興課,宮前区役所 まちづくり推進部 地域振興課 まちづくり推進係 / 宮前区役所 まちづくり推進部 地域振興課,指定なし,,2026-04-28 10:26:03
KAWASAKI-0f943f57cab563f5,市場の裏側を探検しよう！,2026-10-17,2026-10-17,2026-10-17,08:00:00,09:00:00,,毎日、新鮮な野菜や魚が食卓に並ぶのはなぜ？その秘密がわかる「北部市場の朝市見学ツアー」を開催します！,川崎市宮前区水沢1－1－1 川崎市中央卸売市場北部市場,川崎市宮前区水沢1－1－1 川崎市中央卸売市場北部市場,35.59160999620174,139.5487904548645,学び・講座;体感・体験;コミュニティ・交流;子ども・子育て;観光;食;買い物;生活;小学生向け;中学生向け;高校生向け,https://www.city.kawasaki.jp/miyamae/page/0000189988.html,宮前区,指定なし,,,先着20名,2026-09-15〜2026-10-15 / 9月15日10時から受付開始になります。申込みフォームからお申込みください,推し活！MIYAMAE,宮前区役所 まちづくり推進部 企画課,指定なし,,2026-09-09 09:25:34
KAWASAKI-d49f2f4827618559,第44回宮前区民祭,2026-10-18,2026-10-18,2026-10-18,09:00:00,15:00:00,,宮前区秋の一大イベント、宮前区民祭を開催します。,川崎市宮前区宮前平2－20－5 宮前区役所・宮前市民館等,川崎市宮前区宮前平2－20－5 宮前区役所・宮前市民館等,35.58923688636136,139.57855224609375,学び・講座;体感・体験;遊び;コミュニティ・交流;音楽;文化・芸術;スポーツ;子ども・子育て;健康・福祉;環境・自然;防災・防犯;生き物;ボランティア;観光;祭り;食;買い物;生活,https://www.city.kawasaki.jp/miyamae/page/0000188791.html,宮前区,指定なし,,有料販売あり,,,宮前区民祭実行委員会,宮前区役所 まちづくり推進部 地域振興課,指定なし,,2026-09-08 12:25:26
KAWASAKI-899d75f711663040,英語も楽しく♪多言語で世界とつながろう！体験ワークショップ,2026-10-29,2026-11-01,2026-10-29;2026-11-01,,,"17:30:00〜19:00:00
14:00:00〜15:30:00","「多言語・多世代・多様性」をテーマに、日本全国700ヵ所で活動している ヒッポファミリークラブです！

今回、川崎市教育委員会の後援をいただいて、「多言語で世界につながろう！体験ワークショップ」を開催します！

当日は、
・世界の音楽で楽しく体を動かそう
・世界の言葉をまねっこしよう 
・「多言語環境だから育つもの」についての講師のお話 
など、大人も子どもも多言語に楽しくふれていただけるプログラムとなります♪ 

0才からどなたでもご参加OK！ 【要申込】",神奈川県川崎市宮前区宮前平２丁目 川崎市宮前市民館,神奈川県川崎市宮前区宮前平２丁目 川崎市宮前市民館,35.5892892351313,139.57968413829803,高校生向け;中学生向け;小学生向け;子ども・子育て;コミュニティ・交流;遊び;体感・体験;学び・講座,https://www.lexhippo.gr.jp/,宮前区,指定なし,,,,2026-09-01〜2026-10-31,一般財団法人　言語交流研究所　ヒッポファミリークラブ,一般財団法人　言語交流研究所　ヒッポファミリークラブ,"授乳室,おむつ交換台,思いやり駐車スペース,エレベーター",,2026-09-10 19:38:48
KAWASAKI-680de1844944bf9f,秋のクッキング＆クラフト,2026-11-08,2026-11-08,2026-11-08,13:00:00,16:00:00,,親子でスイートポテト作りとモールフラワー作りをしよう！,神奈川県川崎市宮前区宮崎１０５−１,神奈川県川崎市宮前区宮崎１０５−１,35.5876449,139.5987196,小学生向け;食;子ども・子育て;文化・芸術;体感・体験,https://kawasakisi-youth-workers-club.jimdofree.com/イベント開催情報/,宮前区,小学生,全学年親子参加必須,"親子1組1,000円",15組（先着順）,2026-10-03〜2026-11-07 / 定員数に達し次第〆切,川崎市青少年の家ユースワーカーズ倶楽部,川崎市青少年の家,"おむつ交換台,思いやり駐車スペース,エレベーター,バリアフリートイレ","・駐車スペースはございません（公共交通機関･自転車等でお越しください）
・必ずホームページをご確認いただいてからお越しください。
・参加費は当日現金支払いです（お釣りの無いようご協力ください）",2026-09-08 17:21:07
KAWASAKI-e176349346b13659,令和8年度第1回宮前区総合防災訓練,2026-11-08,2026-11-08,2026-11-08,08:45:00,11:45:00,,避難所開設訓練をはじめ、VRゴーグルを用いた風水害体験や初期消火訓練などの体験型訓練、ペット防災について等、各種展示をおこないます。どなたでもお気軽にご参加ください。,川崎市宮前区平 1-6-1 川崎市立向丘小学校,川崎市宮前区平 1-6-1 川崎市立向丘小学校,35.60015896606327,139.57624061996842,体感・体験;防災・防犯,https://www.city.kawasaki.jp/miyamae/page/0000189908.html,宮前区,指定なし,,,,,宮前区役所 危機管理担当,宮前区役所 危機管理担当,手話又は筆談対応,,2026-09-09 19:25:36
KAWASAKI-e19fa604dd912206,第137回「大人のための絵本を楽しむ集い」,2026-11-13,2026-11-13,2026-11-13,10:00:00,12:00:00,,"絵本は子どものためだけのものではありません。
大人になってから読むと、子どもの頃とはまた違った発見や感動があります。
集いでは、絵本や読み物を8冊ほど取り上げます。",神奈川県川崎市宮前区宮前平２丁目２０−４ 宮前市民館 ４階 第３会議室,神奈川県川崎市宮前区宮前平２丁目２０−４ 宮前市民館 ４階 第３会議室,35.5894498,139.5797253,コミュニティ・交流;学び・講座;ボランティア;子ども・子育て;文化・芸術,https://www.instagram.com/p/DdNo3a_CboS/?utm_source=ig_web_copy_link&amp;stkn=NTc4MTIwNjQ2YQ==,宮前区,指定なし,お子さんは お連れになれませんので、ご了承ください。,資料代：250円,35名,2026-09-11〜2026-11-13,宮前区小学校図書ボランティアの会,,指定なし,"体調不良、発熱のある方は ご遠慮ください。
状況によっては開催できないことがあります。その際、予約された方にメールいたします。",2026-09-14 10:26:04
KAWASAKI-71ac546ed9dd0d53,市民自主企画事業「こんにちは！阿波おどりを踊りましょう」,2026-11-19,2026-12-10,2026-11-19;2026-11-26;2026-12-10,10:00:00,12:00:00,,幼い頃から阿波踊りに親しみ、1980年に川崎市に移住してからも地域の人に徳島県の伝統文化を伝え続けている大神倫章（おおがみちあき）氏から、阿波踊りの魅力を教わります。阿波踊りは誰でも気軽に始めることができます。軽く汗をかき、参加者同士で交流しながら、楽しく踊りませんか。,川崎市宮前区宮前平2-20-4 宮前市民館,川崎市宮前区宮前平2-20-4 宮前市民館,35.58958372955035,139.5795329101502,学び・講座;体感・体験;コミュニティ・交流;文化・芸術;健康・福祉,https://www.city.kawasaki.jp/miyamae/page/0000188925.html,宮前区,指定なし,川崎市在住・在勤・在学の方優先,,30人,"2026-10-15〜2026-11-18 / 来館（市民館3階事務室へ）

いずれも、午前10時から受付開始","主催：川崎市教育委員会／公園体操　この指とまれ
実施機関：宮前区役所まちづくり推進部生涯学習支援課（宮前市民館）",宮前区役所 まちづくり推進部 生涯学習支援課 （宮前市民館）,"バリアフリートイレ,エレベーター",,2026-09-10 19:25:31
KAWASAKI-9d1a259687e8b363,第26回障害者スポーツ大会「第7部 ボッチャ大会」,2027-02-11,2027-02-11,2027-02-11,10:00:00,13:30:00,,"川崎市内に在住、在学、在勤、施設に入所・通所している方で、身体障害者手帳をお持ちの13歳以上の方を対象に、ボッチャ大会を開催します。
　本大会は、令和9年(2027年)10月に宮崎県で開催される第26回全国障害者スポーツ大会の川崎市代表選手の選考会を兼ねています。",高津区二子3-15-1 高津スポーツセンター,高津区二子3-15-1 高津スポーツセンター,35.603430873939736,139.62217032909393,スポーツ,https://www.city.kawasaki.jp/250/page/0000184200.html,宮前区,障がい者,"・市内在住・在学・在勤の方。・13歳以上の方。
参加競技については、「障害区分表」を御確認ください。",,,"2026-02-20〜2026-12-11 / 地域みまもり支援センター障害者支援係の窓口に申込書が置いてあります。
お住まいの地区の地域みまもり支援センター障害者支援係までお申し込みください。",市民文化局 市民スポーツ室,市民文化局 市民スポーツ室,指定なし,医師から運動競技大会への参加を許可されていることが条件となります。障害状況により、診断書・意見書等の提出を求め、安全の確認をさせていただく場合があります。,2026-02-24 11:25:23
KAWASAKI-6ea6f19ce5f7b189,おしゃべりしながら子育ての情報交換「オンラインおしゃべりタイム」,2026-09-30,2026-09-30,2026-09-30,10:00:00,11:00:00,,これからパパやママになる「プレパパ・プレママ」と0・1歳のお子さんの子育てをされている 「ビギナーパパ・ママ」とオンラインで気軽におしゃべりしませんか？ マタニティーの方は先輩パパママにお話を聞く機会に！子育て中の方は子育ての疑問や悩みを相 談する機会に！保育士による親子のふれあい遊びの紹介や絵本の紹介等、発達に応じた親子での 過ごし方の紹介もあります。おでかけの準備や天候に関係なく、スマートフォンやパソコンから 参加いただけますのでぜひお気軽にご参加ください。,川崎市多摩区生田2－14－5 多摩区保育・子育て総合支援センター,川崎市多摩区生田2－14－5 多摩区保育・子育て総合支援センター,35.61949023046848,139.56235241690834,学び・講座;体感・体験;遊び;子ども・子育て,https://www.city.kawasaki.jp/tama/page/0000154092.html,多摩区,保護者,マタニティーの方から0～1歳のお子さんをもつ保護者の方,,10組程度,2026-04-01〜2027-02-25 / 前日までに、申し込みフォーム、またはお電話でお申し込みください,多摩区役所 地域みまもり支援センター（福祉事務所・保健所支所）,多摩区役所 地域みまもり支援センター（福祉事務所・保健所支所） 保育所等・地域連携,指定なし,Webexアプリケーションを使用した会となります。事前にアプリのダウンロードをお願いいたします,2026-04-17 11:26:12
KAWASAKI-c162fcfd18f8f457,ナビゲーションSUGE,2026-10-19,2026-12-14,2026-10-19;2026-11-16;2026-12-14,11:00:00,14:00:00,,"学校に居場所がない子どもたちが、
自分の好き、得意を伸ばす場ナビゲーションSUGE。
地域の大人たちが寄り添い、ともに学びます。",神奈川県川崎市多摩区菅稲田堤１丁目２−２ コーポフジ,神奈川県川崎市多摩区菅稲田堤１丁目２−２ コーポフジ,35.6336341,139.5355023,高校生向け;中学生向け;小学生向け;ボランティア;子ども・子育て;文化・芸術;コミュニティ・交流;体感・体験;学び・講座,https://machinopuzzle.wixsite.com/machinopuzzle,多摩区,指定なし,,,,,マチノパズル,マチノパズル,指定なし,,2026-07-29 13:14:03
KAWASAKI-8fd90c73436bd07c,すげのえんがわ,2026-10-21,2027-03-17,2026-10-21;2026-11-18;2027-01-20;2027-02-17;2027-03-17,11:00:00,21:00:00,"毎月第三水曜日
11時～21時","多摩区・稲田堤駅から徒歩5分にある介護施設
ホームステーション稲田堤で毎月第三水曜日にオープンする
多世代交流の居場所すげのえんがわ。
赤ちゃんからシニアまで、どなたでも出入り自由、
遊んだりおしゃべりしたり、思い思いに過ごせるみんなのサードプレイス。",神奈川県川崎市多摩区菅稲田堤１丁目１２−１ ザ・バーデン多摩川,神奈川県川崎市多摩区菅稲田堤１丁目１２−１ ザ・バーデン多摩川,35.6366724,139.5355647,高校生向け;中学生向け;小学生向け;生活;ボランティア;健康・福祉;子ども・子育て;コミュニティ・交流;遊び;体感・体験,https://machinopuzzle.wixsite.com/machinopuzzle,多摩区,指定なし,,,,,マチノパズル,マチノパズル築地,"授乳室,おむつ交換台,手話又は筆談対応,思いやり駐車スペース,スロープ,バリアフリートイレ","認知症サポーター常駐
障がいのある方、認知症の方などもお気軽にお越しください。",2026-07-29 13:13:54
KAWASAKI-fe1f7e0d6abcdb9e,小学生対象　サッカー　無料体験会　開催のお知らせ,2026-09-17,2026-09-18,2026-09-17;2026-09-18,16:05:00,19:55:00,"火・木・金曜日に練習を開催しております。
U8クラス16：05～17：05
U10クラス17：10～18：30
U12クラス18：35～19：55","世界で認められた指導システム「クーバー・コーチング」で、質の高い練習を提供し、川崎市から更なる良い選手の育成に貢献して参ります。

スタープレイヤーのテクニックを学び、ひとりひとりのペースに合った指導をし、ステップバイステップで楽しく、自分の成長を肌で感じられるプログラムをご用意しております。
経験豊富なプロのコーチ陣が、子供達のレベルに合わせた的確な指導で上達に導きます。

チームに所属している選手も、今までサッカースクールに通ったことのない子供達も、安心してご入会頂いております。是非、この機会に世界No1の指導法「クーバー・コーチング・メソッド」を体感しに来てください。
友達やチームメイトとの参加大歓迎です。皆様で一緒にお申込ください。",神奈川県川崎市多摩区宿河原７丁目２３２８,神奈川県川崎市多摩区宿河原７丁目２３２８,35.6175504,139.5876053,小学生向け;健康・福祉;子ども・子育て;スポーツ;コミュニティ・交流;遊び;体感・体験;学び・講座,https://coerver.co.jp/experience/?sid=96#scroll_to,多摩区,"小学生,幼児","U8クラス：小学低学年（１・２）
U10クラス：小学中学年（３・４）
U12クラス：小学高学年（５・６）",,各クラス空き枠分,2026-08-18〜2026-09-18 / 神奈川県川崎市多摩区宿河原７丁目２３２８,クーバー・コーチング・サッカー・スクール多摩宿河原校,クーバー・コーチング・サッカー・スクール多摩宿河原校,指定なし,"悪天候の際は、各クラス開始1時間前に開催の有無を決定いたします。
《HP》クーバー多摩宿河原校→「重要なお知らせ」を選択ください。
無料体験参加時のみ駐車場利用料無料となります。",2026-08-19 15:34:25
KAWASAKI-af664950372241ff,多摩区伝統文化親子教室事業　③伝統の笑いを学ぼう　狂言教室　参加者募集【夏から始める体験教室】,2026-09-21,2026-10-05,2026-09-21;2026-09-28;2026-10-05,16:30:00,18:30:00,"全7回
月曜日：8/31、9/7、9/14、9/21、9/28、10/5　日曜日：10/11（発表会　午後2時～4時）
会場：中野島稲荷神社、多摩市民館","狂言の楽しさを気軽に学んでみませんか。独特の動きや、色々な装束など、笑いたっぷりに基礎から体験します。
普段体験することの少ない「狂言」を、この機会に楽しんでみませんか。受講料は無料ですが、テキスト代のみ必要です。令和8年度　文化庁　伝統文化親子教室事業（教室実施型）",神奈川県川崎市多摩区中野島１丁目１６−２ 稲荷社,神奈川県川崎市多摩区中野島１丁目１６−２ 稲荷社,35.6288985,139.546622,高校生向け;中学生向け;小学生向け;文化・芸術;体感・体験;学び・講座,http://kichijirou-kyougenkai.jp,多摩区,"保護者,高校生,中学生,小学生,幼児","小学4年生以下は保護者の送迎が必要です。
持ち物：白い靴下、筆記用具、水筒
講師：大藏教義、上田圭輔（能楽師　狂言方　大藏流）",テキスト代　500円,10名,2026-06-26〜2026-08-26 / 定員に達し次第、受付を終了します,"主催：多摩区伝統文化事業実行委員会（中野島狂言普及実行委員会）
後援：川崎市教育委員会",多摩区伝統文化事業実行委員会 / 詳しくは募集チラシの画像を参照下さい。申込はメールの件名に「中野島狂言　申込」と入力の上、本文に①参加者氏名（ふりがな）　②性別　③生年月日　④学校名・学年　⑤電話番号を入力の上、送信下さい。,指定なし,,2026-06-26 11:00:20
KAWASAKI-851cd100be6bceec,点字入門講習会,2026-09-18,2026-10-02,2026-09-18;2026-09-25;2026-10-02,10:00:00,12:00:00,毎週金曜日・全5回,この講習会は、視力に障害のある方のコミュニケーション手段の一つである点字を学び、点字を通じて障害を理解していただこうという入門講習会です。初心者の方が対象です。少しでもご興味のある方、ぜひこの機会に点字にふれて実際に点字をうってみませんか。,神奈川県川崎市多摩区中野島６丁目１３−５ 川崎市多摩川の里身体障害者福祉会館,神奈川県川崎市多摩区中野島６丁目１３−５ 川崎市多摩川の里身体障害者福祉会館,35.632273,139.551783,学び・講座;健康・福祉,,多摩区,指定なし,川崎市内在住・在勤・在学の初心者の方,,定員20名（先着順）,"2026-08-07〜2026-09-02 / 神奈川県川崎市多摩区中野島6-13-5 / 2026年8月7日(金)午前9時より受付開始。電話/FAX/直接窓口にてお申し込みください。
先着順のため定員に達し次第締め切ります。",川崎市多摩川の里身体障害者福祉会館,"川崎市多摩川の里身体障害者福祉会館 / 〒214-0012
神奈川県川崎市多摩区中野島6-13-5","オストメイト対応トイレ,バリアフリートイレ",,2026-07-03 17:48:23
KAWASAKI-732cf625cf66c3e3,菅　いけばな体験教室　参加者募集【9月からはじめるお稽古】,2026-09-19,2026-12-19,2026-09-19;2026-10-17;2026-10-31;2026-11-21;2026-12-12;2026-12-19,09:30:00,11:00:00,会場：川崎市立菅小学校　特別活動室　全7回,日本の伝統文化の一つである「華道」を親子で学んでみませんか。季節のお花をいけながら、日本の節句行事といけばなについても学べます。受講料は無料ですが、お花代の実費が必要です。,神奈川県川崎市多摩区菅２丁目６−１,神奈川県川崎市多摩区菅２丁目６−１,35.632612,139.53261,高校生向け;中学生向け;小学生向け;文化・芸術;体感・体験;学び・講座,http://www.sobiryu.jp,多摩区,"保護者,高校生,中学生,小学生","小学4年生以下は保護者の送迎が必要です。
持ち物：上履き、筆記用具、エプロン、ふきん、新聞紙など（花を包むものとして）","花代　1,300円　/　1回　×　参加回数分",10名,2026-06-30〜2026-09-01 / 定員に達し次第、受付を終了します。,"主催：（一社）華道普及会（川崎いけばな普及実行委員会）　多摩区伝統文化事業実行委員会
後援：川崎市教育委員会",多摩区伝統文化事業実行委員会 / 詳しくは募集チラシの画像を参照ください。申込はメールの件名に「菅いけばな申込」と入力の上、本文に①参加者氏名（ふりがな）　②性別　③生年月日　④学校名・学年　⑤電話番号を入力の上、送信下さい。,指定なし,主催者欄には登録団体名の記載をお願いしておりますので、申し訳ございませんが修正をお願いいたします。（2者での共催場合などは、主催者欄に複数団体の名前名をいただき、その中に申請する登録団体名が確認できれば掲載処理をしております。）,2026-07-01 17:51:28
KAWASAKI-2397672e46a5f249,親子で楽しむ手形アート,2026-09-17,2026-09-17,2026-09-17,11:00:00,12:30:00,"①11:00～　②11:15～　③11:30～　④11:45～　⑤12:00～
制作時間は約30分。","こどもの成長記録である手形や足形をおしゃれにかわいくアート作品に。
作品づくりの時間も楽しく、パパさんママさんもリフレッシュできますよ！
フレーム付きで、プレゼントにもぴったりです。",神奈川県川崎市多摩区枡形７丁目１−２,神奈川県川崎市多摩区枡形７丁目１−２,35.6084878,139.5614937,子ども・子育て;文化・芸術;体感・体験,https://www.nature-kawasaki.jp/tegata-art202609,多摩区,"保護者,幼児,乳児",０歳から４歳くらい,"1,200円　当日現金支払い",①～⑤　各回2組　全10組　先着順,2026-06-17〜2026-07-14 / 事前申し込み　空きがあれば当日参加OK,かわさき宙と緑の科学館　指定管理者　生田緑地共同事業体,,"授乳室,おむつ交換台,エレベーター,バリアフリートイレ",,2026-07-22 14:20:48
KAWASAKI-7bd86e9cde93300b,10代を中心とした若者の居場所　つながるカフェ,2026-09-19,2026-09-19,2026-09-19,13:00:00,15:45:00,,"川崎市多摩区にある10代を中心とした若者の居場所。
「まずはいるだけでOK」
勉強、おしゃべり、相談、ゲーム、月替わりのイベントに参加、
何をしても良い自由な場所、時間。
主に毎月第3土曜日の午後に開かれています♪
参加費無料・予約不要で利用できます。
当日直接会場に来てね。
いつきても、いつ帰ってもOK！",神奈川県川崎市多摩区菅馬場１丁目１９−２４,神奈川県川崎市多摩区菅馬場１丁目１９−２４,35.6300367253696,139.54514801502228,遊び;体感・体験;高校生向け;中学生向け;小学生向け;子ども・子育て;コミュニティ・交流,https://tsunacafe.wixsite.com/home,多摩区,"大学生,高校生,中学生,小学生",,,,,"NPO法人あゆみYELLが毎月実施しています。
https: / ayumiyell.studio.site",,指定なし,,2026-09-14 08:59:50
KAWASAKI-684f2afe54253fd8,稲田　親子いけばな教室　参加者募集【9月からはじめるお稽古】,2026-09-19,2026-12-19,2026-09-19;2026-10-17;2026-10-31;2026-11-21;2026-11-28;2026-12-12;2026-12-19,13:30:00,15:00:00,会場：川崎市立稲田小学校　特別活動室　全7回,"季節のお花を使って、夏から冬まで全7回でいけばなを学びます。花を活かす「いけばな」の魅力、気軽に楽しんでみませんか。
受講費は無料ですが、花代の実費が必要です。
令和8年度　文化庁　伝統文化親子教室事業（統括実施型）",神奈川県川崎市多摩区宿河原３丁目１８−１,神奈川県川崎市多摩区宿河原３丁目１８−１,35.6131436,139.579041,高校生向け;中学生向け;小学生向け;文化・芸術;体感・体験;学び・講座,https://ikehana-works.com,多摩区,"保護者,高校生,中学生,小学生","小学4年生以下は保護者の送迎が必要です。
持ち物：上履き、筆記用具、エプロン、ふきん、新聞紙など（花を包むものとして）","花代　1,300円　/　1回　×　参加回数分",10名,2026-06-30〜2026-09-15 / 定員に達し次第、受付を終了します。,"主催：（一社）華道普及会（NPOいけはなworks川崎市支部） 多摩区伝統文化事業実行委員会
後援：川崎市教育委員会",多摩区伝統文化事業実行委員会 / 申込はメールの件名に「稲田いけばな教室　参加申込」と入力の上、本文に①参加者氏名（ふりがな）　②性別　③学校名・学年　⑤電話番号を入力の上、送信してください。ご質問はメール本文に入力下さい。,指定なし,主催者欄には登録団体名の記載をお願いしておりますので、申し訳ございませんが修正をお願いいたします。（2者での共催場合などは、主催者欄に複数団体の名前名をいただき、その中に申請する登録団体名が確認できれば掲載処理をしております。）,2026-07-01 17:50:30
KAWASAKI-7e66e52d276b9bd3,小学生対象　サッカー　無料体験会　開催のお知らせ,2026-09-24,2026-10-27,2026-09-24;2026-09-25;2026-09-29;2026-10-01;2026-10-02;2026-10-06;2026-10-08;2026-10-13;2026-10-15;2026-10-16;2026-10-20;2026-10-22;2026-10-23;2026-10-27,16:05:00,19:55:00,"火・木・金曜日に練習を開催しております。
U8クラス16：05～17：05
U10クラス17：10～18：30
U12クラス18：35～19：55","世界で認められた指導システム「クーバー・コーチング」で、質の高い練習を提供し、川崎市から更なる良い選手の育成に貢献して参ります。

スタープレイヤーのテクニックを学び、ひとりひとりのペースに合った指導をし、ステップバイステップで楽しく、自分の成長を肌で感じられるプログラムをご用意しております。
経験豊富なプロのコーチ陣が、子供達のレベルに合わせた的確な指導で上達に導きます。

チームに所属している選手も、今までサッカースクールに通ったことのない子供達も、安心してご入会頂いております。是非、この機会に世界No1の指導法「クーバー・コーチング・メソッド」を体感しに来てください。
友達やチームメイトとの参加大歓迎です。皆様で一緒にお申込ください。",神奈川県川崎市多摩区宿河原7丁目2328,神奈川県川崎市多摩区宿河原7丁目2328,35.6175504,139.5876053,小学生向け;健康・福祉;子ども・子育て;スポーツ;コミュニティ・交流;遊び;体感・体験;学び・講座,https://coerver.co.jp/experience/?sid=96#scroll_to,多摩区,"小学生,幼児","U8クラス：小学低学年（１・２）
U10クラス：小学中学年（３・４）
U12クラス：小学高学年（５・６）",,各クラス空き枠分,2026-09-11〜2026-10-27 / 神奈川県川崎市多摩区宿河原７丁目２３２８,クーバー・コーチング・サッカー・スクール多摩宿河原校,クーバー・コーチング・サッカー・スクール多摩宿河原校,指定なし,"悪天候の際は、各クラス開始1時間前に開催の有無を決定いたします。
《HP》クーバー多摩宿河原校→「重要なお知らせ」を選択ください。
無料体験参加時のみ駐車場利用料無料となります。",2026-09-11 15:49:19
KAWASAKI-6aafa846949ff4cc,生田緑地お月見フェスタ,2026-09-26,2026-09-26,2026-09-26,11:00:00,20:00:00,,"夕暮れから夜へと移りゆくひとときを、生田緑地で過ごしてみませんか。
自然と文化に親しむ「生田緑地お月見フェスタ」を開催します。
日中はお子さまが楽しめる体験や催しを、夕方から夜にかけては大人もゆったり楽しめるプログラムをご用意します。
音楽ステージ、キッチンカー、ワークショップ、縁日などお月様にちなんだコンテンツがいっぱいです🎵",神奈川県川崎市多摩区枡形７丁目１−４ 生田緑地,神奈川県川崎市多摩区枡形７丁目１−４ 生田緑地,35.609176,139.5596014,高校生向け;中学生向け;小学生向け;食;祭り;環境・自然;健康・福祉;子ども・子育て;スポーツ;文化・芸術;音楽;コミュニティ・交流;遊び;体感・体験;学び・講座,https://www.ikutaryokuti.jp/otukimi2026,多摩区,指定なし,,入場無料（飲食やワークショップ、施設入場などは有料）,,,生田緑地共同事業体,生田緑地共同事業体,"授乳室,おむつ交換台,スロープ,オストメイト対応トイレ,バリアフリートイレ","いつもお世話になっております。ご確認のほどどうぞよろしくお願いいたします。
※荒天の場合中止
熱中症特別警戒アラート発令時など、状況によってはイベントを中止、または規模を縮小する場合があります。",2026-09-09 11:41:02
KAWASAKI-e912a10e2080f667,『地域がつながるゴミ拾い Vol.６』（『登戸の渡し』との同時開催イベント）,2026-09-26,2026-09-26,2026-09-26,09:45:00,12:00:00,実施日時：2026年９月26日（土）10時～12時頃（予定）※グループ分けを9：45から行う予定です,"まちには、さまざまな方が暮らしています。
通常だと知り合えない、いろいろな方々と出会ってみませんか？

少人数（7，8～10名程度）でグループ分けを行い、
初めて出会う方とも、おしゃべりしながら、
ゴミ拾いをしていきたいと思っています。
合言葉は「安全に、楽しく！」
グループ・家族でのご参加はもちろん、お一人でも、お気軽に。
初めての方も、大歓迎！

ご参加、お待ちしております！",神奈川県川崎市多摩区登戸３３６５−３ 登戸３号街区公園,神奈川県川崎市多摩区登戸３３６５−３ 登戸３号街区公園,35.6190004,139.5699015,高校生向け;中学生向け;小学生向け;ボランティア;防災・防犯;環境・自然;子ども・子育て;コミュニティ・交流;体感・体験,https://docs.google.com/forms/d/e/1FAIpQLSc6ShbfOg0nxofnvJYhAXT9XS9xttgsf5N9AC7a3UXYJBrw9Q/viewform?pli=1,多摩区,指定なし,,,過度の大人数になった場合、定員を設ける場合があります,2026-09-13〜2026-09-24,"主催：多摩エコスタイルプロジェクト
共催：Bloom Ring（旧：グリーンバード専修大学）
協力：多摩区商店街連合会／多摩川エコミュージアム
チラシ作成、その他協力：専修大学まちづくりDXラボ",,指定なし,※ 荒天の場合は中止になります。ご連絡はホームページへの掲載と、メールでのご連絡を予定しています。連絡のためのメールアドレスをご連絡ください。,2026-09-14 10:23:09
KAWASAKI-2db999fbe8136531,第24回ふれあいミュージックフェスタ,2026-09-26,2026-09-26,2026-09-26,12:30:00,15:45:00,,生田地区青少年指導員会による、手作りの音楽イベントです。多摩区生田地区の小・中学生からPTAまで、幅広い世代による合唱や吹奏楽演奏をお楽しみください。,川崎市多摩区登戸1775-1 多摩市民館大ホール,川崎市多摩区登戸1775-1 多摩市民館大ホール,35.61969808270116,139.5621371269226,音楽;小学生向け;中学生向け,https://www.city.kawasaki.jp/tama/page/0000176432.html,多摩区,指定なし,,,収容人数：約900人,,生田地区青少年指導員会,多摩区役所生田出張所 / 生田地区青少年指導員会事務局,指定なし,,2026-08-26 17:25:10
KAWASAKI-7928e5068041b140,第25回たま寄席 子ども寄席,2026-09-27,2026-09-27,2026-09-27,,,"15:00:00〜17:30:00
12:00:00〜13:30:00
子ども寄席　大人同伴の子供達300人無料招待(予約制)","かわさき産業親善大使・多摩区初代観光大使「一玄亭米多朗」の主催。「たま寄席」が今回で25回目を迎え、真打25年(落語家38年) 還暦記念公演として開催。
昼の部・子ども寄席(12時開演) 大人も子どもも楽しめる、ドルフィンマジックカンパニーの皆さんによるイリュージョンマジックと落語。　大人同伴の子供達は300人無料招待(予約制)
午後の部・第25回たま寄席(15時開演) 特別ゲスト、毒蝮三太夫さん立川志らくさんの出演
どちらの公演も「一玄亭米多朗」がトリを取りを務めます。",神奈川県川崎市多摩区登戸１７７５−１ 多摩市民館大ホール,神奈川県川崎市多摩区登戸１７７５−１ 多摩市民館大ホール,35.6194623,139.562151,高校生向け;小学生向け;生活;文化・芸術;コミュニティ・交流,https://katsurayonetarou.amebaownd.com/,多摩区,指定なし,,"子ども寄席・大人2000円 (子ども達 無料招待)
たま寄席・S指定席3500円 A指定席3000円 自由席2500円 (当日各500円増)",900人,2026-08-01〜2026-09-26 / 神奈川県川崎市多摩区菅稲田堤3-19-47,一般社団法人らくご米多朗,米多朗ファンクラブ,"授乳室,おむつ交換台,スロープ,エレベーター,オストメイト対応トイレ,バリアフリートイレ",,2026-09-04 09:19:05
KAWASAKI-d986528f13380f8d,第13回 出張『語Room』を開催します！（教育を語るつどい実行委員会）,2026-10-03,2026-10-03,2026-10-03,14:00:00,16:00:00,,日々の生活の中で、悩んでいる事やコレっておかしくない？ など、誰かに話したいけど話せない事や、 こんな事を考えてるの自分だけかな？と考えている事を気軽に 話せる場所、それが『語Room（かたるーむ）』 ふらっと立ち寄って、気軽におしゃべりしませんか？　申込不要・出入り自由です。,川崎市多摩区栗谷3－28－2 錦ヶ丘　こども文化センター,川崎市多摩区栗谷3－28－2 錦ヶ丘　こども文化センター,35.61295609676861,139.53536868095398,コミュニティ・交流;子ども・子育て;小学生向け;中学生向け;高校生向け,https://www.city.kawasaki.jp/tama/page/0000189478.html,多摩区,指定なし,,申込不要・出入り自由,,,企画・運営：多摩区地域教育会議　教育を語るつどい実行委員会,教育を語るつどい実行委員会（多摩区生涯学習支援担当内）,指定なし,,2026-08-21 11:25:20
KAWASAKI-74bce3751f1cd27b,生田っ子フェスタ,2026-10-04,2026-10-04,2026-10-04,10:00:00,14:00:00,,"人と人、人と地域をつなぐフェスタを今年も開催！
子どもから大人まで楽しめる催し物が盛りだくさん。
さあ、みんなで生田出張所＆生田っ子広場に行ってみよう！",川崎市多摩区生田7丁目16番1号 生田出張所＆生田っ子広場,川崎市多摩区生田7丁目16番1号 生田出張所＆生田っ子広場,35.61585617977437,139.5419830083847,体感・体験;遊び;コミュニティ・交流;音楽;文化・芸術;スポーツ;子ども・子育て;健康・福祉;ボランティア;祭り;小学生向け;中学生向け;高校生向け,https://www.city.kawasaki.jp/tama/page/0000180678.html,多摩区,指定なし,,一部の出展は有料,一部の出展は定員あり,一部の出展は申し込み必要。詳細はホームページを参照。,生田出張所,多摩区役所 まちづくり推進部 生田出張所,指定なし,,2026-08-27 11:25:42
KAWASAKI-94261f2fa0c1f4d6,10代を中心とした若者の居場所　つながるカフェ,2026-10-08,2026-10-08,2026-10-08,18:00:00,19:30:00,,"川崎市多摩区にある
10代を中心とした若者の居場所
「つながるカフェ」

毎月第3土曜日午後に開催していましたが
この度，平日も開催することにしました♬

第2木曜日を中心に随時開催します。

10月平日版のつなカフェは
10月8日(木)
18時から19時30分

参加費無料・予約不要
途中参加・途中退室もOKです。
放課後に気軽にあそびに来てね♪

ちょっとしたお菓子やドリンクも用意して、
スタッフ一同、お待ちしています",神奈川県川崎市多摩区菅馬場１丁目１９−２４,神奈川県川崎市多摩区菅馬場１丁目１９−２４,35.6300367253696,139.54514801502228,中学生向け;小学生向け;高校生向け;子ども・子育て;コミュニティ・交流;遊び;体感・体験,https://tsunacafe.wixsite.com/home,多摩区,"大学生,高校生,中学生,小学生",,,,,"NPO法人あゆみYELLが毎月実施しています。
https: / ayumiyell.studio.site",,指定なし,,2026-09-14 08:48:33
KAWASAKI-95c707dd6a88d85f,多摩区まち歩き謎解きイベント「タマ・ジュエルクエスト～消えた『知恵のいし』～」,2026-10-09,2026-11-15,2026-10-09;2026-10-10;2026-10-11;2026-10-12;2026-10-13;2026-10-14;2026-10-15;2026-10-16;2026-10-17;2026-10-18;2026-10-19;2026-10-20;2026-10-21;2026-10-22;2026-10-23;2026-10-24;2026-10-25;2026-10-26;2026-10-27;2026-10-28;2026-10-29;2026-10-30;2026-10-31;2026-11-01;2026-11-02;2026-11-03;2026-11-04;2026-11-05;2026-11-06;2026-11-07;2026-11-08;2026-11-09;2026-11-10;2026-11-11;2026-11-12;2026-11-13;2026-11-14;2026-11-15,08:30:00,17:00:00,,多摩区まち歩き謎解きイベント「タマ・ジュエルクエスト～消えた『知恵のいし』～」を2026年10月9日(金)～11月15日(日)の約1か月間開催します。,多摩区登戸1775-1 多摩区役所,多摩区登戸1775-1 多摩区役所,35.619599,139.561976,体感・体験;遊び;観光;小学生向け;中学生向け;高校生向け,https://www.city.kawasaki.jp/tama/page/0000189583.html,多摩区,"小学生,中学生,高校生,大学生,社会人,保護者,高齢者",,,,,多摩区役所 まちづくり推進部 地域振興課,多摩区役所 まちづくり推進部 地域振興課 / 多摩区役所 まちづくり推進部 地域振興課,指定なし,,2026-09-16 20:25:24
KAWASAKI-4a4451d6e13fb56a,生田緑地で親子ヨガとわくわくフォトタイム,2026-10-10,2026-10-10,2026-10-10,10:00:00,12:30:00,,"多摩区自慢のオアシス、生田緑地。この豊かな自然の中だから味わえる「ヨガの醍醐味」を思いっきり満喫！！
さらに、イチオシの生田緑地を写真に撮って楽しい思い出を残してください。生田緑地東口ビジターセンターに展示します。あなたの生田緑地推し、みんなに自慢してみませんか？",川崎市多摩区枡形7－1－4 生田緑地中央広場,川崎市多摩区枡形7－1－4 生田緑地中央広場,35.608033255624974,139.56058959126347,体感・体験;文化・芸術;スポーツ;子ども・子育て;環境・自然;観光;小学生向け,https://www.city.kawasaki.jp/tama/page/0000189400.html,多摩区,"小学生,保護者",小学生程度のお子さんと大人のペア,"1,000円(資料代、保険代、講師料等)",15組（30名。抽選）,"2026-08-15〜2026-09-15 / 〒214－8570 　多摩区登戸1775－1　多摩区役所地域振興課 / 申込みは、8月15日10時から。申込み多数の場合は申込み期間終了後抽選。　
申込み方法は、フォームまたは往復ハガキで氏名、住所、生年月日、連絡先（電話・メール）を記載ください。",多摩区観光協会,事務局（多摩区役所 地域振興課） / 多摩区観光協会,指定なし,※ご提供いただいた個人情報は、今回の事業のみに使用し、他の目的には使用いたしません。,2026-08-13 12:25:19
KAWASAKI-f7945f87896e9a76,第59回　生田地区運動会を開催します！！,2026-10-11,2026-10-11,2026-10-11,10:00:00,15:00:00,,生田地区スポーツ活動振興会で実施するこの運動会は、スポーツ活動を通じて地域の調和と親睦を図ることを目的としており、今年度は南生田小学校の協力のもと本事業の開催を行います。,川崎市多摩区南生田3丁目1番1号 川崎市立南生田小学校　校庭,川崎市多摩区南生田3丁目1番1号 川崎市立南生田小学校　校庭,35.606597351315145,139.53399002552032,体感・体験;遊び;コミュニティ・交流;スポーツ,https://www.city.kawasaki.jp/tama/page/0000178891.html,多摩区,指定なし,,町会対抗競技には事前申請と参加費が必要です。,競技ごとに定員があり、先着順となります。,町会対抗競技には事前の申し込みが必要です。,生田地区スポーツ活動振興会,多摩区役所生田出張所 / 事務局,指定なし,,2026-08-28 11:25:10
KAWASAKI-4449b283b37e8806,大師こども文化センター「藤子・F・不二雄ミュージアムへ行こう！」,2026-10-13,2026-10-13,2026-10-13,08:15:00,15:00:00,,多摩区にある藤子・F・不二雄ミュージアムへ遊びに行きます！,神奈川県川崎市多摩区長尾２丁目８−１,神奈川県川崎市多摩区長尾２丁目８−１,35.6101268,139.5726299,小学生向け;生活;コミュニティ・交流;遊び;体感・体験,http://www3.kawasaki-shiminkatsudo.or.jp/seishonen/shisetsu/1/21/index.html,多摩区,小学生,小学生2年生以上,IC 490円・現金520円（交通費）,10名,2026-09-14〜2026-09-27 / 定員を超えた場合は9月28日（月）に公開抽選を行い、結果は館内掲示やホームページ等でお知らせします。,大師こども文化センター,大師こども文化センター / 210-0815 神奈川県川崎市川崎区大師公園1-4,指定なし,,2026-08-31 08:53:29
KAWASAKI-d90520dfeca95bcc,多摩区こどもアレルギー教室,2026-10-15,2026-10-15,2026-10-15,10:00:00,11:30:00,,気になる子どものスキンケアや離乳食期のアレルギーについて、アレルギー専門医から学べます。アレルギー疾患の発症予防に関心のある多摩区在住の親子が対象です。,多摩区登戸1775-1 多摩区役所地域みまもり支援センター　1階講堂,多摩区登戸1775-1 多摩区役所地域みまもり支援センター　1階講堂,35.61951493147298,139.56210494041443,学び・講座;子ども・子育て;健康・福祉,https://www.city.kawasaki.jp/tama/page/0000188594.html,多摩区,指定なし,,,先着20組,2026-08-03〜2026-10-15,多摩区役所 地域みまもり支援センター（福祉事務所・保健所支所） 地域支援課,多摩区役所 地域みまもり支援センター（福祉事務所・保健所支所） 地域支援課,指定なし,,2026-08-24 17:26:48
KAWASAKI-9c959fdc3964c604,手話入門講習会(昼間),2026-10-15,2026-12-03,2026-10-15;2026-10-22;2026-10-29;2026-11-05;2026-11-12;2026-11-19;2026-11-26;2026-12-03,13:30:00,15:30:00,毎週木曜日・全8回,この講習会は、聴力に障害のある方のコミュニケーション手段の一つである手話を学び、手話を通じて障害を理解していただこうという入門講習会です。初心者の方が対象です！ぜひこの機会に手話を覚えてみませんか♩,神奈川県川崎市多摩区中野島６丁目１３−５ 川崎市多摩川の里身体障害者福祉会館,神奈川県川崎市多摩区中野島６丁目１３−５ 川崎市多摩川の里身体障害者福祉会館,35.632236,139.5517976,健康・福祉;学び・講座,,多摩区,指定なし,"川崎市内在住・在勤・在学の初心者の方
先着25名",,定員25名(先着順),"2026-09-18〜2026-10-13 / 神奈川県川崎市多摩区中野島6-13-5 / 9/18(金)午前9時より受付開始　電話/FAX/直接窓口にてお申し込みください
先着順のため定員に達し次第締め切ります",川崎市多摩川の里身体障害者福祉会館,"川崎市多摩川の里身体障害者福祉会館 / 〒214-0012
川崎市多摩区中野島6-13-5","オストメイト対応トイレ,バリアフリートイレ",,2026-08-19 17:36:23
KAWASAKI-277852c4e0153403,"からだを整える骨盤ケア〜産後のママの骨盤ケア講座〜
💓ママの居場所「おしゃべりサロンあゆみ」💓",2026-10-17,2026-10-17,2026-10-17,10:30:00,12:30:00,,"🌟こんなことやります🌟
①産後の身体をきれいに回復させるコツをお伝え
②骨盤チェック&リハビリストレッチ
③質問&相談タイム

《講師》
理学療法士　山﨑愛美さん

◆持ち物
動きやすい服装（ジーンズ、スカート以外）
飲み物
バスタオル（寝転がって実技をしますので、気になる方はご持参ください）
※ヨガマットのご用意はあります。

※お昼ごはん（任意）
講座後は、育児相談や講師や参加者さん同士、スタッフとおしゃべりタイムがあります。
大人のお昼ご飯やお子さんのミルク離乳食などをご持参いただき、その場でお食事していただけます♪
※１階のカフェで軽食（パンなど）の購入も可。

◆お子様向け
授乳やおむつ替え、離乳食ももちろん可能です。スタッフもみんなママですので、安心して参加してください♡",神奈川県川崎市多摩区菅馬場１丁目１９−２４,神奈川県川崎市多摩区菅馬場１丁目１９−２４,35.6300263,139.5451334,健康・福祉;子ども・子育て;コミュニティ・交流;学び・講座,https://ayumiyell.studio.site/3,多摩区,"保護者,幼児,乳児",,"1,000円（当日現金支払い）",,2025-10-28〜2025-11-15 / Googleフォームから申し込みをお願いします。,"任意団体あゆみYELLが実施しています。
https: / ayumiyell.studio.site",,指定なし,"⭐︎場所は、はぐるま共同作業所の　みらぼ3階ホールです。エレベーターで3階までお越しください。
⭐︎ベビーカーで3階まで上がっていただくことも可能です。",2026-08-19 13:13:47
KAWASAKI-5c6bb6d053220642,みんなで考える、自然共生社会に向けたサーキュラーエコノミーとこれからの暮らし　Part1,2026-10-18,2026-10-25,2026-10-18;2026-10-25,14:00:00,16:00:00,,川崎市は、臨海部に集まる産業に支えられ、発展してきました。環境問題への関心が高まる中、産業界では資源を繰り返し利用する取り組み（サーキュラーエコノミー）や、二酸化炭素の排出を減らす取り組みなどが進んでいます。私たちのまちの今を知り、これからの暮らしをどう心地よくしていくか、みんなで一緒に考えてみませんか？「環境について初めて学ぶ」という方も、ぜひお気軽にご参加ください！,神奈川県川崎市多摩区登戸１７７５−１,神奈川県川崎市多摩区登戸１７７５−１,35.6194623,139.562151,生活;環境・自然;学び・講座,https://tama-shiminkan.jp/,多摩区,指定なし,,,30名,"2026-09-15〜2026-10-18 / 神奈川県川崎市多摩区登戸1775-1
川崎市多摩市民館 / 定員になり次第受付終了いたします。",川崎市多摩市民館,川崎市多摩市民館,"授乳室,おむつ交換台,手話又は筆談対応,音声案内又は点字案内,スロープ,エレベーター,オストメイト対応トイレ,バリアフリートイレ",,2026-08-24 09:58:30
KAWASAKI-1bee4a08e4f17a3b,親子で楽しむ手形アート,2026-10-21,2026-10-21,2026-10-21,11:00:00,12:30:00,"①11:00～　②11:15～　③11:30～　④11:45～　⑤12:00～
制作時間は約30分。","こどもの成長記録である手形や足形をおしゃれにかわいくアート作品に。
作品づくりの時間も楽しく、パパさんママさんもリフレッシュできますよ！
フレーム付きで、プレゼントにもぴったりです。",神奈川県川崎市多摩区枡形７丁目１−２,神奈川県川崎市多摩区枡形７丁目１−２,35.6084878,139.5614937,子ども・子育て;文化・芸術;体感・体験,https://www.nature-kawasaki.jp/tegata-art202610,多摩区,"保護者,幼児,乳児",０歳から４歳くらい,"1,200円　当日現金支払い",①～⑤　各回2組　全10組　先着順,2026-09-17〜2026-10-20 / 事前申し込み　空きがあれば当日参加OK,かわさき宙と緑の科学館　指定管理者　生田緑地共同事業体,,"授乳室,おむつ交換台,エレベーター,バリアフリートイレ",同日、10:30～11:00プラネタリウム「ベビー＆キッズアワー」をご観覧の方は、②～⑤の時間にお申込みください。,2026-09-14 10:21:10
KAWASAKI-ddc770bcd3596838,【川崎市緑化センター】緑化センターまつり,2026-11-08,2026-11-08,2026-11-08,10:00:00,15:00:00,荒天の場合11月22日（日）に延期します,工作やお囃子、キッチンカーなど、子供から大人まで楽しめるイベントが盛りだくさん！,神奈川県川崎市多摩区宿河原６丁目１４−１ 川崎市緑化センター,神奈川県川崎市多摩区宿河原６丁目１４−１ 川崎市緑化センター,35.6129655,139.58434480000005,祭り;学び・講座,https://kawasakishi-ryokuka.com/,多摩区,指定なし,,一部有料ブースあり,,一部ブース当日先着順,指定管理者　代表　（公財）川崎市公園緑地協会,川崎市緑化センター,指定なし,小雨決行、荒天の場合22日（日）に延期,2026-08-12 17:04:23
KAWASAKI-7327fc0ff045a203,【令和8年11月13日(金) 開催】第3回青少年星空ウォッチングについて　～参加費無料～,2026-11-13,2026-11-13,2026-11-13,18:45:00,20:30:00,"受付開始は18時30分～
※雨天・曇天の場合は中止","～多摩区から見える秋の夜空を観察しよう！～
「かわさき宙と緑の科学館」の職員が解説します。
19時頃から、アストロカーのモ二ターを使用して星についてのお話を聴いたのち、一人ひとり望遠鏡を覗いて星空ウォッチングを行います。
※詳細は下記関連サイトに記載しています「青少年星空ウォッチングについて（多摩区役所ホームページ）」をご確認ください。",神奈川県川崎市多摩区宿河原1－5－1 二ヶ領せせらぎ会館,神奈川県川崎市多摩区宿河原1－5－1 二ヶ領せせらぎ会館,35.620539700809644,139.5750868320465,学び・講座;体感・体験;遊び;コミュニティ・交流;文化・芸術;子ども・子育て;環境・自然;小学生向け;中学生向け,https://www.city.kawasaki.jp/tama/page/0000189437.html,多摩区,"乳児,幼児,小学生,中学生,保護者","※多摩区在住の中学生以下の青少年及び保護者
※大人のみ、子どものみでの参加はできません。
※多摩区在住の方",,"60名
※申込多数の場合は抽選となります。","2026-09-01〜2026-10-16 / ・申込期限は2026年10月16日（金）17時まで。
・申込多数の場合は抽選。
・参加の可否は10月23日（金）までに、申込みの際に登録いただいたメールアドレスに連絡。",多摩区青少年指導員連絡協議会（事務局：多摩区役所地域振興課）,多摩区役所地域振興課 / 多摩区役所,指定なし,雨天・曇天の場合：中止,2026-09-01 10:25:22
KAWASAKI-064d86de767c20db,子育てサロン　ママりぼん,2026-09-24,2026-09-24,2026-09-24,10:00:00,11:30:00,,乳幼児と保護者のためのサロンです。子育てに不安を感じている方、お友達をつくりたい方など、どうぞ当日会場に直接お越しください。保健師、栄養士による育児相談もあります。,麻生区東百合丘4-36-6 百合ヶ丘自治会館,麻生区東百合丘4-36-6 百合ヶ丘自治会館,35.59701297290353,139.4892524983034,遊び;コミュニティ・交流;子ども・子育て;健康・福祉,https://www.city.kawasaki.jp/asao/page/0000183180.html,麻生区,"乳児,幼児,保護者",乳幼児と保護者の方,保険料として、50円かかります。,,,"【主催】麻生東第三地区民生委員・児童委員協議会
【共催】麻生東地区社会福祉協議会
【協力】百合ヶ丘コミュニティスペース
　　　　麻生区役所地域みまもり支援センター",麻生東第三地区民生委員児童委員協議会　シモツマ・モリ,指定なし,社会情勢等のため、中止となる可能性があります。詳細は、直接お問合せください。,2026-03-31 17:26:03
KAWASAKI-c2902e9e5c9ee762,子育てサロン 「つぼみ」,2026-10-22,2026-12-24,2026-10-22;2026-12-24,10:00:00,11:30:00,,"赤ちゃんを連れて遊びに来てお友達づくりをしたり、麻生区役所などの保健師・管理栄養士等に子育ての相談をしたりすることができます。毎日の子育てにほっと一息つくためにぜひ遊びに来てください。

・飲み物を持参してください。",麻生区下麻生3-32-14 下麻生踊場集会所,麻生区下麻生3-32-14 下麻生踊場集会所,35.59701297290353,139.4892524983034,遊び;コミュニティ・交流;子ども・子育て;健康・福祉,https://www.city.kawasaki.jp/asao/page/0000168342.html,麻生区,"乳児,幼児,保護者,妊産婦",未就学のお子さんと保護者の方,保険料として、50円かかります。,,,"【主催】柿生第二地区民生委員・児童委員協議会
【協力】下麻生自治会、麻生区役所　地域みまもり支援センター",麻生区役所地域みまもり支援センター地域支援課,指定なし,社会情勢等により、中止となる可能性があります。詳細は、直接お問合せください。,2026-03-31 17:26:02
KAWASAKI-94b55391df048d72,"DCU子どもひろば：みらい
（子育て支援室）",2026-09-17,2026-12-08,2026-09-17;2026-09-18;2026-09-19;2026-09-20;2026-09-21;2026-09-22;2026-09-23;2026-09-24;2026-09-25;2026-09-26;2026-09-27;2026-09-28;2026-09-29;2026-09-30;2026-10-01;2026-10-02;2026-10-03;2026-10-04;2026-10-05;2026-10-06;2026-10-07;2026-10-08;2026-10-09;2026-10-10;2026-10-11;2026-10-12;2026-10-13;2026-10-14;2026-10-15;2026-10-16;2026-10-17;2026-10-18;2026-10-19;2026-10-20;2026-10-21;2026-10-22;2026-10-23;2026-10-24;2026-10-25;2026-10-26;2026-10-27;2026-10-28;2026-10-29;2026-10-30;2026-10-31;2026-11-01;2026-11-02;2026-11-03;2026-11-04;2026-11-05;2026-11-06;2026-11-07;2026-11-08;2026-11-09;2026-11-10;2026-11-11;2026-11-12;2026-11-13;2026-11-14;2026-11-15;2026-11-16;2026-11-17;2026-11-18;2026-11-19;2026-11-20;2026-11-21;2026-11-22;2026-11-23;2026-11-24;2026-11-25;2026-11-26;2026-11-27;2026-11-28;2026-11-29;2026-11-30;2026-12-01;2026-12-02;2026-12-03;2026-12-04;2026-12-05;2026-12-06;2026-12-07;2026-12-08,10:00:00,11:45:00,"2026年度５月〜７月、10月〜12月
火曜日、金曜日開室
5月12,22,26,29、6月2,5,9,12,16,23,26, 7月3,7,10,14に開室","田園調布学園大学が運営する子育て支援室。
大学内の施設に親子が集い、子育てを楽しむ交流の場。

（駐車場あり）",神奈川県川崎市麻生区東百合丘３丁目４−１,神奈川県川崎市麻生区東百合丘３丁目４−１,35.59542689111283,139.52526211738586,子ども・子育て,,麻生区,"保護者,幼児,乳児",,,8組程度,2026-05-07〜2026-12-04 / 申し込み「https: / dcu.ac.jp/mirai/」,田園調布学園大学,,指定なし,,2026-05-11 08:41:42
KAWASAKI-ea1f48358f004f11,トワイライトミュージック,2026-09-17,2027-01-13,2026-09-17;2026-09-18;2026-09-19;2026-09-20;2026-09-21;2026-09-22;2026-09-23;2026-09-24;2026-09-25;2026-09-26;2026-09-27;2026-09-28;2026-09-29;2026-09-30;2026-10-01;2026-10-02;2026-10-03;2026-10-04;2026-10-05;2026-10-06;2026-10-07;2026-10-08;2026-10-09;2026-10-10;2026-10-11;2026-10-12;2026-10-13;2026-10-14;2026-10-15;2026-10-16;2026-10-17;2026-10-18;2026-10-19;2026-10-20;2026-10-21;2026-10-22;2026-10-23;2026-10-24;2026-10-25;2026-10-26;2026-10-27;2026-10-28;2026-10-29;2026-10-30;2026-10-31;2026-11-01;2026-11-02;2026-11-03;2026-11-04;2026-11-05;2026-11-06;2026-11-07;2026-11-08;2026-11-09;2026-11-10;2026-11-11;2026-11-12;2026-11-13;2026-11-14;2026-11-15;2026-11-16;2026-11-17;2026-11-18;2026-11-19;2026-11-20;2026-11-21;2026-11-22;2026-11-23;2026-11-24;2026-11-25;2026-11-26;2026-11-27;2026-11-28;2026-11-29;2026-11-30;2026-12-01;2026-12-02;2026-12-03;2026-12-04;2026-12-05;2026-12-06;2026-12-07;2026-12-08;2026-12-09;2026-12-10;2026-12-11;2026-12-12;2026-12-13;2026-12-14;2026-12-15;2026-12-16;2026-12-17;2026-12-18;2026-12-19;2026-12-20;2026-12-21;2026-12-22;2026-12-23;2027-01-13,,,"16:00:00〜16:30:00
12:15:00〜12:45:00
※開催日：7月22日、8月26日、9月30日、10月28日、11月25日、12月23日","麻生区では、特別なステージを設けずに、なごやかな雰囲気の中で気軽に心地よい音楽を楽しむことができるロビーコンサート「トワイライトミュージック」を開催しています。
音楽を通じたまちづくりを推進する「あさお芸術のまちコンサート推進委員会」の協力を得て実施しています。
「区役所ロビーで音楽と出会う癒しのひととき」がテーマの演奏会です。ぜひお立ち寄りください。",川崎市麻生区万福寺1－5－1 麻生区役所2階ロビー,川崎市麻生区万福寺1－5－1 麻生区役所2階ロビー,35.60376235678235,139.50582146644592,音楽;文化・芸術,https://www.city.kawasaki.jp/asao/page/0000129086.html,麻生区,指定なし,,,※来場者多数の場合は、入場をお断りする場合があります。,,麻生区役所 まちづくり推進部 地域振興課,麻生区役所 まちづくり推進部 地域振興課,指定なし,"・中止・変更となった際は、麻生区ホームページでお知らせします。
・撮影・録音はご遠慮ください。",2026-08-19 16:25:21
KAWASAKI-6a458735ab9de8e7,子育てサロン 「おしゃべり場 マハロ」,2026-10-14,2026-10-14,2026-10-14,10:00:00,11:30:00,,"みんなでおしゃべりしませんか。そして、一緒に遊んだり、息抜きしたり。
どうぞお気軽にいらしてください。

・飲み物、タオル等、しきもの（バスタオル・おくるみ等）
　を持参してください。",麻生区片平5－11ー10 片平会館　2Fホール,麻生区片平5－11ー10 片平会館　2Fホール,35.59701297290353,139.4892524983034,遊び;コミュニティ・交流;子ども・子育て;健康・福祉,https://www.city.kawasaki.jp/asao/page/0000156901.html,麻生区,"乳児,幼児,保護者,妊産婦",子育て中の方と3歳ぐらいまでのお子さま,保険料として、50円かかります。,,,"【主催】柿生第三地区民生委員・児童委員協議会
【協力】麻生区役所　地域支援課・地域ケア推進課",柿生第３地区民生委員児童委員協議会　倉澤（ショートメール）,指定なし,社会情勢により、中止となる可能性があります。詳細は、直接お問合せください。,2026-08-27 15:25:31
KAWASAKI-b47ed24f3062e957,子育てサロン ひよこ,2026-10-09,2026-12-11,2026-10-09;2026-11-13;2026-12-11,10:00:00,11:30:00,,"月1回、気軽に遊びに来られる、保護者の方々の交流の場です。季節を感じられるクラフトや、手遊び等も行って士います。

開催は毎月第2金曜日10時～11時30分です。（祝日は休み）
体調不良の場合、参加の自粛をお願いします。",麻生区上麻生6－29－18 柿生分庁舎,麻生区上麻生6－29－18 柿生分庁舎,35.58771875714423,139.4971378147602,遊び;コミュニティ・交流;子ども・子育て;健康・福祉,https://www.city.kawasaki.jp/asao/page/0000127711.html,麻生区,"乳児,幼児,保護者",0歳から就学前のお子さんと保護者の方,保険料として、50円かかります。,,,"【主催】柿生第二地区民生委員児童委員協議会
【共催】柿生地区社会福祉協議会","柿生第二地区民生委員児童委員協議会　和田
柿生第二地区民生委員児童委員協議会　鴨志田",指定なし,,2026-08-19 11:25:11
KAWASAKI-ec39eef8c24b3b57,子育てサロン　ぴよぴよ,2026-10-02,2026-12-04,2026-10-02;2026-11-06;2026-12-04,10:00:00,11:30:00,,"未就園児さんと保護者の方を対象に、仲間作りや情報交換の場です。アットホームな雰囲気で初めての方でも仲間になりやすいサロンです。保健師さん、栄養士さん、保育士さんに直接相談できる回もあります。

開催は毎月第1金曜日10時～11時30分です。

【参加の際のお願い】
・車での来場はご遠慮ください。
・各自お子様のお飲み物、タオル等を持参してください。
・体調不良の場合、参加の自粛をお願いします。",麻生区高石3－1－11 高石公民館,麻生区高石3－1－11 高石公民館,35.531241300054596,139.70009793136285,遊び;コミュニティ・交流;子ども・子育て;健康・福祉,https://www.city.kawasaki.jp/asao/page/0000127705.html,麻生区,"乳児,幼児,保護者",未就園児さんと保護者の方,50円（保険代）,,,"【主催】麻生東第一地区民生委員児童委員協議会
【共催】麻生東地区社会福祉協議会",麻生東第一地区民生委員児童委員協議会,指定なし,,2026-08-07 10:25:14
KAWASAKI-a3c1254abfd6d66d,修復とその周辺－金継ぎ－,2026-09-19,2026-10-17,2026-09-19;2026-10-03;2026-10-17,14:00:00,15:30:00,"《事前申込制》
申込期間 2026年7月27日（月）10：00 ～ 8月17日（月）16：00
市民ミュージアムWebサイトまたはハガキにて申込受付",割れたり欠けたりした器を漆で接着し、金を蒔き磨いてまた器として使えるようにする「金継ぎ」。現れた金の流れは、器にそれまでになかった「景色」を生み出し、新たな価値を与えてくれます。このワークショップではは、欠けた陶片を整えるところからはじめ、漆で接着し、溝を埋めて金粉を蒔いて仕上げるまで、全4回をかけて基本の金継ぎを学びます。,神奈川県川崎市麻生区万福寺１丁目５−２ 川崎市麻生市民館,神奈川県川崎市麻生区万福寺１丁目５−２ 川崎市麻生市民館,35.6043537,139.5053524,文化・芸術;体感・体験;学び・講座,https://www.kawasaki-museum.jp/event/34279/,麻生区,"外国人,障がい者,妊産婦,高齢者,保護者,社会人,大学生,高校生",高校生以上（4日間とも参加可能な方）,"5,000円（4回分／初回支払い、現金のみ）",10名　高校生以上（4日間とも参加可能な方）,2026-07-27〜2026-08-17 / 申込多数の場合は抽選。締切後に抽選を行い、8月21日（金）までに当選者のみメールをお送りします（往復はがきの場合は当落いずれも通知します）,川崎市市民ミュージアム,川崎市市民ミュージアム,指定なし,,2026-07-23 17:15:56
KAWASAKI-7a9e3dd1eec40a01,おたのしみ大会,2026-09-20,2026-09-27,2026-09-20;2026-09-27,15:00:00,16:00:00,"毎週日曜日のみの開催です。
15時ごろ～16時の間で20分間の開催となります。
時間は集会室のボードでご確認ください。","毎週日曜日に誰でも参加できるミニ大会をやります♪
月ごとに大会の内容が変わります！
たくさん参加してポイントを貯めよう！！
ポイントをためるといいことがあるかも…！？
今月は「秒当てゲーム」です♪",神奈川県川崎市麻生区片平５丁目２５−１ 片平こども文化センター,神奈川県川崎市麻生区片平５丁目２５−１ 片平こども文化センター,35.5976546,139.4916482,子ども・子育て;スポーツ;文化・芸術;コミュニティ・交流;遊び;体感・体験;学び・講座,,麻生区,"高校生,中学生,小学生",,,,,片平こども文化センター,片平こども文化センター,指定なし,,2026-08-28 09:21:47
KAWASAKI-af96bd555ce6c15f,『名著で学ぶ！鍵ハモで楽しく身に付く！』松田昌のコード＆アレンジ講座[全4回],2026-11-16,2027-01-18,2026-11-16;2027-01-18,10:30:00,12:30:00,,"松田昌直伝！楽しいコードの学び方からケンハモの極意、アレンジの秘訣を一挙公開！
鍵盤ハーモニカを実際に吹きながら、コードの考え方や、アレンジのコツを演奏に活かせる形で学ぶ、全4回の講座です。",神奈川県川崎市麻生区百合丘１丁目１９−８ 京浜楽器　ミュージックシティ百合ヶ丘,神奈川県川崎市麻生区百合丘１丁目１９−８ 京浜楽器　ミュージックシティ百合ヶ丘,35.60800010000001,139.515462,文化・芸術;音楽;学び・講座,https://www.keihingakki.co.jp/topics/22,麻生区,指定なし,,一般：4000円　　会員：3500円,70名,2026-08-18〜2026-09-06 / 川崎市麻生区百合丘1-19-8,jet京浜楽器支部,京浜楽器　百合丘センター,"おむつ交換台,エレベーター,バリアフリートイレ",,2026-08-18 17:31:10
KAWASAKI-018ff5b3a437adc3,「お月見」壁画工作,2026-09-17,2026-09-25,2026-09-17;2026-09-18;2026-09-19;2026-09-20;2026-09-21;2026-09-22;2026-09-23;2026-09-24;2026-09-25,15:30:00,16:30:00,,"画用紙や折り紙を使って学習室の壁画作品を作ろう！！
どなたでも参加できます！
期間中の時間内はいつでも作ることができるので、参加希望の方はスタッフに当日声を掛けてね！
見本はこ文にも置いてあります♪",神奈川県川崎市麻生区片平５丁目２５−１ 片平こども文化センター,神奈川県川崎市麻生区片平５丁目２５−１ 片平こども文化センター,35.5976546,139.4916482,文化・芸術;コミュニティ・交流;遊び;体感・体験;学び・講座,,麻生区,指定なし,未就学児のお子さんは保護者同伴でお願いします。,,,,片平こども文化センター,片平こども文化センター,指定なし,,2026-08-28 09:32:22
KAWASAKI-92e172985af3f783,おもちゃ製作～キラキラボトルを作ろう～,2026-09-17,2026-09-18,2026-09-17;2026-09-18,09:00:00,16:30:00,ハグの開所時間は、9:00～12:00、14:30～16:30です。時間内でしたら、いつでも作れます。スタッフにお声かけ下さい。制作をご希望の方は、時間に余裕をもってお越しください。,赤ちゃんが大好きなラトルを作ります。ハグで一番人気のおもちゃです。保護者の方と一緒に作った玩具は、愛着もあり特別です。制作は苦手な方も、スタッフが作り方を教えますので安心してご参加ください。材料はこちらで用意します。,神奈川県川崎市麻生区はるひ野２丁目７−１ すくすく広場 トライアングル・ハグ,神奈川県川崎市麻生区はるひ野２丁目７−１ すくすく広場 トライアングル・ハグ,35.6160303,139.4669937,子ども・子育て;コミュニティ・交流;遊び;体感・体験,,麻生区,"保護者,幼児,乳児",,,,,はるひ野保育園　すくすくひろばトライアングル・ハグ,はるひ野保育園,指定なし,,2026-08-25 19:15:53
KAWASAKI-15b660fda066db04,ゆっくり親子じかん育組☆令和７年度生まれキッズ集まれ！,2026-09-17,2027-01-21,2026-09-17;2026-10-15;2026-11-19;2026-12-17;2027-01-21,10:00:00,12:00:00,,岡上分館の家庭・地域教育学級です。岡上分館は川崎の飛び地にある緑豊かな公民館です。のんびりと親子で楽しんで、同じ学年のおともだちづくりをしませんか。育組と書いて「はぐくみ」。月に一回の集まりを全５回で、ゆっくり仲良くなりましょう。毎回違うテーマで楽しく遊んで学べる内容です。,神奈川県川崎市麻生区岡上３丁目１５−５,神奈川県川崎市麻生区岡上３丁目１５−５,35.5809051,139.4826405,生活;子ども・子育て;音楽;コミュニティ・交流;遊び;学び・講座,https://asao-mirai.com/okagami/event/718/,麻生区,"保護者,乳児",令和７年度生まれ（令和７年４月２日～令和８年４月１日生まれ）の子どもとその保護者,,親子１０組（２０人）,2026-08-20〜2026-11-17 / 先着順,川崎市教育委員会（実施機関：あさお・未来共創パートナーズ）,麻生市民館岡上分館,"おむつ交換台,バリアフリートイレ",保育はありません。,2026-07-10 17:17:32
KAWASAKI-0b74c484574fa395,スイートハンド＆音楽会,2026-09-17,2026-09-17,2026-09-17,10:30:00,11:20:00,,"毎月楽しみです。みなさまも楽しんで穏やかなひと時を過ごしに
来てください。
たくさんの方の来館をお待ちしております。
開始時間間際は込み合いますので早めの来館のご協力をお願いします。
お楽しみに！",神奈川県川崎市麻生区片平５丁目２５−１ 片平こども文化センター,神奈川県川崎市麻生区片平５丁目２５−１ 片平こども文化センター,35.5976521,139.4916405,文化・芸術;コミュニティ・交流;体感・体験;音楽,,麻生区,指定なし,,,,,支援センターかたひら,支援センターかたひら,指定なし,,2026-08-25 18:53:21
KAWASAKI-2af001d374b05e64,まころん♪ちびっこランド「大型遊具であそぼう」,2026-09-17,2026-09-17,2026-09-17,10:00:00,12:00:00,,大きなエアーすべり台やボールプールであそぼう～,神奈川県川崎市麻生区上麻生４丁目３２−２ 川崎市麻生こども文化センター川崎市麻生老人いこいの家,神奈川県川崎市麻生区上麻生４丁目３２−２ 川崎市麻生こども文化センター川崎市麻生老人いこいの家,35.59501801117614,139.5038979375799,子ども・子育て;遊び,,麻生区,"保護者,幼児,乳児",,,,,麻生こども文化センター,麻生こども文化センター,指定なし,"状況により人数制限をさせていただく場合があります。
お子さまから目を離さないよう遊んでください。",2026-09-08 15:35:13
KAWASAKI-95a30f9c8bbd96c6,子育てサロン　はとぽっぽ,2026-09-17,2026-11-19,2026-09-17;2026-10-15;2026-11-19,10:00:00,11:30:00,,"0歳から3歳くらいまでのお子さんと保護者の方を対象に、孤立しがちな育児中の保護者の仲間作りや情報交換の場です。お友だちづくりの場としていかがですか。

開催は毎月第3木曜日10時～11時30分です。

【参加の際のお願い】
お子様用の飲み物、タオルなどは各自でご用意ください。",麻生区栗木台1‐6‐3 栗木公会堂,麻生区栗木台1‐6‐3 栗木公会堂,35.536450182728835,139.70323075149673,遊び;コミュニティ・交流;子ども・子育て;健康・福祉,https://www.city.kawasaki.jp/asao/page/0000128532.html,麻生区,"乳児,保護者",0歳から3歳くらいまでのお子さんと保護者の方,保険料として、50円かかります。,"8月はお休み
クリスマス参加は予約制",,"【主催】柿生第三地区民生委員児童委員協議会
【共催】柿生地区社会福祉協議会・白鳥保育園
【協力】麻生区役所　地域みまもり支援センター",柿生第三地区民生委員児童委員協議会　（丹羽（ショートメールにて）,指定なし,,2026-08-07 10:25:14
KAWASAKI-35a5ca6e7f3b61da,まころん♪クラフト,2026-09-18,2026-09-18,2026-09-18,10:00:00,12:00:00,,"１階の「麻生いこいの家」で行われる「カフェかきお」にて折り紙でかわいい「ハロウィンリース」を作りましょう！
２階建ての麻生こども文化センター、１階が「麻生いこいの家」となっております。
当日は、直接「麻生いこいの家」にお越しください。",神奈川県川崎市麻生区上麻生４丁目３２−２ 川崎市麻生こども文化センター川崎市麻生老人いこいの家,神奈川県川崎市麻生区上麻生４丁目３２−２ 川崎市麻生こども文化センター川崎市麻生老人いこいの家,35.5950338,139.5038626,遊び,,麻生区,"保護者,幼児,乳児",,,,,"麻生こども文化センター
麻生いこいの家",麻生こども文化センター,指定なし,,2026-09-08 15:29:00
KAWASAKI-05404a79d65437f8,卓球大会,2026-09-18,2026-09-18,2026-09-18,15:00:00,16:30:00,,"みんなで卓球の練習をしながら試合をします！
気軽に参加してみてね。
参加したい人は当日スタッフに言ってね！",神奈川県川崎市麻生区片平５丁目２５−１ 片平こども文化センター,神奈川県川崎市麻生区片平５丁目２５−１ 片平こども文化センター,35.5976546,139.4916482,スポーツ;コミュニティ・交流;遊び;体感・体験;学び・講座,,麻生区,"高校生,中学生,小学生",,,,,片平こども文化センター,片平こども文化センター,指定なし,,2026-08-28 09:02:01
KAWASAKI-9a7b6e8adbac0be3,【令和8年度終活講座】人生鉄道100～これからの人生を考える時間～,2026-09-19,2026-09-19,2026-09-19,13:30:00,15:00:00,,"住み慣れたまちでいつまでも、自分らしく、心豊かに生活できるように。
何となく気になる、けれど向き合うことも難しい 「介護・相続・遺言」のこと、この機会に一緒に考えてみませんか？
１回でも途中からでもご参加いただけます。参加費は無料です。
（お申込みいただいた皆様へ会場等については、講座開催１週間前までににご連絡いたします）

【講師】星 亙（ほし わたる）
【案内】俵 隆典（たわら たかのり）
【会場】新百合ヶ丘駅周辺(詳細は改めてご連絡させて頂きます。)

【9月19日13:30～15:00＠場所未定】
認知症について知る・介護サービスについて

【10月17日13:30～15:00＠場所未定】
成年後見人制度について・介護現場の実際

【11月21日13:30～15:00＠場所未定】
家族信託・大切な人にどう伝える？（人生会議）


12月以降も月１回第３土曜日午後に開催予定",神奈川県川崎市麻生区万福寺１丁目２ 新百合21ビル,神奈川県川崎市麻生区万福寺１丁目２ 新百合21ビル,35.602983,139.5059358,生活;健康・福祉;コミュニティ・交流;学び・講座,https://asao-kibou.com/,麻生区,指定なし,,,,"2026-06-26〜2026-09-18 / メール(shukatsu＠asao-kibou.com)にて、下記をお伝えください。
① お名前・連絡先（電話番号・メールアドレス)
② 参加希望日",NOP法人麻生区ソーシャルデザインセンター（あさおSDC）,NOP法人麻生区ソーシャルデザインセンター（あさおSDC）,指定なし,,2026-07-27 18:22:41
KAWASAKI-07ed5fe67813e35f,習字教室,2026-09-19,2026-09-19,2026-09-19,10:00:00,11:30:00,,"先生に教えてもらいながら文字のお稽古をしよう！
※対象：申込者",神奈川県川崎市麻生区片平５丁目２５−１ 片平こども文化センター,神奈川県川崎市麻生区片平５丁目２５−１ 片平こども文化センター,35.5976546,139.4916482,文化・芸術;コミュニティ・交流;体感・体験;学び・講座,,麻生区,小学生,小学1年生から参加できます。,年会費1000円,20名,"電話での申し込み、代理申込みは受け付けておりません。
片平こども文化センターで申込用紙のご記入をお願いします。
定員に達し次第受付終了とさせていただきます。",片平こども文化センター,片平こども文化センター,指定なし,,2026-08-28 09:12:44
KAWASAKI-9d9d995a22dc4cf7,令和8年度麻生区生涯学習支援事業「あさおアート体験プロジェクト」,2026-09-19,2026-11-08,2026-09-19;2026-10-10;2026-11-08,,,"10:00:00〜12:00:00
14:00:00〜16:00:00",各自が制作したアート作品やフィールドワークを通じて、麻生区の自然や地域資源への理解を深めるとともに、参加者同士の交流を促進する。また、サトヤマアートサンポへの作品展示を目標として主体的な学びを進めることで、地域への愛着やまちづくり活動への関心を高める。,川崎市麻生区岡上3丁目15番5号 麻生区役所岡上分館,川崎市麻生区岡上3丁目15番5号 麻生区役所岡上分館,35.604408417257936,139.50575910508633,学び・講座;体感・体験;コミュニティ・交流;文化・芸術;環境・自然;小学生向け;中学生向け,https://www.city.kawasaki.jp/asao/page/0000189375.html,麻生区,指定なし,普段から創作活動を行っている方,,最大20名程度,2026-08-13〜2026-09-16 / 定員を超えた場合は抽選,麻生区役所まちづくり推進部生涯学習支援担当,まちづくり推進部生涯学習支援担当 / 麻生区役所,指定なし,,2026-08-21 16:25:23
KAWASAKI-149c2bda9a7522ad,"【9月の保育付き映画上映】@川崎市アートセンター
上映作品『私たちは、ちょうどいい。』",2026-09-23,2026-09-23,2026-09-23,09:30:00,12:00:00,,"映画鑑賞中に、保育ボランティアスタッフがお子さんをお預かりします。
ゆっくり映画を楽しみませんか？

上映作品：
9/23(水・祝)10:00の回『私たちは、ちょうどいい。』
◆住み込みの介助を仕事とするリリーは、幼い頃、母に捨てられ、父は養育費を請求してくるクズ人間だ。
ある時、必要に迫られて父のSNSに連絡を取るが、それは同姓同名の別人だった。
偶然の出会いが感動を呼び、世界各地14以上の映画祭で観客賞を受賞した注目作。
(2024年／アメリカ／監督・脚本：トレイシー・レイモン／出演：バービー・フェレイラ、ジョン・エレグイザモ、フレンチ・スチュワート、ローレン・“ロロ”・スペンサー）

対象：0歳(おすわりできる頃)～未就学児まで／定員：5名／諸費用：200円
映画チケットは別途お買い求めください。(3日前から購入可能)",神奈川県川崎市麻生区万福寺６丁目７−１,神奈川県川崎市麻生区万福寺６丁目７−１,35.606091,139.505735,生活;子ども・子育て,https://bobtrevinolikesit-movie.com/,麻生区,"保護者,幼児,乳児",対象：0歳（おすわりできる頃）～未就学児まで,保育費：200円　※映画鑑賞料は別途かかります。,5名,2026-07-21〜2026-08-23 / 定員になり次第終了,川崎市アートセンター,川崎市アートセンター　映像館,"授乳室,おむつ交換台,手話又は筆談対応,思いやり駐車スペース,スロープ,エレベーター,オストメイト対応トイレ,バリアフリートイレ",,2026-09-02 16:45:40
KAWASAKI-98197b7512d3ea97,身体測定週間,2026-09-24,2026-09-30,2026-09-24;2026-09-25;2026-09-26;2026-09-27;2026-09-28;2026-09-29;2026-09-30,09:00:00,16:30:00,ハグの開所時間は、9：00～12：00、14：30～16：30です。身体測定をしたい方は、時間内に来所しスタッフにお声かけ下さい。,"トライアングル・ハグで身長・体重を計測できます。今月は24,25,28,29,30日です。",神奈川県川崎市麻生区はるひ野２丁目７−１ すくすく広場 トライアングル・ハグ,神奈川県川崎市麻生区はるひ野２丁目７−１ すくすく広場 トライアングル・ハグ,35.6160303,139.4669937,子ども・子育て;健康・福祉,,麻生区,"保護者,幼児,乳児",,,,,はるひ野保育園　すくすくひろばトライアングル・ハグ,はるひ野保育園,指定なし,,2026-08-25 19:17:38
KAWASAKI-650d946ef7f211b3,なかよしタイム,2026-09-25,2026-09-25,2026-09-25,12:30:00,13:30:00,,"集会室にいろんなおもちゃを広げて一緒に遊ぼう！
トランポリンや押し車、滑り台などの遊具で遊ぶことができます！",神奈川県川崎市麻生区片平５丁目２５−１ 片平こども文化センター,神奈川県川崎市麻生区片平５丁目２５−１ 片平こども文化センター,35.5976546,139.4916482,子ども・子育て;コミュニティ・交流;遊び;体感・体験;学び・講座,,麻生区,"保護者,幼児,乳児",,,,,片平こども文化センター,,指定なし,,2026-08-28 09:13:40
KAWASAKI-0aa9dfcbda072999,中高生タイム勉強会,2026-09-25,2026-09-25,2026-09-25,18:00:00,20:00:00,,"こ文の静かな部屋で試験対策や自習に取り組んでみませんか？
開催時間中は部屋にスタッフが常駐しているので、わからないところはどんどん質問して弱点を克服しよう！
文房具やテキストの貸し出しも行っているので手ぶらで来ても大丈夫です♪
皆さんの参加をお待ちしています！",神奈川県川崎市麻生区片平５丁目２５−１ 片平こども文化センター,神奈川県川崎市麻生区片平５丁目２５−１ 片平こども文化センター,35.5976546,139.4916482,高校生向け;中学生向け;コミュニティ・交流;学び・講座,,麻生区,"高校生,中学生",,,,,片平こども文化センター,片平こども文化センター,指定なし,,2026-08-28 09:24:12
KAWASAKI-74a4e3f29df141bc,手作り楽器を作ってみよう♪,2026-09-25,2026-09-25,2026-09-25,10:00:00,10:40:00,,絵本の読み聞かせと身近な物でタンバリンを作る。,神奈川県川崎市麻生区片平２丁目３０−１,神奈川県川崎市麻生区片平２丁目３０−１,35.5909784,139.4972499,子ども・子育て;音楽;遊び;体感・体験,,麻生区,"幼児,乳児",,,,2026-08-14〜2026-09-24 / 受付は平日の9：00～17：00時です。前日の17:00で締切とさせていただきます。,柿生ルミナス保育園,,指定なし,開催場所の緯度経度が異常だと地図がプレビューで表示されないので、緯度経度に異常が出ていないか確認してから申請してください。,2026-09-01 17:44:08
KAWASAKI-1f425b7eb5bed8a2,ナイトだがしや,2026-09-26,2026-09-26,2026-09-26,17:00:00,19:00:00,,"感染予防を行いながら、お店屋さん形式で駄菓子屋さんを行います！お菓子の他に、カップ麺 、缶ジュースの準備をしています。
※駄菓子購入のみの来館でも大丈夫です。
※アレルギーがある子はお家の人に参加しても良いか確認してから来てね！
※夜 6 時以降は、小学生以下の参加は保護者同伴でお願いします。
※お財布やお金は無くさない様に注意してね！
※ゴミは持って帰ってね(イベント時間外)",神奈川県川崎市麻生区片平５丁目２５−１ 片平こども文化センター,神奈川県川崎市麻生区片平５丁目２５−１ 片平こども文化センター,35.5976637,139.4916183,買い物;食;コミュニティ・交流;体感・体験;学び・講座,,麻生区,指定なし,未就学児のお子さんは保護者同伴でご利用ください。,10円～100円,,,片平こども文化センター,片平こども文化センター,指定なし,,2026-08-28 09:17:00
KAWASAKI-5b4ad5d2af7715b3,保育園ってどんなところ？～保育園体験～,2026-09-26,2026-09-26,2026-09-26,09:00:00,11:30:00,8時50分にはるひ野保育園正面玄関からお入りください。昼食は11時頃を予定しています。お子さんが昼食を食べられるよう、当日の朝食は早めに済ませてからお越しください。年齢に応じた食事をご用意いたします。,保育園での遊びから、昼食までを親子で体験できるイベントです。「どんな遊びをしているの？」「どんな様子で給食を食べるの？」そんな疑問を、実際に体験しながら感じてみませんか？皆様のご参加をお待ちしています。,神奈川県川崎市麻生区はるひ野２丁目７−１ はるひ野保育園,神奈川県川崎市麻生区はるひ野２丁目７−１ はるひ野保育園,35.6160325,139.4670102,子ども・子育て;コミュニティ・交流;体感・体験;生活;食;環境・自然;健康・福祉;遊び,https://kawasaki.jimoiku.jp,麻生区,"保護者,幼児,乳児",０歳から就学前までの親子,食事代金として1食300円をいただきます。保護者の方は味見程度の試食をご用意します。離乳食が始まっていないお子さんは、普段飲んでいるミルクをお持ちください。,先着10名,2026-08-26〜2026-09-24 / はるひ野保育園に直接お電話で予約となります。離乳食の進み具合(初期・中期・後期・完了）をお伝えください。,はるひ野保育園,はるひ野保育園 / イベントについて問い合わせ、予約は「はるひ野保育園」へお願いいたします。電話受付時間は9時から12時、14時30分から16時30分です。,指定なし,持ち物は着替え一組(オムツ・肌着・服上下)　その他必要な物,2026-08-25 19:23:52
KAWASAKI-fe6640780c116302,【田園調布学園大学×麻生区役所】キッズアート田園「夢がふくらむWAKUWAKUランド」,2026-09-26,2026-09-26,2026-09-26,,,"10:30:00〜11:30:00
13:15:00〜14:30:00",田園調布学園大学で大学の准教授の先生や学生と一緒に彫塑粘土を使った表現遊びをします。,川崎市麻生区東百合丘3－4－1 田園調布学園大学,川崎市麻生区東百合丘3－4－1 田園調布学園大学,35.59525677052911,139.52459692955017,学び・講座;遊び;文化・芸術;子ども・子育て,https://www.city.kawasaki.jp/asao/page/0000166866.html,麻生区,"乳児,幼児,保護者",市内在住者に限る,,20組,2026-08-17〜2026-09-25 / 先着順,麻生区役所 地域みまもり支援センター（福祉事務所・保健所支所）,麻生区役所 地域みまもり支援センター（福祉事務所・保健所支所）,指定なし,,2026-07-23 10:25:04
KAWASAKI-70cb501fc6bb2983,まころん♪ちびっこパーク,2026-09-26,2026-09-26,2026-09-26,10:30:00,12:00:00,,"体を動かしたり、大きな紙にお絵かきしたり。絵本や紙芝居の読み聞かせもします！
ちょっと座ってのんびりできるスペースでお友だちとおしゃべりしたり、ゆったりとあそびましょ～",神奈川県川崎市麻生区上麻生４丁目３２−２ 川崎市麻生こども文化センター川崎市麻生老人いこいの家,神奈川県川崎市麻生区上麻生４丁目３２−２ 川崎市麻生こども文化センター川崎市麻生老人いこいの家,35.5950338,139.5038626,子ども・子育て;コミュニティ・交流;遊び,,麻生区,"保護者,幼児,乳児",,,,,麻生こども文化センター,麻生こども文化センター,指定なし,,2026-09-08 15:30:23
KAWASAKI-2ce3dec7bc292a2d,禅寺丸柿の柿もぎと秋の収穫体験　参加者募集,2026-09-26,2026-09-26,2026-09-26,10:00:00,12:00:00,,"約800年前に王禅寺で発見され、「柿生」の地名の由来とも言われる麻生区の木「禅寺丸柿」
昔ながらの「ばっぱさみ（もぎとり棒）」で柿もぎを体験してみませんか。
黒川東営農団地での芋掘り体験もあります。（抽選）",神奈川県川崎市麻生区南黒川4-1 黒川駅北口,神奈川県川崎市麻生区南黒川4-1 黒川駅北口,35.61323213719715,139.47098866537777,体感・体験;子ども・子育て;小学生向け,https://www.city.kawasaki.jp/asao/page/0000188508.html,麻生区,小学生,"市内在住又は在学の小学生と保護者（18歳以上）のグループ
参加する小学生が市内在住又は在学","参加費用　　お1人様1,000円",合計30人程度（抽選）,2026-08-24〜2026-09-15,麻生観光協会・麻生区役所,麻生区役所 まちづくり推進部 地域振興課,指定なし,,2026-08-24 17:26:47
KAWASAKI-3e9dd1e5a068b482,【麻生区】くろかわのぞみ保育園　ボディペイント,2026-09-26,2026-09-26,2026-09-26,10:00:00,11:00:00,,"手や足に絵の具をペタペタ♪色や感触を味わいながら、かわいいアートを作ってみませんか？
「絵の具あそび…やってみたみたいけど家ではなかなか…」という方にもおすすめです♥
小さなお子さんも楽しめるイベントです。兄弟の子も一緒にどうそ！
地域の方のご参加お待ちしています！",神奈川県川崎市麻生区はるひ野４丁目７−１,神奈川県川崎市麻生区はるひ野４丁目７−１,35.6173147,139.4630577,子ども・子育て;コミュニティ・交流;遊び;体感・体験,,麻生区,乳児,未就学児（兄弟の参加OKです）,,10名程度,"2026-08-21〜2026-09-24 / 先着順で定員になり次第、受付を終了します。
保育園に電話かジモイク川崎でお申し込みをお願いします。",社会福祉法人春献美会　くろかわのぞみ保育園,くろかわのぞみ保育園,"授乳室,おむつ交換台,手話又は筆談対応,思いやり駐車スペース,スロープ,エレベーター,オストメイト対応トイレ,バリアフリートイレ",雨天決行,2026-08-24 09:03:41
KAWASAKI-ffd6397b66d2ab33,カスタッチこどもclub　9月のお誕生会のお誘い,2026-09-28,2026-09-28,2026-09-28,09:45:00,10:30:00,終了時間は内容によって多少前後することがあります。,毎月保育園で行っているお誕生会に地域の親子を招待します。（お誕生会の月生まれのお子さまと保護者1名　3組)　一緒にお祝いしましょう！　保育園のお誕生会に参加し、園児や職員と交流することで、園の様子や雰囲気を知ってもらいます。イベント後も子育て支援できる場として、地域の子育て家庭と関わっていきます。,神奈川県川崎市麻生区はるひ野５丁目３−７,神奈川県川崎市麻生区はるひ野５丁目３−７,35.6180313,139.466636,生活;子ども・子育て;コミュニティ・交流;遊び;体感・体験,https://www.instagram.com/castouch_kodomo_club/,麻生区,"保護者,幼児,乳児",9月生まれのお子さま(0～6歳児)と保護者1名の親子　予約先着3組,,お子さまと保護者1名　の親子3組,"2026-08-27〜2026-09-24 / 定員：予約先着3組　受付期間内【8/27(木)9:00～9/24(木)16:00】にメールでお申し込みください。　
詳細は掲載ポスターをご覧ください。",カスタッチこどもclub,川崎市認可保育所　カスタッチこどもclub / 人工芝の広いグランドを併設した欧風の建物が園舎です。(はるひ野駅から徒歩３分ほど),"おむつ交換台,スロープ",開始5分前頃(9:40)にはお越しください。また、欠席される場合はお電話（)でご連絡ください。,2026-08-18 11:51:38
KAWASAKI-d263f32ef9ccaee6,おめでとう！お誕生日,2026-09-29,2026-09-29,2026-09-29,10:30:00,11:00:00,"昨年度までスイートハンドさんと一緒にお祝いしていましたが独立しました。
2ヶ月に1度行います。","お誕生日のお友達のお祝いをします
今月は６月、７月、８月、９月生まれのお友達のお祝いをします。みんなでお祝いしましょう。
※カードでお祝いします
　手作りカードに手形や足型をスタンプしてお渡しします。
　ご希望の方は来室時にスタッフにお申し付け下さい。",神奈川県川崎市麻生区片平５丁目２５−１ 片平こども文化センター,神奈川県川崎市麻生区片平５丁目２５−１ 片平こども文化センター,35.5976637,139.4916183,子ども・子育て;コミュニティ・交流;体感・体験,,麻生区,"幼児,乳児",,,,,子育て支援センター　かたひら,支援センターかたひら,指定なし,,2026-08-25 18:56:19
KAWASAKI-b84472445109d854,トワイライトミュージック,2026-09-30,2026-09-30,2026-09-30,16:00:00,16:30:00,,"区役所ロビーで、演奏する人も聴く人もなごやかになるような演奏会を開催します。

出演者：加瀬智子・小林圭子　Piano Four Hands
　　　　（加瀬智子／小林圭子　ピアノ連弾）",麻生区万福寺1-5-1 麻生区役所ロビー,麻生区万福寺1-5-1 麻生区役所ロビー,35.60376235678235,139.50582146644592,音楽;小学生向け;中学生向け;高校生向け,https://www.city.kawasaki.jp/asao/page/0000189510.html,麻生区,指定なし,,,会場が混雑した際は入場をお断りすることがあります。,,"麻生区役所
（協力：あさお芸術のまちコンサート推進委員会）",麻生区役所 まちづくり推進部 地域振興課,指定なし,,2026-08-19 16:25:22
KAWASAKI-82076795986b32ef,アイロンビーズ,2026-09-30,2026-09-30,2026-09-30,15:00:00,16:00:00,未就学児の参加は、保護者同伴でお願いいたします。,"アイロンビーズで自分の好きなものをつくってみよう！
やりたい人は、当日100円を持って片平こども文化センターにきてね。",神奈川県川崎市麻生区片平５丁目２５−１ 片平こども文化センター,神奈川県川崎市麻生区片平５丁目２５−１ 片平こども文化センター,35.5976546,139.4916482,小学生向け;文化・芸術;音楽;コミュニティ・交流;遊び;体感・体験;学び・講座,,麻生区,"保護者,高校生,中学生,小学生,幼児",,100円,,,片平こども文化センター,片平こども文化センター,指定なし,,2026-08-28 09:20:33
KAWASAKI-4c7eee9f0fb375cf,子育てサロン にじっこ広場,2026-10-01,2026-10-01,2026-10-01,10:00:00,11:30:00,,"0歳から就学前のお子さんと保護者の方、これからお母さんになる方を対象にした交流と友達づくりの場です。楽しくみんなが笑顔ですごせる交流の場として、気軽に遊びに来てください。お待ちしています。


【参加の際のお願い】
・駐車場はございません。
・お子様の飲み物は持参してください。
・体調不良の場合、参加の自粛をお願いします。",麻生区虹ケ丘1-21-2 虹ケ丘小学校コミュニティルーム,麻生区虹ケ丘1-21-2 虹ケ丘小学校コミュニティルーム,35.532949231461544,139.70364682928036,遊び;コミュニティ・交流;子ども・子育て;健康・福祉,https://www.city.kawasaki.jp/asao/page/0000136851.html,麻生区,"乳児,幼児,社会人,保護者,妊産婦",0歳から就学前のお子さんと保護者の方、これからお母さんになる方,保険料として、1家庭につき50円かかります。,,,"【主催】柿生第一地区民生委員児童委員協議会
【協力】麻生区役所　地域みまもり支援センター
　　　　虹ケ丘小学校コミュニティルーム",柿生第一地区民生委員児童委員協議会　吉垣,指定なし,社会情勢等により、中止となる場合があります。直接お問合せください。,2026-09-10 14:25:40
KAWASAKI-22759a49164f7175,【麻生区役所・昭和音楽大学共催】令和8年度音楽療法特別講座「歌うことのPhysical」,2026-10-03,2026-10-03,2026-10-03,14:00:00,16:00:00,,"令和8年度音楽療法特別講座「歌うことのPhysical」

麻生区役所と昭和音楽大学が共催で開催する
歌うこと・声を出すことと、私たちのからだ・心との関係について、
昭和音楽大学客員教授・羽石先生のお話しと共にさまざまな角度から感じていただく講座です。

同大学ミュージカルコース教授・萩原かおり先生へのインタビューを交えて有名なアリアの一節を使った実演・体験のコーナー、そしてミニ・コンサートもお楽しみいただきます。

8月17日（月）から申込みフォームで（先着順）",麻生区上麻生1丁目11−1 昭和音楽大学　南校舎5階　C511教室,麻生区上麻生1丁目11−1 昭和音楽大学　南校舎5階　C511教室,35.52976189656687,139.70242099837648,体感・体験;音楽;文化・芸術;健康・福祉,https://www.city.kawasaki.jp/asao/page/0000178048.html,麻生区,指定なし,,,定員150名（先着順）,2026-08-17〜2026-09-30,麻生区役所 地域みまもり支援センター（福祉事務所・保健所支所）地域ケア推進課,地域みまもり支援センター　地域ケア推進課 / 麻生区役所,指定なし,,2026-08-12 13:25:27
KAWASAKI-486e83fd1f5855b4,カスタッチこどもclub　親子ひろば『ほっとるーむ』~簡単な手作りおやつのご紹介～,2026-10-03,2026-10-03,2026-10-03,09:30:00,11:30:00,9:30から室内にお入りいただけます。イベントは10：00頃から始めます。10:00までにはお越しください。イベント後の退室時間は自由です。,"子育て支援・地域支援　(助産師、保育士等在室)子育て中の家族や妊婦さんを中心に、育児相談や栄養相談を行い、イベント前後のフリータイムでは、親同士がリラックスして交流できる場を提供します。
イベントについては、不定期開催で、毎回内容や対象年齢が異なります。(予約制）

10/3(土)のイベントは「(栄養士による）簡単な手作りおやつのご紹介＆試食」です
また、栄養士への栄養相談、離乳食相談を始め、知りたいレシピについてなど気軽にお話しできます。

対象：0～6歳児のお子さまと保護者の方　6組",神奈川県川崎市麻生区はるひ野５丁目３−７,神奈川県川崎市麻生区はるひ野５丁目３−７,35.6180577,139.4666345,生活;食;健康・福祉;子ども・子育て;コミュニティ・交流;体感・体験;学び・講座;遊び,https://www.castouch.jp/,麻生区,"妊産婦,保護者,幼児,乳児",,,予約先着　　6組,2026-09-04〜2026-09-30 / ご予約は受付期間内【9/4(金)9:00～9/30(水)16：00】にメールでお申し込みください。受付期間内のお申込みで先着6組まで。お申込みの詳細は掲載ポスターをご覧ください。,川崎市認可保育所　カスタッチこどもclub,"川崎市認可保育所　カスタッチこどもclub / メールの場合ご返信まで数日お時間がかかることがあります。ご了承ください。
参加決定後のキャンセルや当日欠席の場合は電話()でご連絡ください。","おむつ交換台,スロープ","水分補給以外の飲食はお控えください。
駐車場はご利用になれません。",2026-08-25 19:05:28
KAWASAKI-2082d70e30e230d5,しんゆりファミリーシアター『あさやけ』,2026-10-09,2026-10-12,2026-10-09;2026-10-10;2026-10-11;2026-10-12,13:00:00,18:30:00,"2026年10月9日（金）～12日（月祝）
開演時間は日によって異なります。詳細はHPもしくはチラシをご確認ください。","川崎市アートセンター小劇場において、プロの俳優、スタッフ陣と舞台芸術作品の創造発信をする
公演を「しんゆりシアター」と名づけています。本企画は、地域の子ども達やその親世代も含めた幅広い方に届けたいという想いから“ファミリー”としました。
この物語は、戦争を体験したひとりの少年が、老人になるまでの人生を描く幅広い世代が共感できる物語です。「生きるために大切なこと」は何か？8人の俳優と一緒に探す作品です。",神奈川県川崎市麻生区万福寺６丁目７−１,神奈川県川崎市麻生区万福寺６丁目７−１,35.606091,139.505735,文化・芸術,https://kawasaki-ac.jp,麻生区,指定なし,※推奨年齢：小学生以上,"大人子どもペア：6,000円、大人：5,000円、子ども（中学生以下）：1,500円、U30割引（30歳以下）：3,500円、障がい者割引：2,500円（付添1名まで同額）",170名,2026-08-15〜2026-10-12,川崎市アートセンター,川崎市アートセンター,"託児室,授乳室,おむつ交換台,思いやり駐車スペース,スロープ,エレベーター,バリアフリートイレ",,2026-08-10 17:41:46
KAWASAKI-c8636ad25634ebae,第44回あさお区民まつり（開催情報）,2026-10-11,2026-10-11,2026-10-11,10:00:00,16:00:00,,"令和8年度　第44回あさお区民まつりを開催します！
【日時】令和8年10月11日（日）午前10時から午後4時　雨天決行・荒天中止
【場所】麻生区役所広場・麻生市民館",川崎市麻生区万福寺1－5－1 麻生区役所広場・麻生市民館,川崎市麻生区万福寺1－5－1 麻生区役所広場・麻生市民館,35.60411660146448,139.50594800605123,祭り,https://www.city.kawasaki.jp/asao/page/0000177652.html,麻生区,指定なし,,,,,"あさお区民まつり実行委員会
事務局：麻生区役所地域振興課
電話",麻生区役所 まちづくり推進部 地域振興課 / あさお区民まつり実行委員会（事務局：麻生区役所地域振興課）,"バリアフリートイレ,スロープ,手話又は筆談対応,おむつ交換台,授乳室",,2026-07-10 18:25:05
KAWASAKI-84f89e094a9876e9,令和8年度市民体力テスト,2026-10-12,2026-10-12,2026-10-12,10:00:00,11:30:00,,"令和8年度市民体力テストを開催します！
自分の体力をテストしてみませんか？
事前申込不要、参加無料ですので、どなたでもご参加いただけます。",神奈川県川崎市麻生区上麻生３丁目６−１ 麻生スポーツセンタ,神奈川県川崎市麻生区上麻生３丁目６−１ 麻生スポーツセンタ,35.600147,139.505102,健康・福祉;スポーツ;遊び;体感・体験,https://www.city.kawasaki.jp/250/page/0000188166.html,麻生区,指定なし,,,,,川崎市,市民文化局市民スポーツ室,指定なし,,2026-06-19 10:37:46
KAWASAKI-785cbde98e5533cf,岡上分館「はじめてのタングドラム」講座参加者募集,2026-10-13,2026-12-08,2026-10-13;2026-10-27;2026-11-10;2026-11-24;2026-12-08,10:00:00,12:00:00,,"この講座は9月16日から申込受付開始です。

水琴窟のような癒しの音が特徴的なタングドラム。
近年では音楽療法やヨガにも使用され、
番号で誰でも簡単に扱えることから
新たな趣味、脳トレ効果も期待されています。
音を通して、仲間づくりや地域イベントへの参加をしてみましょう

♯タングドラムの楽器は、ご自身でご用意ください。
Cスケール（ハ長調）１１音のもので練習します。音の配列は問いません。",神奈川県川崎市麻生区岡上３丁目１５−５,神奈川県川崎市麻生区岡上３丁目１５−５,35.5808912,139.4826204,文化・芸術;音楽;コミュニティ・交流;学び・講座,https://asao-mirai.com/okagami/,麻生区,指定なし,,,２０名,2026-09-16〜2026-10-09 / 先着２０名,"主催：川崎市教育委員会
実施機関：川崎市麻生市民館岡上分館指定管理者あさお・未来共創パートナーズ",麻生市民館岡上分館 / 〒215-0027　川崎市麻生区岡上3-15-5　麻生市民館岡上分館,バリアフリートイレ,,2026-07-09 08:13:13
KAWASAKI-5ad28bd7616caaf3,カスタッチこどもclub【秋フェス】,2026-10-17,2026-10-17,2026-10-17,09:30:00,12:00:00,,"テーマは「カスタッチで遊ぼう！」
参加対象を地域の親子(卒園児、在園児含む)といたしまして『秋フェス』を開催します。ゲームやワークショップなど楽しいコーナーがいっぱい！地域の方々が気軽に集まってつながれる場という思いからこの秋フェスの開催に至りました。ぜひ、お気軽に遊びに来てください♪",神奈川県川崎市麻生区はるひ野５丁目３−７,神奈川県川崎市麻生区はるひ野５丁目３−７,35.6180577,139.4666345,生活;祭り;防災・防犯;健康・福祉;子ども・子育て;文化・芸術;コミュニティ・交流;遊び;体感・体験,https://www.castouch.jp/,麻生区,指定なし,必ず親子でご参加ください。（妊産婦の方の参加もOKです),有料ゲーム(景品あり）100円～300円,,,川崎市認可保育所　カスタッチこどもclub,川崎市認可保育所　カスタッチこどもclub,"授乳室,おむつ交換台,スロープ",,2026-09-02 16:41:43
KAWASAKI-0d4f0c902c8267ca,"【かわさきジャズ2026】しんゆりJAZZストリームDAY2
オルケスタ・デ・ラ・ルス～かわさきラテン化計画2026",2026-10-18,2026-10-18,2026-10-18,17:00:00,19:00:00,終演時間未定,"日本が世界に誇るサルサ・バンド「オルケスタ・デ・ラ・ルス」が大好評につき5年連続でしんゆりJAZZストリームに出演！今年も陽気なリズムでかわさきをラテン化します！
会場：新百合トウェンティワンホール",神奈川県川崎市麻生区万福寺１丁目２−２ B2F,神奈川県川崎市麻生区万福寺１丁目２−２ B2F,35.60290579999999,139.5058065,文化・芸術;音楽,https://www.kawasakijazz.jp/,麻生区,指定なし,未就学児入場不可,"テーブル席（指定）5,500円、後方階段席（自由）4,400円しんゆりJAZZストリーム2DAYセット券（テーブル席）10,000円
ドリンク、おつまみの販売あり。後方階段席は飲食不可。",,2026-07-26〜2026-10-18 / ミューザ川崎シンフォニーホール、新百合トウェンティワンホール、川崎市アートセンターでも取り扱いあり。,かわさきジャズ実行委員会、川崎市,かわさきジャズ事務局,指定なし,,2026-08-13 13:23:29
KAWASAKI-9d43a50dd770f006,新百合ヶ丘　相続不動産・空き家　セミナー＆相談会（川崎市まちづくりセミナー）,2026-10-18,2026-10-18,2026-10-18,13:30:00,16:30:00,,実家の空き家をそのままにしていませんか？空き家のさまざまなお悩みを解決いたします！,川崎市麻生区万福寺1丁目5番1号 麻生区役所　4階　第1会議室,川崎市麻生区万福寺1丁目5番1号 麻生区役所　4階　第1会議室,35.60376235678235,139.50582683086395,学び・講座;文化・芸術;健康・福祉;防災・防犯;生活,https://www.city.kawasaki.jp/500/page/0000110041.html,麻生区,指定なし,,,,2026-08-01〜2026-10-17,まちづくり局 住宅政策部 住宅整備推進課,まちづくり局 住宅政策部 住宅整備推進課,エレベーター,,2026-07-31 21:25:01
KAWASAKI-a68757d86b49b679,麻生フィルハーモニー管弦楽団第82回定期演奏会,2026-10-18,2026-10-18,2026-10-18,14:00:00,16:00:00,,"麻生フィルハーモニー管弦楽団の第82回定期演奏会です。
第42回麻生区文化祭参加。

指揮：長田雅人
曲目：チャイコフスキー　交響曲第4番
　　　チャイコフスキー　幻想曲「フランチェスカ・ダ・リミニ」",神奈川県川崎市麻生区万福寺１丁目５−２ 川崎市麻生市民館,神奈川県川崎市麻生区万福寺１丁目５−２ 川崎市麻生市民館,35.60435858464458,139.50599788083693,文化・芸術;音楽,https://asaophil.org/,麻生区,"外国人,障がい者,妊産婦,高齢者,保護者,社会人,大学生,高校生,中学生,小学生",,全席自由席1000円,1010名,"2026-04-05〜2026-10-18 / マイタウンチケットセンター（窓口販売／新百合ヶ丘マプレ1F 写真工房「彩」内）
京浜楽器百合丘店　）",麻生区文化協会、麻生フィルハーモニー管弦楽団,麻生フィルハーモニー管弦楽団,"おむつ交換台,スロープ","川崎市内の小学生を無料で招待します。
詳細はチラシまたはホームページをご参照ください。（8月15日締切）",2026-08-13 13:24:46
KAWASAKI-f8a5a60b98883d0e,【参加者募集】麻生里地・里山保全推進事業「あさお里山こどもクラブ」,2026-10-18,2026-12-13,2026-10-18;2026-11-03;2026-11-29;2026-12-13,10:00:00,12:00:00,,"あるいて、みて、さわって、あそんで・・・
感じてあら不思議？
五感を研ぎ澄まし、
ふるさとの自然や人に出会おう！",川崎市麻生区万福寺1丁目5番2号 麻生市民館ほか,川崎市麻生区万福寺1丁目5番2号 麻生市民館ほか,35.60441005284747,139.50575709342957,学び・講座;体感・体験;遊び;コミュニティ・交流;子ども・子育て;環境・自然;生き物;ボランティア;小学生向け,https://www.city.kawasaki.jp/asao/page/0000190059.html,麻生区,"小学生,社会人,保護者",麻生区内の小学生と保護者,ただし、保険に係る費用等の実費として各回200円/人,18組（定員40名）,2026-09-14〜2026-10-11,里山フォーラムin麻生,麻生区役所 まちづくり推進部 生涯学習支援担当,指定なし,応募多数の場合は抽選,2026-09-14 15:25:34
KAWASAKI-41f533c589160697,しんゆり ART LABO vol.1 「ことばの実験室～受け取ろう、伝えよう～」,2026-10-20,2026-11-06,2026-10-20;2026-11-05;2026-11-06,10:00:00,15:00:00,,地域の大人たちが気軽に文化芸術を体験できるワークショップシリーズ「しんゆりART LABO」をスタートします。初回のテーマは「ことば」。身体の状態によって、そこから発することばや声はどう変わるのでしょうか。詩などを題材に、ことばを受け取り、伝えながら、自分自身の身体と声の変化を体感していきます。,神奈川県川崎市麻生区万福寺６丁目７−１,神奈川県川崎市麻生区万福寺６丁目７−１,35.606091,139.505735,体感・体験;学び・講座,https://kawasaki-ac.jp/th/theater/detail/?id=000646,麻生区,"社会人,大学生",,"大人3,000円",各回10名,2026-09-10〜2026-09-30,川崎市アートセンター,,"授乳室,おむつ交換台,思いやり駐車スペース,スロープ,エレベーター,オストメイト対応トイレ,バリアフリートイレ",,2026-09-10 19:12:13
KAWASAKI-29b44ed8c0d63c5a,民話で探る岡上古道,2026-10-23,2027-02-26,2026-10-23;2026-11-06;2027-01-29;2027-02-10;2027-02-26,10:00:00,12:00:00,,"赤色立体地図と社寺に残された民話を手がかりに、鶴見川流域の自然と歴史のロマンを探る講座です。
地形、社寺、鶴見川と鉄と神社、渡来の植物「じゅずだま」、そして劔神社のむかし話。
川崎の飛び地・岡上の古代の物語に想像がかきたてられる講座です。（全5回）",神奈川県川崎市麻生区岡上３丁目１５−５,神奈川県川崎市麻生区岡上３丁目１５−５,35.5809051,139.4826405,環境・自然;コミュニティ・交流;学び・講座,https://asao-mirai.com/okagami/event/2921/,麻生区,指定なし,,各回１００円（資料代として）,２０名,2026-09-25〜2026-10-23 / 先着順　（申込は９月２５日朝９時から電話で受付）,主催：川崎市教育委員会　実施機関：岡上分館　企画運営：岡上懐古塾,麻生市民館岡上分館,バリアフリートイレ,,2026-07-16 09:01:00
KAWASAKI-01e6b56fae1b9cb3,第37回あさお区民運動会,2026-10-25,2026-10-25,2026-10-25,09:00:00,13:30:00,,今年も「あさお区民運動会」を開催することが決定しました！小学生を中心に、中学生、幼児、大人も参加可能な競技種目もあります。友達、兄弟姉妹、クラスメイトなど一緒にぜひご参加ください！競技種目により、当日参加可能なものと事前申込が必要なものがあります。詳細は麻生区HPをご覧ください。,川崎市麻生区上麻生6-15-1 麻生水処理センター あさおふれあいの丘,川崎市麻生区上麻生6-15-1 麻生水処理センター あさおふれあいの丘,35.58422433310072,139.494851231575,遊び;コミュニティ・交流;スポーツ;子ども・子育て;小学生向け;中学生向け,https://www.city.kawasaki.jp/asao/page/0000189187.html,麻生区,"幼児,小学生,中学生,高校生,大学生,社会人,保護者,高齢者,障がい者,外国人","競技種目により対象者の指定があります。
麻生区民の方",,,2026-08-01〜2026-09-30 / 「町会対抗玉入れ」と「小学生対抗リレー競走」は事前申込が必要です。参加条件等の詳細は麻生区ホームページをご確認ください。,麻生区青少年スポーツ活動振興会,川崎市麻生区役所 まちづくり推進部 地域振興課,指定なし,,2026-08-18 17:25:26
KAWASAKI-73471683b05e687e,ハッピーハロウィン！手形・足形アート　絵本の読み聞かせ,2026-10-26,2026-10-26,2026-10-26,10:00:00,10:40:00,,室内開放をして園の様子や玩具を知ってもらい、五感が刺激出来るような手形、足形スタンプを行います。,神奈川県川崎市麻生区片平２丁目３０−１,神奈川県川崎市麻生区片平２丁目３０−１,35.5909457,139.4972343,子ども・子育て;コミュニティ・交流;遊び,,麻生区,"幼児,乳児",,,,2026-09-15〜2026-10-23,柿生ルミナス保育園,,指定なし,,2026-09-07 17:24:43
KAWASAKI-654dec47573eb8ee,【講演会】成人ぜん息の最新知識,2026-10-27,2026-10-27,2026-10-27,14:00:00,16:00:00,,"「成人ぜん息の最新知識」をテーマに講演会を開催します。

　講師は、神奈川県指定のアレルギー疾患専門医療機関にて、呼吸器に関する治療や研究・知識普及にご尽力されている、川崎市立多摩病院　呼吸器内科部長　棚橋　淳子(たなはし　じゅんこ)　先生です。

　本講演会は、市内在住・在勤の成人ぜん息と診断された、もしくはその疑いのある方はもちろんのこと、成人ぜん息の疾患・治療について関心のある方であれば広くご参加いただけます。また、会場参加者から当日申込み先着順に個別相談も実施します。

　講演会終了後、講演内容をオンデマンド配信予定です。
（申込不要、質疑応答部分を除く）

※当日参加をご希望の場合は、事前申込みが必要です。",川崎市麻生区万福寺1丁目5ー2　麻生文化センター内 麻生市民館2階　大会議室,川崎市麻生区万福寺1丁目5ー2　麻生文化センター内 麻生市民館2階　大会議室,35.61969808270116,139.5621371269226,学び・講座;健康・福祉;生活,https://www.city.kawasaki.jp/350/page/0000189876.html,麻生区,指定なし,"市内在住・在勤でぜん息と診断された（もしくは疑いのある）方
市内在住・在勤でぜん息の疾患・治療等について関心のある方",,会場60組、Zoom480組（先着順。Zoomはアクセス数に限りがございますので、1申込につき1アクセスとするようお願いいたします。）,"2026-09-10〜2026-10-20 / 申込締切：令和8年10月20日（火曜日）17:00
※オンデマンド配信のみご希望の場合でも、申込みが必要です。",健康福祉局 保健医療政策部 環境保健・アレルギー疾患対策課,健康福祉局 保健医療政策部 環境保健・アレルギー疾患対策課,指定なし,,2026-09-10 15:25:27
KAWASAKI-4f55a96fa2509a10,あさお区歩け歩け運動を開催します！,2026-11-01,2026-11-01,2026-11-01,09:00:00,15:00:00,"※荒天時は11月8日（日）に延期。11月8日も実施できない場合は中止。
※ルート状況等により終了時間を変更する場合があります。",麻生区や周辺地域の寺社仏閣や自然豊かなスポットを巡りながら歩く「あさお区歩け歩け運動」を麻生区スポーツ推進委員会が今年も開催します。足腰を動かしながら、身近な地域の新しい姿を発見する機会にもなります。みんなで一緒に歩きませんか。今回は柿生駅から寺家ふるさと公園（横浜市青葉区）方面を歩く予定です。詳細は市ホームページをご覧ください。,川崎市麻生区上麻生5-42-1 小田急「柿生駅」南口,川崎市麻生区上麻生5-42-1 小田急「柿生駅」南口,35.58976677134392,139.4979652079518,コミュニティ・交流;スポーツ;健康・福祉;観光;小学生向け;中学生向け;高校生向け,https://www.city.kawasaki.jp/asao/page/0000179007.html,麻生区,"小学生,中学生,高校生,大学生,社会人,保護者,高齢者,障がい者,外国人",本イベントは外で長距離を歩きます。体力や健康に不安がある場合は、参加はご遠慮ください。,,70名（定員を超えた場合は抽選）,"2026-08-21〜2026-10-12 / 【往復ハガキ】〒215-8570　麻生区役所地域振興課 「あさお区歩け歩け運動」 担当　行 / ●申込フォームでのお申込が便利です
●往復ハガキの場合は、以下の項目を往信面に記入してください。
郵便番号、住所、氏名（フリガナ）（※同伴者も必ず記載してください）、電話番号、メールアドレス",麻生区スポーツ推進委員会,川崎市麻生区役所地域振興課,指定なし,お申し込みが定員を超えた場合は抽選となります,2026-08-14 13:25:18
KAWASAKI-fd1ca0ff50dff04d,令和8年度麻生区生涯学習支援事業「親子で楽しむ科学の不思議」,2026-11-01,2026-11-01,2026-11-01,10:00:00,12:00:00,,"小学生とその保護者が一緒に科学の楽しさを体験し学ぶことで、科学に対する興味や探究心を育むとともに親子のコミュニケーションを深める機会を提供する。
また参加者同士がお互いの協力のもと科学を楽しむ活動をとおして仲間づくりにつなげる。",川崎市麻生区上麻生6丁目29番18号 麻生区役所柿生分庁舎,川崎市麻生区上麻生6丁目29番18号 麻生区役所柿生分庁舎,35.58767301994119,139.49709102001503,学び・講座;体感・体験;コミュニティ・交流;小学生向け,https://www.city.kawasaki.jp/asao/page/0000188928.html,麻生区,"小学生,保護者",,,親子20組（小学生とその保護者）,2026-10-01〜2026-10-23 / 定員を超えた場合は抽選,麻生区役所まちづくり推進部生涯学習支援担当,まちづくり推進部生涯学習支援担当 / 麻生区役所,指定なし,,2026-09-10 13:25:30
KAWASAKI-2b7ee351e6393fec,大人の部活動、始めます！まずは園芸部と紙工芸部（折り紙など）参加者募集中です。,2026-11-12,2027-03-13,2026-11-12;2026-11-14;2026-12-10;2026-12-12;2027-01-09;2027-01-14;2027-02-11;2027-02-13;2027-03-11;2027-03-13,10:00:00,12:00:00,園芸部第2土曜日　紙工芸部第2木曜日,岡上分館の花壇や中庭を活用した園芸部、折り紙・ペーパークラフトなどを作って楽しむ紙工芸部を始めます。活動場所は岡上分館、月に1回の集まりで無理なく楽しみましょう。【活動日】園芸部は第2土曜日　10時～12時（初回は11月14日）、紙工芸部は第2木曜日　10時～12時（初回は11月12日）,神奈川県川崎市麻生区岡上３丁目１５−５,神奈川県川崎市麻生区岡上３丁目１５−５,35.5809051,139.4826405,環境・自然;コミュニティ・交流;遊び;体感・体験,https://asao-mirai.com/okagami/event/3284/,麻生区,指定なし,お子さま連れも歓迎です,,各部10人程度,2026-09-01〜2027-03-13 / 先着順,麻生市民館岡上分館（指定管理者：あさお未来共創パートナーズ）,麻生市民館岡上分館 / 郵便番号215-0027　川崎市麻生区岡上３－１５－５,"おむつ交換台,バリアフリートイレ",,2026-09-07 09:09:48
KAWASAKI-56f4647d38fea7a2,令和8年度麻生区生涯学習支援事業「親子で生き物観察探検」,2026-11-15,2026-11-15,2026-11-15,09:00:00,12:00:00,,普段はあまり立ち入ることがない自然豊かな地域を探検し、そこで生息するさまざまな生き物に接することにより、新たな発見の喜びと感動を体験する。また、探検で見つけた自身の宝物を紹介し合う交流の機会や、探検したルートを赤色立体地図を使って振り返る学習の機会を提供し、参加者同士のつながりづくりにつなげる。,岡上地域（小田急線鶴川駅～和光大学）,岡上地域（小田急線鶴川駅～和光大学）,35.57185050266706,139.47736053365355,学び・講座;体感・体験;コミュニティ・交流;環境・自然;生き物;小学生向け,https://www.city.kawasaki.jp/asao/page/0000189130.html,麻生区,指定なし,自然や生き物に興味関心のある小学生とその保護者,但し、保険代として50円/人,親子10組（小学生とその保護者）,2026-10-15〜2026-11-08 / 先着順,麻生区役所まちづくり推進部生涯学習支援担当,まちづくり推進部生涯学習支援担当 / 麻生区役所,指定なし,,2026-09-11 14:25:26
KAWASAKI-dff61e874ce6c3e7,第59回 京浜リビングコンサート,2026-12-06,2026-12-06,2026-12-06,14:30:00,16:00:00,開場は14：00,"ヤマハエレクトーンデモンストレーターの鷹野雅史氏による、毎年12月恒例のコンサート。
今年は12年ぶりに新発売となった、エレクトーンステージアELS-03XRにて演奏をお届けします。",神奈川県川崎市麻生区百合丘１丁目１９−８ 京浜楽器　ミュージックシティ百合ヶ丘,神奈川県川崎市麻生区百合丘１丁目１９−８ 京浜楽器　ミュージックシティ百合ヶ丘,35.60800010000001,139.515462,文化・芸術;音楽,https://www.keihingakki.co.jp/topics/116,麻生区,指定なし,,"一般3,500円",90名,2026-09-01〜2026-12-05 / 神奈川県川崎市麻生区百合丘1-19-8,jet京浜楽器支部,jet京浜楽器支部 / 211-0011　神奈川県川崎市麻生区百合丘1-19-8,"おむつ交換台,エレベーター,バリアフリートイレ",,2026-09-01 17:25:39
KAWASAKI-698682435d421875,オペラ歌手と日本の名曲を歌う会,2027-02-26,2027-02-26,2027-02-26,14:00:00,15:30:00,,"平日の昼下がり、昭和音楽大学教員のオペラ歌手と一緒に、解説や歌唱指導を楽しみながら、みんなで声を合わせて歌いましょう！
おなかの底から声を出して歌えば、身も心もスッキリすること間違いなし！
過去の歌う会の映像をYoutubeで配信しています♪ ぜひご覧ください！

解説：國井 道子（ソプラノ）
アシスタント：山本 竜介（バリトン）
ピアノ：石渡 洸貴

会場：昭和音楽大学　南校舎５階　ユリホール",神奈川県川崎市麻生区上麻生１丁目１１−１ 昭和音楽大学　南校舎　ユリホール,神奈川県川崎市麻生区上麻生１丁目１１−１ 昭和音楽大学　南校舎　ユリホール,35.6010016,139.5078827,健康・福祉;文化・芸術;音楽;コミュニティ・交流;学び・講座,https://preludio.co.jp/concert/2026/2535,麻生区,指定なし,未就学児の入場はお断りしております,"1,400円",,,株式会社プレルーディオ,株式会社プレルーディオ,"スロープ,エレベーター,バリアフリートイレ",,2026-05-21 07:57:38
KAWASAKI-91c9d38989876c2e,オペラ歌手と日本の名曲を歌う会,2027-03-18,2027-03-18,2027-03-18,14:00:00,15:30:00,,"平日の昼下がり、Quattro Ariaメンバーのオペラ歌手と一緒に、解説や歌唱指導を楽しみながら、みんなで声を合わせて歌いましょう！
おなかの底から声を出して歌えば、身も心もスッキリすること間違いなし！
過去の歌う会の映像をYoutubeで配信しています♪ ぜひご覧ください！

解説：黄木 透（テノール）
アシスタント：笹岡 慎一郎（テノール）
ピアノ：辻󠄀 喜久栄

会場：昭和音楽大学　南校舎５階　ユリホール",神奈川県川崎市麻生区上麻生１丁目１１−１ 昭和音楽大学　南校舎　ユリホール,神奈川県川崎市麻生区上麻生１丁目１１−１ 昭和音楽大学　南校舎　ユリホール,35.6010016,139.5078827,健康・福祉;文化・芸術;音楽;コミュニティ・交流;学び・講座,https://preludio.co.jp/concert/2026/2535,麻生区,指定なし,未就学児の入場はお断りしております,"1,400円",,,株式会社プレルーディオ,株式会社プレルーディオ,"スロープ,エレベーター,バリアフリートイレ",,2026-05-21 07:55:24
KAWASAKI-6b19be0fb8eb626f,生誕100年　かこさとし展　生きるということは、本当は、喜びです。,2026-09-17,2026-09-23,2026-09-17;2026-09-18;2026-09-19;2026-09-20;2026-09-22;2026-09-23,09:30:00,17:00:00,9月21日は開館、入館は午後4時30分まで。,「だるまちゃん」シリーズや『からすのパンやさん』など、600冊以上の絵本を手がけたかこさとし。19歳で敗戦を経験、希望を見失っていたかこに「生きる喜び」を気づかせたのは、子どもたちだった。本展では、未来を生きる子どもたちに「生きることをうんと喜んで」ほしいという思いから絵本を作り続けたかこさとしの世界を、貴重な原画や執筆資料とともに紹介する。,神奈川県横浜市中区山手町１１０,神奈川県横浜市中区山手町１１０,35.4389325,139.6558062,観光;子ども・子育て;文化・芸術;学び・講座,https://www.kanabun.or.jp/,横浜市,指定なし,,"一般800円、65歳以上・20歳未満及び学生400円、高校生100円、中学生以下は無料
＊中学生以下のお子様同伴の方は観覧料が団体料金になります。",,,神奈川文学振興会,"神奈川近代文学館 / 〒231-0862
横浜市中区山手町110","授乳室,おむつ交換台,音声案内又は点字案内,エレベーター,バリアフリートイレ",川崎市教育委員会のご後援をいただき開催する特別展です。,2026-07-27 10:11:52
KAWASAKI-9001b24a3c3e3438,理化学研究所・横浜市立大学 一般公開 2026,2026-10-24,2026-10-24,2026-10-24,10:00:00,16:30:00,最終入場15：30まで,"理化学研究所 横浜キャンパスと横浜市立大学 鶴見キャンパスは、今年も一般公開を共同で開催します。
この一般公開は、ふだん見ることのできない研究施設を公開し、これまで取り組んできた研究活動や最新の成果をご紹介するイベントです。
今年は39個の多彩なプログラムをご用意して皆様をお迎えします。",神奈川県横浜市鶴見区末広町１丁目７−２２ 理化学研究所,神奈川県横浜市鶴見区末広町１丁目７−２２ 理化学研究所,35.489035,139.6824089,高校生向け;中学生向け;小学生向け;生き物;環境・自然;遊び;体感・体験;学び・講座,https://www.yokohama.riken.jp/openday/,横浜市,指定なし,,,"・入場は事前登録制となります（先着順・定員あり）。
・定員に達した場合は受付を停止しますが、キャンセルが発生次第、随時受付を再開します。こまめに空き状況をご確認ください。",2026-09-16〜2026-10-24 / 入場事前登録は、締切前でも定員に達し次第、受付を終了します。,"理化学研究所　横浜キャンパス
横浜市立大学　鶴見キャンパス",国立研究開発法人理化学研究所　横浜キャンパス,"授乳室,おむつ交換台,スロープ,エレベーター,バリアフリートイレ","・お車での来場は固くお断りします。会場内および会場周辺に駐車場はございません。
・公共交通機関をご利用のうえ、お越しください。",2026-09-07 17:45:22
KAWASAKI-9636b358ba2e0f59,子ども・保護者特別割引価格招待｜ミュージカル鑑賞体験_ミュージカル「A COMMON BEAT」第69期東京公演,2026-09-19,2026-09-20,2026-09-19;2026-09-20,12:30:00,21:00:00,"9/19(土) ①開場19:00 開演19:30 終演21:00
9/20(日) ②開場12:30 開演13:00 終演14:30 ③開場17:00 開演17:30 終演19:00
※途中休憩なし","ミュージカル「A COMMON BEAT」東京公演(9/19(土)・20(日)開催)に子どもを無料でご招待！

約100人の学生・会社員・主婦などの様々な市民が、約100日間の練習を重ねてつくった舞台です！

物語は、さまざまな個性を持つ人たちが出会い、ぶつかり合いながらも、違いを認め合い共に生きることの大切さを伝えるものです。

歌とダンスを中心とした展開で、子どもでも楽しめる作品です！

「ダンスがすごい！」
「私もいつか舞台に立ちたい！」

そんな声も多く届いています！

上演時間は約90分（休憩なし）。
はじめての舞台鑑賞にもおすすめです！",東京都大田区蒲田５丁目３７−３,東京都大田区蒲田５丁目３７−３,35.56018359999999,139.7178556,高校生向け;中学生向け;小学生向け;子ども・子育て;文化・芸術;音楽;体感・体験,https://commonbeat.org/,東京都,"保護者,高校生,中学生,小学生,幼児",,"子ども(18歳未満)：無料（通常2,000円）
保護者(18歳以上)：2,500円（通常5,000円から割引）",※先着順(規定枚数に達し次第予告なく終了します),2026-08-20〜2026-09-11,NPO法人コモンビート,NPO法人コモンビート 青少年招待窓口,"手話又は筆談対応,音声案内又は点字案内,スロープ,エレベーター,バリアフリートイレ",,2026-08-20 17:35:04
KAWASAKI-2bff062315f5ce65,混声合唱団 翠声会　第４８回定期演奏会,2026-10-04,2026-10-04,2026-10-04,14:00:00,16:00:00,,"合唱の発表
 1ステ　世界は二人のために　田中 達也　編曲
２ステ　光と風をつれて　　　木下 牧子　作曲　
３ステ　The Armed Man：A Mass For Peace
 ～平和のためのミサ～　Karl Jenkins 作曲
日　時　2026年10月4日（日）開場13：30　開演14：00
会　場　めぐろパーシモンホール　大ホール
指　揮：宇野 徹哉　ピアノ：押川 涼子　オルガン：澤 菜摘　ドラム：金子 清貴
入場料　全自由席1,000円（当日券あり）",東京都目黒区八雲１丁目１−１,東京都目黒区八雲１丁目１−１,35.6217995,139.6731925,文化・芸術;音楽,https://suiseikai.jimdofree.com,東京都,"外国人,障がい者,妊産婦,高齢者,社会人,大学生,高校生,中学生,小学生,幼児",乳児のご入場はお断り申し上げます,"全自由席1,000円（当日券あり）",,2026-06-19〜2026-10-03 / 翠声会広報,混声合唱団 翠声会,翠声会広報,指定なし,"＊駐車場の台数が非常に少ないため、公共交通機関のご利用をお願いいたします。
＊花束などの贈り物はご遠慮申し上げます。",2026-06-22 18:03:40
KAWASAKI-85d625248dd7a9d3,公共と市民自治,2026-09-26,2026-09-26,2026-09-26,18:30:00,20:30:00,,"私たち「社会教育を考える川崎の会」では、この３年間、市民館・図書館への指定管理者制度導入に対して活動をする中で、改めて「公共とは？」「市民自治とは？」という「問い」にぶつかりました。この問いに、行政の長として応えるような実践を長年されている保坂展人・世田谷区長からお話をお聞きし、意見交換をします。

※「社会教育を考える川崎の会」とは、川崎市の市⺠館、図書館への指定管理者制度導⼊をきっかけに、
市⺠としてできることはないか？、を考えるために発⾜したグループです。","Japan, 〒211-0053 Kanagawa, Kawasaki, Nakahara Ward, Kamikodanaka, 6-chōme−22−５ 川崎市総合福祉センター 5","Japan, 〒211-0053 Kanagawa, Kawasaki, Nakahara Ward, Kamikodanaka, 6-chōme−22−５ 川崎市総合福祉センター 5",35.5811731,139.6424664,生活;コミュニティ・交流;学び・講座,,その他,指定なし,,資料代500円,50名,2026-08-01〜2026-09-25,社会教育を考える川崎の会,,"スロープ,エレベーター,オストメイト対応トイレ,バリアフリートイレ",,2026-07-27 10:12:43
KAWASAKI-5cdd16ad02735794,里山田んぼで稲刈り体験（神奈川県足柄上郡大井町）,2026-09-26,2026-09-26,2026-09-26,09:00:00,14:00:00,雨天：10/3(土)に延期,"＼「里山田んぼ」稲刈り体験のご案内 ／

この暑い夏、草刈りや水の管理作業をおこない、大事に育ててきた
その黄金色に実った稲を自分たちの手で刈り取り、
秋の里山を思いっきり楽しんでみませんか？

今回の稲刈り体験では、ただ稲を刈り取るだけではありません。

① カマを使って稲を手刈り
刈り取った稲穂を束ね、昔ながらの「稲架掛け（はさがけ）」にも挑戦！

② 稲穂を使った「収穫かざり」づくり
自分たちで収穫した稲穂を、思い出に残る素敵なかざりに仕上げます。

③ 里山ならではの昼食
藁で炊いた「里山ごはん」と、みんなでつくる「みそ玉」で
収穫の恵みを味わいます。

「刈る・つくる・食べる」
お米の収穫を、五感いっぱいで楽しめる盛りだくさんの一日です",神奈川県足柄上郡大井町山田１９４５−１,神奈川県足柄上郡大井町山田１９４５−１,35.33520439999999,139.1651285,高校生向け;中学生向け;小学生向け;食;環境・自然;子ども・子育て;コミュニティ・交流;遊び;体感・体験;学び・講座,https://taikenkankou.com,その他,指定なし,,"中学生～大人：5,500円/人
小学生：3,500円/人
※未就学児は大人の方と同伴でご参加いただけます
（参加費は同伴の大人分のみ）",15～20家族 / 50名程度（先着順）,2026-09-01〜2026-09-20,一般社団法人 神奈川大井の里体験観光協会,一般社団法人 神奈川大井の里体験観光協会 / 〒258-0012　神奈川県足柄上郡大井町柳248,指定なし,"★「稲刈り体験」の会場：足柄上郡大井町山田地区の田んぼ
（近くに駐車場をご用意しております）
★昼食会場：下山田自治会館",2026-09-11 18:20:48
KAWASAKI-c63bcb78540a31ed,秋の里山さつまいも収穫体験,2026-10-17,2026-10-25,2026-10-17;2026-10-24;2026-10-25,11:00:00,,"11:00:00〜11:30:00
11:00:00〜12:00:00
①さつまいも収穫体験（3日間共通）
　1組3株を収穫しお持帰りいただきます

②ホクホク焼きいも（10/25 (日) のみ）
　ご参加のみなさまにひとり2本の焼きいもつき","\ 掘って、見つけて、秋の味覚を楽しもう！/

大井町農業体験施設「四季の里」の近くの畑で、「さつまいもの収穫体験」を開催します！

土の中から「どんなおいもが出てくるかな？」とワクワクしながら、みんなで楽しく収穫してみませんか？
収穫したさつまいもは、1組につき3株をお持ち帰りいただけます。

ご家族やお友達と、秋の里山の恵みを楽しみながら、ぜひご参加ください！",神奈川県足柄上郡大井町柳２６５,神奈川県足柄上郡大井町柳２６５,35.3339452,139.1778751,高校生向け;中学生向け;小学生向け;食;観光;環境・自然;子ども・子育て;コミュニティ・交流;遊び;体感・体験,https://taikenkankou.com/tanbo.html,その他,指定なし,"※未就学児は大人の方と同伴で体験いただきます（焼きいもはつきません。）
※","①おいも料金　1組：1,000円
②体験料◆10/17 (土) ・10/24 (土) →大人：1,000円　小学生：500円
　体験料◆10/25 (日) →大人：1,500円　小学生：1,000円",各日程：10組40名程度（先着順）,2026-08-23〜2026-10-18 / 10/17 (土) と24 (土) の締切りは10/11 (日) まで,一般社団法人 神奈川大井の里体験観光協会,一般社団法人 神奈川大井の里体験観光協会 / 〒258-0012　神奈川県足柄上郡大井町柳248,指定なし,お申込み後、からメールで当日のご案内をお送りいたします,2026-08-24 09:55:21
KAWASAKI-0847c77bc725f3bd,第16回 「わたしの川崎フロンターレ」フォトコンテストの作品を募集中！,2026-09-17,2026-10-18,2026-09-17;2026-09-18;2026-09-19;2026-09-20;2026-09-21;2026-09-22;2026-09-23;2026-09-24;2026-09-25;2026-09-26;2026-09-27;2026-09-28;2026-09-29;2026-09-30;2026-10-01;2026-10-02;2026-10-03;2026-10-04;2026-10-05;2026-10-06;2026-10-07;2026-10-08;2026-10-09;2026-10-10;2026-10-11;2026-10-12;2026-10-13;2026-10-14;2026-10-15;2026-10-16;2026-10-17;2026-10-18,00:00:00,23:55:00,,"あなただけの”川崎フロンターレのある日常”をイメージする写真をお寄せください。
優秀作品賞には豪華賞品を予定しています！",川崎市,,35.530460697696164,139.70315599048584,スポーツ,https://www.city.kawasaki.jp/250/page/0000189647.html,オンライン,指定なし,,,,2026-08-15〜2026-10-18,市民文化局 市民スポーツ室,市民文化局 市民スポーツ室,指定なし,,2026-09-04 11:39:24
