全国地方公共団体コード,法人番号,ID,地方公共団体名,イベント名,言語コード,イベント通称,サブタイトル,イベント名_カナ,イベント名_英語,コンテンツURL,状態,キーワード,タグ,対象となる産業,開催パターン,開始日,終了日,開始時間,終了時間,開始日時特記事項,所要時間,掲載開始日,掲載終了日,概要,説明,サブイベント,イベント種類,料金(基本),料金(詳細),連絡先名称,連絡先電話番号,連絡先内線番号,主催者,共催団体,関連組織,対象者,対象者備考,場所名称,集合（受付）場所,所在地_全国地方公共団体コード,町字ID,所在地_連結表記,所在地_都道府県,所在地_市区町村,所在地_町字,所在地_番地以下,建物名等(方書),緯度,経度,アクセス方法,駐車場情報,駐車場料金,駐輪場情報,Web開催,Web開催URL,ツール・環境,定員,定員備考,料金種別,決済種別,外国語対応,外国語対応備考,開催条件,参加申込終了日,参加申込終了時間,参加申込方法,申込開始日,申込開始時刻,申込URL,URL,授乳室,おむつ替えコーナー,飲食可否,ベビーカー貸出,ベビーカー利用,画像,画像_ライセンス,備考
312029,,310000001671,米子市,地方発AX戦略推進フォーラム,,,,,,https://www.city.yonago.lg.jp/item/62815.htm#itemid62815,,ビジネス,経済;考える;学ぶ;仕事;オンライン,,,2026-10-14,2026-10-14,13:00:00,16:30:00,,,2026-10-07,2026-10-14,,AXに対応した産業構造・成長戦略 への理解を深めるとともに、AIなどを活用した先進的な取組について広く知見を共有することで、経営者をはじめとする関係者の意識変革を図り、先進地域を目指すための『地方発AX戦略推進フォーラム』が開催されます。,,,,無料,主催,0857-26-7900,,,,,各種経済団体・企業経営者・行政関係者など、どなたでも参加可能,,米子コンベンションセンター,,,,鳥取県米子市末広町294,,,,,,35.421042,133.333164,,,,,,,,,,,,,,,,,,,,,,,,,,,https://fyrmdlaujifhkocnwamy.supabase.co/storage/v1/object/public/government-images/1774398658585-___.png.png,,"定員
200名"
312029,,310000001670,米子市,第4回 公会堂で歌おう！,,,,,,https://www.city.yonago.lg.jp/item/62788.htm#itemid62788,,健康・医療;エンターテイメント;グルメ,健康;ステージ;飲食,,,2026-10-09,2026-10-09,18:30:00,21:00:00,,,2026-10-07,2026-10-09,,"米子市公会堂の大ホールのステージで、参加者がお気に入りの曲を熱唱し、多世代が歌をとおして交流する事業です。
昔の歌の良さを知り、新しい歌に出会える機会に。
♪公会堂の大ホールで気持ちよく歌ってリフレッシュ！
♪歌を通して、世代を超えてつながり、笑顔になれる交流の場に。
♪歌のジャンルは自由。お気に入りの曲を選んで歌いましょう。

音響が抜群のステージで、特別な時間を過ごしませんか？",,,,無料,,0859-23-5436,,,,,,,米子市公会堂,,,,鳥取県米子市角盤町2-61,,,,,,35.433139,133.332829,,,,,,,,,,,,,,,,,,,,,,,,,,,https://www.city.yonago.lg.jp/secure/62788/oct.jpg,,
313718,,310000001662,東伯郡琴浦町,まちの保健室　腸活講座,,,,,,https://www.town.kotoura.tottori.jp/docs/2026082000026/,,健康・医療,要予約;健康;相談;教室,,,2026-10-10,2026-10-10,10:00:00,11:00:00,,,2026-10-07,2026-10-10,,"赤碕地区公民館「まちの保健室腸活講座」を開催します。
腸が喜ぶ毎日の食卓～発酵食品・減塩・食品表示のポイント～
「発酵食品ってどう取り入れる？」「減塩ってどうすればいい？」「食品表示はどこを見ればいい？」
毎日の食事に役立つポイントをわかりやすく教えていただきます。
知って、選んで、ちょっと工夫して今日から始める「体が喜ぶ食卓」を一緒に考えてみませんか？

■講師
鳥取県栄養士会管理栄養士
村上康恵氏",,,,無料,赤碕地区公民館,0858-55-2149,,,,,,,琴浦町赤碕地区公民館,,,,鳥取県東伯郡琴浦町赤碕1547-5,,,,,,35.513478,133.649545,,,,,,,,,,,,,,,,,,,,,,,,,,,https://fyrmdlaujifhkocnwamy.supabase.co/storage/v1/object/public/event-images/events/1791331085877-choukatu.jpg.jpg,,
313891,,310000001647,西伯郡南部町,『サメのふしぎ』ギャラリートーク,,,,,,https://www.town.nanbu.tottori.jp/schedule/event/1877/,,文化;家族・子育て,自然;聴く;生き物;トーク,,,2026-10-24,2026-10-24,10:00:00,,,,2026-10-06,2026-10-24,,"日にち	2026年10月24日(土)

開始時間	①10：00、②11：00

会場	天萬図書館
住所	鳥取県西伯郡南部町天萬558

担当課	天萬図書館
電話番号	☎0859-64-3791

内容	講　師：海とくらしの史料館　大池　明館長

参加費：無料
★参加の方に、特製サメしおりプレゼント！",,,,無料,天萬図書館,0859-64-3791,,,,,,,南部町役場 天萬庁舎,,,,鳥取県西伯郡南部町天萬５５８番地,,,,,,35.370794,133.361988,,,,,,,,,,,,,,,,,,,,,,,,,,,https://fyrmdlaujifhkocnwamy.supabase.co/storage/v1/object/public/event-images/events/1791259613110-__________2026-10-06_130642.jpg.jpg,,
312045,,310000001646,境港市,松重豊さん・木村多江さんによる水木しげる戦記作品朗読会,,,,,,https://www.city.sakaiminato.lg.jp/index.php?view=120796,,文化,要予約;歴史;観る;聴く;募集;文学;人数上限有;トーク,,,2027-01-23,2027-01-23,14:00:00,16:00:00,,,2026-10-06,2027-01-23,,"このたび、市制70周年記念イベントとして、本市出身の漫画家・水木しげる先生の作品に改めて触れていただくとともに、作品群に込められた人生観や戦争体験、平和へのまなざしに光を当てた朗読会を開催します。
俳優による朗読を通じて、水木ファンに限らず、市民をはじめ多くの方に水木作品の魅力に触れていただく機会とします。

■内容
水木しげる戦記作品の朗読（朗読作品は現在調整中）
朗読終了後に出演者のアフタートーク（10分程度）を予定。",,,,無料（ただし、チケット発券1枚につき330円の発券手数料が必要）,境港市観光振興課内,0859-47-1068,,,,,,,みなとテラス（境港市民交流センター）,,,,鳥取県境港市上道町3000,,,,,,35.538826,133.232176,,,,,,,,,,,,,,,,,,,,,,,,,,,https://www.city.sakaiminato.lg.jp/upload/user/00115614-noWsXI.jpg,,応募はお一人様２名分まで。申込多数の場合は抽選。
313891,,310000001645,西伯郡南部町,なんでもスマホ相談会（キナルなんぶ）,,,,,,https://www.town.nanbu.tottori.jp/schedule/event/1872/,,健康・医療,要予約;健康;考える;学ぶ;相談,,,2026-11-19,2026-11-19,10:00:00,15:30:00,,,2026-10-06,2026-11-19,,"10時から15時30分までの間で、各予約枠につき1名、相談時間は30分です。
会場は各会場入口掲示板をご確認ください",,,,,デジタル推進課,0859-46-0108,,,,,南部町民の方限定です。,,キナルなんぶ,,,,鳥取県西伯郡南部町法勝寺３４１,,,,,,35.34172,133.327844,,,,,,,,,,,,,,,,,,,,,,,,,,,https://fyrmdlaujifhkocnwamy.supabase.co/storage/v1/object/public/event-images/events/1791245787856-sumahosoudan__4_.jpg.jpg,,10時から15時30分までの間で、各予約枠につき1名、相談時間は30分です。
313891,,310000001644,西伯郡南部町,第34回全国柿の種吹き飛ばし大会,,,,,,https://www.town.nanbu.tottori.jp/schedule/event/1861/,,グルメ;文化;スポーツ,グルメ;地域発見;競技,,,2026-11-21,2026-11-21,10:00:00,14:00:00,,,2026-10-05,2026-11-21,,"日にち	2026年11月21日(土)

開始時間	10：00
終了時間	14：00

会場	南部町農業者トレーニングセンター

住所	鳥取県西伯郡南部町天萬558番地

担当課	未来を創る課

電話番号	☎0859-66-3113

その他	大会への参加受付は10：00～12：00
開会式13：00～
協議開始13：30～",,,,参加費500円,未来を創る課,0859-66-3113,,,,,,,南部町農業者トレーニングセンター,,,,鳥取県西伯郡南部町天萬鳥取県西伯郡南部町天萬５２６,,,,,,,,,,,,,,,,,,,,,,,,,,,,,,,,,,https://fyrmdlaujifhkocnwamy.supabase.co/storage/v1/object/public/event-images/events/1791185503448-kakitane2026.jpg.jpg,,定員600名
312045,,310000001643,境港市,「健康まつり」＆「ほっとはあと福祉イベント」,,,,,,https://www.city.sakaiminato.lg.jp/index.php?view=120702,,健康・医療;スポーツ,健康;考える;学ぶ;聴く;運動する;相談,,,2026-11-07,2026-11-07,09:30:00,13:30:00,,,2026-10-05,2026-11-07,,"本市の恒例イベント「健康まつり」および「ほっとはあと福祉イベント」を、今年度は初の総合イベントとして開催します。
障がいのある人もない人も、からだもこころも元気になれる一日。当日はお誘いあわせの上、お越しください。",,,,,福祉保健部　健康づくり推進課　健康推進室,0859-47-1041,,,,,,,みなとテラス（境港市民交流センター）,,,,鳥取県境港市上道町3000,,,,,,35.538826,133.232176,,,,,,,,,,,,,,,,,,,,,,,,,,,https://fyrmdlaujifhkocnwamy.supabase.co/storage/v1/object/public/government-images/1774398688815-___.png.png,,
313718,,310000001642,東伯郡琴浦町,八橋ぶらりウォーキング,,,,,,https://www.town.kotoura.tottori.jp/docs/2026090700024/,,グルメ;文化,グルメ;歴史;自然;学ぶ;飲食;出会い,,,2026-10-18,2026-10-18,08:30:00,,,,2026-10-05,2026-10-18,,"○　と　き　　令和8年10月18日（日）受付8時30分～8時50分

○　ところ　　まなびタウンとうはく集合(琴浦町徳万266-5)

○　参加費　　無料　　　　　　　　 

○　持ち物　　飲み物・タオル・雨具

○　対　象　　琴浦町民（小学2年生以下は保護者の参加をお願いします）

○　締め切り　10月5日（月）

○　申　込　　八橋地区公民館へ申込書を提出するか、チラシのフォームにて

　　八橋地区公民館　TEL・FAX（0858）52-2564

　※小雨決行（中止の場合は臨時放送します）",,,,無料,八橋地区公民館,0858-52-2564,,,,,琴浦町民（小学2年生以下は保護者の参加をお願いします）,,まなびタウンとうはく,,,,鳥取県東伯郡琴浦町徳万266-5,,,,,,35.499731,133.694029,,,,,,,,,,,,,,,,,,,,,,,,,,,https://fyrmdlaujifhkocnwamy.supabase.co/storage/v1/object/public/event-images/events/1791179038946-yabaseburari.jpg.jpg,,持ち物  飲み物・タオル・雨具
313891,,310000001641,西伯郡南部町,なんでもスマホ相談会(天萬庁舎）,,,,,,https://www.town.nanbu.tottori.jp/schedule/event/1876/,,健康・医療,要予約;健康;考える;学ぶ;話す;聴く;相談,,,2026-11-26,2026-11-26,10:00:00,12:00:00,,,2026-10-05,2026-11-26,,"10時から12時までの間で、各予約枠につき1名、相談時間は30分です。
会場は各会場入口掲示板をご確認ください。",,,,,デジタル推進課,0859-46-0108,,,,,南部町民の方限定です。,,南部町役場 天萬庁舎,,,,鳥取県西伯郡南部町天萬５５８番地,,,,,,35.370794,133.361988,,,,,,,,,,,,,,,,,,,,,,,,,,,https://fyrmdlaujifhkocnwamy.supabase.co/storage/v1/object/public/event-images/events/1791178264698-sumahosoudan__2_.jpg.jpg,,
313891,,310000001640,西伯郡南部町,認知症の方の家族のつどい,,,,,,https://www.town.nanbu.tottori.jp/schedule/event/1717/,,健康・医療,健康;考える;学ぶ;試す;聴く;相談,,,2026-11-27,2026-11-27,10:00:00,12:00:00,,,2026-10-05,2026-11-27,,"介護についての日頃の思いを話し合う会です。
認知症についての勉強をしたり、介護についての相談ができます。
＊参加申し込みは不要です。
＊男性介護者の方もぜひご参加ください！",,,,,健康対策課,0859-66-5524,,,,,,,キナルなんぶ,,,,鳥取県西伯郡南部町法勝寺３４１,,,,,,35.34172,133.327844,,,,,,,,,,,,,,,,,,,,,,,,,,,https://fyrmdlaujifhkocnwamy.supabase.co/storage/v1/object/public/event-images/events/1791177631824-__________2026-10-05_142018.jpg.jpg,,
313891,,310000001639,西伯郡南部町,なんでもスマホ相談会（キナルなんぶ）,,,,,,https://www.town.nanbu.tottori.jp/schedule/event/1873/,,テクノロジー,IT;話す;聴く;相談,,,2026-11-28,2026-11-28,09:30:00,11:30:00,,,2026-10-05,2026-11-28,,"日にち	2026年11月28日(土)

開始時間	9：30
終了時間	11：30

会場	キナルなんぶ
住所	鳥取県西伯郡南部町法勝寺341

担当課	デジタル推進課
電話番号	☎0859-46-0108",,,,,,0859-46-0108,,,,,南部町民の方限定です。,,キナルなんぶ,,,,鳥取県西伯郡南部町法勝寺３４１,,,,,,35.34172,133.327844,,,,,,,,,,,,,,,,,,,,,,,,,,,https://fyrmdlaujifhkocnwamy.supabase.co/storage/v1/object/public/event-images/events/1791168545845-sumahosoudan__2_.jpg.jpg,,9時30分から11時30分までの間で、各予約枠につき1名、相談時間は30分です。
313891,,310000001638,西伯郡南部町,消費生活相談,,,,,,https://www.town.nanbu.tottori.jp/schedule/event/1863/,,その他,話す;聴く,,,2026-10-13,2026-10-13,09:00:00,11:30:00,,,2026-10-05,2026-10-13,,"日にち	2026年10月13日(火)

開始時間	9：00
終了時間	11：30

会場	南部町役場天萬庁舎　1階
住所	鳥取県西伯郡南部町天萬558

担当課	町民生活課
電話番号	☎0859-64-3781",,,,,町民生活課,0859-64-3781,,,,,,,南部町役場 天萬庁舎,,,,鳥取県西伯郡南部町天萬５５８番地,,,,,,35.370794,133.361988,,,,,,,,,,,,,,,,,,,,,,,,,,,https://fyrmdlaujifhkocnwamy.supabase.co/storage/v1/object/public/event-images/events/1791167572100-syouhiseikatu-sodan__2_.jpg.jpg,,
313718,,310000001637,東伯郡琴浦町,琴浦町民秋季ゴルフ大会,,,,,,https://www.town.kotoura.tottori.jp/docs/2026091600026/,,スポーツ;文化,要予約;スポーツ;自然;屋外;運動する;競技;季節,,,2026-10-25,2026-10-25,08:45:00,,,,2026-10-05,2026-10-25,,"屋外スポーツの季節到来。心地よい自然の中で、思いっきりプレーを楽しみましょう！
地域・職場など仲間を誘って、ご参加ください。",,,,4000円(食費代別),光好カントリー倶楽部,0858-53-1090,,,,,琴浦町民および町内職場在勤者,,光好カントリー倶楽部,,,,鳥取県東伯郡琴浦町光好８９７−８,,,,,,35.454235,133.688301,,,,,,,,,,,,,,,,,,,,,,,,,,,https://fyrmdlaujifhkocnwamy.supabase.co/storage/v1/object/public/government-images/1774398794755-______.png.png,,
313891,,310000001636,西伯郡南部町,なんでもスマホ相談会（キナルなんぶ）,,,,,,https://www.town.nanbu.tottori.jp/schedule/event/1870/,,テクノロジー,IT;相談,,,2026-10-15,2026-10-15,10:00:00,15:30:00,,,2026-10-05,2026-10-15,,"日にち	2026年10月15日(木)

開始時間	10：00
終了時間	15：30

会場	キナルなんぶ
住所	鳥取県西伯郡南部町法勝寺341

担当課	デジタル推進課
電話番号	☎0859-46-0108",,,,無料,デジタル推進課,0859-46-0108,,,,,南部町民の方限定です。,,キナルなんぶ,,,,鳥取県西伯郡南部町法勝寺３４１,,,,,,35.34172,133.327844,,,,,,,,,,,,,,,,,,,,,,,,,,,https://fyrmdlaujifhkocnwamy.supabase.co/storage/v1/object/public/event-images/events/1791164424059-sumahosoudan__2_.jpg.jpg,,10時から15時30分までの間で、各予約枠につき1名、相談時間は30分です。
313297,,310000001635,八頭郡八頭町,八頭町文化交流施設あーとふる八頭開館一周年イベントオープニングイベント,,,,,,https://yazukanko.jp/eventcalender/artful/,,グルメ;文化;エンターテイメント,グルメ;歴史;ステージ;飲食;地域づくり,,,2026-11-03,2026-11-03,09:55:00,09:55:00,,,2026-10-05,2026-11-03,,"■日時
11/3 9:55～

■場所
あーとふる八頭",,,,入場無料,あーとふる八頭,0858-71-1016,,,,,,,あーとふる八頭（八頭町芸術文化交流プラザ）,,,,鳥取県八頭郡八頭町安井宿1346,,,,,,35.375671,134.303915,,,,,,,,,,,,,,,,,,,,,,,,,,,https://fyrmdlaujifhkocnwamy.supabase.co/storage/v1/object/public/event-images/events/1791163297725-761acef96b94715708b2ed766dfdeabf-scaled.jpg.jpg,,
313891,,310000001633,西伯郡南部町,なんでもスマホ相談会（天萬庁舎）,,,,,,https://www.town.nanbu.tottori.jp/schedule/event/1874/,,テクノロジー,IT;考える;学ぶ;聴く;相談,,,2026-10-22,2026-10-22,10:00:00,12:00:00,,,2026-10-02,2026-10-22,,"10時から12時までの間で、各予約枠につき1名、相談時間は30分です。
会場は各会場入口掲示板をご確認ください。",,,,,デジタル推進課,0859-46-0108,,,,,南部町民の方限定,,南部町役場 天萬庁舎,,,,鳥取県西伯郡南部町天萬５５８番地,,,,,,35.370794,133.361988,,,,,,,,,,,,,,,,,,,,,,,,,,,https://fyrmdlaujifhkocnwamy.supabase.co/storage/v1/object/public/event-images/events/1790931475463-sumahosoudan__2_.jpg.jpg,,
313891,,310000001632,西伯郡南部町,とっとりユニークオープンカレッジ,,,,,,https://www.town.nanbu.tottori.jp/schedule/event/1868/,,文化,考える;学ぶ;地域づくり,,,2026-10-24,2026-10-24,10:30:00,12:00:00,,,2026-10-02,2026-10-24,,"内容
私たちがつくる、鳥取の「えきまち」空間
鳥取大学 工学部社会システム土木系学科　助教 吉野 和泰先生",,,,無料,法勝寺図書館,0859-66-4463,,,,,,,キナルなんぶ,,,,鳥取県西伯郡南部町法勝寺３４１,,,,,,35.34172,133.327844,,,,,,,,,,,,,,,,,,,,,,,,,,,https://fyrmdlaujifhkocnwamy.supabase.co/storage/v1/object/public/event-images/events/1790930804137-__________2026-10-02_174632.jpg.jpg,,
313891,,310000001631,西伯郡南部町,なんでもスマホ相談会（キナルなんぶ）,,,,,,https://www.town.nanbu.tottori.jp/schedule/event/1869/,,その他,要予約;考える;学ぶ;聴く;相談,,,2026-10-24,2026-10-24,09:30:00,11:30:00,,,2026-10-02,2026-10-24,,"9時30分から11時30分までの間で、各予約枠につき1名、相談時間は30分です。
会場は各会場入口掲示板をご確認ください。",,,,,デジタル推進課,0859-46-0108,,,,,会場は各会場入口掲示板をご確認ください。※南部町民の方限定です。,,キナルなんぶ,,,,鳥取県西伯郡南部町法勝寺３４１,,,,,,35.34172,133.327844,,,,,,,,,,,,,,,,,,,,,,,,,,,https://fyrmdlaujifhkocnwamy.supabase.co/storage/v1/object/public/event-images/events/1790929088871-sumahosoudan__2_.jpg.jpg,,
313891,,310000001630,西伯郡南部町,消費生活相談,,,,,,https://www.town.nanbu.tottori.jp/schedule/event/1864/,,健康・医療,健康;考える;学ぶ;話す,,,2026-10-27,2026-10-27,09:00:00,11:30:00,,,2026-10-02,2026-10-27,,"日にち	2026年10月27日(火)

開始時間	9：00
終了時間	11：30

会場	南部町役場天萬庁舎　1階
住所	鳥取県西伯郡南部町天萬558

担当課	町民生活課
電話番号	☎0859-64-3781",,,,,町民生活課,0859-64-3781,,,,,,,南部町役場 天萬庁舎,,,,鳥取県西伯郡南部町天萬５５８番地,,,,,,35.370794,133.361988,,,,,,,,,,,,,,,,,,,,,,,,,,,https://fyrmdlaujifhkocnwamy.supabase.co/storage/v1/object/public/event-images/events/1790928316151-syouhiseikatu-sodan__1_.jpg.jpg,,
310000,,310000001629,鳥取県,暮らしの中の防災 ～フェーズフリーに貢献するパイオニア企業～,,,,,,https://www.pref.tottori.lg.jp/330321.htm,,文化,伝統;屋外;屋内;セミナー;防災;人数上限有;トーク,,,2026-10-17,2026-10-17,12:30:00,14:00:00,,,2026-10-02,2026-10-17,,"無印良品やMUJIブランドを展開する(株)良品計画の清水社長、登山や山キャンプ用品などを展開するアウトドア総合メーカー(株)モンベルの創業者であり代表の辰野会長のお二人を招き、魅力あふれる様々な商品の日常使いだけでなく災害時での活用など、フェーズフリーの取組を紹介いただきます。

　場所：エースパック未来中心　小ホール
　定員：３００名（申込不要）",,,,無料,鳥取県総合統括課ぼうさいこくたい等推進室,0857-26-7498,,鳥取県総合統括課ぼうさいこくたい等推進室,,,,,エースパック未来中心,,,,鳥取県倉吉市駄経寺町212-5,,,,,,35.431802,133.836232,,,,,,,,,,,,,,,,,,,,,,,,,,,https://www.pref.tottori.lg.jp/secure/1438032/chirashimontbellmujirushi2.png,,
313700,,310000001625,東伯郡湯梨浜町,まちゼミマルシェ,,,,,,https://www.yurihama.jp/soshiki/10/28683.html,,グルメ,買う;考える;学ぶ;飲食;複数出店;聴く,,,2026-10-10,2026-10-10,10:00:00,15:00:00,,,2026-10-02,2026-10-10,,"当日、予約不要で体験できるプチまちゼミ
まちゼミマルシェを開催",,,,入場無料,湯梨浜町役場,0858-35-3111,,,,,,,燕趙園,,,,鳥取県東伯郡湯梨浜町引地565-1,,,,,,35.465336,133.892029,,,,,,,,,,,,,,,,,,,,,,,,,,,https://fyrmdlaujifhkocnwamy.supabase.co/storage/v1/object/public/event-images/events/1790922538922-9714.jpg.jpg,,
313700,,310000001624,東伯郡湯梨浜町,親子リトミック,,,,,,https://www.yurihama.jp/soshiki/8/7683.html,,家族・子育て,要予約;子育て;屋内,,,2026-10-15,2026-10-15,10:00:00,,,,2026-10-02,2026-10-15,,"親子リトミック　
15日(木) 10時～(ハワイアロハホール集会室) 要予約

親子リトミックとは、ママやパパと子どもが一緒に音楽に合わせて体を動かしたり、感じたままに楽器を鳴らしたりして、子どもの感性を大切にしながら音楽と楽しくふれあうことのできる活動の一つです。0歳児から参加できます。

講師:中嶋 由起子 氏​",,,,無料,子育て支援課子育て支援係,0858-35-5324,,,,,,,ハワイアロハホール,,,,鳥取県東伯郡湯梨浜町はわい長瀬584,,,,,,35.48724,133.865829,,,,,,,,,,,,,,,,,,,,,,,,,,,https://fyrmdlaujifhkocnwamy.supabase.co/storage/v1/object/public/government-images/1774398775665-_______.png.png,,
313700,,310000001623,東伯郡湯梨浜町,第3回ゆりはま人権セミナー,,,,,,https://www.yurihama.jp/soshiki/20/20311.html,,その他,考える;学ぶ,,,2026-10-16,2026-10-16,19:00:00,20:00:00,,,2026-10-02,2026-10-16,,"高齢化を迎えた日本において、高齢となっても人権を尊重され安心して暮らせる地域づくりが求められています。

今回の人権セミナーは、町内にある「湯梨浜はごろも苑」の苑長 金涌 文男さんを講師に迎え、高齢者の権利を守ることの大切さについてお話しいただきます。

講師
　　金涌　文男さん（湯梨浜はごろも苑長）

演題
　　「高齢者の人権」",,,,,湯梨浜町教育委員会生涯学習・人権推進課,0858-35-5369,,湯梨浜町、湯梨浜町教育委員会、湯梨浜町人権教育推進協議会,,,,,ハワイアロハホール,,,,鳥取県東伯郡湯梨浜町はわい長瀬584,,,,,,35.48724,133.865829,,,,,,,,,,,,,,,,,,,,,,,,,,,https://fyrmdlaujifhkocnwamy.supabase.co/storage/v1/object/public/event-images/events/1790914493240-9792.jpg.jpg,,
310000,,310000001622,鳥取県,防災のテーマパーク,,,,,,https://bosai-kokutai-tottori.jp/,,グルメ;教育・学習;エンターテイメント,グルメ;科学;ステージ;学ぶ;飲食;試す;初心者歓迎;防災;遊ぶ,,,2026-10-17,2026-10-18,10:30:00,16:00:00,,,2026-10-02,2026-10-18,,"2026年10月17日（土）・18日（日）、「ぼうさいこくたい2026 in 鳥取」の併催イベント「防災のテーマパーク」が倉吉市で開催されます。
会場には、遊びながら防災を学べる約65の体験ブースをはじめ、豪華ゲストによるステージイベント、最新の防災技術、鳥取グルメなど、お楽しみが盛りだくさん！
「防災って難しそう」と感じている方も、遊んで、食べて、体験するうちに、もしもの備えがぐっと身近になるかもしれません。
一日楽しめる「防災のテーマパーク」へ、家族や友人を誘って、ぜひお出かけください！",,,,無料,鳥取県令和の改新戦略本部政策戦略局総合統括課,0857-26-7498,,鳥取県,,,,,エースパック未来中心,,,,鳥取県倉吉市駄経寺町212-5,,,,,,35.431802,133.836232,,,,,,,,,,,,,,,,,,,,,,,,,,,https://fyrmdlaujifhkocnwamy.supabase.co/storage/v1/object/public/event-images/events/1790915544119-___26010bousaiA3pnf_0918_02_page-0001-1536x1086__1_.jpg.jpg,,
313891,,310000001620,西伯郡南部町,さくらカフェあいみ,,,,,,https://www.town.nanbu.tottori.jp/schedule/event/1862/,,健康・医療;グルメ,健康;飲食;話す;屋内;出会い;聴く,,,2026-11-10,2026-11-10,13:30:00,15:30:00,,,2026-10-02,2026-11-10,,誰でも気軽に参加し、交流できる「認知症カフェ」,,,,100円,南部町健康対策課,0859-66-5524,,会見地区ボランティア,,,,,てま里,,,,鳥取県鳥取県西伯郡南部町天萬８９７,,,,,,35.370694,133.360042,,,,,,,,,,,,,,,,,,,,,,,,,,,https://fyrmdlaujifhkocnwamy.supabase.co/storage/v1/object/public/event-images/events/1790906265790-__________2026-10-02_105733.jpg.jpg,,
313891,,310000001619,西伯郡南部町,消費生活相談,,,,,,https://www.town.nanbu.tottori.jp/schedule/event/1865/,,健康・医療,健康;考える;学ぶ;話す;聴く;相談,,,2026-11-10,2026-11-10,09:00:00,11:30:00,,,2026-10-02,2027-01-03,,"日にち	2026年11月10日(火)

開始時間	9：00
終了時間	11：30

会場	南部町役場天萬庁舎　1階
住所	鳥取県西伯郡南部町天萬558

担当課	町民生活課
電話番号	☎0859-64-3781",,,,,町民生活課,0859-64-3781,,,,,,,南部町役場 天萬庁舎,,,,鳥取県西伯郡南部町天萬５５８番地,,,,,,35.370794,133.361988,,,,,,,,,,,,,,,,,,,,,,,,,,,https://fyrmdlaujifhkocnwamy.supabase.co/storage/v1/object/public/event-images/events/1790901735482-syouhiseikatu-sodan.jpg.jpg,,
313891,,310000001618,西伯郡南部町,もの忘れ相談会,,,,,,https://www.town.nanbu.tottori.jp/schedule/event/1746/,,健康・医療,要予約;健康;学ぶ;話す;聴く;相談,,,2026-11-19,2026-11-19,13:30:00,16:00:00,,,2026-10-02,2026-11-19,,"もの忘れや認知症のことについて、不安な気持ちや困っていることなど専門職がお話を伺います。

■内容
タッチパネル(もの忘れ検査)・個別相談(公認心理師)",,,,無料,,0859-66-5524,,健康対策課,,,,,健康管理センターすこやか,,,,鳥取県西伯郡南部町倭482,,,,,,35.348513,133.325324,,,,,,,,,,,,,,,,,,,,,,,,,,,https://fyrmdlaujifhkocnwamy.supabase.co/storage/v1/object/public/government-images/1774398851433-______.png.png,,
312011,,310000001616,鳥取市,こばしまウォーキング,,,,,,https://www.city.tottori.lg.jp/page/49562.html,,健康・医療;文化;グルメ;スポーツ,健康;地域発見;歴史;自然;学ぶ;飲食;運動する;募集,,,2026-11-03,2026-11-03,09:00:00,,,,2026-09-29,2026-11-03,,日置地区をウォーキングしながら、地域の歴史や風景を観察し、地域の産物をこばしまで食することにより、日置の魅力を堪能する。,,,,参加費800円　小学生以下は無料,こばしまウォーキング実行委員会 事務局,0857-30-8697,,,,,小学生以下は保護者同伴,,日置地区公民館,,,,鳥取県鳥取市青谷町山根２１８,,,,,,35.470922,134.015496,,,,,,,,,,,,,,,,,,,,,,,,,,,https://fyrmdlaujifhkocnwamy.supabase.co/storage/v1/object/public/event-images/events/1790664664901-__________2026-09-29_155053.jpg.jpg,,
312037,,310000001614,倉吉市,モーニングビュッフェ,,,,,,https://www.city.kurayoshi.lg.jp/item/14917.htm#itemid14917,,グルメ,要予約;グルメ;飲食;人数上限有,,,2026-10-24,2026-10-24,07:00:00,09:00:00,,,2026-09-29,2026-10-24,,"通常宿泊しないと食べられないモーニングビュッフェを、10月の3日間限定で宿泊せずにご利用いただけます！
焼きたてのステーキ等、30種類以上のメニューをご用意しています。
現代の名工、岩本総料理長が率いる料理人が手がけるモーニングビュッフェをこの機会にお楽しみください。
※要予約",,,,"大人2,500円 小学生1,650円 幼児1,100円 2歳以下無料",HOTEL星取テラスせきがね,0858-45-1211,,,,,倉吉市民の方,,HOTEL星取テラスせきがね,,,,鳥取県倉吉市関金宿１３９７−３,,,,,,35.36244,133.762824,,,,,,,,,,,,,,,,,,,,,,,,,,,https://fyrmdlaujifhkocnwamy.supabase.co/storage/v1/object/public/event-images/events/1790660363668-__________2026-09-29_143904.jpg.jpg,,モーニングビュッフェをご利用された方は、無料で温泉入浴も可能です
312037,,310000001613,倉吉市,モーニングビュッフェ,,,,,,https://www.city.kurayoshi.lg.jp/item/14917.htm#itemid14917,,グルメ,要予約;グルメ;飲食;人数上限有,,,2026-10-17,2026-10-17,07:00:00,09:00:00,,,2026-09-29,2026-10-17,,"通常宿泊しないと食べられないモーニングビュッフェを、10月の3日間限定で宿泊せずにご利用いただけます！
焼きたてのステーキ等、30種類以上のメニューをご用意しています。
現代の名工、岩本総料理長が率いる料理人が手がけるモーニングビュッフェをこの機会にお楽しみください。
※要予約",,,,"大人2,500円 小学生1,650円 幼児1,100円 2歳以下無料",HOTEL星取テラスせきがね,0858-45-1211,,,,,倉吉市民の方,,HOTEL星取テラスせきがね,,,,鳥取県倉吉市関金宿１３９７−３,,,,,,35.36244,133.762824,,,,,,,,,,,,,,,,,,,,,,,,,,,https://fyrmdlaujifhkocnwamy.supabase.co/storage/v1/object/public/event-images/events/1790660363668-__________2026-09-29_143904.jpg.jpg,,モーニングビュッフェをご利用された方は、無料で温泉入浴も可能です
312037,,310000001612,倉吉市,モーニングビュッフェ,,,,,,https://www.city.kurayoshi.lg.jp/item/14917.htm#itemid14917,,グルメ,要予約;グルメ;飲食;人数上限有,,,2026-10-10,2026-10-10,07:00:00,09:00:00,,,2026-09-29,2026-10-10,,"通常宿泊しないと食べられないモーニングビュッフェを、10月の3日間限定で宿泊せずにご利用いただけます！
焼きたてのステーキ等、30種類以上のメニューをご用意しています。
現代の名工、岩本総料理長が率いる料理人が手がけるモーニングビュッフェをこの機会にお楽しみください。
※要予約",,,,"大人2,500円 小学生1,650円 幼児1,100円 2歳以下無料",HOTEL星取テラスせきがね,0858-45-1211,,,,,倉吉市民の方,,HOTEL星取テラスせきがね,,,,鳥取県倉吉市関金宿１３９７−３,,,,,,35.36244,133.762824,,,,,,,,,,,,,,,,,,,,,,,,,,,https://fyrmdlaujifhkocnwamy.supabase.co/storage/v1/object/public/event-images/events/1790660363668-__________2026-09-29_143904.jpg.jpg,,モーニングビュッフェをご利用された方は、無料で温泉入浴も可能です
313726,,310000001611,東伯郡北栄町,さわやか体操とおしゃべりサロン,,,,,,https://www.e-hokuei.net/soshiki/16/9246.html,,健康・医療;スポーツ,健康;話す;出会い;聴く;運動する,,,2026-10-16,2026-10-16,09:00:00,11:00:00,,,2026-09-29,2026-10-16,,"​日時：10月16日（金曜日）9時00分～11時00分
場所：ほくほくプラザ",,,,,ほくほくプラザ(北栄人権文化センター),0858-37-4676,,,,,,,ほくほくプラザ（北栄人権文化センター）,,,,鳥取県東伯郡北栄町大島1046-6,,,,,,35.472149,133.757704,,,,,,,,,,,,,,,,,,,,,,,,,,,https://fyrmdlaujifhkocnwamy.supabase.co/storage/v1/object/public/event-images/events/1790657090300-4243.jpg.jpg,,
313726,,310000001610,東伯郡北栄町,北栄文化回廊～文化の薫るまち北栄町～,,,,,,https://www.e-hokuei.net/soshiki/13/9065.html,,アート;文化,期間展示;伝統;歴史;デザイン;絵画,,,2026-11-03,2026-11-15,09:00:00,17:00:00,,,2026-09-29,2026-11-15,,"北栄町では、11月3日から11月15日をメイン期間に文化に親しんでいただくイベント「北栄文化回廊～文化の薫るまち北栄町～」を開催します。
期間中は、町内各所で芸術・歴史・伝統芸能など、さまざまな文化に触れていただける催しを予定しています。
町内を少しずつ巡りながら、それぞれの文化にふれてみませんか。
この機会に、北栄町の豊かな文化をゆったりとお楽しみください。",,,,無料,北栄町中央公民館,0858-36-2062,,,,,,,北条農村環境改善センター,,,,鳥取県東伯郡北栄町田井7-1,,,,,,35.48051,133.822414,,,,,,,,,,,,,,,,,,,,,,,,,,,https://fyrmdlaujifhkocnwamy.supabase.co/storage/v1/object/public/event-images/events/1790650204559-__________2026-09-29_114955.jpg.jpg,,
312011,,310000001609,鳥取市,青谷オープン卓球2026,,,,,,https://www.city.tottori.lg.jp/page/49546.html,,スポーツ;文化,要予約;スポーツ;歴史;運動する;競技;募集,,,2026-11-28,2026-11-29,10:00:00,15:30:00,,,2026-09-29,2026-11-29,,"わかとり国体、青谷高等学校卓球部インターハイ30回連続出場などの歴史を持つ「卓球のまち青谷」で今年も「青谷オープン卓球2026」を開催します。
この大会は、地域活性化策の一つとして、鳥取県内および近県の中学生を対象に卓球大会を開催し、鳥取市のスポーツ振興と、地域をあげて大会の運営にかかわり地域活性化に繋げることを目的としています。
多くの方のご参加をお待ちしています。

主催者・共催者
主催：青谷オープン卓球実行委員会
共催：青谷町卓球協会

場所
鳥取県立青谷高等学校　第一体育館（鳥取市青谷町青谷2912）

日時
令和8年11月28日(土曜日)　受付開始　9時00分～
令和8年11月29日(日曜日)　受付開始　9時30分～

内容
　　講師：元オリンピック代表選手 仲村錦治郎さん　及び　株式会社VICTAS契約選手

・交流試合
　リーグ戦、トーナメント方式ではなく大会参加者による交流試合（シングルス、ダブルス）とします。
　対戦相手を探して積極的に交流試合をしてください。
　なお、主催者側で、交流試合を設定する場合もあります。

・競技ルール
　現行の日本卓球ルールによりますが、進行状況によって変更もあります。
　選手は、ゼッケンを着用してください。

参加資格
原則2日間参加できる鳥取県内及び近県の中学校の卓球部員
（1日のみ参加も可能です。お申し込みの際にご連絡ください。）

募集人数
150人",,,,300円,青谷オープン卓球実行委員会事務局,0857-30-8692,,青谷オープン卓球実行委員会,,,"原則2日間参加できる鳥取県内及び近県の中学校の卓球部員
（1日のみ参加も可能です。お申し込みの際にご連絡ください。）",,鳥取県立青谷高等学校,,,,鳥取県鳥取市青谷町青谷２９１２,,,,,,,,,,,,,,,,,,,,,,,,,,,,,,,,,,https://fyrmdlaujifhkocnwamy.supabase.co/storage/v1/object/public/event-images/events/1790647081876-__________2026-09-29_105744.jpg.jpg,,"募集人数
150人"
312045,,310000001607,境港市,てぬぐいひらひら2026,,,,,,https://www.city.sakaiminato.lg.jp/index.php?view=109592,,アート;文化;家族・子育て,期間展示;伝統;子育て;屋内;試す;初心者歓迎;作る;ワークショップ;クラフト,,,2026-10-31,2026-11-01,09:30:00,16:30:00,,,2026-09-25,2026-11-01,,"今年も日本各地のてぬぐいが、境港の秋空を‘”ひらひら”と彩ります♪
あれもこれもこの日だけのとっておき。
みてふれてたべてあそんでほくほくな秋になりますように。
皆様のお越しを心よりお待ちしております。

■日時
令和8年(2026年) 10/31(土)～ 11/1(日)
9:30～16:30(最終入場16:00)

■会場
海とくらしの史料館(鳥取県境港市花町8番地1)
※ 開催期間中は入館料無料です。

■内容
「境港手拭」と全国各地から集めた100種類以上の手拭がひらひらと舞います。
「境港手拭」の新作""アオデガニ""もお披露目します。
会場ではすべての手拭が購入できます。

10/31(土)・ 11/1(日)
10/31(土)のみ
11/1(日)のみ

伯州綿和紙こども作品展
上道小学校と渡小学校の3年生が伯州綿の木を原料に和紙作りに挑戦！和紙を使って制作した作品をお披露目します。

ひらひらマルシェ
[海とくらしの史料館]
ゲームでゲット！お菓子と缶バッジ！
[ウイング]
カレーライス、鶏唐揚げ、うどん、アイスクリーム、コーヒー他
[はまゆう]
とうふ焼きドーナツ、おにぎり
[絣工房浜木綿]
絣織物小物
[大阪府泉佐野市]
水なすの浅漬け、泉州タオル、CD(浪花魂/ささゆり物語)

[手織り工房藍慈彩]
伯州綿マフラー、弓浜絣、小物等
[境港福祉の店浜っ子]
お菓子、バッグ、雑貨等

[境港市農業公社」
境港手拭、伯州綿おくるみ、綿木でできたカップ他

もこもこ綿羊ストラップ作りワークショップ

全4回10:00/11:30/13:00/14:30(所要時間各回70分・

■定員
各回5人)

■参加費
300円(当日9:30～受付開始)
※ 伯州綿のふわふわな手触りをいかして、もこもこ羊をつくっちゃおう♪

染めて作ろう！わたしだけのてぬぐいワークショップ

全2回10:30/13:30(所要時間各回90分・

■定員
各回5人)

■参加費
1,000円(当日9:30～受付開始)
※ 伯州綿のてぬぐい生地でつくる、世界にひとつだけのベンガラ染てぬぐい！

伯州綿収穫体験
13:00(所要時間:60分・

■定員
12人)

■参加費
無料(当日9:30～受付開始)
※ 綿って木にできるの？畑でできるの？
どうやって綿ができるのか見に行こう♪
(畑まで車で送迎します)

伯州綿ネジネジワークショップ
随時開催(所要時間:10分)

■参加費
200円
※ 伯州綿100%の糸でオリジナルキーホルダーを作ります

ひらひらマルシェ

[お菓子とパンの店えぴくる]
伯州綿酵母から作るコットンブレッド、コットンワッフル他",,,,開催期間中は入館料無料です。,産業部農政課農業振興係,0859-47-1049,,,,,,,海とくらしの史料館,,,,鳥取県境港市花町8-1,,,,,,35.547066,133.241849,,,,,,,,,,,,,,,,,,,,,,,,,,,https://fyrmdlaujifhkocnwamy.supabase.co/storage/v1/object/public/event-images/events/1790310688408-__________2026-09-25_132906.jpg.jpg,,天候等により内容が変更又は中止となる場合があります。
313726,,310000001606,東伯郡北栄町,てくてくウォーク　六尾反射炉跡、瀬戸周遊編,,,,,,https://www.e-hokuei.net/soshiki/13/6263.html,,スポーツ,要予約;屋外;運動する,,,2026-11-07,2026-11-07,09:00:00,,,,2026-09-25,2026-11-07,,六尾反射炉と関連する文化財を解説付きで周遊するウォーキングです。全長約4kmです。,,,,無料,北栄町教育委員会 生涯学習課,0858-37-5871,,,,,,,大栄農村環境改善センター,,,,鳥取県東伯郡北栄町由良宿423,,,,,,35.490099,133.7583,,,,,,,,,,,,,,,,,,,,,,,,,,,https://fyrmdlaujifhkocnwamy.supabase.co/storage/v1/object/public/government-images/1774398814429-______.png.png,,※介助犬以外のペットの同伴はご遠慮ください
313891,,310000001602,西伯郡南部町,１歳記念日,,,,,,https://www.town.nanbu.tottori.jp/schedule/event/1681/,,家族・子育て,子育て;相談,,,2026-10-09,2026-10-09,10:00:00,,,,2026-09-23,2026-10-09,,計測、歯磨き指導、子育て相談、授乳相談、栄養相談、バースデーカード作成・誕生祝い品の進呈、1歳からの「おすすめ補助食」の試食,,,,,健康対策課,0859-66-5525,,,,,,,健康管理センターすこやか,,,,鳥取県西伯郡南部町倭482,,,,,,35.348513,133.325324,,,,,,,,,,,,,,,,,,,,,,,,,,,https://www.town.nanbu.tottori.jp/user/filer_public/51/85/5185dd53-228f-468f-ae73-8c887d8596f2/1saikinenbi081009.png,,
313891,,310000001601,西伯郡南部町,聴こえの相談会,,,,,,https://www.town.nanbu.tottori.jp/schedule/event/1753/,,健康・医療,要予約;健康;話す;相談,,,2027-03-10,2027-03-10,13:40:00,15:40:00,,,2026-09-23,2027-03-10,,年齢を重ねると、自分でも気づかないうちに聴力が低下していることがあります。聴こえにくさをそのままにせず、今の聴こえの状態やこれからの対応などを知り、いつまでも生き生きとした生活を送りましょう。,,,,,健康対策課,0859-66-5524,,,,,,,健康管理センターすこやか,,,,鳥取県西伯郡南部町倭482,,,,,,35.348513,133.325324,,,,,,,,,,,,,,,,,,,,,,,,,,,https://fyrmdlaujifhkocnwamy.supabase.co/storage/v1/object/public/event-images/events/1790137229843-__________2026-08-10_114246.jpg.jpg,,事前予約が必要です。問い合わせ先にご連絡ください。
313891,,310000001600,西伯郡南部町,あいあい行事 おはなし会,,,,,,https://www.town.nanbu.tottori.jp/schedule/event/1696/,,健康・医療;家族・子育て;エンターテイメント,健康;子育て;相談;遊ぶ,,,2026-10-21,2026-10-21,10:00:00,11:00:00,,,2026-09-23,2026-10-21,,あいあい行事について季節の行事や外部の方を招いて楽しい内容を企画しています。,,,,,子育て交流室あいあい,0859-66-3208,,,,,南部町在住の未就学児と保護者の方、父母どちらかの実家が南部町にある方,,南部町立 すみれこども園・子育て交流室・あいあい,,,,鳥取県南部町法勝寺１００８,,,,,,35.344463,133.327154,,,,,,,,,,,,,,,,,,,,,,,,,,,https://www.town.nanbu.tottori.jp/user/filer_public/02/b7/02b71f85-3ed9-41d3-954d-5d5238ce15f5/aiaigyoujiohanashikai081021.png,,
313891,,310000001599,西伯郡南部町,おはなし会,,,,,,https://www.town.nanbu.tottori.jp/schedule/event/1683/,,家族・子育て,子育て;聴く;相談,,,2026-10-25,2026-10-25,10:30:00,11:00:00,,,2026-09-23,2026-10-25,,絵本の読み聞かせや手あそびなど行う「おはなし会」を毎月開催しています。ぜひお越しください。,,,,,法勝寺図書館,0859-66-4463,,,,,,,キナルなんぶ,,,,鳥取県西伯郡南部町法勝寺３４１,,,,,,35.34172,133.327844,,,,,,,,,,,,,,,,,,,,,,,,,,,https://www.town.nanbu.tottori.jp/user/filer_public/ed/9a/ed9ad147-0494-4d59-af22-6a70ee6fea74/ohanashikai081025.png,,
313726,,310000001598,東伯郡北栄町,マイクロモビリティ　実証実験,,,,,,https://www.e-hokuei.net/soshiki/8/8746.html,,テクノロジー,IT;試す;自由な;初心者歓迎,,,2026-09-11,2026-12-10,06:00:00,18:00:00,,,2026-09-22,2026-12-10,,"新しい乗りものを体験してみませんか？
三輪電動シートボードなどのマイクロモビリティ活用に向けた実証実験を行います。由良宿内を楽しく移動できる新たな手段として、実際に乗っていただきながら、利用状況やニーズを検証します。
「どんな乗りもの？」「試してみたい！」そんな方は、ぜひこの機会に体験してみませんか。",,,,料金プラン：10分50円、2時間パック500円,産業振興課農商工推進室,0858-37-3153,,,,,16歳以上の方（三輪電動シートボード）※電動アシスト自転車は年齢制限なし,,北栄町役場大栄庁舎,,,,鳥取県東伯郡北栄町由良宿423-1,,,,,,35.490133,133.758284,,,,,,,,,,,,,,,,,,,,,,,,,,,https://www.e-hokuei.net/uploaded/image/4154.png,,
313726,,310000001597,東伯郡北栄町,北栄みらい伝承館　コレクション展,,,,,,https://www.e-hokuei.net/site/shougaigakushu/8545.html,,アート;文化,期間展示;伝統;歴史;屋内;観る,,,2026-09-15,2026-11-08,09:00:00,17:00:00,,,2026-09-22,2026-11-08,,"所蔵する生田和孝の陶芸品、加藤廉兵衛の土人形、福本和夫の梟コレクションを紹介します。
生田和孝のコーナーでは、対照的な仕上がりを見せる柿釉と糠釉の陶芸品を紹介します。",,,,,教育委員会生涯学習課北栄みらい伝承館,0858-36-4309,,北栄町教育委員会,,,,,北栄みらい伝承館,,,,鳥取県東伯郡北栄町田井47-1,,,,,,35.479457,133.821368,,,,,,,,,,,,,,,,,,,,,,,,,,,https://www.e-hokuei.net/uploaded/image/4187.jpg,,展示期間中の休館日9/24、 9/28、 10/5、 10/13、 10/19、 10/26、 11/2​とさせていただきます。
310000,,310000001596,鳥取県,とっとり弥生の王国 青谷かみじちフェスタ2026,,,,,,https://www.pref.tottori.lg.jp/330356.htm,,グルメ;文化;エンターテイメント;音楽;アート,グルメ;歴史;ステージ;音楽;飲食;屋外;試す;複数出店;初心者歓迎;ダンス;ワークショップ;祭り,,,2026-10-24,2026-10-24,10:00:00,15:00:00,,,2026-09-22,2026-10-24,,県内外の施設による特別な「古代体験」、ポニー乗馬体験、飲食・物販「あおいち」、お菓子がもらえるクイズラリーなどで楽しもう。地元団体によるステージもあり。ぜひご来園ください！,,,,,青谷かみじち史跡公園,0857-30-4110,,鳥取市・青谷地域にぎわい創出実行委員会,,,,,青谷かみじち史跡公園,,,,鳥取県鳥取市青谷町吉川17,,,,,,35.512975,133.989667,,,,,,,,,,,,,,,,,,,,,,,,,,,https://www.pref.tottori.lg.jp/secure/1438145/aoya-festa2026_chirashi_omote_t.jpg,,
313891,,310000001595,西伯郡南部町,個別乳幼児相談,,,,,,https://www.town.nanbu.tottori.jp/schedule/event/1694/,,健康・医療;家族・子育て,要予約;健康;子育て;相談,,,2026-10-29,2026-10-29,09:00:00,12:00:00,,,2026-09-22,2026-10-29,,"日にち	2026年10月29日(木)

時間	①9：00～　②10：00～　③11：00～　要予約（各枠１組）

会場	健康管理センターすこやか
住所	西伯郡南部町倭482番地

問合せ	健康対策課　☎(0859)66-5524

持ち物	母子健康手帳、バスタオル

申込について	電話またはテノヒラ役場",,,,,健康対策課,0859-66-5524,,,,,,,健康管理センターすこやか,,,,鳥取県西伯郡南部町倭482,,,,,,35.348513,133.325324,,,,,,,,,,,,,,,,,,,,,,,,,,,https://fyrmdlaujifhkocnwamy.supabase.co/storage/v1/object/public/event-images/events/1790062166140-kobetsunyusou081029.jpg.jpg,,持ち物	母子健康手帳、バスタオル
313726,,310000001594,東伯郡北栄町,第11回 あつまらいや食堂,,,,,,https://www.e-hokuei.net/soshiki/2/9171.html,,グルメ;文化,グルメ;飲食;出会い;自由な;季節,,,2026-10-17,2026-10-17,11:00:00,,,,2026-09-22,2026-10-17,,"あつまらいや食堂は、手作りの「地域の交流の場」です！
今回は「あつまらいや北条カフェ部」が心を込めた温かいおもてなしでお迎えします。
手作りの美味しいお食事を囲みながら、みんなで楽しく交流しましょう！
地域の絆を感じられる、心もお腹も満たされるひとときをお過ごしください​。

・日時令和8年 10/17(土曜日)
11:00Open
(食事提供11:30～/食券販売11:00～)​
​・場所北栄町役場北条支所(北条健康福祉センター)ロビー
​・メニューあつまらいや定食700円(限定70食)
・特典セルフサービスでコーヒー(無料)をご提供します！

​

■お問い合わせ先
​あつまらいや北条事務局(北栄町役場北条支所内)　担当者：石寶
Tel 0858-36-3111/Fax 0858-36-4595",,,,入場無料※食事代700円別途必要,​あつまらいや北条事務局(北栄町役場北条支所内)　担当：石寶,0858-36-3111,,,,,,,北条健康福祉センター,,,,鳥取県東伯郡北栄町土下121-1,,,,,,35.478355,133.820509,,,,,,,,,,,,,,,,,,,,,,,,,,,https://fyrmdlaujifhkocnwamy.supabase.co/storage/v1/object/public/event-images/events/1790061002703-__________2026-09-22_160927.jpg.jpg,,
313718,,310000001593,東伯郡琴浦町,悩み何でも相談,,,,,,https://www.town.kotoura.tottori.jp/docs/2020051500036/,,その他,考える;話す;屋内;相談,,,2026-10-22,2026-10-22,15:00:00,16:00:00,,,2026-09-22,2026-10-22,,"困りごとや心配なことを相談できる出張悩み何でも相談(無料)を定期的に開催しております。
ひとりで悩まず一緒に考え、問題解決を目指しましょう。
お近くの会場にてご相談ください。
悩み事の例
・生活(お金など)に困っている
・家の外に出たくない、出られない
・家族の困りごとを相談したい
・どこに相談すれば良いかわからない
・人と話をすることが苦手でうまくいかないなど",,,,無料,福祉あんしん課 生活支援係,0858-52-1715,,,,,,,琴浦町成美地区公民館,,,,鳥取県東伯郡琴浦町出上１３１−１,,,,,,35.502769,133.631533,,,,,,,,,,,,,,,,,,,,,,,,,,,https://fyrmdlaujifhkocnwamy.supabase.co/storage/v1/object/public/event-images/events/1790058972953-__________2026-09-22_153054.jpg.jpg,,
313718,,310000001592,東伯郡琴浦町,悩み何でも相談,,,,,,https://www.town.kotoura.tottori.jp/docs/2020051500036/,,その他,考える;話す;屋内;相談,,,2026-10-22,2026-10-22,13:30:00,14:30:00,,,2026-09-22,2026-10-22,,"困りごとや心配なことを相談できる出張悩み何でも相談(無料)を定期的に開催しております。
ひとりで悩まず一緒に考え、問題解決を目指しましょう。
お近くの会場にてご相談ください。
悩み事の例
・生活(お金など)に困っている
・家の外に出たくない、出られない
・家族の困りごとを相談したい
・どこに相談すれば良いかわからない
・人と話をすることが苦手でうまくいかないなど",,,,無料,福祉あんしん課 生活支援係,0858-52-1715,,,,,,,琴浦町赤碕地区公民館,,,,鳥取県東伯郡琴浦町赤碕1547-5,,,,,,35.513478,133.649545,,,,,,,,,,,,,,,,,,,,,,,,,,,https://fyrmdlaujifhkocnwamy.supabase.co/storage/v1/object/public/event-images/events/1790058972953-__________2026-09-22_153054.jpg.jpg,,
312037,,310000001587,倉吉市,第14回 倉吉ばえん祭,,,,,,https://www.city.kurayoshi.lg.jp/item/9070.htm#itemid9070,,スポーツ;グルメ;文化;エンターテイメント,スポーツ;グルメ;伝統;ステージ;飲食;試す;複数出店;祭り,,,2026-10-25,2026-10-25,11:00:00,17:00:00,,,2026-09-22,2026-10-25,,倉吉駅前通りが歩行者天国となり、中部のB(ばえる)級グルメが集合するにぎわいyataをはじめ、仮装・コスプレパレード、ステージイベントなど楽しい催しが盛りだくさんです。スポーツクライミング体験コーナーや鉄道イベントなど、子どもから大人まで、さまざまな体験を楽しめます。,,,,,,0858-24-5963,,倉吉ばえん祭実行委員会,,,,,倉吉駅前通り,,,,鳥取県倉吉市上井町,,,,,,35.454183,133.84944,,,,,,,,,,,,,,,,,,,,,,,,,,,https://fyrmdlaujifhkocnwamy.supabase.co/storage/v1/object/public/event-images/events/1790057255806-__________2026-09-22_150623.jpg.jpg,,※ 雨天決行
313726,,310000001586,東伯郡北栄町,前田寛治の作品の魅力,,,,,,https://www.e-hokuei.net/site/shougaigakushu/8781.html,,アート,要予約;聴く;絵画,,,2026-10-18,2026-10-18,13:30:00,15:00:00,,,2026-09-22,2026-10-18,,"日時
令和8年10月18日（日曜日）
午後1時30分から午後3時

会場
北栄町北条農村環境改善センター
（鳥取県東伯郡北栄町田井7－1）

定員
50名程度

申込方法
電話による申込

Tel 0858－36ー4309
（北栄みらい伝承館）",,,,無料,北栄みらい伝承館,0858-36-4309,,,,,,,北条農村環境改善センター,,,,鳥取県東伯郡北栄町田井7-1,,,,,,35.48051,133.822414,,,,,,,,,,,,,,,,,,,,,,,,,,,https://fyrmdlaujifhkocnwamy.supabase.co/storage/v1/object/public/event-images/events/1790055054013-8781_11510_img.jpg.jpg,,
312037,,310000001585,倉吉市,おはなしかい,,,,,,https://www.city.kurayoshi.lg.jp/item/7190.htm#itemid7190,,家族・子育て,子育て;屋内;観る;聴く,,,2026-10-17,2026-10-17,10:30:00,,,,2026-09-22,2026-10-17,,"毎月第3土曜日10:30～
楽しい絵本の読み聞かせをします。
3歳～小学生対象です。",,,,無料,せきがね図書館,0858-45-2523,,,,,3歳～小学生対象です。,,倉吉市立せきがね図書館,,,,鳥取県倉吉市関金町大鳥居１９３−１,,,,,,35.369703,133.754021,,,,,,,,,,,,,,,,,,,,,,,,,,,https://fyrmdlaujifhkocnwamy.supabase.co/storage/v1/object/public/event-images/events/1790053983777-__________2026-09-07_160019.jpg.jpg,,
312037,,310000001584,倉吉市,あかちゃんのおはなしかい,,,,,,https://www.city.kurayoshi.lg.jp/item/7232.htm#itemid7232,,家族・子育て;エンターテイメント,子育て;屋内;相談;遊ぶ,,,2026-10-21,2026-10-21,10:30:00,,,,2026-09-22,2026-10-21,,手遊びやわらべうたなどを取り入れたあかちゃんのためのおはなしかいです。,,,,無料,せきがね図書館,0858-45-2523,,,,,0～3歳くらいのお子さんと保護者対象です。,,倉吉市立せきがね図書館,,,,鳥取県倉吉市関金町大鳥居１９３−１,,,,,,35.369703,133.754021,,,,,,,,,,,,,,,,,,,,,,,,,,,https://fyrmdlaujifhkocnwamy.supabase.co/storage/v1/object/public/event-images/events/1790053274596-__________2026-09-07_160019.jpg.jpg,,
312037,,310000001583,倉吉市,むかし話をきく会,,,,,,https://www.city.kurayoshi.lg.jp/item/8274.htm#itemid8274,,文化,歴史;観る;聴く,,,2026-10-10,2026-10-10,11:00:00,,,,2026-09-22,2026-10-10,,"毎月第2土曜日　午前11時～
倉吉民話の会さんによるおはなしかいです。
どなたでもご参加ください！",,,,無料,倉吉市立図書館,0858-47-1183,,,,,どなたでもご参加ください！,,倉吉市立図書館,,,,鳥取県倉吉市駄経寺町187-1,,,,,,35.432541,133.836129,,,,,,,,,,,,,,,,,,,,,,,,,,,https://fyrmdlaujifhkocnwamy.supabase.co/storage/v1/object/public/event-images/events/1790052635536-__________2026-09-07_160019.jpg.jpg,,
313891,,310000001582,西伯郡南部町,救急救命講習会,,,,,,https://www.town.nanbu.tottori.jp/schedule/event/1859/,,健康・医療;教育・学習,要予約;健康;考える;話す;屋内;試す;セミナー;防災;自己啓発;トーク,,,2026-10-23,2026-10-23,10:00:00,11:00:00,,,2026-09-22,2026-10-23,,南部町ファミリー・サポート・センターでは、毎年救急救命講習会を開催しています。動きやすい服装でお出かけください。,,,,,南部町ファミリー・サポート・センター(子育て支援課内）,0859-66-5525,,,,,南部町にお住まいの子育て中の方　ファミリー・サポート・センター会員(研修),,南部町 総合福祉センター いこい荘,,,,鳥取県西伯郡南部町浅井９３８,,,,,,35.362054,133.370303,,,,,,,,,,,,,,,,,,,,,,,,,,,https://www.town.nanbu.tottori.jp/user/filer_public/4d/8a/4d8ad3e4-5e78-4ca7-932a-b8229ef48b39/kyukyukyumeikoushukai081023.png,,
313891,,310000001581,西伯郡南部町,米やカフェ,,,,,,https://www.town.nanbu.tottori.jp/schedule/event/1856/,,健康・医療,健康;学ぶ;出会い,,,2026-10-20,2026-10-20,09:30:00,11:00:00,,,2026-09-22,2026-10-20,,"誰でも気軽に参加し、交流できる「認知症カフェ」

■内容
包丁いらず！みんなで体験、レンジクッキング",,,,茶菓代100円,健康対策課,0859-66-5524,,,,,,,えん処 米や,,,,鳥取県西伯郡南部町法勝寺536,,,,,,35.338808,133.325906,,,,,,,,,,,,,,,,,,,,,,,,,,,https://fyrmdlaujifhkocnwamy.supabase.co/storage/v1/object/public/event-images/events/1790050427909-__________2026-09-22_131333.jpg.jpg,,
313891,,310000001580,西伯郡南部町,乳幼児相談,,,,,,https://www.town.nanbu.tottori.jp/schedule/event/1858/,,健康・医療;家族・子育て,健康;子育て;相談,,,2026-10-09,2026-10-09,09:30:00,09:30:00,,,2026-09-22,2026-10-09,,体重測定や育児、授乳、離乳食、歯の相談など月1回開催しています。,,,,,健康対策課,0859-66-5525,,,,,,,健康管理センターすこやか,,,,鳥取県西伯郡南部町倭482,,,,,,35.348513,133.325324,,,,,,,,,,,,,,,,,,,,,,,,,,,https://www.town.nanbu.tottori.jp/user/filer_public/f6/72/f67295d1-9185-4c74-888a-eb796900af0e/nyuyoujisoudan081009.png,,持ち物母子健康手帳、バスタオル
312045,,310000001579,境港市,令和８年度鳥取県原子力防災訓練（自家用車避難訓練）,,,,,,https://www.city.sakaiminato.lg.jp/index.php?view=11412,,文化;ライフスタイル,要予約;自然;防災;募集;住まい,,,2026-11-15,2026-11-15,08:30:00,16:00:00,,,2026-09-22,2026-11-15,,"訓練内容
避難指示により、境港市内の自宅等から自家用車によって避難を開始します。避難退域時検査会場（江府町防災基地）での検査体験を経て、広域避難所（倉吉総合産業高等学校）までの避難の手順を確認する訓練を行います。

※参加者には、弁当が出ます。
また、自家用車１台につき、旅費（4,000～5,000円程度）が支給されます。

募集定員
先着５台（組）",,,,,境港市防災危機管理課　防災危機管理室,0859-47-1071,,,,,,,江府町防災基地,,,,鳥取県日野郡江府町美用835-17,,,,,,,,,,,,,,,,,,,,,,,,,,,,,,,,,,https://fyrmdlaujifhkocnwamy.supabase.co/storage/v1/object/public/government-images/1774398688815-___.png.png,,"募集定員
先着５台（組）"
312011,,310000001575,鳥取市,二人展・可惜夜（あたらよ）　続章〜明けてしまうのが惜しい夜〜,,,,,,https://www.city.tottori.lg.jp/site/saji-tenmon/49404.html,,アート,期間展示;デザイン;屋内;観る;写真,,,2026-09-17,2026-11-15,10:00:00,22:00:00,,,2026-09-22,2026-11-15,,期間展示「二人展・可惜夜(あたらよ)続章〜明けてしまうのが惜しい夜〜」天文愛好家の山本美佐子さん、山下千春さんの二人による写真展です。入館料で観覧していただけます。,,,,一般(高校生以上)300円、こども(中学生以下)無料※ 入館料として,,0858-89-1011,,さじアストロパーク,,,,,さじアストロパーク,,,,鳥取県鳥取市佐治町高山1071-1,,,,,,35.342085,134.119633,,,,,,,,,,,,,,,,,,,,,,,,,,,https://www.city.tottori.lg.jp/uploaded/life/49404_79397_img.png,,
312029,,310000001574,米子市,米子城跡三の丸広場オープニングフェスタ　本祭,,,,,,https://www.city.yonago.lg.jp/item/62682.htm#itemid62682,,文化;エンターテイメント;グルメ;家族・子育て,歴史;ステージ;飲食;屋外;観る;試す;複数出店;ダンス;生き物;式典;祭り,,,2026-10-18,2026-10-18,10:00:00,15:00:00,,,2026-09-22,2026-10-18,,"米子城跡三の丸広場がいよいよ完成、新たな歴史が始まります。
これまで整備を進めてきた国指定史跡米子城跡の三の丸広場(旧湊山球場)が、いよいよ完成します。
その完成を記念し、三の丸広場のオープンを盛大に祝うイベントを開催します。
歴史ある米子城跡を舞台に、グルメ、子どもたちが楽しめる体験イベント、バルーンアートや紙芝居、鉄炮隊・武者隊演武、万灯や太鼓、踊りの共演などのパフォーマンス、物販など、さまざまな企画を予定しています。
江戸時代に米蔵などが建ち並んでいた三の丸が、「たくさんの人が集い、楽しむ場所」へと生まれ変わる・・・。新しい米子城跡の未来を皆様に・・・その未来を皆さまにイメージしていただけるような、盛りだくさんの2日間をお届けします。
※ 三の丸駐車場はイベント会場となるため使用できません。
近隣の商業施設などへの無断駐車はおやめください。

■とき
前夜祭令和8年10/17(土曜日)
17:00から21:00まで(二の丸高石垣ライトアップは22:00まで)
本祭令和8年10/18(日曜日)
10:00から15:00まで(9:30～記念式典)
※ 小雨決行

■ところ
国指定史跡米子城跡三の丸広場(米子市久米町)
駐車場
市役所有料駐車場(※ 無料処理)をご利用ください。
18日はバス無料デーです。できるだけ公共交通機関をご利用ください。
18日は湊山公園駐車場もご利用できます。

■主催
米子市

■内容
グルメ(※ 地ビールフェスタ)をはじめ、お城や歴史にちなんだ体験(※ 米子市文化財団フェス)、がいな太鼓・がいな万灯・がいなCONの共演、米子城武者隊や米子城鉄炮隊・松江城鉄炮隊による演武、紙芝居(※ よしと)、バルーンアート(※ フルーツおじさんとっしー)などのステージイベント、バルーン米子城、ポニー乗馬体験など、子どもから大人まで楽しめる企画が盛りだくさんです。
また、ピクニックシートの無料配布(※ 数量限定)も予定しています。一面に広がる芝生の上で、くつろいだり、遊んだり、思い思いのスタイルで三の丸広場をお楽しみください。
歴史ある米子城の魅力に触れながら、新たに生まれた三の丸広場で、これからの楽しみ方や過ごし方をぜひご体感ください。",,,,無料,文化振興課(市役所第2庁舎3階),0859-23-5436,,米子市,,,,,米子城跡 三の丸広場,,,,鳥取県米子市久米町,,,,,,35.426835,133.32627,,,,,,,,,,,,,,,,,,,,,,,,,,,https://www.city.yonago.lg.jp/secure/62682/sannnomaruhiroba2026.jpg,,"市役所有料駐車場(※ 無料処理)をご利用ください。
湊山公園駐車場もご利用できます。
バス無料デーです。できるだけ公共交通機関をご利用ください。"
313726,,310000001573,東伯郡北栄町,体力測定会,,,,,,https://www.e-hokuei.net/soshiki/13/8497.html,,スポーツ;健康・医療,スポーツ;健康;運動する,,,2026-10-20,2026-10-20,19:00:00,21:00:00,,,2026-09-22,2026-10-20,,"あなたの「体力」をチェックしてみませんか？

「今の体力ってどれくらいあるんだろう？」
「健康づくりのきっかけにしたい！」
「家族や友達とチャレンジしてみたい！」

そんな方におすすめの体力測定会を開催します。

握力や歩く速さ、バランスなどを測定し、自分の体力をチェックしてみませんか？
年代を問わず、どなたでも参加できます。

参加費無料！予約不要！
お一人でも、ご家族やお友達と一緒でも大歓迎です。

ぜひお気軽にご参加ください！",,,,無料,北栄町役場生涯学習課,0858-37-5871,,,,,,,北栄町北条Ｂ＆Ｇ海洋センター,,,,鳥取県北栄町田井４２８１,,,,,,35.488978,133.817247,,,,,,,,,,,,,,,,,,,,,,,,,,,https://fyrmdlaujifhkocnwamy.supabase.co/storage/v1/object/public/event-images/events/1790038183624-4110.jpg.jpg,,
312029,,310000001572,米子市,米子城跡三の丸広場オープニングフェスタ　前夜祭,,,,,,https://www.city.yonago.lg.jp/item/62682.htm#itemid62682,,文化;アート,歴史;デザイン;屋外;観る;式典;祭り,,,2026-10-17,2026-10-17,17:00:00,21:00:00,,,2026-09-22,2026-10-17,,"米子城跡三の丸広場がいよいよ完成、新たな歴史が始まります。
これまで整備を進めてきた国指定史跡米子城跡の三の丸広場(旧湊山球場)が、いよいよ完成します。
その完成を記念し、三の丸広場のオープンを盛大に祝うイベントを開催します。
歴史ある米子城跡を舞台に、グルメ、子どもたちが楽しめる体験イベント、バルーンアートや紙芝居、鉄炮隊・武者隊演武、万灯や太鼓、踊りの共演などのパフォーマンス、物販など、さまざまな企画を予定しています。
江戸時代に米蔵などが建ち並んでいた三の丸が、「たくさんの人が集い、楽しむ場所」へと生まれ変わる・・・。新しい米子城跡の未来を皆様に・・・その未来を皆さまにイメージしていただけるような、盛りだくさんの2日間をお届けします。

■とき
前夜祭令和8年10/17(土曜日)
17:00から21:00まで(二の丸高石垣ライトアップは22:00まで)
本祭令和8年10/18(日曜日)
10:00から15:00まで(9:30～記念式典)
※ 小雨決行

■ところ
国指定史跡米子城跡三の丸広場(米子市久米町)
駐車場
市役所有料駐車場(※ 無料処理)をご利用ください。
18日はバス無料デーです。できるだけ公共交通機関をご利用ください。
18日は湊山公園駐車場もご利用できます。
※ 三の丸駐車場はイベント会場となるため使用できません。
近隣の商業施設などへの無断駐車はおやめください。

■主催
米子市

■内容
グルメ(※ 地ビールフェスタ)をはじめ、お城や歴史にちなんだ体験(※ 米子市文化財団フェス)、がいな太鼓・がいな万灯・がいなCONの共演、米子城武者隊や米子城鉄炮隊・松江城鉄炮隊による演武、紙芝居(※ よしと)、バルーンアート(※ フルーツおじさんとっしー)などのステージイベント、バルーン米子城、ポニー乗馬体験など、子どもから大人まで楽しめる企画が盛りだくさんです。
また、ピクニックシートの無料配布(※ 数量限定)も予定しています。一面に広がる芝生の上で、くつろいだり、遊んだり、思い思いのスタイルで三の丸広場をお楽しみください。
歴史ある米子城の魅力に触れながら、新たに生まれた三の丸広場で、これからの楽しみ方や過ごし方をぜひご体感ください。",,,,無料,文化振興課(市役所第2庁舎3階),0859-23-5436,,米子市,,,,,米子城跡 三の丸広場,,,,鳥取県米子市久米町,,,,,,35.426835,133.32627,,,,,,,,,,,,,,,,,,,,,,,,,,,https://www.city.yonago.lg.jp/secure/62682/sannnomaruhiroba2026.jpg,,市役所有料駐車場(※ 無料処理)をご利用ください。
312029,,310000001571,米子市,令和8年よどえ夢まつり,,,,,,https://www.city.yonago.lg.jp/item/62656.htm#itemid62656,,グルメ;エンターテイメント;音楽;アート;文化,グルメ;ステージ;音楽;飲食;屋外;防災;ワークショップ;マーケット;祭り,,,2026-10-25,2026-10-25,09:30:00,14:00:00,,,2026-09-21,2026-10-25,,"長年、淀江地域のお祭りとして親しまれてきた「よどえ夢まつり（淀江町産業祭）」が今年も開催されます。
こどもたちのステージイベントや淀江町内団体等の物産販売、はたらく車の展示など、盛りだくさんのコーナーを用意しています。
今年は淀江町産業祭としては43回を迎え、ステージイベントでは特別ゲストとして島根県安来市から安来節保存会さんをお迎えし、公演をしていただく予定です。
皆さんのご来場をお待ちしています。",,,,,よどえ夢まつり実行委員会事務局（米子市淀江振興課内）,0859-56-3164,,よどえ夢まつり実行委員会,,,,,米子市淀江文化センター,,,,鳥取県米子市淀江町西原708-4,,,,,,35.452096,133.418176,,,,,,,,,,,,,,,,,,,,,,,,,,,https://fyrmdlaujifhkocnwamy.supabase.co/storage/v1/object/public/event-images/events/1789949751147-__________2026-09-21_091529.jpg.jpg,,"イベントの内容は都合に変更となる場合があります。

少雨決行。イベントの中止は10月25日（日曜日）午前7時に決定します。中止の場合、当ページ及び淀江振興課SNSでお知らせします。"
313866,,310000001567,西伯郡大山町,第4回 大山町みんなの人権セミナー　人間の尊厳とはなにか 2回目,,,,,,https://www.daisen.jp/10/5/3/a149/a149/,,文化;教育・学習,歴史;学ぶ;屋内;聴く;セミナー;自己啓発;トーク,,,2026-10-28,2026-10-28,19:00:00,20:30:00,,,2026-09-18,2026-10-28,,ハンセン病患者に対する隔離政策の根拠となった「らい予防法」が廃止されて30年。ハンセン病の歴史、今もなお社会の中に根強く残る誤解と偏見の現状を学び、誰もが尊厳をもって暮らせる社会について、私たち一人ひとりができることを共に考えます。,,,,無料,大山町総合福祉課人権推進室,0859-54-2286,,大山町教育委員会/大山町人権・同和教育推進協議会,,,,,大山町人権交流センター,,,,鳥取県西伯郡大山町茶畑１０７７−３,,,,,,35.480332,133.482617,,,,,,,,,,,,,,,,,,,,,,,,,,,https://fyrmdlaujifhkocnwamy.supabase.co/storage/v1/object/public/event-images/events/1789710336106-__________2026-09-18_144443.jpg.jpg,,
313866,,310000001566,西伯郡大山町,第4回 大山町みんなの人権セミナー　人間の尊厳とはなにか 1回目,,,,,,https://www.daisen.jp/10/5/3/a149/a149/,,文化;教育・学習,歴史;学ぶ;屋内;聴く;セミナー;自己啓発;トーク,,,2026-10-28,2026-10-28,13:30:00,15:00:00,,,2026-09-18,2026-10-28,,ハンセン病患者に対する隔離政策の根拠となった「らい予防法」が廃止されて30年。ハンセン病の歴史、今もなお社会の中に根強く残る誤解と偏見の現状を学び、誰もが尊厳をもって暮らせる社会について、私たち一人ひとりができることを共に考えます。,,,,無料,大山町総合福祉課人権推進室,0859-54-2286,,大山町教育委員会/大山町人権・同和教育推進協議会,,,,,大山町役場,,,,鳥取県西伯郡大山町御来屋３２８,,,,,,35.510681,133.495985,,,,,,,,,,,,,,,,,,,,,,,,,,,https://fyrmdlaujifhkocnwamy.supabase.co/storage/v1/object/public/event-images/events/1789710336106-__________2026-09-18_144443.jpg.jpg,,
314021,,310000001564,日野郡日野町,第67回体力づくり日野町駅伝競走大会,,,,,,https://www.town.hino.tottori.jp/item/40845.htm#ContentPane,,スポーツ;健康・医療,要予約;スポーツ;健康;競う;運動する;競技;自治会・町内会,,,2026-10-17,2026-10-17,09:00:00,,,,2026-09-18,2026-10-17,,"部門
前期課程・小学生ミニマラソンの部

低学年(1～3年)男子の部・女子の部
コース日野町役場～根雨3区旧あいきょう折り返し(1km)
高学年(4～6年)男子の部・女子の部
コース日野町役場～根雨1区折り返し(1.8km)

駅伝の部

後期課程・中学生の部
高校生の部
女子の部
一般の部
※ 小学生も一般の部で参加可
※ 男女混合チームは、一般の部とする。
コース日野町役場～根雨1区折り返し(1.8km3区間)",,,,無料,日野町教育委員会事務局,0859-72-2107,,日野町スポーツ協会,,,者居住地等の参加制限なし(町外在住の方もご参加いただけます),,日野町役場,,,,鳥取県日野町根雨１０１,,,,,,35.240786,133.442696,,,,,,,,,,,,,,,,,,,,,,,,,,,https://www.town.hino.tottori.jp/secure/40845/R8ekidenchirashi2_t.jpg,,小雨決行
312011,,310000001563,鳥取市,法テラスの弁護士から学ぶ『相続のきほん』〜知っておきたい相続のこと〜,,,,,,https://www.city.tottori.lg.jp/page/48510.html,,その他,要予約;学ぶ;話す;聴く,,,2026-11-07,2026-11-07,10:00:00,11:30:00,,,2026-09-18,2026-11-07,,"法テラスの弁護士から学ぶ『相続のきほん』〜知っておきたい相続のこと〜

​相続は、誰にでも起こりうる身近な問題です。
知っておくべき基礎知識を、法テラスの弁護士がわかりやすく解説します。
「いざというとき」に慌てないために、『相続のきほん』について学びませんか？

講師
野口　悠紀音さん（法テラス鳥取法律事務所　弁護士）",,,,,鳥取市男女共同参画センター「輝なんせ鳥取」,0857-24-2704,,,,,市内・麒麟のまち圏域在住または通勤・通学されている方,,丸由百貨店,,,,鳥取県鳥取市今町２丁目１５１番地,,,,,,35.495375,134.225804,,,,,,,,,,,,,,,,,,,,,,,,,,,https://fyrmdlaujifhkocnwamy.supabase.co/storage/v1/object/public/event-images/events/1789707322664-__________2026-09-18_135507.jpg.jpg,,
312037,,310000001562,倉吉市,くらよしの名木めぐりバスツアー,,,,,,https://www.city.kurayoshi.lg.jp/item/14769.htm#itemid14769,,文化,要予約;地域発見;自然;学ぶ;屋外;出会い;観る;聴く;セミナー;募集;人数上限有;トーク,,,2026-10-24,2026-10-24,09:00:00,12:00:00,,,2026-09-18,2026-10-24,,"市内の豊かな自然をバスでめぐる『くらよしの名木めぐりバスツアー』を開催します！
本ツアーでは、自然観察指導員の解説を交えながら、保存林での珍しい樹木の観察や、身近な草木とのふれあいを楽しみます。「木の実の里」の散策なども予定しており、お子様の自然学習や、地域の魅力の再発見にも最適な内容となっております。
小学生以上の方はどなたでも無料でご参加いただけます。ぜひ、ご家族やご友人とお誘い合わせのうえお申し込みください。
   
日時
令和8年10月24日（土曜日）午前9時から正午頃まで（小雨決行）

    集合場所：倉吉市役所第1駐車場（本庁舎南側）
    受      付：午前8時30分～午前9時まで
    出　　発：午前9時（所要時間：約3時間）

見学地
　倉吉市保存林「山守神社の森」（関金町今西）、木の実の里（関金町泰久寺）
内容
　講師による解説を交えながら、市公用バスで移動し、市内の自然観察を行う。
講師
　自然観察指導員　大西　忠光　氏
参加費
　無料
定員・対象
　先着20名、小学生以上を対象とします（※小学生の方は保護者の同伴が必要です）
申込方法
　事前申込制となります。
　①地域づくり支援課窓口またはお電話、②とっとり電子申請サービスからお申し込みください。

【受付期間】
　令和8年9月16日(水曜日)から10月15日(木曜日)まで
　※定員になり次第、受付を終了いたします。

【申込方法】
　① 窓口・お電話によるお申し込み
　地域づくり支援課窓口、またはお電話（0858-22-8159）にて承ります。
　（受付時間：平日午前9時から午後5時まで）
 
　②とっとり電子申請サービスによるお申し込み
 　専用の入力フォーム「 とっとり電子申請サービス（倉吉市） 」よりお申し込みください。
　（24時間受付 ※最終日の10月15日は午後5時まで）",,,,無料,市民生活部 地域づくり支援課,0858-22-8159,,,,,小学生以上を対象とします（※小学生の方は保護者の同伴が必要です）,,倉吉市役所　本庁舎,,,,鳥取県倉吉市葵町722,,,,,,35.430125,133.825559,,,,,,,,,,,,,,,,,,,,,,,,,,,https://fyrmdlaujifhkocnwamy.supabase.co/storage/v1/object/public/event-images/events/1789707101085-__________2026-09-18_135039.jpg.jpg,,"雨具、飲み物は各自ご持参をお願いします。
野外での活動に適した服装及び履物でご参加ください。"
312037,,310000001561,倉吉市,特別公開講座「谷崎潤一郎を語る」,,,,,,https://www.city.kurayoshi.lg.jp/item/14910.htm#itemid14910,,文化,要予約;歴史;学ぶ;屋内;聴く;セミナー;トーク,,,2026-11-28,2026-11-28,13:30:00,15:00:00,,,2026-09-18,2026-11-28,,"鳥取看護大学・鳥取短期大学の特別公開講座が開催されます。

今年は、文豪・谷崎潤一郎が生誕して140周年。
谷崎作品の一つである『盲目物語』をとおして、谷崎潤一郎が描いた戦国時代の人物像や歴史観を読み解き、作品の魅力をわかりやすく解説する講座が開催されます。

■テーマ
谷崎潤一郎を語る～『盲目物語』を中心に～

■講師
明里千章さん(千里金蘭大学名誉教授、『谷崎潤一郎全集』編集委員)

講座の内容
織田信長の妹で浅井長政に嫁いだ戦国一の美女お市の方に仕えた盲目の按摩を通して、戦国絵巻が展開する。暴君秀吉や不孝の罰を受けたとされる淀殿を鋭く批評する戦嫌いの谷崎の歴史観の鮮やかな筆致を味わう。",,,,無料,鳥取看護大学・鳥取短期大学グローカルセンター,0858-27-0107,,鳥取看護大学・鳥取短期大学,,,,,倉吉交流プラザ,,,,鳥取県倉吉市駄経寺町187,,,,,,35.432541,133.836129,,,,,,,,,,,,,,,,,,,,,,,,,,,https://fyrmdlaujifhkocnwamy.supabase.co/storage/v1/object/public/event-images/events/1789705866673-__________2026-09-18_133047.jpg.jpg,,"※ 『盲目物語』をあらかじめ一読しておいていただけると、講座当日の理解がより深まります。
※ 本講座において差別的な印象を与える恐れのある言葉が使われることがありますが、作品のオリジナリティを尊重して使用しています。"
313297,,310000001560,八頭郡八頭町,できらく！,,,,,,https://yazukanko.jp/eventcalender/dekiaku/,,グルメ;文化,要予約;飲食;屋内;プレゼント付;式典;観光,,,2026-10-31,2026-10-31,10:20:00,15:00:00,,,2026-09-18,2026-10-31,,"落語・講談×八頭グルメ×若桜鉄道貸切観光列車が楽しめる「できらく！」を開催します。
「できらく！」とは、「できちゃったらくご」の略で、八頭町観光大使の桂慶枝さんをはじめ、桂あやめさんをリーダーに新作ネタを披露いただきます。
当日はグルメあり、笑いあり、涙あり！？
“八頭でしか味わえない”ツアーをお楽しみください！
観覧は無料です。観覧だけの参加も大歓迎！
ぜひ楽しい1日を八頭町でお過ごしください。

当日スケジュール
・受付開始10:00～
・開会セレモニー10:20～
第一部できらく！inぷらっとぴあ・やず10:30～11:10
・若桜鉄道貸切観光列車グルメツアー(郡家駅発～若桜駅着)11:20～11:52
※ チケット(参加費)4,000円チケットは事前購入が必要
(チケット購入の方は若桜駅からシャトルバスで移動)
・お土産さがしin八東体育文化センター12:00～13:00
第二部できらく！in八東体育文化センターすみれホール13:00～14:30
・開会・お見送り(チケット購入の方は会場からシャトルバスで郡家駅へ)
・郡家駅着・解散15:00

できらく！の観覧は無料です。観覧だけの参加も大歓迎！
ぜひ楽しい1日を八頭町でお過ごしください。",,,,"観覧無料※チケット(参加費)4,000円チケットは事前購入が必要",八頭町商工観光室,0858-72-0144,,八頭町落語ファクトリー,,,,,郡家駅,,,,鳥取県八頭郡八頭町郡家,,,,,,35.413147,134.250619,,,,,,,,,,,,,,,,,,,,,,,,,,,https://yazukanko.jp/wp-content/uploads/2026/09/fd5ff1a0bd4ba5dcb8bfcf2912020247.jpg,,
313891,,310000001557,西伯郡南部町,人権・行政相談（交流会館）,,,,,,https://www.town.nanbu.tottori.jp/schedule/event/1845/,,健康・医療;ビジネス,健康;仕事;相談,,,2026-10-09,2026-10-09,13:30:00,16:00:00,,,2026-09-16,2026-10-09,,"日にち	2026年10月9日(金)

開始時間	13：30
終了時間	16：00

会場	交流会館
住所	鳥取県西伯郡南部町天萬548

担当課	総務課
電話番号	☎0859-66-3112

その他	人権相談担当
人権・社会教育課　☎0859-64-3782",,,,,総務課,0859-66-3112,,,,,,,南部町交流会館,,,,鳥取県南部町天萬５４８,,,,,,35.370451,133.361766,,,,,,,,,,,,,,,,,,,,,,,,,,,https://fyrmdlaujifhkocnwamy.supabase.co/storage/v1/object/public/event-images/events/1789519331404-jinken-gyosei-sodan__2_.jpg.jpg,,
313891,,310000001556,西伯郡南部町,法勝寺電車公開日,,,,,,https://www.town.nanbu.tottori.jp/schedule/event/1855/,,文化,伝統;地域発見;歴史,,,2026-10-10,2026-10-10,10:00:00,16:00:00,,,2026-09-16,2026-10-10,,"日にち	2026年10月10日(土)

開始時間	10：00
終了時間	16：00

会場	キナルなんぶ
住所	鳥取県西伯郡南部町法勝寺３４１

お問合せ先	キナルなんぶ
電話番号	☎0859-46-0870",,,,,キナルなんぶ,0859-46-0870,,,,,,,キナルなんぶ,,,,鳥取県西伯郡南部町法勝寺３４１,,,,,,35.34172,133.327844,,,,,,,,,,,,,,,,,,,,,,,,,,,https://fyrmdlaujifhkocnwamy.supabase.co/storage/v1/object/public/event-images/events/1789518924835-hossh-hosshji_train_public_viewing_day.jpg.jpg,,
313891,,310000001555,西伯郡南部町,アルツハイマー月間　認知症に関する展示②,,,,,,https://www.town.nanbu.tottori.jp/schedule/event/1841/,,健康・医療;アート,健康;期間展示,,,2026-10-19,2026-10-30,09:00:00,17:00:00,,,2026-09-16,2026-10-30,,"開始日	2026年10月19日(月)
終了日	2026年10月30日(金)

開始時間	9：00
終了時間	17：00

会場	キナルなんぶ　南部っこストリート
住所	鳥取県西伯郡南部町法勝寺341

担当課	健康対策課
電話番号	☎0859-66-5524

その他	認知症に関する書籍の紹介、相談窓口、パネル展示
※期間中、デイケアらくらく・デイサービスセンターゆうらく利用者、家族のつどい参加者の作品展示もあります。",,,,,健康対策課,0859-66-5524,,,,,,,キナルなんぶ,,,,鳥取県西伯郡南部町法勝寺３４１,,,,,,35.34172,133.327844,,,,,,,,,,,,,,,,,,,,,,,,,,,https://www.town.nanbu.tottori.jp/user/filer_public/02/f1/02f12274-9a76-49dd-91fd-082fc45f863b/alzheimers_month.jpg,,
312011,,310000001554,鳥取市,鳥取県立鳥取ハローワーク連携講座　職場・家庭・地域で使えるコミュニケーション心理学,,,,,,https://www.city.tottori.lg.jp/page/48682.html,,ビジネス;家族・子育て,要予約;経済;学ぶ;屋内;聴く;セミナー;託児有;未就園児不可;仕事;人数上限有;相談;トーク,,,2026-10-29,2026-10-29,13:30:00,16:30:00,,,2026-09-15,2026-10-29,,人間関係をうまく構築したいという前向きな思いをかなえるために、心理学の視点から「価値観の違いが生まれる仕組み」「伝えたい思いが伝わらない理由」を学び、自身のコミュニケーションの癖に気づく。そのうえで職場・家庭・地域の‟あるある場面”を題材に実践的な伝え方のコツを学びませんか？また、希望者に職業適性診断・キャリアコンサルティングをおこないます。,,,,無料※要申込,人権政策局男女共同参画センター「輝なんせ鳥取」,0857-24-2704,,,,,市内・麒麟のまち圏域在住または通勤・通学されている方,,鳥取市男女共同参画センター,,,,鳥取県鳥取市今町２丁目１５１,,,,,,35.495343,134.225907,,,,,,,,,,,,,,,,,,,,,,,,,,,https://fyrmdlaujifhkocnwamy.supabase.co/storage/v1/object/public/event-images/events/1789461147334-__________2026-09-15_173208.jpg.jpg,,丸由百貨店5階にて開催いたします。
312011,,310000001552,鳥取市,宇宙ふしぎ探検「月と土星・海王星を見よう」,,,,,,https://www.city.tottori.lg.jp/site/saji-tenmon/48880.html,,家族・子育て;教育・学習,要予約;子育て;科学;屋内;観る;人数上限有,,,2026-10-24,2026-10-24,19:30:00,20:50:00,,,2026-09-15,2026-10-24,,宇宙ふしぎ探検「月と土星・海王星を見よう」月が土星・海王星に接近します。会議室で土星、海王星の説明を行い、その後、4階にある103cm望遠鏡で観察します。土星は環が特徴ですが、今シーズンは環が少し傾き、土星らしい姿を見ることができます。海王星は太陽系最果ての惑星です。103cm望遠鏡でも小さくしか見えませんが、アイスブルーと表現される表面の青い色が大変に美しく見えます。,,,,一般(高校生以上)600円、小中学生200円(入館料・観望料として),,0858-89-1011,,さじアストロパーク,,,,,さじアストロパーク,,,,鳥取県鳥取市佐治町高山1071-1,,,,,,35.342085,134.119633,,,,,,,,,,,,,,,,,,,,,,,,,,,https://www.city.tottori.lg.jp/uploaded/life/48880_77807_img.png,,"持ち物　長袖の羽織るもの、防寒着
※雨天曇天の場合は、プラネタリウム室で土星や星座の紹介などを行います。"
312011,,310000001550,鳥取市,鳥取市人権情報センター連携講座　私たちの目指すジェンダー平等社会とは,,,,,,https://www.city.tottori.lg.jp/page/48509.html,,家族・子育て,要予約;学ぶ;屋内;聴く;セミナー;託児有;人数上限有;トーク,,,2026-10-17,2026-10-17,10:00:00,11:30:00,,,2026-09-15,2026-10-17,,"私たちの目指すジェンダー平等社会とは
ジェンダー平等社会とは、性別に関わらず誰もが平等に責任や権利、機会を分かち合い、あらゆる物事を共に決めていく社会です。
私たちが目指すべきジェンダー平等をいま一度考えてみせんか？

■講師
衣笠尚貴さん(鳥取市人権情報センター研究員)",,,,無料※要申込・先着50名,人権政策局男女共同参画センター「輝なんせ鳥取」,0857-24-2704,,,,,市内・麒麟のまち圏域在住または通勤・通学されている方,,鳥取市人権交流プラザ,,,,鳥取県鳥取市幸町151,,,,,,35.495886,134.217841,,,,,,,,,,,,,,,,,,,,,,,,,,,https://fyrmdlaujifhkocnwamy.supabase.co/storage/v1/object/public/event-images/events/1789456093561-__________2026-09-15_160756.jpg.jpg,,
313726,,310000001549,東伯郡北栄町,秋の産地体験会（大栄西瓜の後作・長芋）,,,,,,https://www.e-hokuei.net/soshiki/8/9104.html,,ビジネス;文化,要予約;経済;自然;学ぶ;地域づくり;相談,,,2026-11-01,2026-11-01,10:00:00,15:40:00,,,2026-09-15,2026-11-01,,"【主催】 大栄西瓜組合協議会、長芋生産部
【日時】 令和8年11月1日(日曜日)10時00分～（終了予定 15時40分）
【対象】 北栄町での就農を検討されている方
【定員】 10名程度

【申込方法】
(1)下記申込先へ郵送またはFax
(2)メール：hokueikajitsu@c.ja-tottorichuou.or.jp
※申込書の内容を記入の上、メールタイトルに「【参加申し込み】秋の産地体験会」
【申込締切】令和8年10月26日(月曜日) ※必着
【申込先（問合せ先）】
〒689-2224 鳥取県東伯郡北栄町妻波1725-2 JA鳥取中央北栄営農センター
電話：0858-49-1147 Fax：0858-49-1018",,,,無料,JA鳥取中央北栄営農センター,0858-49-1147,,大栄西瓜組合協議会、長芋生産部,,,北栄町での就農を検討されている方,,北栄町役場大栄庁舎,,,,鳥取県東伯郡北栄町由良宿423-1,,,,,,35.490133,133.758284,,,,,,,,,,,,,,,,,,,,,,,,,,,https://www.e-hokuei.net/uploaded/image/4178.jpg,,"【当日持ってくるもの】
作業ができる服装（長袖、長ズボン）、飲み物、帽子、手袋、雨合羽、長靴、タオル（作業用）、着替え、筆記用具"
313297,,310000001540,八頭郡八頭町,鉄道おもちゃの展示会,,,,,,https://yazukanko.jp/eventcalender/tetsudo_-toys_exhibition/,,アート;文化;エンターテイメント,期間展示;歴史;遊ぶ,,,2026-10-04,2026-10-13,10:00:00,16:00:00,,,2026-09-15,2026-10-13,,"“ぐりぷら”がやずぽっぽにやってくるパート⑧

〇展示内容
・ミニSLとのコラボレーション
・若桜鉄道各駅再現ジオラマ
・立体展示

HOゲージ展示やミニＳＬ乗車体験も楽しめます。",,,,高校生以上200円、乗車体験料100円,やずミニSL博物館,0858-71-0432,,,,,,,やずミニSL博物館「やずぽっぽ」,,,,鳥取県八頭郡八頭町西谷564-1,,,,,,35.373393,134.26674,,,,,,,,,,,,,,,,,,,,,,,,,,,https://fyrmdlaujifhkocnwamy.supabase.co/storage/v1/object/public/event-images/events/1789439617087-16d9f0872e36fd0185acd2d3ae8a450c.jpg.jpg,,
312037,,310000001539,倉吉市,ぬいぐるみのとしょかんおとまりかい,,,,,,https://www.city.kurayoshi.lg.jp/item/11304.htm#itemid11304,,家族・子育て;アート,要予約;子育て;出会い;写真,,,2026-10-31,2026-11-01,,,,,2026-09-15,2026-11-01,,"日　　時：令和8年10月31日(土曜日)～11月1日(日曜日)
受付・記念撮影　10月31日(土曜日)　午前9時～午後3時
ぬいぐるみ返却　11月1日(日曜日)　午前9時～午後6時

場　　所：せきがね図書館

対　　象：3歳～小学生

定　　員：10人

参 加 費：無料

持 ち 物：ぬいぐるみ1体

申込期間：令和8年9月19日(土曜日)午前11時～10月18日(日曜日)午後6時
※休館日は除く　※定員になり次第締切

申込方法：来館・電話にて先着順
申込み・問合せ先：せきがね図書館　電話（0858）45-2523",,,,無料,せきがね図書館,0858-45-2523,,,,,,,倉吉市立せきがね図書館,,,,鳥取県倉吉市関金町大鳥居１９３−１,,,,,,35.369703,133.754021,,,,,,,,,,,,,,,,,,,,,,,,,,,https://fyrmdlaujifhkocnwamy.supabase.co/storage/v1/object/public/event-images/events/1789434229186-R8__________________.jpg.jpg,,
312029,,310000001538,米子市,鳥取うみなみロードフェスティバル・サイクルカーニバル2026,,,,,,https://www.city.yonago.lg.jp/item/62646.htm#itemid62646,,スポーツ;グルメ;文化,要予約;スポーツ;グルメ;自然;飲食;屋外;運動する;観光,,,2026-10-10,2026-10-10,08:00:00,,,,2026-09-15,2026-10-10,,"開催日
令和8年10月10日（土曜日）

会場
日吉津村海浜運動公園（鳥取県西伯郡日吉津村日吉津1864-1）

参加費
入場無料　※サイクリングイベントは有料


サイクリングイベント
うみなみライド（初心者・ファミリー向け）　※レンタサイクルあり
時間 午前11時30分～
コース 鳥取うみなみロード（日吉津～美保湾（往復33.4km））
定員 100名程度（要事前申込み）
参加料 2,000円（レンタサイクルご利用の場合は3,000円）
申込締切 令和8年10月2日（金曜日）
申込方法 チラシ内のWEBフォームよりお申し込みください。


サイクルカーニバル（健脚コース）
時間 午前8時～
コース 鳥取・大山山麓ルート（約70km）
定員 300名程度（要事前申込み）※定員に達し次第締め切り
参加料 6,500円
申込締切 令和8年9月16日（水曜日）
申込方法 チラシ内のWEBフォームよりお申し込みください。

 
自転車体験コーナー
サイクルイベントにちなんだ体験コーナーが多数
スポーツサイクル体験会・E-Bike体験会
キッズ向けキックバイク体験会　ほか
時間 午前11時～午後3時

日吉津deマルシェ
地元の美味しいグルメ・特産品が大集合
時間 午前11時～午後3時",,,,無料(※サイクリングイベントは有料),米子日吉津商工会サイクルフェス2026実行委員会（米子日吉津商工会内）,0859-56-2700,,,,,,,日吉津村海浜運動公園,,,,鳥取県西伯郡日吉津村日吉津,,,,,,35.452506,133.390366,,,,,,,,,,,,,,,,,,,,,,,,,,,https://www.city.yonago.lg.jp/secure/62646/cycle2014.jpg,,"雨天決行。荒天中止。
日時、内容は変更となる場合があります。"
313840,,310000001535,西伯郡日吉津村,ヴィレッジ☆カレッジ　ヨガで心も体もリフレッシュ,,,,,,https://www.hiezu.jp/%e3%83%b4%e3%82%a3%e3%83%ac%e3%83%83%e3%82%b8%e2%98%86%e3%82%ab%e3%83%ac%e3%83%83%e3%82%b8%e5%8f%82%e5%8a%a0%e8%80%85%e5%8b%9f%e9%9b%86/,,健康・医療;スポーツ,健康;運動する,,,2027-02-28,2027-02-28,10:00:00,11:30:00,,,2026-09-14,2027-02-28,,"ちょっとだけ生活が豊かになる、そんなひと時をヴィレステひえづで一緒に過ごしませんか？

■ところ
ヴィレステホール

■講師
木村智子さん

■定員
10名程度

■持ち物
バスタオルまたはヨガマット、水分補給用の飲み物、運動のできる服装",,,,,ヴィレステひえづ,0859-27-0606,,,,,,,ヴィレステひえづ,,,,鳥取県西伯郡日吉津村日吉津930,,,,,,35.441162,133.379379,,,,,,,,,,,,,,,,,,,,,,,,,,,https://www.hiezu.jp/wp-content/uploads/2026/09/%E3%83%B4%E3%82%A3%E3%83%AC%E2%98%85%E3%82%AB%E3%83%AC-702x1024.jpeg,,持ち物：バスタオルまたはヨガマット、水分補給用の飲み物、運動のできる服装
313840,,310000001533,西伯郡日吉津村,ヴィレッジ☆カレッジ　手話で楽しむおはなし会,,,,,,https://www.hiezu.jp/%e3%83%b4%e3%82%a3%e3%83%ac%e3%83%83%e3%82%b8%e2%98%86%e3%82%ab%e3%83%ac%e3%83%83%e3%82%b8%e5%8f%82%e5%8a%a0%e8%80%85%e5%8b%9f%e9%9b%86/,,その他,話す;出会い,,,2027-01-31,2027-01-31,10:00:00,11:30:00,,,2026-09-14,2027-01-31,,"ちょっとだけ生活が豊かになる、そんなひと時をヴィレステひえづで一緒に過ごしませんか？

■ところ
ひえづっこひろば

■講師
NPO法人西部ろうわ仲間サロン会

■定員
30名程度",,,,,ヴィレステひえづ,0859-27-0606,,,,,,,ヴィレステひえづ,,,,鳥取県西伯郡日吉津村日吉津930,,,,,,35.441162,133.379379,,,,,,,,,,,,,,,,,,,,,,,,,,,https://www.hiezu.jp/wp-content/uploads/2026/09/%E3%83%B4%E3%82%A3%E3%83%AC%E2%98%85%E3%82%AB%E3%83%AC-702x1024.jpeg,,
313840,,310000001532,西伯郡日吉津村,ヴィレッジ☆カレッジ　陶芸で干支の置物をつくろう,,,,,,https://www.hiezu.jp/%e3%83%b4%e3%82%a3%e3%83%ac%e3%83%83%e3%82%b8%e2%98%86%e3%82%ab%e3%83%ac%e3%83%83%e3%82%b8%e5%8f%82%e5%8a%a0%e8%80%85%e5%8b%9f%e9%9b%86/,,アート,屋内;作る;ワークショップ;人数上限有;クラフト,,,2026-11-08,2026-11-08,10:00:00,12:00:00,,,2026-09-14,2026-10-25,,"ちょっとだけ生活が豊かになる、そんなひと時をヴィレステひえづで一緒に過ごしませんか？

■とき

1回目
令和8年 11/8(日)
10:00～12:00

2回目
令和8年 12/6(日)
10:00～12:00

■ところ
出会いストリート

■講師
Ashwork足塚由江さん

■定員
10名

■材料代
2,750円",,,,"2,750円",ヴィレステひえづ,0859-27-0606,,,,,,,ヴィレステひえづ,,,,鳥取県西伯郡日吉津村日吉津930,,,,,,35.441162,133.379379,,,,,,,,,,,,,,,,,,,,,,,,,,,https://www.hiezu.jp/wp-content/uploads/2026/09/%E3%83%B4%E3%82%A3%E3%83%AC%E2%98%85%E3%82%AB%E3%83%AC-702x1024.jpeg,,持ち物：エプロン、汚れてもよい服装
313840,,310000001531,西伯郡日吉津村,ヴィレッジ☆カレッジ　クリニカルアート「きのこをつくる」,,,,,,https://www.hiezu.jp/%e3%83%b4%e3%82%a3%e3%83%ac%e3%83%83%e3%82%b8%e2%98%86%e3%82%ab%e3%83%ac%e3%83%83%e3%82%b8%e5%8f%82%e5%8a%a0%e8%80%85%e5%8b%9f%e9%9b%86/,,アート,屋内;観る;ワークショップ,,,2026-10-25,2026-10-25,10:00:00,12:00:00,,,2026-09-14,2026-10-25,,"ちょっとだけ生活が豊かになる、そんなひと時をヴィレステひえづで一緒に過ごしませんか？

■講師
臨床美術士
井澤ゆうかさん

■定員
15名

■材料代
決まり次第お知らせします",,,,,ヴィレステひえづ,0859-27-0606,,,,,,,ヴィレステひえづ,,,,鳥取県西伯郡日吉津村日吉津930,,,,,,35.441162,133.379379,,,,,,,,,,,,,,,,,,,,,,,,,,,https://www.hiezu.jp/wp-content/uploads/2026/09/%E3%83%B4%E3%82%A3%E3%83%AC%E2%98%85%E3%82%AB%E3%83%AC-702x1024.jpeg,,"※ 汚れてもよい服装でお越しください。
※ ふれあいフェスタで作品を展示します。"
313297,,310000001529,八頭郡八頭町,車窓×お茶×和菓子。特別な時間を楽しむ甘味列車！,,,,,,https://yazukanko.jp/eventcalender/sweettrain2026/,,文化;グルメ,伝統;歴史;飲食;地域づくり,,,2026-10-11,2026-10-11,10:00:00,12:00:00,,,2026-09-14,2026-10-11,,"列車を貸し切ってお届けする、特別なお茶と和菓子の旅。
URUWASHI JAPANESE TEAさんが心を込めて点てる抹茶とともに、和の甘味を楽しむひとときを。",,,,,,,,,,,,,若桜駅,,,,鳥取県若桜町若桜,,,,,,35.34528,134.398407,,,,,,,,,,,,,,,,,,,,,,,,,,,https://yazukanko.jp/wp-content/uploads/2026/09/5d5a06251cfd8c61966d0534508b7c83.png,,
314030,,310000001526,日野郡江府町,森林を守ろう！山陰ネットワーク会議主催　～子孫につなぐ！大山ブナの森づくり～,,,,,,https://www.town-kofu.jp/2/1/2/m535/r162/,,家族・子育て;文化;教育・学習,子育て;自然;募集;エコ,,,2026-10-26,2026-10-26,13:00:00,16:00:00,,,2026-09-14,2026-10-26,,"西日本最大級の大山ブナ林を、１００年先の未来へ　

　緑豊かな森を守り、１００年先の未来へ引き継ぐ取組として、「森林を守ろう！山陰ネットワーク会議」主催による植樹事業の参加者を募集しています。申込方法、詳しい実施内容については、下記チラシをご覧ください。お誘いあわせの上、ぜひご参加ください。",,,,,,,,,,,,,エバーランド奥大山,,,,鳥取県日野郡江府町御机大平原837-13,,,,,,35.339489,133.55583,,,,,,,,,,,,,,,,,,,,,,,,,,,https://fyrmdlaujifhkocnwamy.supabase.co/storage/v1/object/public/event-images/events/1789373441513-sen-lin-1.jpg__700x990_q85_subsampling-2.jpg.jpg,,
313726,,310000001522,東伯郡北栄町,青山剛昌ふるさと館　「北栄町民および北栄町内通学・勤務者入館無料デー」,,,,,,https://www.e-hokuei.net/soshiki/9/9057.html,,アート;エンターテイメント,期間展示;屋内;観る;キャラクター有;遊ぶ,,,2026-10-01,2026-11-15,09:30:00,17:30:00,,,2026-09-14,2026-11-15,,"新しい青山剛昌ふるさと館の新築オープンに向けて、現在のふるさと館は残り僅かのため、「名探偵コナンに会えるまち」北栄町のまちづくりにご協力いただいている皆さまに、現在の展示を思う存分楽しんでいただくため、「北栄町民および北栄町内勤務・通学している方限定で入館無料デー」を開催します！ぜひこの機会に青山剛昌ふるさと館へ遊びにきてください！
皆さまのご来館をお待ちしています！

営業時間
午前9時30分～午後5時30分（最終入館受付午後5時）
休館日：10月30日（金曜日）



このページに関するお問い合わせ先

町長部局観光交流課青山剛昌ふるさと館

Tel：0858-37-5389
Fax：0858-37-6475",,,,無料,町長部局観光交流課青山剛昌ふるさと館,0858-37-5389,,,,,北栄町民および北栄町内勤務・通学している方対象,,青山剛昌ふるさと館,,,,鳥取県東伯郡北栄町由良宿1414,,,,,,35.49815,133.761383,,,,,,,,,,,,,,,,,,,,,,,,,,,https://www.e-hokuei.net/uploaded/life/9057_12225_img.jpg,,10月30日（金曜日）は休館日とさせていただきます。
312029,,310000001521,米子市,女性のヘルスケア講演会『ワクワク出来る未来のために』,,,,,,https://www.city.yonago.lg.jp/item/62640.htm#itemid62640,,健康・医療;教育・学習,健康;考える;話す;屋内;聴く;セミナー;自己啓発;相談,,,2026-10-13,2026-10-13,13:30:00,15:00:00,,,2026-09-14,2026-10-13,,"「多様な人材が真に力を発揮できる地域社会」をつくる第一歩は、女性が安心して働き続けられる職場づくりです。
米子市役所では、令和5年度から「女性が元気に輝く米子市役所」をめざし、女性特有の健康課題(生理、PMS、更年期障害等)への理解促進と支援強化に取り組んできました。
この取組を市役所内部に留めず、「女性が元気に輝くまち・米子」の実現に向け、米子市全体に拡大するため、企業・団体関係者、市民の皆さまを対象に講演会を開催します。

■講師
葉山美紀子さん(医療法人社団ミオ・ファティリティ・クリニック看護師・思春期保健相談士)",,,,,人権・男女共同参画課,0859-23-5415,,,,,,,米子コンベンションセンター,,,,鳥取県米子市末広町294,,,,,,35.421042,133.333164,,,,,,,,,,,,,,,,,,,,,,,,,,,https://fyrmdlaujifhkocnwamy.supabase.co/storage/v1/object/public/event-images/events/1789363711888-__________2026-09-14_141959.jpg.jpg,,
312029,,310000001517,米子市,拉致問題の早期解決を願う国民のつどいin米子,,,,,,https://www.city.yonago.lg.jp/item/62652.htm#itemid62652,,エンターテイメント;教育・学習,映像;国際,,,2026-10-31,2026-10-31,13:00:00,15:00:00,,,2026-09-14,2026-10-31,,"拉致被害者として政府認定されている松本京子さんをはじめ、すべての拉致被害者の一刻も早い帰国が実現することを願い、拉致問題への関心を高め、世論をもって拉致問題の早期解決を図ることを目的として「拉致問題の早期解決を願う国民のつどいin米子」を開催します。 
 入場無料で、どなたでもご参加いただけます。 
 皆さんのご来場をお待ちしています。 
  
ところ
 
 【主会場】米子コンベンションセンター　2F　国際会議室 
【サテライト会場】Youtubeによる映像配信 
 　　　東部会場　とりぎん文化会館　第1会議室 
 　　　中部会場　倉吉交流プラザ　第1研修室 
 
内容
 
 （1）拉致被害者御家族の訴え 
      松本 孟 さん（1977年10月に米子市で拉致された松本京子さんの兄） 
      古都 資朗 さん（1977年11月に行方不明となった古都瑞子さんの弟） 
      上田 淳則 さん（1969年11月に行方不明となった上田英司さんの兄） 
  
 （2）拉致問題解決を願う書道パフォーマンス 
      米子東高等学校書道部 
  
 （3）学生による拉致問題学習会発表 
      青翔開智中学校3年生 
  
 （4）講演 
      演題：「拉致被害者救出のために」 
      講師：飯塚(いいづか)　耕一郎(こういちろう) さん
              北朝鮮による拉致被害者家族連絡会事務局長
               拉致被害者　田口　八重子さんの長男 
  
 （5）拉致問題解決を願う子どもたちによる合唱 
      山陰少年少女合唱団リトルフェニックス",,,,無料,,0857-26-7592,,政府拉致問題対策本部、鳥取県、米子市、日南町、大山町、伯耆町、北朝鮮拉致問題早期解決促進鳥取県議会議員連盟、北朝鮮に拉致された日本人を救出するための鳥取の会,,,,,米子コンベンションセンター,,,,鳥取県米子市末広町294,,,,,,35.421042,133.333164,,,,,,,,,,,,,,,,,,,,,,,,,,,https://www.city.yonago.lg.jp/secure/62652/R08tirasi.png,,
313726,,310000001515,東伯郡北栄町,北栄町美術展,,,,,,https://www.e-hokuei.net/soshiki/14/9085.html,,アート;文化;家族・子育て,期間展示;伝統;子育て;デザイン;屋内;観る;募集;写真;式典,,,2026-11-03,2026-11-15,09:00:00,17:00:00,,,2026-09-14,2026-11-15,,"第22回北栄町美術展の開催について北栄町は多くの芸術家・文化人を育んできた「文化の薫るまち」として、受け継がれてきた文化を後世へ継承していくため、今年も町内で活躍する方々の優れた作品を募集・展示します。
昨年好評でした、観覧者の投票で決める「私が好きな作品賞」も実施しますので、ぜひ会場にお越しください。",,,,無料,教育委員会中央公民館,0858-36-2062,,,,,,,北条農村環境改善センター,,,,鳥取県東伯郡北栄町田井7-1,,,,,,35.48051,133.822414,,,,,,,,,,,,,,,,,,,,,,,,,,,https://www.e-hokuei.net/uploaded/life/9085_12314_img.png,,
314030,,310000001513,日野郡江府町,第６１回江府町卓球大会,,,,,,https://www.town-kofu.jp/2/1/11/5/2/v271/,,スポーツ,スポーツ;初心者歓迎;募集,,,2026-10-09,2026-10-09,18:30:00,,,,2026-09-14,2026-10-09,,"地域の皆さんが気軽にスポーツを楽しみ、親睦を深める「江府町卓球大会（職域・グループの部）」を開催します。
世代を超えて親睦を深めながら、爽やかな汗を流しましょう。初心者の方も大歓迎です。
参加を希望される方は、募集チラシをご確認のうえお申し込みください。
多くの皆さんのご参加をお待ちしています。",,,,,,,,,,,,,江府町運動公園,,,,鳥取県日野郡江府町洲河崎６２,,,,,,35.280537,133.481824,,,,,,,,,,,,,,,,,,,,,,,,,,,https://fyrmdlaujifhkocnwamy.supabase.co/storage/v1/object/public/event-images/events/1789350377098-__________2026-09-14_104435.jpg.jpg,,
310000,,310000001511,鳥取県,八頭町柿栽培体験会,,,,,,https://www.pref.tottori.lg.jp/item/1436948.htm#itemid1436948,,文化;アート;ライフスタイル;ビジネス,要予約;自然;デザイン;出会い;試す;初心者歓迎;募集;住まい;仕事;写真;季節;相談,,,2026-10-17,2026-10-17,09:00:00,11:50:00,,,2026-09-14,2026-10-17,,柿園での収穫作業体験,,,,無料,八頭町農業公社担当田中,0858-72-3678,,,,,柿栽培に興味がある方,,千代川水辺プラザ公園,,,,鳥取県鳥取市河原町高福,,,,,,35.394742,134.202565,,,,,,,,,,,,,,,,,,,,,,,,,,,https://fyrmdlaujifhkocnwamy.supabase.co/storage/v1/object/public/event-images/events/1789348885353-R8104kurayoshi.jpg.jpg,,
312011,,310000001508,鳥取市,令和8年度特別展「病と死～コロナ・流行性感冒・古代 中世の病～」,,,,,,https://www.city.tottori.lg.jp/page/48008.html,,アート;文化,期間展示;歴史;学ぶ,,,2026-09-19,2026-10-25,09:00:00,17:00:00,,,2026-09-11,2026-10-25,,"日時：令和8年9月19日（土曜日）～令和8年10月25日（日曜日）

休館日：9月24日（木曜日）・28日（月曜日）・10月5日（月曜日）・19日（月曜日）

会場名：鳥取市歴史博物館
住所：〒680-0015 鳥取県鳥取市上町88

電話およびFax：Tel0857-23-2140 　Fax 0857-23-2149

開館時間：午前9時～午後5時(※最終入館は午後4時30分まで）

観覧料：500円

主催：公益財団法人鳥取市文化財団 鳥取市歴史博物館
共催：鳥取市教育委員会",,,,500円,鳥取市歴史博物館,0857-23-2140,,公益財団法人鳥取市文化財団 鳥取市歴史博物館,,,,,鳥取市歴史博物館　やまびこ館,,,,鳥取県鳥取市上町88,,,,,,35.49898,134.243974,,,,,,,,,,,,,,,,,,,,,,,,,,,https://fyrmdlaujifhkocnwamy.supabase.co/storage/v1/object/public/event-images/events/1789095482132-__________2026-09-11_115742.jpg.jpg,,
312011,,310000001500,鳥取市,鳥取砂丘イリュージョン2026 オープニング点灯式,,,,,,https://www.city.tottori.lg.jp/page/47586.html,,文化;エンターテイメント;アート,自然;ステージ;デザイン;行政連携;観る;季節;観光,,,2026-11-21,2026-11-21,17:40:00,18:00:00,,,2026-09-09,2026-11-21,,"今年も鳥取砂丘の恒例行事となっている「鳥取砂丘イリュージョン」を 11/21(土曜日)から開始します。
これまでのコンセプトを一新し、今年度から3年間での完成を目指す新たなイリュージョンを開催します。
イルミネーションに彩られた幻想的な鳥取砂丘で、素敵なひと時をお楽しみください。

■テーマ
『煌めく“鳥取ブルー”に染まるアートな夜』鳥取の誇る海や空の澄み切った“青”の美しさは、これからも守り未来へつなげていきたい鳥取の魅力です。この美しい鳥取の“青”をナイトシーンでも楽しんでいただけるよう、鳥取砂丘という唯一無二の自然舞台をキャンバスに、光で表現します。",,,,無料,経済観光部観光・ジオパーク推進課観光政策係,0857-30-8291,,鳥取砂丘イリュージョン実行委員会,,,,,鳥取砂丘駐車場,,,,鳥取県鳥取市福部町湯山２１６４−９７１,,,,,,35.544027,134.236967,,,,,,,,,,,,,,,,,,,,,,,,,,,https://www.city.tottori.lg.jp/uploaded/life/47586_73852_img.png,,
312045,,310000001498,境港市,スマホなんでも相談会,,,,,,https://www.city.sakaiminato.lg.jp/index.php?view=120146,,テクノロジー,IT;学ぶ;募集;相談,,,2026-12-01,2026-12-01,09:00:00,12:00:00,,,2026-09-09,2026-12-01,,"■内容
スマホの困りごとの個別相談(30分)
スマートフォンの基本的な操作からアプリの利用方法まで、なんでもご相談いただけます。
(例)
・LINEスタンプを使ってみたい
・自分でアプリをいれてみたい
・カメラを使いたいなど
※ ご相談内容によっては、解決できない場合もあります。あらかじめご了承ください。

予約型乗合バス「みなとーる」予約方法勉強会(30分)
「みなとーる」のLINE・アプリからの予約方法を説明し、実際に操作体験する勉強会を行います。

■開催時間
1)9:00～10:00
2)10:00～11:00
3)11:00～12:00",,,,無料,中海テレビ放送,0120-727-868,,,,,※開催公民館の地区以外にお住まいの人も参加できます。,,中浜公民館,,,,鳥取県境港市財ノ木町６６８,,,,,,35.505562,133.248484,,,,,,,,,,,,,,,,,,,,,,,,,,,https://www.city.sakaiminato.lg.jp/upload/user/00115067-Ro6hPb.jpeg,,"定員：各時間帯３名（先着順）
持ち物：お使いのスマートフォンをお持ちください。"
312045,,310000001497,境港市,スマホなんでも相談会,,,,,,https://www.city.sakaiminato.lg.jp/index.php?view=120146,,テクノロジー,IT;学ぶ;募集;相談,,,2026-11-12,2026-11-12,09:00:00,12:00:00,,,2026-09-09,2026-11-12,,"■内容
スマホの困りごとの個別相談(30分)
スマートフォンの基本的な操作からアプリの利用方法まで、なんでもご相談いただけます。
(例)
・LINEスタンプを使ってみたい
・自分でアプリをいれてみたい
・カメラを使いたいなど
※ ご相談内容によっては、解決できない場合もあります。あらかじめご了承ください。

予約型乗合バス「みなとーる」予約方法勉強会(30分)
「みなとーる」のLINE・アプリからの予約方法を説明し、実際に操作体験する勉強会を行います。

■開催時間
(各日とも、以下の3つの時間帯からご希望の枠を選べます)
1)9:00～10:00
2)10:00～11:00
3)11:00～12:00",,,,無料,中海テレビ放送,0120-727-868,,,,,※開催公民館の地区以外にお住まいの人も参加できます。,,外江公民館,,,,鳥取県境港市外江町２０６２−１,,,,,,35.535955,133.210185,,,,,,,,,,,,,,,,,,,,,,,,,,,https://www.city.sakaiminato.lg.jp/upload/user/00115067-Ro6hPb.jpeg,,"定員：各時間帯３名（先着順）
持ち物：お使いのスマートフォンをお持ちください。"
312029,,310000001492,米子市,保定から愛を込めて,,,,,,https://www.city.yonago.lg.jp/item/62567.htm#itemid62567,,文化;ライフスタイル;教育・学習,伝統;歴史;住まい;国際,,,2026-10-17,2026-10-17,14:00:00,16:00:00,,,2026-09-09,2026-10-17,,"■とき
令和8年 10/17(土曜日)午後2時から4時(開場13:30)

■ところ
米子市役所4階401会議室(加茂町一丁目1番地)

■対象
米子市内にお住まい、または勤務・通学されているかた

■受講料
無料

■定員
40名(先着)

■講師
米子市国際交流員董禕菲(ドン・イヒ)",,,,無料,まちづくり企画課国際交流室,0859-23-5272,,,,,対象：米子市内にお住まい、または勤務・通学されているかた,,米子市役所本庁舎,,,,鳥取県米子市加茂町1丁目1,,,,,,35.428135,133.330933,,,,,,,,,,,,,,,,,,,,,,,,,,,https://fyrmdlaujifhkocnwamy.supabase.co/storage/v1/object/public/event-images/events/1788912869007-35syunen_s.jpg.jpg,,定員：40名（先着）
310000,,310000001489,鳥取県,鳥取うみなみロードフェスティバル,,,,,,https://www.pref.tottori.lg.jp/317212.htm,,スポーツ;グルメ;エンターテイメント;文化,スポーツ;グルメ;ステージ;飲食;屋外;ゲーム;競う;試す;初心者歓迎;運動する;キャンペーン;プレゼント付;人数上限有;遊ぶ;祭り,,,2026-10-10,2026-10-10,08:00:00,,,,2026-09-08,2026-10-10,,"「鳥取うみなみロード」のナショナルサイクルルート指定を記念し、令和8年10月10日（土）に「鳥取うみなみロード」フェスティバルを開催します！
　当日は、鳥取の美しい海岸線を爽快に走るサイクリングイベント「うみなみライド」をはじめ、スポーツバイクやe-Bikeなどに気軽に乗って楽しめる自転車体験コーナー、地元の美味しいグルメや特産品が集まるマルシェなど、「乗って、食べて、楽しむ！」企画が盛りだくさん！
　自転車に乗る人も、乗らない人も、みんなで楽しめる「鳥取うみなみロード」フェスティバルへ、ぜひお越しください！

開催概要
１　開催日
　令和8年10月10日（土）
２　会場
　日吉津村海浜運動公園 多目的広場（鳥取県西伯郡日吉津村日吉津1864-1）
３　参加費
　無料　※サイクリングイベントへの参加は、別途参加料が必要です。
 


サイクリングイベント
【うみなみライド】
初心者やファミリーも大歓迎！鳥取の美しい海岸線を、みんなでのんびり楽しもう！
鳥取うみなみロード（約152キロ）の一部の弓ヶ浜サイクリングコースを舞台に、往復約33.4kmをサイクリングします。途中ではスタンプラリーやエイドでの補給食など、走るだけではない楽しい仕掛けをご用意しています。自分のペースで、鳥取の景色やグルメを楽しみながらゴールを目指しましょう！

（距離）約33.4km（往復）
（定員）100名程度（要事前申込み）
（参加料）2,000円　※レンタサイクルを利用する場合は3,000円
（時間）11時30分スタート　※受付は10時00分～
（申込み）専用WEBフォームからお申し込みください。
　　　　　※当日、現金払いとなります。
（〆切）10月2日（金）まで

＜うみなみライドのおすすめポイント！>
（１）走って！スタンプラリー開催！
コース上のポイントを巡りながらスタンプを集めよう！すべて集めた方には、素敵な記念品をプレゼントします。さらに、サイクルツーリズム振興室のSNS（Instagram等）をフォローし、「#鳥取うみなみロード」などの指定ハッシュタグを付けて当日の様子を投稿すると、もれなく記念品をプレゼント！
ぜひ、楽しかった思い出をみんなでシェアしてください♪
（２）地元の味を楽しめるエイドステーション
弓ヶ浜公園や美保湾展望台などにエイドステーションを設置！サイクリングの途中で、地元ならではの美味しい補給食をお楽しみいただけます。
（３）完走後も楽しみがいっぱい！
ゴールした方には完走記念品をプレゼント！さらに、ゴール後にはおいしいおもてなしもご用意しています。最後までたっぷりお楽しみください♪
（４）レンタサイクルもご用意！
「自転車を持っていないけど参加してみたい！」という方も大丈夫。電動自転車や子ども用自転車をご用意していますので、手ぶらでの参加もOKです！※要事前申込み


【サイクルカーニバル（健脚コース）】
もっと走りたいあなたへ！鳥取・大山山麓をぐるっと巡る本格サイクリング！
鳥取・大山山麓を3時間30分～5時間程度で周遊する、サイクルカーニバルの定番コースです。長距離すぎず、程よいアップダウンも楽しみたい方におすすめ！申込はお早めに！

（距離）約70km
（定員）300名程度（要事前申込み）
（参加料）6,500円
（時間）８時00分スタート　※受付は７時00分～
（申込み）専用WEBフォームからお申し込みください。【申込フォームはこちら】
（〆切）9月16日(水)まで



会場イベント
【日吉津deマルシェ】
自転車を楽しんだ後は、おいしいものを楽しもう！
地元の美味しいグルメや特産品が大集合！サイクリングの後はもちろん、「今日は自転車には乗らない」という方も、マルシェだけでも大歓迎です。
食べて、見て、楽しんで、鳥取県の魅力をぜひ味わってください！


【乗って楽しい♪自転車体験コーナー】
「見るだけ」じゃもったいない！いろんな自転車に乗って、遊んで、自転車の楽しさを体験しよう！
会場では、スポーツバイクやe-Bikeなど、さまざまな自転車を体験できるコーナーを開催します。
大人も子どもも、普段はなかなか乗る機会のない自転車を、この機会にぜひ体験してみてください！

・スポーツバイク試乗
・e-Bike試乗会
・キッズ向けキックバイク体験会
・三輪車大会
・反射神経ゲーム
　※体験内容は変更となる場合があります。",,,,無料　※サイクリングイベントへの参加は、別途参加料が必要です。,鳥取県観光戦略課サイクルツーリズム振興室,0857-26-7273,,,,,,,日吉津村海浜運動公園,,,,鳥取県西伯郡日吉津村日吉津,,,,,,35.452506,133.390366,,,,,,,,,,,,,,,,,,,,,,,,,,,https://fyrmdlaujifhkocnwamy.supabase.co/storage/v1/object/public/event-images/events/1788834323074-______.jpg.jpg,,"※サイクルイベントに参加する場合は受付及びスタート時間を必ずご確認ください。
※雨天決行・荒天中止"
312029,,310000001488,米子市,シーサイドクリーンアップ弓ヶ浜2026,,,,,,https://www.city.yonago.lg.jp/item/62280.htm#itemid62280,,文化;ビジネス;アート;教育・学習,要予約;地域発見;学ぶ;仕事;ワークショップ;エコ;地域づくり,,,2026-10-18,2026-10-18,08:30:00,12:30:00,,,2026-09-08,2026-10-18,,"■日時
令和8年10月18日（日曜日）
午前8時30分から12時30分頃まで

■場所
清掃：弓ヶ浜公園周辺海浜
ワークショップ：米子市クリーンセンター

■当日のスケジュール
午前8時～  受付
午前8時30分～8時45分  開会式
午前8時45分～9時30分  海浜清掃
（会場移動）
午前9時50分～10時　ワークショップ開始式
午前10時～12時30分頃  ワークショップ（2部）

■清掃について
みんなで砂浜をきれいにします。どなたでもご参加いただけますので、ぜひご家族でご参加ください。",,,,無料,米子市環境政策課,0859-23-5256,,,,,,,弓ヶ浜公園,,,,鳥取県米子市両三柳3192-1,,,,,,35.460124,133.32328,,,,,,,,,,,,,,,,,,,,,,,,,,,https://fyrmdlaujifhkocnwamy.supabase.co/storage/v1/object/public/event-images/events/1788830788194-SCU2026_1_t.jpg.jpg,,※軍手、ゴミ袋は当日配布します。タオル、長靴、火ばさみ等は各自でご用意ください。
312011,,310000001486,鳥取市,アストロ宇宙講演会「サンプルリターンがひらく夢：月に住む？火星に生命は？」,,,,,,https://www.city.tottori.lg.jp/site/saji-tenmon/48272.html,,文化;教育・学習,自然;科学;聴く,,,2026-10-12,2026-10-12,13:30:00,15:00:00,,,2026-09-08,2026-10-12,,"小惑星探査機「はやぶさ」「はやぶさ2」のサンプル分析を担当した、三朝町にある岡山大学惑星物質研究所の名誉教授である中村栄三先生をお招きし、サンプル分析の最新情報をお伺いするとともに、これからの宇宙開発についても語っていただきます。

申込みはhttps://forms.gle/zAR9muBK8xVwbAV69＜外部リンク＞​から登録下さい
※ネットでの申し込みが難しい場合は、電話0858−89−1011へご連絡下さい",,,,無料（ただし展示見学やプラネタリウム観覧をされる場合は別途料金が必要）,さじアストロパーク,0858-89-1011,,,,,店員80名,,さじアストロパーク,,,,鳥取県鳥取市佐治町高山1071-1,,,,,,35.342085,134.119633,,,,,,,,,,,,,,,,,,,,,,,,,,,https://fyrmdlaujifhkocnwamy.supabase.co/storage/v1/object/public/event-images/events/1788828446344-48313_76257_img.jpg.jpg,,
312037,,310000001478,倉吉市,夜の図書館　ソプラノコンサート,,,,,,https://www.city.kurayoshi.lg.jp/item/8837.htm#itemid8837,,家族・子育て;エンターテイメント;音楽,子育て;ステージ;音楽;屋内;観る;聴く,,,2026-10-16,2026-10-16,18:30:00,20:30:00,,,2026-09-07,2026-10-16,,"通常開館(9:00から18:00まで)に加え、夜も開館します！
また、19:00からはソプラノコンサートを行います。

普段なかなか図書館に来れない方、音楽を楽しみたい方、ゆっくり読書したい方
どなたでもご利用いただけますので、夜の図書館で秋の夜長をお楽しみください。

■内容
夜の図書館（18:30～20:30）
本の貸出・読書や調べものなど、通常どおりご利用いただけます。
※ 中学生以下の方は保護者の同伴をお願いします

ソプラノコンサート（19:00～20:00）
図書館カウンター前の特設会場にてソプラノコンサートをおこないます。
参加無料・予約不要

※ 演奏中のカウンターサービスは貸出・返却のみとさせていただきます。
雑誌・CD棚の一部がご利用いただけませんのでご了承ください。",,,,無料,倉吉市立図書館,0858-47-1183,,,,,中学生以下の方は保護者の同伴をお願いします,,倉吉市立図書館,,,,鳥取県倉吉市駄経寺町187-1,,,,,,35.432541,133.836129,,,,,,,,,,,,,,,,,,,,,,,,,,,https://fyrmdlaujifhkocnwamy.supabase.co/storage/v1/object/public/event-images/events/1788762992406-__________2026-09-07_153607.jpg.jpg,,"演奏中のカウンターサービスは貸出・返却のみとさせていただきます。
雑誌・CD棚の一部がご利用いただけませんのでご了承ください。
図書館前の第4駐車場が満車の場合は第3駐車場をご利用ください。"
313891,,310000001473,西伯郡南部町,こころの健康相談会,,,,,,https://www.town.nanbu.tottori.jp/schedule/event/1729/,,健康・医療,要予約;健康;学ぶ;聴く;相談,,,2026-10-20,2026-10-20,13:30:00,16:15:00,,,2026-09-04,2026-10-20,,"西伯病院公認心理師がお話を伺います。利用は無料です。相談は個室でうかがい、お話しいただいた内容を他者へ伝えることはありません。ご家族からの相談も可能です。
※ 利用には予約が必要です。希望される方は、健康対策課までご連絡ください。",,,,無料,健康対策課,0859-66-5524,,,,,,,健康管理センターすこやか,,,,鳥取県西伯郡南部町倭482,,,,,,35.348513,133.325324,,,,,,,,,,,,,,,,,,,,,,,,,,,https://fyrmdlaujifhkocnwamy.supabase.co/storage/v1/object/public/event-images/events/1788498002890-__________2026-09-04_135951.jpg.jpg,,
313891,,310000001472,西伯郡南部町,認知症の方の家族のつどい,,,,,,https://www.town.nanbu.tottori.jp/schedule/event/1716/,,健康・医療,健康;考える;学ぶ;聴く,,,2026-10-23,2026-10-23,10:00:00,12:00:00,,,2026-09-04,2026-10-23,,"日にち	2026年10月23日(金)

開始時間	10:00
終了時間	12:00

会場	キナルなんぶ
住所	鳥取県西伯郡南部町法勝寺341

担当課	健康対策課
電話番号	☎0859-66-5524",,,,,健康対策課,0859-66-5524,,,,,,,キナルなんぶ,,,,鳥取県西伯郡南部町法勝寺３４１,,,,,,35.34172,133.327844,,,,,,,,,,,,,,,,,,,,,,,,,,,https://fyrmdlaujifhkocnwamy.supabase.co/storage/v1/object/public/event-images/events/1788496799085-__________2026-09-04_131433.jpg.jpg,,
313726,,310000001469,東伯郡北栄町,第1回ニュースポーツ体験教室【卓球バレー】,,,,,,https://www.e-hokuei.net/soshiki/13/8747.html,,スポーツ,スポーツ;運動する;教室,,,2026-10-18,2026-10-18,09:30:00,11:00:00,,,2026-09-04,2026-10-18,,"日頃の運動不足を解消しませんか？
ニュースポーツは、子どもから高齢者までを対象に、幅広く楽しめるスポーツとして考案されました。
競い合うことよりも楽しむことが重視され、ルールが易しく、運動量が調節でき、年齢や体力差に関係なく楽しむことができるのが特徴です。
ニュースポーツ体験教室では、スポーツ推進委員が楽しく、分かりやすく指導します。
ぜひ、ご参加ください！

卓球台をコートに、2チームがネットを挟んで卓球台を囲むように椅子に座って行うスポーツです。
板を手に持ち、サウンドボール(卓球の球の中に金属の球が入ったもの)を転がして打ち合います。
子どもから高齢者、車いすの方まで、どなたでも一緒に楽しめるユニバーサルスポーツです。",,,,無料,北栄町役場　生涯学習課　文化・スポーツ推進室,0858-37-5871,,,,,,,北栄町北条Ｂ＆Ｇ海洋センター,,,,鳥取県北栄町田井４２８１,,,,,,35.488978,133.817247,,,,,,,,,,,,,,,,,,,,,,,,,,,https://fyrmdlaujifhkocnwamy.supabase.co/storage/v1/object/public/event-images/events/1788487743387-4068.jpg.jpg,,持ち物：運動靴、飲み物、タオル
312037,,310000001457,倉吉市,令和8年度倉吉市生涯学習講座 第5回 子どもは地域の未来　～家庭・学校・地域の思いをひとつに～,,,,,,https://www.city.kurayoshi.lg.jp/item/14764.htm#itemid14764,,家族・子育て;ビジネス,要予約;子育て;話す;仕事,,,2026-11-14,2026-11-14,13:30:00,15:00:00,,,2026-09-01,2026-11-14,,"子どもが健やかに成長し、社会で生きていく力を育むためには様々な人との関わりが欠かせません。そのためには、家庭・学校・地域が一体となり、地域社会全体で子どもを守り育てていくことが大切です。
家庭・学校・地域が思いをそろえながら、子どもたちを育むための取組を一緒に考え、一歩ずつ前へ進んでいきましょう。",,,,無料,倉吉市教育委員会事務局社会教育課,0858-22-8167,,,,,,,倉吉交流プラザ,,,,鳥取県倉吉市駄経寺町187,,,,,,35.432541,133.836129,,,,,,,,,,,,,,,,,,,,,,,,,,,https://fyrmdlaujifhkocnwamy.supabase.co/storage/v1/object/public/event-images/events/1788144321680-__________2026-08-31_113640.png.png,,"※手話通訳・託児：希望される方は、開催日の2週間前までにその旨をお申込みください。
（託児は、5ヵ月〜小学校低学年まで）"
312037,,310000001456,倉吉市,第11回菅楯彦大賞展,,,,,,https://www.city.kurayoshi.lg.jp/item/14750.htm#itemid14750,,アート;文化,期間展示;歴史;自然;デザイン;屋内;観る,,,2026-09-05,2026-10-18,09:00:00,17:00:00,,,2026-09-01,2026-10-18,,"第11回菅楯彦大賞展
日本画家で、倉吉市の名誉市民でもある菅楯彦の画業を称えて1989(平成元)年に創設した菅楯彦大賞の第11回展を開催します。全国から選ばれた33名の作家が「暮らしの情景」をテーマに描いた、素敵な作品をぜひご覧ください。会期中の人気投票で「市民賞」が決定します。",,,,一般800円、大学・高校生400円,倉吉博物館・倉吉歴史民俗資料館,0858-22-4409,,,,,,,倉吉博物館,,,,鳥取県倉吉市仲ノ町3445-8,,,,,,35.428538,133.8255,,,,,,,,,,,,,,,,,,,,,,,,,,,https://fyrmdlaujifhkocnwamy.supabase.co/storage/v1/object/public/event-images/events/1788227419647-__________2026-09-01_104950.jpg.jpg,,"チケット購入者は、会期中の再入館が可能です。
次の方は無料中学生以下、障害者手帳等をお持ちの方と介助者、土曜日入館の高校生"
312037,,310000001455,倉吉市,令和8年度倉吉市生涯学習講座 第4回 子どもの未来を守る　メディアとの付き合い方,,,,,,https://www.city.kurayoshi.lg.jp/item/14764.htm#itemid14764,,家族・子育て;テクノロジー;ビジネス,要予約;子育て;IT;話す;仕事,,,2026-10-31,2026-10-31,13:30:00,15:00:00,,,2026-09-01,2026-10-31,,"テーマ：子どもの未来を守る　メディアとの付き合い方
講　師：垣本　雅史さん（鳥取県デジタルシティズンシップエデュケーター）

テレビ、SNS、インターネットに潜む危険、体への影響、心への影響について押さえたうえで、子どもを守るための方策（家庭でのルール決め、スクリーンタイム、ペアレンタルコントロールなど）について学びます。
子どもにどう伝えれば理解してもらえるか、どういうルール決めをするのがよいかなど、子どもを守るために大人がすべきことについて一緒に考えましょう。",,,,無料,倉吉市教育委員会事務局社会教育課,0858-22-8167,,,,,,,倉吉交流プラザ,,,,鳥取県倉吉市駄経寺町187,,,,,,35.432541,133.836129,,,,,,,,,,,,,,,,,,,,,,,,,,,https://fyrmdlaujifhkocnwamy.supabase.co/storage/v1/object/public/event-images/events/1788144321680-__________2026-08-31_113640.png.png,,"※手話通訳・託児：希望される方は、開催日の2週間前までにその旨をお申込みください。
（託児は、5ヵ月〜小学校低学年まで）"
312037,,310000001454,倉吉市,令和8年度倉吉市生涯学習講座 第3回ともに楽しもう　子どもと一緒にワクワク体験,,,,,,https://www.city.kurayoshi.lg.jp/item/14764.htm#itemid14764,,家族・子育て;文化;ビジネス,要予約;子育て;自然;話す;仕事,,,2026-10-24,2026-10-24,13:30:00,15:00:00,,,2026-08-31,2026-10-24,,"テーマ：ともに楽しもう　子どもと一緒にワクワク体験
講　師：近藤　剛さん（鳥取短期大学幼児教育保育学科　教授）

子どもは遊ぶのが仕事というように、遊びから多くのことを学びます。しかし、時代の変化により、ゲームのように一人で楽しめる遊びが増えたり、自然の中で体を使って遊ぶ機会は減っています。幼少期の体験は豊かな感性はもちろん、これから生きていくために必要な「自己肯定感」や「人間関係能力」などを育みます。
こうした体験は、幼少期にしてこそ大きな効果をもたらします。後悔しないために、子どもの今だから学んでおきたい体験の重要性について、一緒に学びましょう。",,,,無料,倉吉市教育委員会事務局社会教育課,0858-22-8167,,,,,,,倉吉交流プラザ,,,,鳥取県倉吉市駄経寺町187,,,,,,35.432541,133.836129,,,,,,,,,,,,,,,,,,,,,,,,,,,https://fyrmdlaujifhkocnwamy.supabase.co/storage/v1/object/public/event-images/events/1788144321680-__________2026-08-31_113640.png.png,,"※手話通訳・託児：希望される方は、開催日の2週間前までにその旨をお申込みください。
（託児は、5ヵ月〜小学校低学年まで）"
312037,,310000001453,倉吉市,令和8年度倉吉市生涯学習講座 第2回　子どもの主体性を育む　信じ認める力,,,,,,https://www.city.kurayoshi.lg.jp/item/14764.htm#itemid14764,,家族・子育て;ビジネス,要予約;子育て;話す;仕事,,,2026-10-13,2026-10-13,19:00:00,20:30:00,,,2026-08-31,2026-10-13,,"テーマ：子どもの主体性を育む　信じ認める力
講　師：寺川　志奈子さん（鳥取大学地域学部地域学科人間形成コース　教授）

「大人しくて主張しないので、将来が不安」、「頼ってくれるのはうれしいけど、親離れできないんじゃ…？」
 子育てするうえで、こんなお悩みをお持ちではありませんか？子どもは未熟な部分はありますが、未完成な存在ではありません。たとえ子どもが失敗したとしてもその結果を受け入れ認める態度が、自ら考え行動する姿勢をつくり、主体性を育みます。発達の段階に応じた、子どもへの関わり方について学びます。",,,,無料,倉吉市教育委員会事務局社会教育課,0858-22-8167,,,,,,,倉吉体育文化会館,,,,鳥取県倉吉市山根529-2,,,,,,35.449158,133.851791,,,,,,,,,,,,,,,,,,,,,,,,,,,https://fyrmdlaujifhkocnwamy.supabase.co/storage/v1/object/public/event-images/events/1788144321680-__________2026-08-31_113640.png.png,,"※手話通訳・託児：希望される方は、開催日の2週間前までにその旨をお申込みください。
（託児は、5ヵ月〜小学校低学年まで）"
310000,,310000001448,鳥取県,令和８年度県民交流事業,,,,,,https://www.pref.tottori.lg.jp/29325.htm,,健康・医療;文化,健康;地域発見;歴史;学ぶ;行政連携;観る;人数上限有,,,2026-10-28,2026-10-28,09:00:00,18:30:00,,,2026-08-28,2026-10-28,,"岡山県にある国立ハンセン病療養所長島愛生園を訪問し、歴史館、歴史回廊見学と納骨堂お参りなどを通して、私たちの社会に根深く残るハンセン病人権問題への理解を深めます。

1実施月日
令和8年 10/28(木)
9:00(集合)から18:30頃まで(予定)

2訪問先
国立療養所長島愛生園(岡山県瀬戸内市邑久町虫明)

3出発地
鳥取県中部総合事務所(倉吉市東巌城町)
※ 鳥取県中部総合事務所(倉吉市)からバスで長島愛生園へ向かいます。東部・西部からのバスはありません

4募集定員
40名程度
※ 希望者多数の場合は初めての方を優先し、抽選の上決定します。
※ 参加決定については 10/5以降に連絡します。",,,,無料 ※昼食は自己負担です。,鳥取県福祉保健部健康医療局健康政策課,0857-26-7769,,,,,,,鳥取県中部総合事務所,,,,鳥取県倉吉市東巌城町2,,,,,,35.438923,133.844513,,,,,,,,,,,,,,,,,,,,,,,,,,,https://fyrmdlaujifhkocnwamy.supabase.co/storage/v1/object/public/government-images/1774398629196-___.png.png,,バスに乗っての参加となります東部・西部からのバスはありません。
313645,,310000001443,東伯郡三朝町,令和８年度三朝町スポーツ・レクリエーション祭,,,,,,https://www.town.misasa.tottori.jp/315/319/446/332/1722/1854/,,スポーツ;健康・医療;グルメ;家族・子育て;文化,要予約;スポーツ;健康;グルメ;子育て;飲食;屋外;出会い;試す;初心者歓迎;競技;プレゼント付;祭り,,,2026-10-12,2026-10-12,09:00:00,13:00:00,,,2026-08-28,2026-10-12,,"三朝町体育協会主催事業として、三朝町スポーツ・レクリエーション祭『笑顔と元気があふれ輝くスポーツフェスティバル』を開催します。
この事業は、様々な世代がスポーツやレクリエーションを楽しみ交流を深めることで、本町のスポーツ振興を図ることを目的に開催するものです。

子どもからシニア世代までどなたでも参加でき、スポーツ・レクリエーションを楽しんでいただける企画を用意しています。


■イベント内容
(都合により内容を変更する場合があります)

①第2回三朝町エンジョイモルック大会(要事前申込)
・初心者から経験者まで誰もが安心して参加できるレクリエーション大会
・1チーム3～6名編成で小学生以上であれば性別・居住地不問、先着20チーム限定で参加募集
・勝敗より交流を重視！特別ルールで和やかな大会を開催！

②世代間ふれあい交流グラウンド・ゴルフ大会
・特別な技術がいらず、誰でも楽しめるグラウンド・ゴルフを子どもから大人まで参加できる世代間交流
大会。
・指導者がプレイ方法を教えますので、初めての方でも安心して参加できます。
・当日参加も可能です！( 10/128:00に会場内受付で御申込ください)

③スポーツバイキング「LOCK-ON！「ねらう」スポーツ大集合」
・あらゆるスポーツに共通する「ねらう」(的や目標物、相手の隙、記録)をテーマに、誰でも気軽に
楽しめるニュースポーツや体力づくりを自由に体験できます。
・ポイントラリーに参加して記念品をゲットしよう！

④グルメコーナー
・(出店者未定)etc
・こちらの参加だけでも大歓迎！

雨天時の対応及び事業中止の場合
・雨天時は少雨決行。
・荒天等により事業実施が困難と主催者が判断する場合は事業を中止します。",,,,無料,三朝町教育委員会事務局文化・スポーツ室,0858-43-3510,,三朝町体育協会,,,どなたでも自由にご参加いただけます。ただし、事前申込が必要なイベントがあります。(町外の方の参加も大歓迎！),,三朝温泉ふるさと健康むら,,,,鳥取県三朝町横手15-1,,,,,,35.412086,133.885483,,,,,,,,,,,,,,,,,,,,,,,,,,,https://fyrmdlaujifhkocnwamy.supabase.co/storage/v1/object/public/government-images/1774398764279-______.png.png,,雨天時は少雨決行荒天等により事業実施が困難と主催者が判断する場合は事業を中止します。
313297,,310000001440,八頭郡八頭町,うさぎめぐりデジタルスタンプラリー,,,,,,https://yazukanko.jp/eventcalender/dejisuta2026/,,文化;テクノロジー,伝統;歴史;IT;屋外;キャンペーン;プレゼント付;人数上限有;観光,,,2026-10-01,2026-11-30,,,,,2026-08-28,2026-11-30,,鳥取県八頭町には、「因幡の白兎」の話とは異なるもうひとつの「白兎伝説」が伝わっています。隣接された天照大神を一匹のうさぎが道案内したというストーリーで、八頭町には伝説ゆかりの場所や隠れたうさぎスポットがあります。スマホを持って「うさぎめぐり」に出かけよう！,,,,,,0858-72-6007,,八頭町観光協会,,,,,福本白兎神社,,,,鳥取県八頭郡八頭町福本,,,,,,35.414489,134.248253,,,,,,,,,,,,,,,,,,,,,,,,,,,https://fyrmdlaujifhkocnwamy.supabase.co/storage/v1/object/public/event-images/events/1787902731654-__________2026-08-28_163839.png.png,,集めたスタンプの引き換え場所は八頭町観光協会にておこないます。
313726,,310000001438,東伯郡北栄町,生誕130年前田寛治展　特別講演会　前田寛治の作品の魅力,,,,,,https://www.e-hokuei.net/site/shougaigakushu/8781.html,,アート;教育・学習,期間展示;屋内;観る;聴く;セミナー;自己啓発;人数上限有,,,2026-10-18,2026-10-18,13:30:00,15:00:00,,,2026-08-28,2026-10-18,,"前田寛治は1896(明治29)年10/1、鳥取県東伯郡中北條村(現北栄町)に生まれ、1930(昭和5)年、33歳の若さで夭逝した画家です。その短い生涯における旺盛な活動と遺された数多くの作品は、近代日本洋画史上に重要な位置を占めています。

この展覧会は前田の生誕130年を迎えるにあたり、故郷に愛蔵されている作品を中心に展示紹介します。",,,,無料,教育委員会生涯学習課北栄みらい伝承館,0858-36-4309,,北栄町教育委員会,,,,,北条農村環境改善センター,,,,鳥取県東伯郡北栄町田井7-1,,,,,,35.48051,133.822414,,,,,,,,,,,,,,,,,,,,,,,,,,,https://www.e-hokuei.net/uploaded/life/8781_11510_img.png,,
313726,,310000001436,東伯郡北栄町,生誕130年前田寛治展～故郷の愛蔵作品から～,,,,,,https://www.e-hokuei.net/site/shougaigakushu/8780.html,,アート;文化,期間展示;歴史;屋内;観る,,,2026-10-01,2026-11-15,09:00:00,17:00:00,,,2026-08-28,2026-11-15,,"前田寛治は1896(明治29)年 10/1、鳥取県東伯郡中北條村(現北栄町)に生まれ、1930(昭和5)年、33歳の若さで夭逝した画家です。その短い生涯における旺盛な活動と遺された数多くの作品は、近代日本洋画史上に重要な位置を占めています。

この展覧会は前田の生誕130年を迎えるにあたり、故郷に愛蔵されている作品を中心に展示紹介します。",,,,無料,教育委員会生涯学習課北栄みらい伝承館,0858-36-4309,,北栄町教育委員会,,,,,北栄みらい伝承館,,,,鳥取県東伯郡北栄町田井47-1,,,,,,35.479457,133.821368,,,,,,,,,,,,,,,,,,,,,,,,,,,https://www.e-hokuei.net/uploaded/life/8780_11495_img.png,,展示期間中の休館日　10/5、13日、19日、26日、 11/2となります。
312011,,310000001435,鳥取市,鳥取砂丘イリュージョン2026,,,,,,https://www.city.tottori.lg.jp/page/47586.html,,文化;エンターテイメント;アート,自然;ステージ;デザイン;行政連携;観る;季節;観光,,,2026-11-21,2026-12-06,18:00:00,21:00:00,,,2026-08-28,2026-12-06,,"今年も鳥取砂丘の恒例行事となっている「鳥取砂丘イリュージョン」を 11/21(土曜日)から開始します。
これまでのコンセプトを一新し、今年度から3年間での完成を目指す新たなイリュージョンを開催します。
イルミネーションに彩られた幻想的な鳥取砂丘で、素敵なひと時をお楽しみください。

■テーマ
『煌めく“鳥取ブルー”に染まるアートな夜』鳥取の誇る海や空の澄み切った“青”の美しさは、これからも守り未来へつなげていきたい鳥取の魅力です。この美しい鳥取の“青”をナイトシーンでも楽しんでいただけるよう、鳥取砂丘という唯一無二の自然舞台をキャンバスに、光で表現します。",,,,無料,経済観光部観光・ジオパーク推進課観光政策係,0857-30-8291,,鳥取砂丘イリュージョン実行委員会,,,,,鳥取砂丘駐車場,,,,鳥取県鳥取市福部町湯山２１６４−９７１,,,,,,35.544027,134.236967,,,,,,,,,,,,,,,,,,,,,,,,,,,https://www.city.tottori.lg.jp/uploaded/life/47586_73852_img.png,,
312011,,310000001432,鳥取市,鳥取市・明治大学協定締結10周年記念事業　パネル展2期「明治大学と鳥取市のつながり」,,,,,,https://www.city.tottori.lg.jp/page/44299.html,,アート;文化,期間展示;歴史;屋内;観る,,,2026-11-17,2026-11-26,08:30:00,19:00:00,,,2026-08-28,2026-11-26,,"鳥取市と明治大学は、明治大学の創立者の一人であり初代校長の岸本辰雄氏が鳥取市出身であることから、平成28年 11/13に連携協定を締結しました。

本協定は、本市が有する歴史・文化・産業・自然と、明治大学が有する知的資産と人材を有機的に活用し、相互の交流と発展を図ることで、地域社会への貢献と人材育成に寄与することを目的としており、これまでに学生派遣プログラムや麒麟のまちアカデミーでの連携講座の実施など、様々な連携事業を行っています。​
協定締結10周年を記念して、イベントを開催します。皆様のご来場をお待ちしております！",,,,無料,鳥取市文化センター,0857-27-5181,,,,,,,鳥取市民交流センター（麒麟squareキリンスクエア）,,,,鳥取県鳥取市幸町71番地,,,,,,35.494107,134.222719,,,,,,,,,,,,,,,,,,,,,,,,,,,https://www.city.tottori.lg.jp/uploaded/image/13610.png,,麒麟Suqare1階情報スペースにて展示いたします。
312011,,310000001431,鳥取市,鳥取市・明治大学協定締結10周年記念事業　パネル展1期「明治大学と鳥取市のつながり」,,,,,,https://www.city.tottori.lg.jp/page/44299.html,,アート;文化,期間展示;歴史;屋内;観る,,,2026-10-30,2026-11-12,09:00:00,20:00:00,,,2026-08-28,2026-11-12,,"鳥取市と明治大学は、明治大学の創立者の一人であり初代校長の岸本辰雄氏が鳥取市出身であることから、平成28年 11/13に連携協定を締結しました。

本協定は、本市が有する歴史・文化・産業・自然と、明治大学が有する知的資産と人材を有機的に活用し、相互の交流と発展を図ることで、地域社会への貢献と人材育成に寄与することを目的としており、これまでに学生派遣プログラムや麒麟のまちアカデミーでの連携講座の実施など、様々な連携事業を行っています。​
協定締結10周年を記念して、イベントを開催します。皆様のご来場をお待ちしております！",,,,無料,鳥取市文化センター,0857-27-5181,,,,,,,鳥取市文化センター,,,,鳥取県鳥取市吉方温泉3丁目701,,,,,,35.4925,134.234256,,,,,,,,,,,,,,,,,,,,,,,,,,,https://www.city.tottori.lg.jp/uploaded/image/13610.png,,
312011,,310000001429,鳥取市,鳥取市・明治大学協定締結10周年記念事業　明治大学と鳥取市のつながり「岸本辰雄と中田正子を語る」,,,,,,https://www.city.tottori.lg.jp/page/44299.html,,文化,要予約;地域発見;歴史;学ぶ;屋内;聴く;セミナー;人数上限有;トーク,,,2026-11-08,2026-11-08,10:00:00,12:00:00,,,2026-08-28,2026-11-08,,"鳥取市と明治大学は、明治大学の創立者の一人であり初代校長の岸本辰雄氏が鳥取市出身であることから、平成28年 11/13に連携協定を締結しました。

本協定は、本市が有する歴史・文化・産業・自然と、明治大学が有する知的資産と人材を有機的に活用し、相互の交流と発展を図ることで、地域社会への貢献と人材育成に寄与することを目的としており、これまでに学生派遣プログラムや麒麟のまちアカデミーでの連携講座の実施など、様々な連携事業を行っています。​
協定締結10周年を記念して、イベントを開催します。皆様のご来場をお待ちしております！",,,,無料※要整理券,企画推進部　創生企画課　企画調整係,0857-30-8012,,,,,,,鳥取市文化ホール,,,,鳥取県鳥取市吉方温泉３－７０１,,,,,,35.492457,134.234252,,,,,,,,,,,,,,,,,,,,,,,,,,,https://www.city.tottori.lg.jp/uploaded/image/13610.png,,
313726,,310000001403,東伯郡北栄町,えんトリー婚活個別相談会・登録会,,,,,,https://www.e-hokuei.net/soshiki/3/1197.html,,教育・学習,出会い;募集;ボランティア;相談,,,2026-10-10,2026-10-10,10:00:00,15:00:00,,,2026-08-25,2026-10-10,,"結婚を希望する独身の人、または独身の子をもつ親御さんを対象にえんトリー（とっとり出会いサポートセンター）の無料婚活相談会・登録会を開催します。

出会いがほしいけど、きっかけがない、登録を迷っている…
マッチングシステムや仲人さんの紹介など、詳しく内容を聞きたい人、登録を検討している人は、是非この機会にお気軽にご参加ください。",,,,無料,えんトリー倉吉センター,080-1646-1899,,,,,"出会いがほしいけど、きっかけがない、登録を迷っている…
マッチングシステムや仲人さんの紹介など、詳しく内容を聞きたい人、登録を検討している人",,大栄農村環境改善センター,,,,鳥取県東伯郡北栄町由良宿423,,,,,,35.490099,133.7583,,,,,,,,,,,,,,,,,,,,,,,,,,,https://fyrmdlaujifhkocnwamy.supabase.co/storage/v1/object/public/event-images/events/1787630890924-1115.png.png,,
313297,,310000001402,八頭郡八頭町,2026うさのわ,,,,,,https://yazukanko.jp/eventcalender/usanowa2026/,,グルメ;アート;文化,飲食;屋外;作る;ワークショップ;相談;マーケット;祭り,,,2026-11-08,2026-11-08,10:00:00,15:00:00,,,2026-08-25,2026-11-08,,"今年で４回目となる「うさのわ」イベントチラシが完成しました！
皆様のご来場をお待ちしています！

八頭町観光協会ブースでは、うさぎ水引のワークショップを行います。
事前申し込み制ですので、Googleフォームよりお申込みください。",,,,入場無料(各ブース別途料金),八頭町観光協会,0858-72-6007,,やずうさぎプロジェクト,,,,,船岡竹林公園,,,,鳥取県八頭郡八頭町西谷564-1,,,,,,35.373478,134.26662,,,,,,,,,,,,,,,,,,,,,,,,,,,https://yazukanko.jp/wp-content/uploads/2026/08/f9c710d1194e1b7fdd0d30ad51e1b942.jpg,,"小雨決行・荒天中止
雨天時は規模を縮小して開催"
313726,,310000001385,東伯郡北栄町,令和9年北栄町成人式～二十歳の集い～,,,,,,https://www.e-hokuei.net/soshiki/13/1912.html,,文化,伝統;歴史;出会い;式典,,,2027-01-03,2027-01-03,10:00:00,11:00:00,,,2026-08-19,2027-01-03,,"開催日
令和9年1月3日(時間・日程）
受　　付：9時20分から9時50分
式　　典：10時から
記念撮影：11時から

会場
北栄町北条農村環境改善センター
(北栄町田井7番地1)

参加対象者
平成18年(2006年)4月2日から平成19年(2007年)4月1日までに生まれた人で下記いずれかに該当する方

(1)北栄町内在住者
(2)北条小学校・大栄小学校卒業生
(3)北条中学校・大栄中学校卒業生
(4)その他(1)～(3)に該当しないが、現在父母が町内に在住する等の理由で出席を希望する者


対象者宛てに9月上旬頃、案内通知を郵送します。
申込方法については案内通知に記載しますので、ご確認ください。
※案内通知は「実行委員会募集通知(令和8年2月郵送済み)」を郵送したご住所に送付します。

　・住所、氏名等変更のある方
　・対象者だが「実行委員会募集通知(令和8年2月郵送済み)​」が届いていない方
　上記の方は8月末までに下記連絡先までお問い合わせください。

連絡先
北栄町役場　生涯学習課 文化スポーツ推進室
T E L ：0858-37-5871
E-mail：seijin@e-hokuei.net",,,,無料,北栄町役場　生涯学習課 文化スポーツ推進室,0858-37-5871,,,,,,,北条農村環境改善センター,,,,鳥取県東伯郡北栄町田井7-1,,,,,,35.48051,133.822414,,,,,,,,,,,,,,,,,,,,,,,,,,,https://fyrmdlaujifhkocnwamy.supabase.co/storage/v1/object/public/government-images/1774398814429-______.png.png,,
314030,,310000001366,日野郡江府町,奥大山自然塾,,,,,,https://www.town-kofu.jp/2/1/2/m535/w913/,,文化;エンターテイメント,歴史;自然;考える;屋外;教室;遊ぶ,,,2026-04-01,2026-11-30,09:30:00,16:00:00,,,2026-08-18,2026-11-30,,"今年度も奥大山自然塾が開校しました！
地球環境を学び、未来の地球を考えるための環境教育プログラムを提供する「奥大山自然塾」が開校しました。

みなさまのお申し込みをお待ちしています！

所在地：鳥取県日野郡江府町大字御机８３７番地１３

開校時期 ： 4月1日から11月30日（その他の期間は出張自然塾を実施しています。御相談ください）
営  業  日 ： 団体：毎週木曜日、夏休み期間（7月20日～8月25日）は毎週火曜日、木曜日　　　　　　　　　　　　　　　　　                      個人：毎月第2土曜日
営業時間 ： 午前　9：30～12：00　　午後　13：30～16：00
催行人数 ： 個人  3名以上、団体  10名以上
ご予約〆切：体験日の2週間前まで

御利用料金（江府町内在住者：無料）
◆個人（3名以上で実施）
　・大    人：3,000円（ただし、奥大山ファンクラブ加入者は、2,000円、同伴者は不可）
　・子ども：1,500円（子どもは小学校から高校生の方とします。奥大山ファンクラブに加入している大人　　　　　
　同伴の時は1,000円）    
    未就学児は無料 （保護者または引率者同伴でお願いします。）
 
◆団体（10人以上での参加）
　・大　人：1名につき、3,000円    （ただし、奥大山ファンクラブ加入者は、2,000円、同伴者は不可）
　・子ども：1名につき、800円
　　未就学児は無料 （保護者または引率者同伴でお願いします。）
 
◆団体で一日利用の場合（時間：9：30～16：00の間）
　・大　人：１名につき、3,000円　（ただし、奥大山ファンクラブ加入者は、2,000円、同伴者は不可）
　・子ども：１名につき、1,000円
　　未就学児は無料 （保護者または引率者同伴でお願いします。）
 
◆県内学校教育活動（校外学習等）につきましては、お問合せ下さい。

◆個人での参加は１名様よりお申込みいただけますが、最少催行人数は３名以上とさせていただきます。
　最少催行人数に達しなかった場合は、実施日の10日前にご連絡いたします",,,,イベント説明に記載（江府町内在住者：無料）,江府町役場　総務課　奥大山自然塾担当,0859-75-2211,,,,,,,エバーランド奥大山,,,,鳥取県日野郡江府町御机大平原837-13,,,,,,35.339489,133.55583,,,,,,,,,,,,,,,,,,,,,,,,,,,https://fyrmdlaujifhkocnwamy.supabase.co/storage/v1/object/public/event-images/events/1787016028871-2ling-he-7nian-panhu.jpg__700x493_q85_subsampling-2.jpg.jpg,,"水やお茶など水分補給できるものを水筒やペットボトル等でご持参ください。
常備薬・頓服薬（エピペン等）をお持ちの方は必ずご持参ください。
虫よけスプレーなどは必要に応じてご自身でご用意ください。"
310000,,310000001365,鳥取県,とっとりの農業魅力体験ツアー,,,,,,https://www.pref.tottori.lg.jp/item/1434579.htm#itemid1434579,,ビジネス;文化,要予約;経済;自然;学ぶ;屋外;募集;仕事;相談,,,2026-10-17,2026-10-18,,,,,2026-08-17,2026-10-18,,"とっとりの農業魅力体験ツアー（令和８年１０月１７日、１８日）

１　参集範囲
鳥取県内での就農を希望または検討されている方１５名まで（最少催行人数５名）

２　申込方法
主催者へのメールまたはFAXによる参加申込書提出　（開催チラシ(pdf:2958KB)裏面）
参加希望の方は、下に示したスタイルで必須項目（３）～（１３）を記入の上、必ず（２）のとおりの題名を付けて、（１）の宛先にメールで申し込んで下さい。メールを使用出来ない場合は、同様の内容をFAXにて送信願います。
（１）宛　先：keieishien@pref.tottori.lg.jp
（２）題　名：「とっとりの農業魅力体験ツアー申込」
（３）氏　名：〇〇〇〇
（４）連絡先：電話番号（日中に連絡が取れること）〇〇〇－〇〇〇〇－〇〇〇〇
（５）E-mail：〇〇〇〇＠〇〇〇〇
（６）住　所：（町村名まで）〇〇都道府県〇〇郡市〇〇町村
（７）生年月日：（昭和・平成・令和）〇〇年〇〇月〇〇日

（８）性別：男/女/その他
（９）集合場所：中部総合事務所/倉吉駅　※１
（10）解散場所：中部総合事務所/倉吉駅　※１
（11）宿泊：必要/不要　※２

（12）夕食会：参加/欠席　※３

（13）広報等への写真使用：可/否　※４

※１ 集合及び解散の希望場所を選択してください。
※２ 宿泊料金は6,800円（税込）/名です。宿泊先到着時に直接「ホテル東伯イン（東伯郡琴浦町八橋２１１）」へお支払いください。
※３ 生産者等との意見交換会兼夕食（石見会館：東伯郡琴浦町徳万４４３－１）の料金は、事務局（JA全農とっとり）が負担します。
※４ ツアー中に事務局にて撮影を行う場合があります。広告等への写真使用の可否をご教示ください。

３　申込期限
令和８年９月１８日（金）

４　参加可否の連絡
電子メールまたは電話による返信（当センターから申込者様へ）

５　参加費
無料（希望者に限り要宿泊費：税込6,800円（現地にて実費負担）、集合場所までの交通費自己負担）",,,,無料（宿泊費別途）,相談員：寺田　健太郎,0857-26-7262,,,,,県内での就農を希望または検討されている方１５名まで（最少催行人数５名）,,鳥取県中部総合事務所,,,,鳥取県倉吉市東巌城町2,,,,,,35.438923,133.844513,,,,,,,,,,,,,,,,,,,,,,,,,,,https://fyrmdlaujifhkocnwamy.supabase.co/storage/v1/object/public/event-images/events/1788153222498-______.jpg.jpg,,
312037,,310000001364,倉吉市,WMG2027関西200日前トレーニングキャンプ,,,,,,https://www.city.kurayoshi.lg.jp/item/14509.htm#itemid14509,,スポーツ,スポーツ;競技;募集,,,2026-10-31,2026-11-01,,,,,2026-08-17,2026-11-01,,"令和8年 10/31(土)
11:00～12:00受付
12:15～12:30開会セレモニー
12:30～14:30トレーニング①(コース2～4周)
15:00～17:00トレーニング②(コース2～4周)

11/1(日)
8:30～9:00受付
9:00～11:00トレーニング③(コース2～4周)
11:00～13:00トレーニング④(コース2～4周)

※ 参加者は各自の日程、体力に応じてトレーニング①～④を選択して参加。

■場所
倉吉市・北栄町特設ロードコース(1周16.2km)

■集合場所
倉吉自転車競技場(鳥取県倉吉市桜68-24)

募集人数
200人程度(各トレーニング先着50人程度)

■参加費
3,000円(交通警備費、救護費、障害保険料等に充てる)",,,,"3,000円",ＷＭＧ2027関西自転車競技倉吉市・北栄町実行委員会事務局,0858-27-1625,,,,,ＷＭＧ2027関西自転車競技ロードレースのエントリー者もしくはエントリー予定者,,倉吉自転車競技場,,,,鳥取県倉吉市桜字後口山６８２３,,,,,,35.428576,133.702219,,,,,,,,,,,,,,,,,,,,,,,,,,,https://fyrmdlaujifhkocnwamy.supabase.co/storage/v1/object/public/event-images/events/1786930982719-__________2026-08-17_104246.png.png,,
312037,,310000001360,倉吉市,特設人権相談所,,,,,,https://www.city.kurayoshi.lg.jp/item/2615.htm#itemid2615,,その他,考える;話す;屋内;相談,,,2026-10-30,2026-10-30,13:00:00,15:00:00,,,2026-08-11,2026-10-30,,"鳥取地方法務局及び鳥取県人権擁護委員連合会では、身近に起こる人権に関する問題を解決に導く取り組みとして、年間を通して特設人権相談所を開設しています。
相談は無料で、秘密は固く守られます。

相談時間
13:00～15:00

令和8年 9/14(月曜日)
市役所第2庁舎301会議室

令和8年 9/25(金曜日)
関金高齢者生活福祉センター

令和8年 10/19(月曜日)
市役所第2庁舎301会議室

令和8年 10/30(金曜日)
関金高齢者生活福祉センター

鳥取地方法務局人権擁護課、鳥取地方法務局倉吉支局及び米子支局においても、平日の8:30～17:15までの間、相談を受け付けます。
ナビダイヤル0570-003-110

■お問い合わせ先
鳥取地方法務局人権擁護課
電話番号 0857-22-2289",,,,無料,鳥取地方法務局人権擁護課,0857-22-2289,,,,,,,倉吉市社会福祉協議会 高齢者生活福祉センター,,,,鳥取県倉吉市関金町関金宿１１１５−２,,,,,,35.364462,133.758962,,,,,,,,,,,,,,,,,,,,,,,,,,,https://fyrmdlaujifhkocnwamy.supabase.co/storage/v1/object/public/government-images/1774398676589-___.png.png,,市役所第2庁舎301会議室にて開催
312037,,310000001359,倉吉市,特設人権相談所,,,,,,https://www.city.kurayoshi.lg.jp/item/2615.htm#itemid2615,,その他,考える;話す;屋内;相談,,,2026-10-19,2026-10-19,13:00:00,15:00:00,,,2026-08-11,2026-10-19,,"鳥取地方法務局及び鳥取県人権擁護委員連合会では、身近に起こる人権に関する問題を解決に導く取り組みとして、年間を通して特設人権相談所を開設しています。
相談は無料で、秘密は固く守られます。

相談時間
13:00～15:00

令和8年 9/14(月曜日)
市役所第2庁舎301会議室

令和8年 9/25(金曜日)
関金高齢者生活福祉センター

令和8年 10/19(月曜日)
市役所第2庁舎301会議室

令和8年 10/30(金曜日)
関金高齢者生活福祉センター

鳥取地方法務局人権擁護課、鳥取地方法務局倉吉支局及び米子支局においても、平日の8:30～17:15までの間、相談を受け付けます。
ナビダイヤル0570-003-110

■お問い合わせ先
鳥取地方法務局人権擁護課
電話番号 0857-22-2289",,,,無料,鳥取地方法務局人権擁護課,0857-22-2289,,,,,,,倉吉市市役所第二庁舎,,,,鳥取県倉吉市堺町2丁目,,,,,,35.432827,133.827968,,,,,,,,,,,,,,,,,,,,,,,,,,,https://fyrmdlaujifhkocnwamy.supabase.co/storage/v1/object/public/government-images/1774398676589-___.png.png,,市役所第2庁舎301会議室にて開催
312011,,310000001350,鳥取市,第４０回鳥取砂丘らっきょう花マラソン大会,,,,,,https://www.city.tottori.lg.jp/event/houdou/46904.html,,健康・医療;エンターテイメント;スポーツ,健康;元気な;屋外;運動する;募集;観光,,,2026-10-25,2026-10-25,08:00:00,08:00:00,,,2026-08-11,2027-08-07,,"概要
鳥取砂丘オアシス広場を発着点とし、１０ｋｍ・５ｋｍ・３ｋｍ、ウォーク（３ｋｍ）をらっきょう花畑特設コースを走る健康マラソン大会です。

目的
鳥取市の花である「らっきょうの花」が咲くらっきょう花畑コースを走りながら、青く澄み渡る山陰海岸や鳥取砂丘の美しさを体感していただくとともに、「らっきょうの里福部町」を発信する。また、「ふくべ砂丘らっきょう」の販売促進、鳥取砂丘観光の振興を図る。

日時
2026年10月25日 08時00分

主催者・共催者
主　　催：鳥取砂丘らっきょう花マラソン大会実行委員会
共　　催：鳥取市・鳥取市教育委員会
特別協賛：福部らっきょう生産組合・鳥取いなば農業協同組合

参加者（またはおおよその参加人数）
エントリー先着１，０００名
（8/7時点エントリー５２６名）",,,,"2,000～3,000円",福部町総合支所　産業建設課,0857-30-8666,,鳥取砂丘らっきょう花マラソン大会実行委員会,,,,,県立鳥取砂丘オアシス広場,,,,鳥取県鳥取市福部町湯山２１６４−７５４,,,,,,35.549681,134.24495,,,,,,,,,,,,,,,,,,,,,,,,,,,https://fyrmdlaujifhkocnwamy.supabase.co/storage/v1/object/public/event-images/events/1786412848612-__________2026-08-11_104711.png.png,,
313891,,310000001340,西伯郡南部町,聴こえの相談会,,,,,,https://www.town.nanbu.tottori.jp/schedule/event/1752/,,健康・医療,要予約;健康;考える;話す;相談,,,2027-02-10,2027-02-10,13:40:00,15:40:00,,,2026-08-10,2027-02-10,,年齢を重ねると、自分でも気づかないうちに聴力が低下していることがあります。聴こえにくさをそのままにせず、今の聴こえの状態やこれからの対応などを知り、いつまでも生き生きとした生活を送りましょう。,,,,,健康対策課,0859-66-5524,,,,,,,健康管理センターすこやか,,,,鳥取県西伯郡南部町倭482,,,,,,35.348513,133.325324,,,,,,,,,,,,,,,,,,,,,,,,,,,https://fyrmdlaujifhkocnwamy.supabase.co/storage/v1/object/public/event-images/events/1786330118924-__________2026-08-10_114246.png.png,,事前予約が必要です。問い合わせ先にご連絡ください。
313891,,310000001339,西伯郡南部町,聴こえの相談会,,,,,,https://www.town.nanbu.tottori.jp/schedule/event/1752/,,健康・医療,要予約;健康;考える;話す;相談,,,2027-01-13,2027-01-13,13:40:00,15:40:00,,,2026-08-10,2027-01-13,,年齢を重ねると、自分でも気づかないうちに聴力が低下していることがあります。聴こえにくさをそのままにせず、今の聴こえの状態やこれからの対応などを知り、いつまでも生き生きとした生活を送りましょう。,,,,,健康対策課,0859-66-5524,,,,,,,健康管理センターすこやか,,,,鳥取県西伯郡南部町倭482,,,,,,35.348513,133.325324,,,,,,,,,,,,,,,,,,,,,,,,,,,https://fyrmdlaujifhkocnwamy.supabase.co/storage/v1/object/public/event-images/events/1786330118924-__________2026-08-10_114246.png.png,,事前予約が必要です。問い合わせ先にご連絡ください。
313891,,310000001338,西伯郡南部町,聴こえの相談会,,,,,,https://www.town.nanbu.tottori.jp/schedule/event/1752/,,健康・医療,要予約;健康;考える;話す;相談,,,2026-12-09,2026-12-09,13:40:00,15:40:00,,,2026-08-10,2026-12-09,,年齢を重ねると、自分でも気づかないうちに聴力が低下していることがあります。聴こえにくさをそのままにせず、今の聴こえの状態やこれからの対応などを知り、いつまでも生き生きとした生活を送りましょう。,,,,,健康対策課,0859-66-5524,,,,,,,健康管理センターすこやか,,,,鳥取県西伯郡南部町倭482,,,,,,35.348513,133.325324,,,,,,,,,,,,,,,,,,,,,,,,,,,https://fyrmdlaujifhkocnwamy.supabase.co/storage/v1/object/public/event-images/events/1786330118924-__________2026-08-10_114246.png.png,,事前予約が必要です。問い合わせ先にご連絡ください。
313891,,310000001336,西伯郡南部町,聴こえの相談会,,,,,,https://www.town.nanbu.tottori.jp/schedule/event/1752/,,健康・医療,要予約;健康;考える;話す;相談,,,2026-11-11,2026-11-11,13:40:00,15:40:00,,,2026-08-10,2026-11-11,,年齢を重ねると、自分でも気づかないうちに聴力が低下していることがあります。聴こえにくさをそのままにせず、今の聴こえの状態やこれからの対応などを知り、いつまでも生き生きとした生活を送りましょう。,,,,,健康対策課,0859-66-5524,,,,,,,健康管理センターすこやか,,,,鳥取県西伯郡南部町倭482,,,,,,35.348513,133.325324,,,,,,,,,,,,,,,,,,,,,,,,,,,https://fyrmdlaujifhkocnwamy.supabase.co/storage/v1/object/public/event-images/events/1786330118924-__________2026-08-10_114246.png.png,,事前予約が必要です。問い合わせ先にご連絡ください。
313891,,310000001335,西伯郡南部町,聴こえの相談会,,,,,,https://www.town.nanbu.tottori.jp/schedule/event/1752/,,健康・医療,要予約;健康;考える;話す;相談,,,2026-10-14,2026-10-14,13:40:00,15:40:00,,,2026-08-10,2026-10-14,,年齢を重ねると、自分でも気づかないうちに聴力が低下していることがあります。聴こえにくさをそのままにせず、今の聴こえの状態やこれからの対応などを知り、いつまでも生き生きとした生活を送りましょう。,,,,,健康対策課,0859-66-5524,,,,,,,健康管理センターすこやか,,,,鳥取県西伯郡南部町倭482,,,,,,35.348513,133.325324,,,,,,,,,,,,,,,,,,,,,,,,,,,https://fyrmdlaujifhkocnwamy.supabase.co/storage/v1/object/public/event-images/events/1786330118924-__________2026-08-10_114246.png.png,,事前予約が必要です。問い合わせ先にご連絡ください。
312037,,310000001319,倉吉市,傾聴ボランティア養成公開講座,,,,,,https://www.city.kurayoshi.lg.jp/item/9098.htm#itemid9098,,家族・子育て;教育・学習,子育て;学ぶ;屋内;聴く;初心者歓迎;セミナー;自己啓発;人数上限有;トーク,,,2026-11-21,2026-11-21,13:30:00,15:00:00,,,2026-08-07,2026-11-21,,"傾聴ボランティア「あいりす」は、より良い人間関係が広がる社会への貢献を目指し、日々の細やかな活動を行っています。この度、令和8年度の「公開講座」及び「入門講座」を開催いたします。いずれの講座も、参加費無料・事前のお申し込みは不要です。ぜひお気軽にご参加ください。

■日時
第1回令和8年 9/12(土曜日)
 13:30～15:00 
第2回令和8年 11/21(土曜日) 
 13:30～15:00
※ 両日とも13:00より受付を開始いたします。

■講師
第1回野田諭氏(鳥取短期大学幼児教育保育学科助教)
第2回天野依子氏(指談の会ゆびさき代表)

■定員
40名(事前申込み不要)
参加無料 

■お問い合わせ先
傾聴ボランティア「あいりす」
TEL 090-6418-9129 (担当礒谷)",,,,無料,傾聴ボランティア「あいりす」　担当礒谷,090-6418-9129,,,,,,,倉吉福祉センター,,,,鳥取県倉吉市福吉町1400,,,,,,35.433952,133.817276,,,,,,,,,,,,,,,,,,,,,,,,,,,https://fyrmdlaujifhkocnwamy.supabase.co/storage/v1/object/public/event-images/events/1786085433092-__________2026-08-07_154954.png.png,,
313289,,310000001244,八頭郡智頭町,智頭町民ボッチャ大会,,,,,,https://www1.town.chizu.tottori.jp/chizu/events/g165/,,スポーツ;文化,スポーツ;運動する;募集;地域づくり,,,2026-10-12,2026-10-12,09:00:00,12:00:00,,,2026-07-24,2026-10-12,,"智頭町民ボッチャ大会を開催します！
昨年までは地区対抗で競っていましたが、今年からオープン参加型とし、どなたでも参加可能です。
現在、参加者募集をしていますので、ぜひご参加ください！",,,,,智頭町体育協会事務局,0858₋75-3113,,,,,,,智頭勤労者体育センター,,,,鳥取県智頭町智頭１０６８−８,,,,,,35.265175,134.237819,,,,,,,,,,,,,,,,,,,,,,,,,,,https://fyrmdlaujifhkocnwamy.supabase.co/storage/v1/object/public/event-images/events/1784878240069-__________2026-07-24_161713.png.png,,"駐車場　智頭勤労者体育センター駐車場、智頭中学校駐車場、ちづ保育園駐車場
申し込み　チラシ裏面の申込書に必要事項を記入のうえ、智頭町総合センター事務所までご提出ください。"
312011,,310000001216,鳥取市,ルネサンス　望遠鏡の新しい時代,,,,,,https://www.city.tottori.lg.jp/site/saji-tenmon/45412.html,,文化;エンターテイメント,歴史;観る;聴く;映像,,,2026-07-23,2026-11-15,10:30:00,16:00:00,,,2026-07-20,2026-11-15,,"プラネタリウム番組「ルネサンス　望遠鏡の新しい時代」
公開天文台100周年に合わせて望遠鏡がテーマの作品を上映します。人類はなぜ星空や宇宙に魅せられるのでしょうか。",,,,一般（高校生以上）600円　小・中学生200円,教育委員会,0858-89-1011,,,,,,,さじアストロパーク,,,,鳥取県鳥取市佐治町高山1071-1,,,,,,35.342085,134.119633,,,,,,,,,,,,,,,,,,,,,,,,,,,https://fyrmdlaujifhkocnwamy.supabase.co/storage/v1/object/public/event-images/events/1784524879075-45412_67335_img.png.png,,
312029,,310000001211,米子市,事業承継個別相談会,,,,,,https://www.city.yonago.lg.jp/item/61734.htm#itemid61734,,ビジネス,経済;考える;話す;屋内;仕事;人数上限有;相談,,,2026-10-19,2026-10-19,09:00:00,12:00:00,,,2026-07-20,2026-10-19,,中小企業経営者や個人事業主向けに、親族内承継、従業員承継、第三者承継など、事業の引継ぎでお悩みの方を対象に、鳥取県事業承継・引継ぎ支援センターの専門家による個別相談会を開催します。無料・秘密厳守で相談に応じます。,,,,無料,米子市役所商工課,0859-23-5217,,米子市,,,事業承継について相談を希望する、市内の中小企業経営者、個人事業主のみなさま。,,米子市役所本庁舎,,,,鳥取県米子市加茂町1丁目1,,,,,,35.428135,133.330933,,,,,,,,,,,,,,,,,,,,,,,,,,,https://fyrmdlaujifhkocnwamy.supabase.co/storage/v1/object/public/event-images/events/1784513069492-__________2026-07-20_110209.png.png,,2階201会議室にて開催いたします。
312029,,310000001168,米子市,見て触って城山自然ツアー,,,,,,https://www.city.yonago.lg.jp/item/62123.htm#itemid62123,,文化;家族・子育て,自然;生き物,,,2026-10-31,2026-10-31,10:00:00,14:00:00,,,2026-07-10,2026-10-31,,"城山の生き物を、見て、触って、感じることができる自然観察ツアーを開催します。
自然観察の専門家と一緒に散策してみませんか。
アプリ「アースセイバークエスト」を使用し、観察会で見つけた動植物を撮影して図鑑に登録。参加者には、アースセイバーグッズを記念品としてプレゼントします！",,,,無料,文化振興課,0859-23-5438,,,,,,,湊山公園,,,,鳥取県米子市西町,,,,,,35.428094,133.321266,,,,,,,,,,,,,,,,,,,,,,,,,,,https://fyrmdlaujifhkocnwamy.supabase.co/storage/v1/object/public/government-images/1774398658585-___.png.png,,"定員20名(小学生
持ち物：弁当、飲み物、歩きなれた靴、雨具、あれば虫眼鏡、双眼鏡、カメラなど以下は保護者同伴)"
310000,,310000001072,鳥取県,第八回万葉の郷とっとりけん全国高校生短歌大会,,,,,,https://www.pref.tottori.lg.jp/329086.htm,,文化,歴史;学ぶ;屋内;文学,,,2026-11-14,2026-11-14,13:30:00,15:45:00,,,2026-06-26,2026-11-14,,万葉歌人である山上憶良と大伴家持の二人が国司として赴任した、万葉集ゆかりの地・鳥取県を広く全国に発信するとともに、若い世代が日本古来の文化である短歌に親しむきっかけとするため、今年で第8回目となる「万葉の郷とっとりけん全国高校生短歌大会」を開催します。,,,,無料,鳥取県地域社会振興部文化政策課,0857-26-7843,,,,,"令和8年度に高等学校(中等教育学校の後期課程を含む。)、特別支援学校高等部、高等専門学校(3年まで)に在籍している生徒。
ただし、個人部門に限り、令和8年度中に16～18歳に到達する方も対象

※ 出場チームは、大会後の交流会&万葉の郷ツアーに参加できます(無料)。

※ 交通費・宿泊費として1チームあたり上限15万円を支給します。",,とりぎん文化会館,,,,鳥取県鳥取市尚徳町101-5,,,,,,35.501805,134.237102,,,,,,,,,,,,,,,,,,,,,,,,,,,https://www.pref.tottori.lg.jp/secure/1428473/2026manyoutankataikai_A4_1.jpg,,"第1会議室にて開催いたします。
※ 出場チームは、大会後の交流会&万葉の郷ツアーに参加できます(無料)。
※ 交通費・宿泊費として1チームあたり上限15万円を支給します。"
312011,,310000001033,鳥取市,さじアストロパークコレクションシリーズ2「メシエ天体」,,,,,,https://www.city.tottori.lg.jp/site/saji-tenmon/43811.html,,アート,期間展示;写真,,,2026-06-17,2026-11-29,,,,,2026-06-19,2026-11-29,,さじアストロパークコレクションシリーズ2「メシエ天体」1994年7月オープン以来、さじアストロパークが公開天文台としてこれまで記録した星の写真の中から、メシエ天体について紹介します。美しい星雲や星団・銀河の天体写真とともに宇宙の神秘にふれてみましょう。,,,,一般(高校生以上)300円、こども(中学生以下)無料 ※ 入館料として,さじアストロパーク,0858-89-1011,,,,,,,さじアストロパーク,,,,鳥取県鳥取市佐治町高山1071-1,,,,,,35.342085,134.119633,,,,,,,,,,,,,,,,,,,,,,,,,,,https://fyrmdlaujifhkocnwamy.supabase.co/storage/v1/object/public/event-images/events/1781855680563-43811_62507_img.png.png,,
312029,,310000001010,米子市,台湾輸出商談会 in 境港,,,,,,https://www.city.yonago.lg.jp/item/61888.htm#itemid61888,,ビジネス;教育・学習,経済;学ぶ;屋内;出会い;聴く;セミナー;募集;自己啓発,,,2026-10-22,2026-10-22,09:30:00,16:30:00,,,2026-06-12,2026-10-22,,"米子市が参画する中海・宍道湖・大山圏域市長会は、台北市と締結した交流促進協定に基づき経済連携を進めています。このたび台湾からバイヤーを招いた「台湾輸出商談会」を開催します。
通訳付きで参加費無料です。事前セミナーもありますので安心して商談に臨めます。ぜひご参加ください。

■商談会内容
台湾バイヤー(飲食料品分野)3～4社が来日予定",,,,無料,台湾交流事業実行委員会,0852-55-5056,,中海・宍道湖・大山圏域市長会,,,飲食料品を扱う山陰エリアの企業,,夢みなとタワー,,,,鳥取県境港市竹内団地255-3,,,,,,35.51978,133.259185,,,,,,,,,,,,,,,,,,,,,,,,,,,https://fyrmdlaujifhkocnwamy.supabase.co/storage/v1/object/public/event-images/events/1781254744763-__________2026-06-12_175854.png.png,,
310000,,310000000992,鳥取県,とっとり日野路を満喫！サイクリングフェスティバル,,,,,,https://www.pref.tottori.lg.jp/324321.htm,,健康・医療;グルメ;文化;スポーツ,健康;グルメ;自然;飲食;運動する,,,2026-11-15,2026-11-15,08:30:00,,,,2026-06-09,2026-11-15,,"■開催日
令和8年 11/15(日)(受付開始8:30～)
スタート/ゴール地点
江府町立総合体育館(鳥取県日野郡江府町洲河崎)

■種目
ロングライド
定員120名(※ 中学生以上)
コース82.9km
スタート9:30
参加費5,000円(※ 親子割引あり、詳細は申込ページをご確認ください)

ショートライド
定員80名(※ 小学生以上。また、小学生の参加は保護者同伴が必要)
コース21km
スタート10:00
参加費3,000円(※ 親子割引あり、詳細は申込ページをご確認ください)

■ゲストライダー
自転車系YouTuberおおやようこ氏",,,,"3,000 ～ 5,000円",日野郡サイクリングイベント開催事業実行委員会（鳥取県日野振興センター内）,0859-72-2080,,,,,,,江府町立総合体育館,,,,鳥取県日野郡江府町洲河崎62,,,,,,,,,,,,,,,,,,,,,,,,,,,,,,,,,,https://fyrmdlaujifhkocnwamy.supabase.co/storage/v1/object/public/event-images/events/1780995581096-HPyou.png.png,,
312045,,310000000976,境港市,ビジネスマッチング商談・展示会 in 境港,,,,,,https://www.city.sakaiminato.lg.jp/index.php?view=112499,,ビジネス,経済;出会い,,,2026-10-22,2026-10-22,09:30:00,16:30:00,,,2026-06-08,2026-10-22,,"中海・宍道湖・大山圏域市長会では、圏域に立地している「ものづくり」関連企業の取引拡大を図るため、事前調整型のマッチング商談・展示会を開催しています。
本年度は、境港市で下記のとおり開催します。例年、関東・関西・九州など圏域外の企業のほか、今年は台湾バイヤーも複数参加予定ですので、新たな企業との出会いの場として、ぜひご参加ください。",,,,無料,中海・宍道湖・大山圏域ものづくり連携事業実行委員会 事務局ものづくり産業支援センター(松江市産業経済部),0852-60-7101,,中海・宍道湖・大山圏域ものづくり連携事業実行委員会,,,,,夢みなとタワー,,,,鳥取県境港市竹内団地255-3,,,,,,35.51978,133.259185,,,,,,,,,,,,,,,,,,,,,,,,,,,https://fyrmdlaujifhkocnwamy.supabase.co/storage/v1/object/public/event-images/events/1780904548512-__________2026-06-08_160705.png.png,,"エントリー期限
令和8年(2026年) 7/31(金"
313718,,310000000958,東伯郡琴浦町,ことうら家族の集い,,,,,,https://www.town.kotoura.tottori.jp/docs/2026040300045/,,健康・医療,健康;考える;話す;相談,,,2027-01-13,2027-01-13,10:00:00,11:30:00,,,2026-06-02,2027-01-13,,"ご家族を介護されている方、介護を経験された方の集いです
 
現在ご家族の介護をしておられる方や介護を経験された方が、日頃抱えている悩みや思いを分かち合ったり、情報交換をしたり、何でも話し合える場です。
また、介護家族OBや「認知症の人と家族の会鳥取県支部」の方から、アドバイスを受けることもできます。
みなさまお誘い合わせのうえ、気軽にお越しください。",,,,,琴浦町地域包括支援センター,0858-52-1525,,,,,,,八橋地区公民館,,,,鳥取県東伯郡琴浦町八橋239-13,,,,,,35.505431,133.681235,,,,,,,,,,,,,,,,,,,,,,,,,,,https://www.town.kotoura.tottori.jp/docs/2026040300045/files/illust2281.png,,
313866,,310000000823,西伯郡大山町,大山町スマホ相談カフェ,,,,,,https://www.daisen.jp/chosei/9/2/event/w870/,,テクノロジー;グルメ,IT;考える;飲食;落ち着いた;話す;相談,,,2027-03-17,2027-03-17,10:00:00,11:30:00,,,2026-05-13,2027-03-17,,"中山公民館ロビーでスマホ相談カフェを行います。事前の申込みは不要です。
スマホでお困りのことや疑問など、お気軽におこし下さい。

■日時
毎月第3水曜日 ※1月2月はお休み
10時から11時30分まで",,,,300円,中山公民館,0858-58-2334,,,,,,,中山公民館,,,,鳥取県大山町塩津３６８,,,,,,35.520569,133.570651,,,,,,,,,,,,,,,,,,,,,,,,,,,https://fyrmdlaujifhkocnwamy.supabase.co/storage/v1/object/public/event-images/events/1778633479333-__________2026-05-13_095103.png.png,,1階 ロビーにて開催
313866,,310000000822,西伯郡大山町,大山町スマホ相談カフェ,,,,,,https://www.daisen.jp/chosei/9/2/event/w870/,,テクノロジー;グルメ,IT;考える;飲食;落ち着いた;話す;相談,,,2026-12-16,2026-12-16,10:00:00,11:30:00,,,2026-05-13,2026-12-16,,"中山公民館ロビーでスマホ相談カフェを行います。事前の申込みは不要です。
スマホでお困りのことや疑問など、お気軽におこし下さい。

■日時
毎月第3水曜日 ※1月2月はお休み
10時から11時30分まで",,,,300円,中山公民館,0858-58-2334,,,,,,,中山公民館,,,,鳥取県大山町塩津３６８,,,,,,35.520569,133.570651,,,,,,,,,,,,,,,,,,,,,,,,,,,https://fyrmdlaujifhkocnwamy.supabase.co/storage/v1/object/public/event-images/events/1778633479333-__________2026-05-13_095103.png.png,,1階 ロビーにて開催
313866,,310000000821,西伯郡大山町,大山町スマホ相談カフェ,,,,,,https://www.daisen.jp/chosei/9/2/event/w870/,,テクノロジー;グルメ,IT;考える;飲食;落ち着いた;話す;相談,,,2026-11-18,2026-11-18,10:00:00,11:30:00,,,2026-05-13,2026-11-18,,"中山公民館ロビーでスマホ相談カフェを行います。事前の申込みは不要です。
スマホでお困りのことや疑問など、お気軽におこし下さい。

■日時
毎月第3水曜日 ※1月2月はお休み
10時から11時30分まで",,,,300円,中山公民館,0858-58-2334,,,,,,,中山公民館,,,,鳥取県大山町塩津３６８,,,,,,35.520569,133.570651,,,,,,,,,,,,,,,,,,,,,,,,,,,https://fyrmdlaujifhkocnwamy.supabase.co/storage/v1/object/public/event-images/events/1778633479333-__________2026-05-13_095103.png.png,,1階 ロビーにて開催
313866,,310000000820,西伯郡大山町,大山町スマホ相談カフェ,,,,,,https://www.daisen.jp/chosei/9/2/event/w870/,,テクノロジー;グルメ,IT;考える;飲食;落ち着いた;話す;相談,,,2026-10-21,2026-10-21,10:00:00,11:30:00,,,2026-05-13,2026-10-21,,"中山公民館ロビーでスマホ相談カフェを行います。事前の申込みは不要です。
スマホでお困りのことや疑問など、お気軽におこし下さい。

■日時
毎月第3水曜日 ※1月2月はお休み
10時から11時30分まで",,,,300円,中山公民館,0858-58-2334,,,,,,,中山公民館,,,,鳥取県大山町塩津３６８,,,,,,35.520569,133.570651,,,,,,,,,,,,,,,,,,,,,,,,,,,https://fyrmdlaujifhkocnwamy.supabase.co/storage/v1/object/public/event-images/events/1778633479333-__________2026-05-13_095103.png.png,,1階 ロビーにて開催
312037,,310000000797,倉吉市,自然ウォッチング 春の打吹山を見よう,,,,,,https://www.city.kurayoshi.lg.jp/12563.htm,,文化,地域発見;歴史;自然;屋内;季節;人数上限有,,,2027-03-27,2027-03-27,09:30:00,,,,2026-05-08,2027-03-27,,"日付　2027年3月27日（土曜日）

開始時間　9時30分

集合場所　倉吉博物館正面玄関前

活動場所　打吹山 

定員　30名

お問い合わせ先
倉吉博物館・倉吉歴史民俗資料館
〒682-0824 鳥取県倉吉市仲ノ町3445-8
TEL: 0858-22-4409 FAX: 0858-22-4415
MAIL: k-museum@city.kurayoshi.lg.jp",,,,,倉吉博物館・倉吉歴史民俗資料館,0858-22-4409,,,,,,,倉吉博物館,,,,鳥取県倉吉市仲ノ町3445-8,,,,,,35.428538,133.8255,,,,,,,,,,,,,,,,,,,,,,,,,,,https://fyrmdlaujifhkocnwamy.supabase.co/storage/v1/object/public/government-images/1774398676589-___.png.png,,
312037,,310000000796,倉吉市,自然ウォッチング国府川の水鳥を見よう,,,,,,https://www.city.kurayoshi.lg.jp/12563.htm,,文化,地域発見;歴史;自然;屋内;防災;人数上限有,,,2027-01-11,2027-01-11,09:30:00,,,,2026-05-08,2027-01-11,,"日付　2027年1月11日（月曜日・祝日）

開始時間　9時30分

集合場所　倉吉市防災センター

活動場所　国府川河川敷

定員　20名

お問い合わせ先
倉吉博物館・倉吉歴史民俗資料館
〒682-0824 鳥取県倉吉市仲ノ町3445-8
TEL: 0858-22-4409 FAX: 0858-22-4415
MAIL: k-museum@city.kurayoshi.lg.jp",,,,,倉吉博物館・倉吉歴史民俗資料館,0858-22-4409,,,,,,,倉吉市防災センター,,,,鳥取県倉吉市福守町415-2,,,,,,35.437248,133.805603,,,,,,,,,,,,,,,,,,,,,,,,,,,https://fyrmdlaujifhkocnwamy.supabase.co/storage/v1/object/public/government-images/1774398676589-___.png.png,,
312037,,310000000795,倉吉市,自然ウォッチング天神川のサケを見よう,,,,,,https://www.city.kurayoshi.lg.jp/12563.htm,,文化,地域発見;歴史;自然;屋内;人数上限有,,,2026-11-15,2026-11-15,10:00:00,,,,2026-05-08,2026-11-15,,"日付　11月15日（日曜日）

開始時間　10時00分

集合場所　天神川右岸河川敷

活動場所　天神川右岸河川敷

定員　100人

お問い合わせ先
倉吉博物館・倉吉歴史民俗資料館
〒682-0824 鳥取県倉吉市仲ノ町3445-8
TEL: 0858-22-4409 FAX: 0858-22-4415
MAIL: k-museum@city.kurayoshi.lg.jp",,,,,倉吉博物館・倉吉歴史民俗資料館,0858-22-4409,,,,,,,天神川右岸河川敷,,,,鳥取県倉吉市上井,,,,,,35.454135,133.841636,,,,,,,,,,,,,,,,,,,,,,,,,,,https://fyrmdlaujifhkocnwamy.supabase.co/storage/v1/object/public/government-images/1774398676589-___.png.png,,
312037,,310000000794,倉吉市,自然ウォッチング土星と秋の星座を見よう,,,,,,https://www.city.kurayoshi.lg.jp/12563.htm,,文化,地域発見;歴史;自然;屋内;季節,,,2026-10-17,2026-10-17,19:30:00,,,,2026-05-08,2026-10-17,,"日付　10月17日（土曜日）

開始時間　19時30分

集合場所　倉吉博物館裏駐車場

活動場所　倉吉博物館裏駐車場

お問い合わせ先
倉吉博物館・倉吉歴史民俗資料館
〒682-0824 鳥取県倉吉市仲ノ町3445-8
TEL: 0858-22-4409 FAX: 0858-22-4415
MAIL: k-museum@city.kurayoshi.lg.jp",,,,,倉吉博物館・倉吉歴史民俗資料館,0858-22-4409,,,,,,,倉吉博物館,,,,鳥取県倉吉市仲ノ町3445-8,,,,,,35.428538,133.8255,,,,,,,,,,,,,,,,,,,,,,,,,,,https://fyrmdlaujifhkocnwamy.supabase.co/storage/v1/object/public/government-images/1774398676589-___.png.png,,
313297,,310000000777,八頭郡八頭町,はやぶさにちようマーケット,,,,,,https://yazukanko.jp/eventcalender/hayabusa_market/,,グルメ;文化;家族・子育て;エンターテイメント;アート,グルメ;地域発見;子育て;自然;買う;飲食;元気な;屋外;出会い;複数出店;自由な;ワークショップ;地域づくり;クラフト;マーケット;遊ぶ,,,2026-12-06,2026-12-06,11:00:00,15:00:00,,,2026-05-08,2026-12-06,,"隼Lab.の日曜日をにぎやかに彩る「はやぶさにちようマーケット」は、2026年で8年目を迎えます。
今年は“遊び”をテーマに開催！
これまで大切にしてきた“偶然の楽しさ”や“人との出会い”に加えて、もっと自然に人が関わり、楽しめるきっかけをつくりたいという想いから、「遊び」をテーマに開催します。
子どもも大人も、ただ“買う”だけではなく、思わず手を動かしたくなる、参加したくなる。
そんな体験が、マーケットで生まれていくことを目指します。
隼Lab.の空間を活かしながら、お店・体験・遊びがゆるやかに混ざり合い、気づけば長く過ごしてしまうような、日曜日のマーケットへ。
今年は、出店だけでなく、来場者が楽しめる仕掛けも取り入れていきます。
これまでのにちようマーケットの良さはそのままに、少しだけ新しい楽しみ方を加えた一年を、みなさんと一緒につくっていけたら嬉しいです。",,,,,,,,,,,,,隼LAB（はやぶさラボ）,,,,鳥取県八頭郡八頭町見槻中154-2,,,,,,35.386935,134.268851,,,,,,,,,,,,,,,,,,,,,,,,,,,https://yazukanko.jp/wp-content/uploads/2026/05/6e651d2dcb177576992e3e97207231d1.jpg,,
313297,,310000000776,八頭郡八頭町,はやぶさにちようマーケット,,,,,,https://yazukanko.jp/eventcalender/hayabusa_market/,,グルメ;文化;家族・子育て;エンターテイメント;アート,グルメ;地域発見;子育て;自然;買う;飲食;元気な;屋外;出会い;複数出店;自由な;ワークショップ;地域づくり;クラフト;マーケット;遊ぶ,,,2026-10-25,2026-10-25,11:00:00,15:00:00,,,2026-05-08,2026-10-25,,"隼Lab.の日曜日をにぎやかに彩る「はやぶさにちようマーケット」は、2026年で8年目を迎えます。
今年は“遊び”をテーマに開催！
これまで大切にしてきた“偶然の楽しさ”や“人との出会い”に加えて、もっと自然に人が関わり、楽しめるきっかけをつくりたいという想いから、「遊び」をテーマに開催します。
子どもも大人も、ただ“買う”だけではなく、思わず手を動かしたくなる、参加したくなる。
そんな体験が、マーケットで生まれていくことを目指します。
隼Lab.の空間を活かしながら、お店・体験・遊びがゆるやかに混ざり合い、気づけば長く過ごしてしまうような、日曜日のマーケットへ。
今年は、出店だけでなく、来場者が楽しめる仕掛けも取り入れていきます。
これまでのにちようマーケットの良さはそのままに、少しだけ新しい楽しみ方を加えた一年を、みなさんと一緒につくっていけたら嬉しいです。",,,,,,,,,,,,,隼LAB（はやぶさラボ）,,,,鳥取県八頭郡八頭町見槻中154-2,,,,,,35.386935,134.268851,,,,,,,,,,,,,,,,,,,,,,,,,,,https://yazukanko.jp/wp-content/uploads/2026/05/6e651d2dcb177576992e3e97207231d1.jpg,,
313700,,310000000766,東伯郡湯梨浜町,湯梨浜町家族のつどい,,,,,,https://www.yurihama.jp/soshiki/12/1859.html,,健康・医療,健康;考える;話す;屋内;相談,,,2027-03-24,2027-03-24,10:00:00,12:00:00,,,2026-05-08,2027-03-24,,"湯梨浜町では、認知症の方の介護者を対象に、次のとおり、家族のつどいを開催しています。介護についての悩みをひとりで抱えず、同じ環境の方々と話し合いの機会を持ち、介護に関するさまざまな情報や知識を共有しませんか。

初めての方でもお気軽にご参加下さい。",,,,,,,,,,,,,湯梨浜町中央公民館 羽合分館,,,,鳥取県東伯郡湯梨浜町はわい長瀬584,,,,,,35.487204,133.865461,,,,,,,,,,,,,,,,,,,,,,,,,,,https://fyrmdlaujifhkocnwamy.supabase.co/storage/v1/object/public/event-images/events/1778203177928-__________2026-05-08_101921.png.png,,11:30～12:00まで個別相談をお受けします。(要事前連絡)
313700,,310000000765,東伯郡湯梨浜町,湯梨浜町家族のつどい,,,,,,https://www.yurihama.jp/soshiki/12/1859.html,,健康・医療,健康;考える;話す;屋内;相談,,,2027-02-24,2027-02-24,10:00:00,12:00:00,,,2026-05-08,2027-02-24,,"湯梨浜町では、認知症の方の介護者を対象に、次のとおり、家族のつどいを開催しています。介護についての悩みをひとりで抱えず、同じ環境の方々と話し合いの機会を持ち、介護に関するさまざまな情報や知識を共有しませんか。

初めての方でもお気軽にご参加下さい。",,,,,,,,,,,,,湯梨浜町中央公民館 羽合分館,,,,鳥取県東伯郡湯梨浜町はわい長瀬584,,,,,,35.487204,133.865461,,,,,,,,,,,,,,,,,,,,,,,,,,,https://fyrmdlaujifhkocnwamy.supabase.co/storage/v1/object/public/event-images/events/1778203177928-__________2026-05-08_101921.png.png,,11:30～12:00まで個別相談をお受けします。(要事前連絡)
313700,,310000000764,東伯郡湯梨浜町,湯梨浜町家族のつどい,,,,,,https://www.yurihama.jp/soshiki/12/1859.html,,健康・医療,健康;考える;話す;屋内;相談,,,2027-01-27,2027-01-27,10:00:00,12:00:00,,,2026-05-08,2027-01-27,,"湯梨浜町では、認知症の方の介護者を対象に、次のとおり、家族のつどいを開催しています。介護についての悩みをひとりで抱えず、同じ環境の方々と話し合いの機会を持ち、介護に関するさまざまな情報や知識を共有しませんか。

初めての方でもお気軽にご参加下さい。",,,,,,,,,,,,,湯梨浜町中央公民館 羽合分館,,,,鳥取県東伯郡湯梨浜町はわい長瀬584,,,,,,35.487204,133.865461,,,,,,,,,,,,,,,,,,,,,,,,,,,https://fyrmdlaujifhkocnwamy.supabase.co/storage/v1/object/public/event-images/events/1778203177928-__________2026-05-08_101921.png.png,,11:30～12:00まで個別相談をお受けします。(要事前連絡)
313700,,310000000763,東伯郡湯梨浜町,湯梨浜町家族のつどい,,,,,,https://www.yurihama.jp/soshiki/12/1859.html,,健康・医療,健康;考える;話す;屋内;相談,,,2026-12-23,2026-12-23,10:00:00,12:00:00,,,2026-05-08,2026-12-23,,"湯梨浜町では、認知症の方の介護者を対象に、次のとおり、家族のつどいを開催しています。介護についての悩みをひとりで抱えず、同じ環境の方々と話し合いの機会を持ち、介護に関するさまざまな情報や知識を共有しませんか。

初めての方でもお気軽にご参加下さい。",,,,,,,,,,,,,湯梨浜町中央公民館 羽合分館,,,,鳥取県東伯郡湯梨浜町はわい長瀬584,,,,,,35.487204,133.865461,,,,,,,,,,,,,,,,,,,,,,,,,,,https://fyrmdlaujifhkocnwamy.supabase.co/storage/v1/object/public/event-images/events/1778203177928-__________2026-05-08_101921.png.png,,11:30～12:00まで個別相談をお受けします。(要事前連絡)
313700,,310000000762,東伯郡湯梨浜町,湯梨浜町家族のつどい,,,,,,https://www.yurihama.jp/soshiki/12/1859.html,,健康・医療,健康;考える;話す;屋内;相談,,,2026-11-25,2026-11-25,10:00:00,12:00:00,,,2026-05-08,2026-11-25,,"湯梨浜町では、認知症の方の介護者を対象に、次のとおり、家族のつどいを開催しています。介護についての悩みをひとりで抱えず、同じ環境の方々と話し合いの機会を持ち、介護に関するさまざまな情報や知識を共有しませんか。

初めての方でもお気軽にご参加下さい。",,,,,,,,,,,,,湯梨浜町中央公民館 羽合分館,,,,鳥取県東伯郡湯梨浜町はわい長瀬584,,,,,,35.487204,133.865461,,,,,,,,,,,,,,,,,,,,,,,,,,,https://fyrmdlaujifhkocnwamy.supabase.co/storage/v1/object/public/event-images/events/1778203177928-__________2026-05-08_101921.png.png,,11:30～12:00まで個別相談をお受けします。(要事前連絡)
313700,,310000000761,東伯郡湯梨浜町,湯梨浜町家族のつどい,,,,,,https://www.yurihama.jp/soshiki/12/1859.html,,健康・医療,健康;考える;話す;屋内;相談,,,2026-10-28,2026-10-28,10:00:00,12:00:00,,,2026-05-08,2026-10-28,,"湯梨浜町では、認知症の方の介護者を対象に、次のとおり、家族のつどいを開催しています。介護についての悩みをひとりで抱えず、同じ環境の方々と話し合いの機会を持ち、介護に関するさまざまな情報や知識を共有しませんか。

初めての方でもお気軽にご参加下さい。",,,,,,,,,,,,,湯梨浜町中央公民館 羽合分館,,,,鳥取県東伯郡湯梨浜町はわい長瀬584,,,,,,35.487204,133.865461,,,,,,,,,,,,,,,,,,,,,,,,,,,https://fyrmdlaujifhkocnwamy.supabase.co/storage/v1/object/public/event-images/events/1778203177928-__________2026-05-08_101921.png.png,,11:30～12:00まで個別相談をお受けします。(要事前連絡)
313718,,310000000688,東伯郡琴浦町,もの忘れ相談,,,,,,https://www.town.kotoura.tottori.jp/docs/2019040800073/,,健康・医療,健康;考える;話す;相談,,,2027-02-16,2027-02-16,13:30:00,14:30:00,,,2026-04-21,2027-02-16,,"☆頭の健康チェック(タッチパネルTDAS検査)
☆認知症専門医師による個別相談
 
 ≪予約方法≫
電話 でご予約ください。
電話 (0858)52-1525琴浦町地域包括支援センター",,,,,琴浦町地域包括支援センター,(0858)52-1525,,,,,"最近、もの忘れが気になる方
家族にもの忘れの症状があり、専門医の面談を希望される方",,琴浦町役場,,,,鳥取県東伯郡琴浦町徳万591-2,,,,,,35.495369,133.693329,,,,,,,,,,,,,,,,,,,,,,,,,,,https://fyrmdlaujifhkocnwamy.supabase.co/storage/v1/object/public/event-images/events/1776758408637-__________2026-04-21_165944.png.png,,お薬手帳を持参しご参加ください
312037,,310000000671,倉吉市,元気！はつらつ！音読教室,,,,,,https://www.city.kurayoshi.lg.jp/item/3772.htm#itemid3772,,健康・医療;家族・子育て,健康;子育て;学ぶ;屋内;出会い;初心者歓迎;人数上限有;教室,,,2027-03-18,2027-03-18,10:30:00,11:30:00,,,2026-04-17,2027-03-18,,"みんなで、声を出して音読してみませんか!
声に出して読むことにより、脳の活性化、認知症予防等に期待できると言われています。
昔話や詩、絵本、論語など多岐にわたる音読を行います。
どなたでも参加していただけます。ぜひご参加ください!
 絵本や詩など、様々なジャンルの本をご用意します。",,,,無料,倉吉市立図書館,0858-47-1183,,,,,開催の3日前までにお申し込みください。,,倉吉交流プラザ,,,,鳥取県倉吉市駄経寺町187,,,,,,35.432541,133.836129,,,,,,,,,,,,,,,,,,,,,,,,,,,https://fyrmdlaujifhkocnwamy.supabase.co/storage/v1/object/public/event-images/events/1776414930856-__________2026-04-17_173350.png.png,,"テキストは図書館で用意します。
水分補給の飲み物をご持参ください。"
312037,,310000000670,倉吉市,元気！はつらつ！音読教室,,,,,,https://www.city.kurayoshi.lg.jp/item/3772.htm#itemid3772,,健康・医療;家族・子育て,健康;子育て;学ぶ;屋内;出会い;初心者歓迎;人数上限有;教室,,,2027-02-18,2027-02-18,10:30:00,11:30:00,,,2026-04-17,2027-02-18,,"みんなで、声を出して音読してみませんか!
声に出して読むことにより、脳の活性化、認知症予防等に期待できると言われています。
昔話や詩、絵本、論語など多岐にわたる音読を行います。
どなたでも参加していただけます。ぜひご参加ください!
 絵本や詩など、様々なジャンルの本をご用意します。",,,,無料,倉吉市立図書館,0858-47-1183,,,,,開催の3日前までにお申し込みください。,,倉吉交流プラザ,,,,鳥取県倉吉市駄経寺町187,,,,,,35.432541,133.836129,,,,,,,,,,,,,,,,,,,,,,,,,,,https://fyrmdlaujifhkocnwamy.supabase.co/storage/v1/object/public/event-images/events/1776414930856-__________2026-04-17_173350.png.png,,"テキストは図書館で用意します。
水分補給の飲み物をご持参ください。"
312037,,310000000669,倉吉市,元気！はつらつ！音読教室,,,,,,https://www.city.kurayoshi.lg.jp/item/3772.htm#itemid3772,,健康・医療;家族・子育て,健康;子育て;学ぶ;屋内;出会い;初心者歓迎;人数上限有;教室,,,2027-01-21,2027-01-21,10:30:00,11:30:00,,,2026-04-17,2027-01-21,,"みんなで、声を出して音読してみませんか!
声に出して読むことにより、脳の活性化、認知症予防等に期待できると言われています。
昔話や詩、絵本、論語など多岐にわたる音読を行います。
どなたでも参加していただけます。ぜひご参加ください!
 絵本や詩など、様々なジャンルの本をご用意します。",,,,無料,倉吉市立図書館,0858-47-1183,,,,,開催の3日前までにお申し込みください。,,倉吉交流プラザ,,,,鳥取県倉吉市駄経寺町187,,,,,,35.432541,133.836129,,,,,,,,,,,,,,,,,,,,,,,,,,,https://fyrmdlaujifhkocnwamy.supabase.co/storage/v1/object/public/event-images/events/1776414930856-__________2026-04-17_173350.png.png,,"テキストは図書館で用意します。
水分補給の飲み物をご持参ください。"
312037,,310000000668,倉吉市,元気！はつらつ！音読教室,,,,,,https://www.city.kurayoshi.lg.jp/item/3772.htm#itemid3772,,健康・医療;家族・子育て,健康;子育て;学ぶ;屋内;出会い;初心者歓迎;人数上限有;教室,,,2026-12-17,2026-12-17,10:30:00,11:30:00,,,2026-04-17,2026-12-17,,"みんなで、声を出して音読してみませんか!
声に出して読むことにより、脳の活性化、認知症予防等に期待できると言われています。
昔話や詩、絵本、論語など多岐にわたる音読を行います。
どなたでも参加していただけます。ぜひご参加ください!
 絵本や詩など、様々なジャンルの本をご用意します。",,,,無料,倉吉市立図書館,0858-47-1183,,,,,開催の3日前までにお申し込みください。,,倉吉交流プラザ,,,,鳥取県倉吉市駄経寺町187,,,,,,35.432541,133.836129,,,,,,,,,,,,,,,,,,,,,,,,,,,https://fyrmdlaujifhkocnwamy.supabase.co/storage/v1/object/public/event-images/events/1776414930856-__________2026-04-17_173350.png.png,,"テキストは図書館で用意します。
水分補給の飲み物をご持参ください。"
312037,,310000000667,倉吉市,元気！はつらつ！音読教室,,,,,,https://www.city.kurayoshi.lg.jp/item/3772.htm#itemid3772,,健康・医療;家族・子育て,健康;子育て;学ぶ;屋内;出会い;初心者歓迎;人数上限有;教室,,,2026-11-19,2026-11-19,10:30:00,11:30:00,,,2026-04-17,2026-11-19,,"みんなで、声を出して音読してみませんか!
声に出して読むことにより、脳の活性化、認知症予防等に期待できると言われています。
昔話や詩、絵本、論語など多岐にわたる音読を行います。
どなたでも参加していただけます。ぜひご参加ください!
 絵本や詩など、様々なジャンルの本をご用意します。",,,,無料,倉吉市立図書館,0858-47-1183,,,,,開催の3日前までにお申し込みください。,,倉吉交流プラザ,,,,鳥取県倉吉市駄経寺町187,,,,,,35.432541,133.836129,,,,,,,,,,,,,,,,,,,,,,,,,,,https://fyrmdlaujifhkocnwamy.supabase.co/storage/v1/object/public/event-images/events/1776414930856-__________2026-04-17_173350.png.png,,"テキストは図書館で用意します。
水分補給の飲み物をご持参ください。"
312037,,310000000666,倉吉市,元気！はつらつ！音読教室,,,,,,https://www.city.kurayoshi.lg.jp/item/3772.htm#itemid3772,,健康・医療;家族・子育て,健康;子育て;学ぶ;屋内;出会い;初心者歓迎;人数上限有;教室,,,2026-10-15,2026-10-15,10:30:00,11:30:00,,,2026-04-17,2026-10-15,,"みんなで、声を出して音読してみませんか!
声に出して読むことにより、脳の活性化、認知症予防等に期待できると言われています。
昔話や詩、絵本、論語など多岐にわたる音読を行います。
どなたでも参加していただけます。ぜひご参加ください!
 絵本や詩など、様々なジャンルの本をご用意します。",,,,無料,倉吉市立図書館,0858-47-1183,,,,,開催の3日前までにお申し込みください。,,倉吉交流プラザ,,,,鳥取県倉吉市駄経寺町187,,,,,,35.432541,133.836129,,,,,,,,,,,,,,,,,,,,,,,,,,,https://fyrmdlaujifhkocnwamy.supabase.co/storage/v1/object/public/event-images/events/1776414930856-__________2026-04-17_173350.png.png,,"テキストは図書館で用意します。
水分補給の飲み物をご持参ください。"
313840,,310000000657,西伯郡日吉津村,ノルディック・ウォーク教室,,,,,,https://www.hiezu.jp/%e3%83%8e%e3%83%ab%e3%83%87%e3%82%a3%e3%83%83%e3%82%af%e3%83%bb%e3%82%a6%e3%82%a9%e3%83%bc%e3%82%af%e6%95%99%e5%ae%a4/,,スポーツ;グルメ,スポーツ;飲食;屋外;運動する;教室,,,2027-03-20,2027-03-20,13:30:00,15:00:00,,,2026-04-17,2027-03-20,,"ノルディック・ウォーク教室を開催します

２本のポールを使って歩くノルディック・ウォークの教室を、全日本ノルディック・ウォーク連盟公認指導員さんの指導で令和８年度も４月から開催します。
初めての方はもちろん既に取り組んでおられる方も、気軽にご参加ください。",,,,無料（貸し出し用ポールも無料です）,日吉津村役場 福祉保健課,0859-27-5952,,日吉津村健康づくり連絡会・日吉津村健康づくり推進協議会,,,,,日吉津村農業者トレーニングセンター,,,,鳥取県西伯郡日吉津村日吉津村,,,,,,35.442044,133.379201,,,,,,,,,,,,,,,,,,,,,,,,,,,https://fyrmdlaujifhkocnwamy.supabase.co/storage/v1/object/public/event-images/events/1776399900522-__________2026-04-17_131846.png.png,,ポールを持っておられる方は、ご持参ください。
313840,,310000000656,西伯郡日吉津村,ノルディック・ウォーク教室,,,,,,https://www.hiezu.jp/%e3%83%8e%e3%83%ab%e3%83%87%e3%82%a3%e3%83%83%e3%82%af%e3%83%bb%e3%82%a6%e3%82%a9%e3%83%bc%e3%82%af%e6%95%99%e5%ae%a4/,,スポーツ;エンターテイメント,スポーツ;元気な;屋外;運動する;教室,,,2027-02-26,2027-02-26,13:30:00,15:00:00,,,2026-04-17,2027-02-26,,"ノルディック・ウォーク教室を開催します

２本のポールを使って歩くノルディック・ウォークの教室を、全日本ノルディック・ウォーク連盟公認指導員さんの指導で令和８年度も４月から開催します。
初めての方はもちろん既に取り組んでおられる方も、気軽にご参加ください。",,,,無料（貸し出し用ポールも無料です）,日吉津村役場 福祉保健課,0859-27-5952,,日吉津村健康づくり連絡会・日吉津村健康づくり推進協議会,,,,,日吉津村農業者トレーニングセンター,,,,鳥取県西伯郡日吉津村日吉津村,,,,,,35.442044,133.379201,,,,,,,,,,,,,,,,,,,,,,,,,,,https://fyrmdlaujifhkocnwamy.supabase.co/storage/v1/object/public/event-images/events/1776399900522-__________2026-04-17_131846.png.png,,ポールを持っておられる方は、ご持参ください。
313840,,310000000655,西伯郡日吉津村,ノルディック・ウォーク教室,,,,,,https://www.hiezu.jp/%e3%83%8e%e3%83%ab%e3%83%87%e3%82%a3%e3%83%83%e3%82%af%e3%83%bb%e3%82%a6%e3%82%a9%e3%83%bc%e3%82%af%e6%95%99%e5%ae%a4/,,スポーツ;エンターテイメント,スポーツ;元気な;屋外;運動する;教室,,,2027-01-29,2027-01-29,13:30:00,15:00:00,,,2026-04-17,2027-01-29,,"ノルディック・ウォーク教室を開催します

２本のポールを使って歩くノルディック・ウォークの教室を、全日本ノルディック・ウォーク連盟公認指導員さんの指導で令和８年度も４月から開催します。
初めての方はもちろん既に取り組んでおられる方も、気軽にご参加ください。",,,,無料（貸し出し用ポールも無料です）,日吉津村役場 福祉保健課,0859-27-5952,,日吉津村健康づくり連絡会・日吉津村健康づくり推進協議会,,,,,日吉津村農業者トレーニングセンター,,,,鳥取県西伯郡日吉津村日吉津村,,,,,,35.442044,133.379201,,,,,,,,,,,,,,,,,,,,,,,,,,,https://fyrmdlaujifhkocnwamy.supabase.co/storage/v1/object/public/event-images/events/1776399900522-__________2026-04-17_131846.png.png,,ポールを持っておられる方は、ご持参ください。
313840,,310000000654,西伯郡日吉津村,ノルディック・ウォーク教室,,,,,,https://www.hiezu.jp/%e3%83%8e%e3%83%ab%e3%83%87%e3%82%a3%e3%83%83%e3%82%af%e3%83%bb%e3%82%a6%e3%82%a9%e3%83%bc%e3%82%af%e6%95%99%e5%ae%a4/,,スポーツ;エンターテイメント,スポーツ;元気な;屋外;運動する;教室,,,2026-12-19,2026-12-19,13:30:00,15:00:00,,,2026-04-17,2026-12-19,,"ノルディック・ウォーク教室を開催します

２本のポールを使って歩くノルディック・ウォークの教室を、全日本ノルディック・ウォーク連盟公認指導員さんの指導で令和８年度も４月から開催します。
初めての方はもちろん既に取り組んでおられる方も、気軽にご参加ください。",,,,無料（貸し出し用ポールも無料です）,日吉津村役場 福祉保健課,0859-27-5952,,日吉津村健康づくり連絡会・日吉津村健康づくり推進協議会,,,,,日吉津村農業者トレーニングセンター,,,,鳥取県西伯郡日吉津村日吉津村,,,,,,35.442044,133.379201,,,,,,,,,,,,,,,,,,,,,,,,,,,https://fyrmdlaujifhkocnwamy.supabase.co/storage/v1/object/public/event-images/events/1776399900522-__________2026-04-17_131846.png.png,,ポールを持っておられる方は、ご持参ください。
313840,,310000000653,西伯郡日吉津村,ノルディック・ウォーク教室,,,,,,https://www.hiezu.jp/%e3%83%8e%e3%83%ab%e3%83%87%e3%82%a3%e3%83%83%e3%82%af%e3%83%bb%e3%82%a6%e3%82%a9%e3%83%bc%e3%82%af%e6%95%99%e5%ae%a4/,,スポーツ;エンターテイメント,スポーツ;元気な;屋外;運動する;教室,,,2026-11-27,2026-11-27,13:30:00,15:00:00,,,2026-04-17,2026-11-27,,"ノルディック・ウォーク教室を開催します

２本のポールを使って歩くノルディック・ウォークの教室を、全日本ノルディック・ウォーク連盟公認指導員さんの指導で令和８年度も４月から開催します。
初めての方はもちろん既に取り組んでおられる方も、気軽にご参加ください。",,,,無料（貸し出し用ポールも無料です）,日吉津村役場 福祉保健課,0859-27-5952,,日吉津村健康づくり連絡会・日吉津村健康づくり推進協議会,,,,,日吉津村農業者トレーニングセンター,,,,鳥取県西伯郡日吉津村日吉津村,,,,,,35.442044,133.379201,,,,,,,,,,,,,,,,,,,,,,,,,,,https://fyrmdlaujifhkocnwamy.supabase.co/storage/v1/object/public/event-images/events/1776399900522-__________2026-04-17_131846.png.png,,ポールを持っておられる方は、ご持参ください。
313840,,310000000652,西伯郡日吉津村,ノルディック・ウォーク教室,,,,,,https://www.hiezu.jp/%e3%83%8e%e3%83%ab%e3%83%87%e3%82%a3%e3%83%83%e3%82%af%e3%83%bb%e3%82%a6%e3%82%a9%e3%83%bc%e3%82%af%e6%95%99%e5%ae%a4/,,スポーツ;エンターテイメント,スポーツ;元気な;屋外;運動する;教室,,,2026-10-23,2026-10-23,13:30:00,15:00:00,,,2026-04-17,2026-10-23,,"ノルディック・ウォーク教室を開催します

２本のポールを使って歩くノルディック・ウォークの教室を、全日本ノルディック・ウォーク連盟公認指導員さんの指導で令和８年度も４月から開催します。
初めての方はもちろん既に取り組んでおられる方も、気軽にご参加ください。",,,,無料（貸し出し用ポールも無料です）,日吉津村役場 福祉保健課,0859-27-5952,,日吉津村健康づくり連絡会・日吉津村健康づくり推進協議会,,,,,日吉津村農業者トレーニングセンター,,,,鳥取県西伯郡日吉津村日吉津村,,,,,,35.442044,133.379201,,,,,,,,,,,,,,,,,,,,,,,,,,,https://fyrmdlaujifhkocnwamy.supabase.co/storage/v1/object/public/event-images/events/1776399900522-__________2026-04-17_131846.png.png,,ポールを持っておられる方は、ご持参ください。
313718,,310000000644,東伯郡琴浦町,ことうら家族の集い,,,,,,https://www.town.kotoura.tottori.jp/docs/2026040300045/,,健康・医療,健康;考える;話す;相談,,,2027-03-10,2027-03-10,10:00:00,11:30:00,,,2026-04-15,2027-03-10,,"ご家族を介護されている方、介護を経験された方の集いです
 
現在ご家族の介護をしておられる方や介護を経験された方が、日頃抱えている悩みや思いを分かち合ったり、情報交換をしたり、何でも話し合える場です。
また、介護家族OBや「認知症の人と家族の会鳥取県支部」の方から、アドバイスを受けることもできます。
みなさまお誘い合わせのうえ、気軽にお越しください。",,,,,琴浦町地域包括支援センター,0858-52-1525,,,,,,,八橋地区公民館,,,,鳥取県東伯郡琴浦町八橋239-13,,,,,,35.505431,133.681235,,,,,,,,,,,,,,,,,,,,,,,,,,,https://www.town.kotoura.tottori.jp/docs/2026040300045/files/illust2281.png,,
313718,,310000000643,東伯郡琴浦町,ことうら家族の集い,,,,,,https://www.town.kotoura.tottori.jp/docs/2026040300045/,,健康・医療,健康;考える;話す;相談,,,2027-02-10,2027-02-10,10:00:00,11:30:00,,,2026-04-15,2027-01-13,,"ご家族を介護されている方、介護を経験された方の集いです
 
現在ご家族の介護をしておられる方や介護を経験された方が、日頃抱えている悩みや思いを分かち合ったり、情報交換をしたり、何でも話し合える場です。
また、介護家族OBや「認知症の人と家族の会鳥取県支部」の方から、アドバイスを受けることもできます。
みなさまお誘い合わせのうえ、気軽にお越しください。",,,,,琴浦町地域包括支援センター,0858-52-1525,,,,,,,八橋地区公民館,,,,鳥取県東伯郡琴浦町八橋239-13,,,,,,35.505431,133.681235,,,,,,,,,,,,,,,,,,,,,,,,,,,https://www.town.kotoura.tottori.jp/docs/2026040300045/files/illust2281.png,,
313718,,310000000642,東伯郡琴浦町,ことうら家族の集い,,,,,,https://www.town.kotoura.tottori.jp/docs/2026040300045/,,健康・医療,健康;考える;話す;相談,,,2026-12-09,2026-12-09,10:00:00,11:30:00,,,2026-04-15,2026-12-09,,"ご家族を介護されている方、介護を経験された方の集いです
 
現在ご家族の介護をしておられる方や介護を経験された方が、日頃抱えている悩みや思いを分かち合ったり、情報交換をしたり、何でも話し合える場です。
また、介護家族OBや「認知症の人と家族の会鳥取県支部」の方から、アドバイスを受けることもできます。
みなさまお誘い合わせのうえ、気軽にお越しください。",,,,,琴浦町地域包括支援センター,0858-52-1525,,,,,,,八橋地区公民館,,,,鳥取県東伯郡琴浦町八橋239-13,,,,,,35.505431,133.681235,,,,,,,,,,,,,,,,,,,,,,,,,,,https://www.town.kotoura.tottori.jp/docs/2026040300045/files/illust2281.png,,
313718,,310000000641,東伯郡琴浦町,ことうら家族の集い,,,,,,https://www.town.kotoura.tottori.jp/docs/2026040300045/,,健康・医療,健康;考える;話す;相談,,,2026-11-18,2026-11-18,10:00:00,11:30:00,,,2026-04-15,2026-11-18,,"ご家族を介護されている方、介護を経験された方の集いです
 
現在ご家族の介護をしておられる方や介護を経験された方が、日頃抱えている悩みや思いを分かち合ったり、情報交換をしたり、何でも話し合える場です。
また、介護家族OBや「認知症の人と家族の会鳥取県支部」の方から、アドバイスを受けることもできます。
みなさまお誘い合わせのうえ、気軽にお越しください。",,,,,琴浦町地域包括支援センター,0858-52-1525,,,,,,,八橋地区公民館,,,,鳥取県東伯郡琴浦町八橋239-13,,,,,,35.505431,133.681235,,,,,,,,,,,,,,,,,,,,,,,,,,,https://www.town.kotoura.tottori.jp/docs/2026040300045/files/illust2281.png,,
313718,,310000000640,東伯郡琴浦町,ことうら家族の集い,,,,,,https://www.town.kotoura.tottori.jp/docs/2026040300045/,,健康・医療,健康;考える;話す;相談,,,2026-10-14,2026-10-14,10:00:00,11:30:00,,,2026-04-15,2026-10-14,,"ご家族を介護されている方、介護を経験された方の集いです
 
現在ご家族の介護をしておられる方や介護を経験された方が、日頃抱えている悩みや思いを分かち合ったり、情報交換をしたり、何でも話し合える場です。
また、介護家族OBや「認知症の人と家族の会鳥取県支部」の方から、アドバイスを受けることもできます。
みなさまお誘い合わせのうえ、気軽にお越しください。",,,,,琴浦町地域包括支援センター,0858-52-1525,,,,,,,八橋地区公民館,,,,鳥取県東伯郡琴浦町八橋239-13,,,,,,35.505431,133.681235,,,,,,,,,,,,,,,,,,,,,,,,,,,https://www.town.kotoura.tottori.jp/docs/2026040300045/files/illust2281.png,,
313718,,310000000623,東伯郡琴浦町,休日保育室開放事業「ぽかぽか」オープンデー,,,,,,https://www.town.kotoura.tottori.jp/docs/2023032200017/,,家族・子育て;エンターテイメント,要予約;子育て;人数上限有;遊ぶ,,,2027-03-14,2027-03-14,09:00:00,11:30:00,,,2026-04-07,2027-03-14,,"未就学のお子さんと保護者が、楽しく安心して過ごせる場所の提供として、しらとりこども園の休日保育室「ぽかぽか」
を毎月1回開放します。みなさん、ご利用ください。
ご利用を希望される方は、各月の開催日の直近の水曜日午後４時までにこども未来係（52-1709）まで直接お申し込みください。
※定員になり次第締め切らせていただきます。",,,,,こども未来係,0858-52-1709,,,,,"子ども向け　町内にお住いの就学前のお子さんと保護者
　　　　　　　　　※１回６組まで（予約制）",,しらとりこども園,,,,鳥取県東伯郡琴浦町下伊勢１６４−１,,,,,,35.494381,133.70017,,,,,,,,,,,,,,,,,,,,,,,,,,,https://www.town.kotoura.tottori.jp/docs/2023032200017/files/irasuto.jpg,,持ち物　お子さんの飲み物　帽子
313718,,310000000622,東伯郡琴浦町,休日保育室開放事業「ぽかぽか」オープンデー,,,,,,https://www.town.kotoura.tottori.jp/docs/2023032200017/,,家族・子育て;エンターテイメント,要予約;子育て;人数上限有;遊ぶ,,,2027-02-14,2027-02-14,09:00:00,11:30:00,,,2026-04-07,2027-02-14,,"未就学のお子さんと保護者が、楽しく安心して過ごせる場所の提供として、しらとりこども園の休日保育室「ぽかぽか」
を毎月1回開放します。みなさん、ご利用ください。
ご利用を希望される方は、各月の開催日の直近の水曜日午後４時までにこども未来係（52-1709）まで直接お申し込みください。
※定員になり次第締め切らせていただきます。",,,,,こども未来係,0858-52-1709,,,,,子ども向け　町内にお住いの就学前のお子さんと保護者,,しらとりこども園,,,,鳥取県東伯郡琴浦町下伊勢１６４−１,,,,,,35.494381,133.70017,,,,,,,,,,,,,,,,,,,,,,,,,,,https://www.town.kotoura.tottori.jp/docs/2023032200017/files/irasuto.jpg,,"持ち物　お子さんの飲み物　帽子
※１回６組まで（予約制）"
313718,,310000000621,東伯郡琴浦町,休日保育室開放事業「ぽかぽか」オープンデー,,,,,,https://www.town.kotoura.tottori.jp/docs/2023032200017/,,家族・子育て;エンターテイメント,要予約;子育て;人数上限有;遊ぶ,,,2027-01-17,2027-01-17,09:00:00,11:30:00,,,2026-04-07,2027-01-17,,"未就学のお子さんと保護者が、楽しく安心して過ごせる場所の提供として、しらとりこども園の休日保育室「ぽかぽか」
を毎月1回開放します。みなさん、ご利用ください。
ご利用を希望される方は、各月の開催日の直近の水曜日午後４時までにこども未来係（52-1709）まで直接お申し込みください。
※定員になり次第締め切らせていただきます。",,,,,こども未来係,0858-52-1709,,,,,子ども向け　町内にお住いの就学前のお子さんと保護者,,しらとりこども園,,,,鳥取県東伯郡琴浦町下伊勢１６４−１,,,,,,35.494381,133.70017,,,,,,,,,,,,,,,,,,,,,,,,,,,https://www.town.kotoura.tottori.jp/docs/2023032200017/files/irasuto.jpg,,"持ち物　お子さんの飲み物　帽子
※１回６組まで（予約制）"
313718,,310000000620,東伯郡琴浦町,休日保育室開放事業「ぽかぽか」オープンデー,,,,,,https://www.town.kotoura.tottori.jp/docs/2023032200017/,,家族・子育て;エンターテイメント,要予約;子育て;人数上限有;遊ぶ,,,2026-12-13,2026-12-13,09:00:00,11:30:00,,,2026-04-07,2026-12-13,,"未就学のお子さんと保護者が、楽しく安心して過ごせる場所の提供として、しらとりこども園の休日保育室「ぽかぽか」
を毎月1回開放します。みなさん、ご利用ください。
ご利用を希望される方は、各月の開催日の直近の水曜日午後４時までにこども未来係（52-1709）まで直接お申し込みください。
※定員になり次第締め切らせていただきます。",,,,,こども未来係,0858-52-1709,,,,,子ども向け　町内にお住いの就学前のお子さんと保護者,,しらとりこども園,,,,鳥取県東伯郡琴浦町下伊勢１６４−１,,,,,,35.494381,133.70017,,,,,,,,,,,,,,,,,,,,,,,,,,,https://www.town.kotoura.tottori.jp/docs/2023032200017/files/irasuto.jpg,,"持ち物　お子さんの飲み物　帽子
※１回６組まで（予約制）"
313718,,310000000619,東伯郡琴浦町,休日保育室開放事業「ぽかぽか」オープンデー,,,,,,https://www.town.kotoura.tottori.jp/docs/2023032200017/,,家族・子育て;エンターテイメント,要予約;子育て;人数上限有;遊ぶ,,,2026-11-08,2026-11-08,09:00:00,11:30:00,,,2026-04-07,2026-11-08,,"未就学のお子さんと保護者が、楽しく安心して過ごせる場所の提供として、しらとりこども園の休日保育室「ぽかぽか」
を毎月1回開放します。みなさん、ご利用ください。
ご利用を希望される方は、各月の開催日の直近の水曜日午後４時までにこども未来係（52-1709）まで直接お申し込みください。
※定員になり次第締め切らせていただきます。",,,,,こども未来係,0858-52-1709,,,,,子ども向け　町内にお住いの就学前のお子さんと保護者,,しらとりこども園,,,,鳥取県東伯郡琴浦町下伊勢１６４−１,,,,,,35.494381,133.70017,,,,,,,,,,,,,,,,,,,,,,,,,,,https://www.town.kotoura.tottori.jp/docs/2023032200017/files/irasuto.jpg,,"持ち物　お子さんの飲み物　帽子
※１回６組まで（予約制）"
313025,,310000000579,岩美郡岩美町,かきつばたウォーキング教室,,,,,,https://www.iwami.gr.jp/item/8522.htm#ContentPane,,スポーツ;健康・医療;文化,スポーツ;健康;屋外;運動する;地域づくり;教室,,,2027-03-16,2027-03-16,09:15:00,,,,2026-04-01,2027-03-16,,"どなたでも参加可能です。
岩美町健康福祉課に、教室前日までにお申し込みください。(用紙は健康福祉課窓口にあります)",,,,,岩美町健康福祉課,0857-73-1322,,,,,,,岩美すこやかセンター・岩美病院,,,,鳥取県岩美郡岩美町１０２９−２,,,,,,35.573655,134.333491,,,,,,,,,,,,,,,,,,,,,,,,,,,https://www.iwami.gr.jp/secure/8522/kakitsubatawalk.png,,
313025,,310000000578,岩美郡岩美町,かきつばたウォーキング教室,,,,,,https://www.iwami.gr.jp/item/8522.htm#ContentPane,,スポーツ;健康・医療;文化,スポーツ;健康;屋外;運動する;地域づくり;教室,,,2027-02-16,2027-02-16,09:15:00,,,,2026-04-01,2027-02-16,,"どなたでも参加可能です。
岩美町健康福祉課に、教室前日までにお申し込みください。(用紙は健康福祉課窓口にあります)",,,,,岩美町健康福祉課,0857-73-1322,,,,,,,岩美すこやかセンター・岩美病院,,,,鳥取県岩美郡岩美町１０２９−２,,,,,,35.573655,134.333491,,,,,,,,,,,,,,,,,,,,,,,,,,,https://www.iwami.gr.jp/secure/8522/kakitsubatawalk.png,,
313025,,310000000577,岩美郡岩美町,かきつばたウォーキング教室,,,,,,https://www.iwami.gr.jp/item/8522.htm#ContentPane,,スポーツ;健康・医療;文化,スポーツ;健康;屋外;運動する;地域づくり;教室,,,2027-01-19,2027-01-19,09:15:00,,,,2026-04-01,2027-01-19,,"どなたでも参加可能です。
岩美町健康福祉課に、教室前日までにお申し込みください。(用紙は健康福祉課窓口にあります)",,,,,岩美町健康福祉課,0857-73-1322,,,,,,,岩美すこやかセンター・岩美病院,,,,鳥取県岩美郡岩美町１０２９−２,,,,,,35.573655,134.333491,,,,,,,,,,,,,,,,,,,,,,,,,,,https://www.iwami.gr.jp/secure/8522/kakitsubatawalk.png,,
313025,,310000000576,岩美郡岩美町,かきつばたウォーキング教室,,,,,,https://www.iwami.gr.jp/item/8522.htm#ContentPane,,スポーツ;健康・医療;文化,スポーツ;健康;屋外;運動する;地域づくり;教室,,,2026-12-15,2026-12-15,09:15:00,,,,2026-04-01,2026-12-15,,"どなたでも参加可能です。
岩美町健康福祉課に、教室前日までにお申し込みください。(用紙は健康福祉課窓口にあります)",,,,,岩美町健康福祉課,0857-73-1322,,,,,,,岩美すこやかセンター・岩美病院,,,,鳥取県岩美郡岩美町１０２９−２,,,,,,35.573655,134.333491,,,,,,,,,,,,,,,,,,,,,,,,,,,https://www.iwami.gr.jp/secure/8522/kakitsubatawalk.png,,
313025,,310000000575,岩美郡岩美町,かきつばたウォーキング教室,,,,,,https://www.iwami.gr.jp/item/8522.htm#ContentPane,,スポーツ;健康・医療;文化,スポーツ;健康;屋外;運動する;地域づくり;教室,,,2026-11-17,2026-11-17,09:15:00,,,,2026-04-01,2026-11-17,,"どなたでも参加可能です。
岩美町健康福祉課に、教室前日までにお申し込みください。(用紙は健康福祉課窓口にあります)",,,,,岩美町健康福祉課,0857-73-1322,,,,,,,岩美すこやかセンター・岩美病院,,,,鳥取県岩美郡岩美町１０２９−２,,,,,,35.573655,134.333491,,,,,,,,,,,,,,,,,,,,,,,,,,,https://www.iwami.gr.jp/secure/8522/kakitsubatawalk.png,,
313025,,310000000574,岩美郡岩美町,かきつばたウォーキング教室,,,,,,https://www.iwami.gr.jp/item/8522.htm#ContentPane,,スポーツ;健康・医療;文化,スポーツ;健康;屋外;運動する;地域づくり;教室,,,2026-10-20,2026-10-20,09:15:00,,,,2026-04-01,2026-10-20,,"どなたでも参加可能です。
岩美町健康福祉課に、教室前日までにお申し込みください。(用紙は健康福祉課窓口にあります)",,,,,岩美町健康福祉課,0857-73-1322,,,,,,,岩美すこやかセンター・岩美病院,,,,鳥取県岩美郡岩美町１０２９−２,,,,,,35.573655,134.333491,,,,,,,,,,,,,,,,,,,,,,,,,,,https://www.iwami.gr.jp/secure/8522/kakitsubatawalk.png,,
312037,,310000000555,倉吉市,就農相談会IN西部,,,,,,https://www.city.kurayoshi.lg.jp/item/8283.htm#itemid8283,,ビジネス;文化,経済;自然;考える;話す;屋内;仕事;相談,,,2027-02-14,2027-02-14,10:00:00,15:00:00,,,2026-03-31,2027-02-14,,"鳥取県内で新たに農業を始めてみようと考えている方を対象に、就農までのステップや農業を始めるにあたってのアドバイスを行う相談会を開催します。相談は無料ですので、お気軽にお越しください。

一度に多数の来場があった場合、お待ちいただくこともありますので、できるだけ事前のお申し込みをお願いします。

※ 相談無料

相談員
鳥取県農業経営・就農支援センター就農企画員",,,,無料,鳥取県農業経営・就農支援センター,0857-26-7262,,,,,,,米子市立図書館,,,,鳥取県米子市中町8,,,,,,35.42841,133.331635,,,,,,,,,,,,,,,,,,,,,,,,,,,https://fyrmdlaujifhkocnwamy.supabase.co/storage/v1/object/public/event-images/events/1774947788700-__________2026-03-31_180136.png.png,,
312037,,310000000552,倉吉市,就農相談会IN東部,,,,,,https://www.city.kurayoshi.lg.jp/item/8283.htm#itemid8283,,ビジネス;文化,経済;自然;考える;話す;屋内;仕事;相談,,,2026-10-18,2026-10-18,10:00:00,15:00:00,,,2026-03-31,2026-10-18,,"鳥取県内で新たに農業を始めてみようと考えている方を対象に、就農までのステップや農業を始めるにあたってのアドバイスを行う相談会を開催します。相談は無料ですので、お気軽にお越しください。

一度に多数の来場があった場合、お待ちいただくこともありますので、できるだけ事前のお申し込みをお願いします。

※ 相談無料

相談員
鳥取県農業経営・就農支援センター就農企画員",,,,無料,鳥取県農業経営・就農支援センター,0857-26-7262,,,,,,,鳥取県立図書館,,,,鳥取県鳥取市尚徳町101,,,,,,35.502682,134.237152,,,,,,,,,,,,,,,,,,,,,,,,,,,https://fyrmdlaujifhkocnwamy.supabase.co/storage/v1/object/public/event-images/events/1774947788700-__________2026-03-31_180136.png.png,,
312037,,310000000549,倉吉市,就農相談会IN中部,,,,,,https://www.city.kurayoshi.lg.jp/item/8283.htm#itemid8283,,ビジネス;文化,経済;自然;考える;話す;屋内;仕事;相談,,,2026-11-15,2026-11-15,10:00:00,15:00:00,,,2026-03-31,2026-11-15,,"鳥取県内で新たに農業を始めてみようと考えている方を対象に、就農までのステップや農業を始めるにあたってのアドバイスを行う相談会を開催します。相談は無料ですので、お気軽にお越しください。

一度に多数の来場があった場合、お待ちいただくこともありますので、できるだけ事前のお申し込みをお願いします。

※ 相談無料

相談員
鳥取県農業経営・就農支援センター就農企画員",,,,無料,鳥取県農業経営・就農支援センター,0857-26-7262,,,,,,,倉吉交流プラザ,,,,鳥取県倉吉市駄経寺町187,,,,,,35.432541,133.836129,,,,,,,,,,,,,,,,,,,,,,,,,,,https://fyrmdlaujifhkocnwamy.supabase.co/storage/v1/object/public/event-images/events/1774947788700-__________2026-03-31_180136.png.png,,
