NO,source_id,source_name,source_url,description_mode,license_id,rights_holder,attribution_text,evidence_url,verified_at,rights_status,similarity_check,privacy_mode
WEB429629e783,src_c9e59312d4809087,浜松市スポーツ協会 教室・イベント,https://hamamatsu-sports.or.jp/item/class_venue_address/higashi-ku/%e6%ad%a9%e3%81%8d%e6%96%b9%e3%80%81%e4%bd%93%e3%81%ae%e4%bd%bf%e3%81%84%e6%96%b9%e3%80%81%e6%ad%a3%e3%81%97%e3%81%84%e5%a7%bf%e5%8b%a2%e3%80%81%e3%83%ab%e3%83%b3%e3%83%90%e3%80%81%e3%83%af%e3%83%ab.html,facts_only,,,,,,unknown,passed_deterministic,public_facts_minimized
WEB5d3ab099d2,src_c9e59312d4809087,浜松市スポーツ協会 教室・イベント,https://hamamatsu-sports.or.jp/item/class_venue_address/nishi-ku/%e5%b9%b4%e9%96%93%e3%83%9c%e3%83%bc%e3%83%88%e6%95%99%e5%ae%a4-2025.html,facts_only,,,,,,unknown,passed_deterministic,public_facts_minimized
WEBae0b2854a7,src_c9e59312d4809087,浜松市スポーツ協会 教室・イベント,https://hamamatsu-sports.or.jp/item/class_venue_address/higashi-ku/%e6%ad%a9%e3%81%8d%e6%96%b9%e3%80%81%e4%bd%93%e3%81%ae%e4%bd%bf%e3%81%84%e6%96%b9%e3%80%81%e6%ad%a3%e3%81%97%e3%81%84%e5%a7%bf%e5%8b%a2%e3%80%81%e3%83%aa%e3%83%bc%e3%83%89%e3%81%a8%e3%83%95%e3%82%a9-4.html,facts_only,,,,,,unknown,passed_deterministic,public_facts_minimized
WEB918085c593,src_c9e59312d4809087,浜松市スポーツ協会 教室・イベント,https://hamamatsu-sports.or.jp/item/class_venue_address/nishi-ku/%e5%b9%b4%e9%96%93%e3%83%9c%e3%83%bc%e3%83%88%e6%95%99%e5%ae%a4-2026.html,facts_only,,,,,,unknown,passed_deterministic,public_facts_minimized
WEBe84c260220,src_c9e59312d4809087,浜松市スポーツ協会 教室・イベント,https://hamamatsu-sports.or.jp/item/class_venue_address/nishi-ku/%e8%88%9e%e9%98%aa_%e8%b6%b3%e3%82%92%e9%80%9f%e3%81%8f%e3%81%99%e3%82%8b%e6%95%99%e5%ae%a4_2025.html,facts_only,,,,,,unknown,passed_deterministic,public_facts_minimized
WEB569d25d64b,src_c9e59312d4809087,浜松市スポーツ協会 教室・イベント,https://hamamatsu-sports.or.jp/item/class_venue_address/nishi-ku/%e7%9f%ad%e8%b7%9d%e9%9b%a2%e8%b5%b0%e3%82%92%e9%80%9f%e3%81%8f%e8%b5%b0%e3%82%8b%e3%81%9f%e3%82%81%e3%81%ae%e3%83%88%e3%83%ac%e3%83%bc%e3%83%8b%e3%83%b3%e3%82%b0%e3%82%84%e3%82%b3%e3%83%84%e3%82%92-2.html,facts_only,,,,,,unknown,passed_deterministic,public_facts_minimized
WEB849b7fa32a,src_0630d7c643bcf8d9,浜名湖体験学習施設ウォット,https://ulotto.entetsuassist-dms.com/event/page/1/,facts_only,,,,,,unknown,passed_deterministic,public_facts_minimized
WEB3131378972,src_0630d7c643bcf8d9,浜名湖体験学習施設ウォット,https://ulotto.entetsuassist-dms.com/event/page/2/,facts_only,,,,,,unknown,passed_deterministic,public_facts_minimized
WEB38a6ff9ed9,src_be3eeca428a3d378,浜名湖ガーデンパーク,https://www.hamanako-gardenpark.jp/event/2026/07/post-524.php,facts_only,,,,,,unknown,passed_deterministic,public_facts_minimized
WEB8fd3aabddc,src_be3eeca428a3d378,浜名湖ガーデンパーク,https://www.hamanako-gardenpark.jp/event/2026/06/post-644.php,facts_only,,,,,,unknown,passed_deterministic,public_facts_minimized
WEB20d8c96543,src_be3eeca428a3d378,浜名湖ガーデンパーク,https://www.hamanako-gardenpark.jp/event/2026/06/post-634.php,facts_only,,,,,,unknown,passed_deterministic,public_facts_minimized
WEB7085914fbb,src_be3eeca428a3d378,浜名湖ガーデンパーク,https://www.hamanako-gardenpark.jp/event/2026/06/post-637.php,facts_only,,,,,,unknown,passed_deterministic,public_facts_minimized
WEB5bc402dd03,src_be3eeca428a3d378,浜名湖ガーデンパーク,https://www.hamanako-gardenpark.jp/event/2026/07/post-648.php,facts_only,,,,,,unknown,passed_deterministic,public_facts_minimized
WEBc484fd3675,src_be3eeca428a3d378,浜名湖ガーデンパーク,https://www.hamanako-gardenpark.jp/event/2026/06/post-638.php,facts_only,,,,,,unknown,passed_deterministic,public_facts_minimized
WEBf7be71437e,src_be3eeca428a3d378,浜名湖ガーデンパーク,https://www.hamanako-gardenpark.jp/event/2026/06/post-640.php,facts_only,,,,,,unknown,passed_deterministic,public_facts_minimized
WEB8a446b6f91,src_be3eeca428a3d378,浜名湖ガーデンパーク,https://www.hamanako-gardenpark.jp/event/2026/06/post-642.php,facts_only,,,,,,unknown,passed_deterministic,public_facts_minimized
WEBd40d9dcf7c,src_be3eeca428a3d378,浜名湖ガーデンパーク,https://www.hamanako-gardenpark.jp/event/2026/07/-7-1.php,facts_only,,,,,,unknown,passed_deterministic,public_facts_minimized
WEBd1e91d8569,src_be3eeca428a3d378,浜名湖ガーデンパーク,https://www.hamanako-gardenpark.jp/event/2026/06/post-643.php,facts_only,,,,,,unknown,passed_deterministic,public_facts_minimized
WEBcf415c91c3,src_be3eeca428a3d378,浜名湖ガーデンパーク,https://www.hamanako-gardenpark.jp/event/2026/08/-8.php,facts_only,,,,,,unknown,passed_deterministic,public_facts_minimized
WEBb27534e9a7,src_be3eeca428a3d378,浜名湖ガーデンパーク,https://www.hamanako-gardenpark.jp/event/2026/08/-9.php,facts_only,,,,,,unknown,passed_deterministic,public_facts_minimized
WEBce6df10dbd,src_be3eeca428a3d378,浜名湖ガーデンパーク,https://www.hamanako-gardenpark.jp/event/2026/06/post-620.php,facts_only,,,,,,unknown,passed_deterministic,public_facts_minimized
WEBa57e1555e1,src_be3eeca428a3d378,浜名湖ガーデンパーク,https://www.hamanako-gardenpark.jp/event/2026/08/-9-1.php,facts_only,,,,,,unknown,passed_deterministic,public_facts_minimized
WEBb88b4cedcb,src_be3eeca428a3d378,浜名湖ガーデンパーク,https://www.hamanako-gardenpark.jp/event/2026/08/8-7.php,facts_only,,,,,,unknown,passed_deterministic,public_facts_minimized
WEB441ef9dcec,src_be3eeca428a3d378,浜名湖ガーデンパーク,https://www.hamanako-gardenpark.jp/event/2026/07/post-594.php,facts_only,,,,,,unknown,passed_deterministic,public_facts_minimized
WEBbcfcf35286,src_be3eeca428a3d378,浜名湖ガーデンパーク,https://www.hamanako-gardenpark.jp/event/2026/07/post-649.php,facts_only,,,,,,unknown,passed_deterministic,public_facts_minimized
WEBf57edf1e07,src_be3eeca428a3d378,浜名湖ガーデンパーク,https://www.hamanako-gardenpark.jp/event/2026/07/post-650.php,facts_only,,,,,,unknown,passed_deterministic,public_facts_minimized
WEB48461b1808,src_be3eeca428a3d378,浜名湖ガーデンパーク,https://www.hamanako-gardenpark.jp/event/2026/07/post-651.php,facts_only,,,,,,unknown,passed_deterministic,public_facts_minimized
WEB0d38f16416,src_be3eeca428a3d378,浜名湖ガーデンパーク,https://www.hamanako-gardenpark.jp/event/2026/07/post-652.php,facts_only,,,,,,unknown,passed_deterministic,public_facts_minimized
WEB0e79aba97c,src_be3eeca428a3d378,浜名湖ガーデンパーク,https://www.hamanako-gardenpark.jp/event/2026/07/post-654.php,facts_only,,,,,,unknown,passed_deterministic,public_facts_minimized
WEBa99058f5ba,src_be3eeca428a3d378,浜名湖ガーデンパーク,https://www.hamanako-gardenpark.jp/event/2026/07/post-655.php,facts_only,,,,,,unknown,passed_deterministic,public_facts_minimized
WEB69b75db299,src_d397976fe9a6369d,浜松市総合産業展示館,https://santen.biz/topics/4115/,facts_only,,,,,,unknown,passed_deterministic,public_facts_minimized
WEB70bcdefb15,src_d397976fe9a6369d,浜松市総合産業展示館,https://santen.biz/topics/4061/,facts_only,,,,,,unknown,passed_deterministic,public_facts_minimized
WEBc4638308b9,src_d397976fe9a6369d,浜松市総合産業展示館,https://santen.biz/topics/4143/,facts_only,,,,,,unknown,passed_deterministic,public_facts_minimized
WEB3fe2e3b2ad,src_d397976fe9a6369d,浜松市総合産業展示館,https://santen.biz/topics/4094/,facts_only,,,,,,unknown,passed_deterministic,public_facts_minimized
WEB0ee784699b,src_d397976fe9a6369d,浜松市総合産業展示館,https://santen.biz/topics/4148/,facts_only,,,,,,unknown,passed_deterministic,public_facts_minimized
WEB6069ae6e4b,src_d397976fe9a6369d,浜松市総合産業展示館,https://santen.biz/topics/4138/,facts_only,,,,,,unknown,passed_deterministic,public_facts_minimized
WEB2f22c8e0ef,src_d397976fe9a6369d,浜松市総合産業展示館,https://santen.biz/topics/4106/,facts_only,,,,,,unknown,passed_deterministic,public_facts_minimized
WEB029b9f6fd0,src_61577befd763edc2,はままつフラワーパーク,https://e-flowerpark.com/news/event/44389/,facts_only,,,,,,unknown,passed_deterministic,public_facts_minimized
WEB4df470e9c4,src_61577befd763edc2,はままつフラワーパーク,https://e-flowerpark.com/news/event/44450/,facts_only,,,,,,unknown,passed_deterministic,public_facts_minimized
WEBd4cb55d5ab,src_61577befd763edc2,はままつフラワーパーク,https://e-flowerpark.com/news/event/43660/,facts_only,,,,,,unknown,passed_deterministic,public_facts_minimized
WEB93b65ca50e,src_61577befd763edc2,はままつフラワーパーク,https://e-flowerpark.com/news/event/43645/,facts_only,,,,,,unknown,passed_deterministic,public_facts_minimized
WEB88d50d9676,src_61577befd763edc2,はままつフラワーパーク,https://e-flowerpark.com/news/event/44234/,facts_only,,,,,,unknown,passed_deterministic,public_facts_minimized
WEB21cc0498d2,src_61577befd763edc2,はままつフラワーパーク,https://e-flowerpark.com/news/event/44305/,facts_only,,,,,,unknown,passed_deterministic,public_facts_minimized
WEBefeaa77aa6,src_61577befd763edc2,はままつフラワーパーク,https://e-flowerpark.com/news/event/43651/,facts_only,,,,,,unknown,passed_deterministic,public_facts_minimized
WEB0a53e621cc,src_61577befd763edc2,はままつフラワーパーク,https://e-flowerpark.com/news/event/43625/,facts_only,,,,,,unknown,passed_deterministic,public_facts_minimized
WEBa3968c5b9e,src_1b7f921072861f2f,秋葉山本宮秋葉神社,https://www.akihasanhongu.jp/news/index.html,facts_only,,,,,,unknown,passed_deterministic,public_facts_minimized
WEBff95f51037,src_35a3a1ec7e52e0cb,道の駅くんま水車の里,https://kunma.jp/8%e6%9c%88%e5%96%b6%e6%a5%ad%e6%97%a5%e3%81%ae%e3%81%8a%e7%9f%a5%e3%82%89%e3%81%9b/,facts_only,,,,,,unknown,passed_deterministic,public_facts_minimized
WEB4062e7fba5,src_35a3a1ec7e52e0cb,道の駅くんま水車の里,https://kunma.jp/%e8%87%a8%e6%99%82%e4%bc%91%e6%a5%ad%e3%81%ae%e3%81%8a%e7%9f%a5%e3%82%89%e3%81%9b-2/,facts_only,,,,,,unknown,passed_deterministic,public_facts_minimized
WEBd623d3df5f,src_35a3a1ec7e52e0cb,道の駅くんま水車の里,https://kunma.jp/7%e6%9c%88%e5%96%b6%e6%a5%ad%e6%97%a5%e3%82%ab%e3%83%ac%e3%83%b3%e3%83%80%e3%83%bc%e8%a8%82%e6%ad%a3%e3%81%ae%e3%81%8a%e7%9f%a5%e3%82%89%e3%81%9b/,facts_only,,,,,,unknown,passed_deterministic,public_facts_minimized
WEBeaa42a4218,src_35a3a1ec7e52e0cb,道の駅くんま水車の里,https://kunma.jp/5%e6%9c%88%e3%81%ae%e5%96%b6%e6%a5%ad%e6%97%a5%e3%81%ae%e3%81%8a%e7%9f%a5%e3%82%89%e3%81%9b/,facts_only,,,,,,unknown,passed_deterministic,public_facts_minimized
WEB921a06d2e2,src_f031c8f284f05a57,イオンモール浜松志都呂,https://hamamatsushitoro.aeonmall.jp/event/174a053f-bb85-4b16-aeaf-89bba0398bbd,facts_only,,,,,,unknown,passed_deterministic,public_facts_minimized
WEB111edfb67d,src_f031c8f284f05a57,イオンモール浜松志都呂,https://hamamatsushitoro.aeonmall.jp/event/029546c1-153d-45f9-86e9-60e827bdd881,facts_only,,,,,,unknown,passed_deterministic,public_facts_minimized
WEBfb6bce359d,src_f031c8f284f05a57,イオンモール浜松志都呂,https://hamamatsushitoro.aeonmall.jp/event/67ed9c1e-98d8-425d-be81-db764a783b0b,facts_only,,,,,,unknown,passed_deterministic,public_facts_minimized
WEB34c1de74e8,src_f031c8f284f05a57,イオンモール浜松志都呂,https://hamamatsushitoro.aeonmall.jp/event/930f2fd5-1cd7-4cbd-af69-635539e92f67,facts_only,,,,,,unknown,passed_deterministic,public_facts_minimized
WEB1f8d233798,src_f031c8f284f05a57,イオンモール浜松志都呂,https://hamamatsushitoro.aeonmall.jp/event/ccea37ae-14db-487f-99f6-e62cf1e90a65,facts_only,,,,,,unknown,passed_deterministic,public_facts_minimized
WEB3923d05227,src_f031c8f284f05a57,イオンモール浜松志都呂,https://hamamatsushitoro.aeonmall.jp/event/64fac6d7-e168-4ebb-92c8-7a4f0c58552c,facts_only,,,,,,unknown,passed_deterministic,public_facts_minimized
WEB08fbbe1a1b,src_f031c8f284f05a57,イオンモール浜松志都呂,https://hamamatsushitoro.aeonmall.jp/event/9ac18af8-065b-480b-8d64-58819f372879,facts_only,,,,,,unknown,passed_deterministic,public_facts_minimized
WEB58e6e1531f,src_f031c8f284f05a57,イオンモール浜松志都呂,https://hamamatsushitoro.aeonmall.jp/event/89502a61-ee49-47c7-b311-31e3253d0cff,facts_only,,,,,,unknown,passed_deterministic,public_facts_minimized
WEBb9d8f0ff57,src_f031c8f284f05a57,イオンモール浜松志都呂,https://hamamatsushitoro.aeonmall.jp/event/e1361d42-273f-44ee-9b43-96f1c9f28d5f,facts_only,,,,,,unknown,passed_deterministic,public_facts_minimized
WEB7910f6a52d,src_f031c8f284f05a57,イオンモール浜松志都呂,https://hamamatsushitoro.aeonmall.jp/event/49fee794-7626-4ec1-9aeb-f70903ddb25d,facts_only,,,,,,unknown,passed_deterministic,public_facts_minimized
WEB0c24952ab3,src_f031c8f284f05a57,イオンモール浜松志都呂,https://hamamatsushitoro.aeonmall.jp/event/eb9e2e1e-a44d-4bad-b16d-ee2eaf0293a9,facts_only,,,,,,unknown,passed_deterministic,public_facts_minimized
WEBdfc284d772,src_f031c8f284f05a57,イオンモール浜松志都呂,https://hamamatsushitoro.aeonmall.jp/event/cb6a1eb8-6f75-4349-b8b5-4e8f3cdcb2ed,facts_only,,,,,,unknown,passed_deterministic,public_facts_minimized
WEB21c0a9d674,src_f031c8f284f05a57,イオンモール浜松志都呂,https://hamamatsushitoro.aeonmall.jp/event/d86fc174-9a26-4ece-97bf-0502f1af1cd1,facts_only,,,,,,unknown,passed_deterministic,public_facts_minimized
WEB4a2b3fa2cc,src_f031c8f284f05a57,イオンモール浜松志都呂,https://hamamatsushitoro.aeonmall.jp/event/f0bdc3bd-db34-43e8-b0c6-31b5c82010dd,facts_only,,,,,,unknown,passed_deterministic,public_facts_minimized
WEB1b5c7c0cb9,src_f031c8f284f05a57,イオンモール浜松志都呂,https://hamamatsushitoro.aeonmall.jp/event/d4f23df1-3ebf-45c8-9e03-2f9de056e63f,facts_only,,,,,,unknown,passed_deterministic,public_facts_minimized
WEB1d214da4e2,src_f031c8f284f05a57,イオンモール浜松志都呂,https://hamamatsushitoro.aeonmall.jp/event/9dade1d4-33c7-4432-a897-c7f7ecc5246d,facts_only,,,,,,unknown,passed_deterministic,public_facts_minimized
WEB4311eb0c32,src_f031c8f284f05a57,イオンモール浜松志都呂,https://hamamatsushitoro.aeonmall.jp/event/07534881-7306-4541-8005-adaff54fc9f7,facts_only,,,,,,unknown,passed_deterministic,public_facts_minimized
WEB566e0d8ab3,src_f031c8f284f05a57,イオンモール浜松志都呂,https://hamamatsushitoro.aeonmall.jp/event/335a309d-7389-4470-8f98-ea1b269a89f3,facts_only,,,,,,unknown,passed_deterministic,public_facts_minimized
WEB4b47739adb,src_f031c8f284f05a57,イオンモール浜松志都呂,https://hamamatsushitoro.aeonmall.jp/event/2c2f1d0f-2771-4847-a84d-e0bcc28a35bd,facts_only,,,,,,unknown,passed_deterministic,public_facts_minimized
WEB670e7e8531,src_f031c8f284f05a57,イオンモール浜松志都呂,https://hamamatsushitoro.aeonmall.jp/event/cbb3a1db-0c58-4b4a-9ef0-b49ed2d48699,facts_only,,,,,,unknown,passed_deterministic,public_facts_minimized
WEB5ee54f5b8e,src_f031c8f284f05a57,イオンモール浜松志都呂,https://hamamatsushitoro.aeonmall.jp/event/d157783a-bd2c-4052-b02e-abeaea16d394,facts_only,,,,,,unknown,passed_deterministic,public_facts_minimized
WEB34e526f757,src_f031c8f284f05a57,イオンモール浜松志都呂,https://hamamatsushitoro.aeonmall.jp/event/a49b08ae-aa52-4a68-b6c4-f29033b6e6e8,facts_only,,,,,,unknown,passed_deterministic,public_facts_minimized
WEBd14e877958,src_f031c8f284f05a57,イオンモール浜松志都呂,https://hamamatsushitoro.aeonmall.jp/event/c570f055-5fc3-46f9-8894-5ae02ab82492,facts_only,,,,,,unknown,passed_deterministic,public_facts_minimized
WEB8efde57724,src_f031c8f284f05a57,イオンモール浜松志都呂,https://hamamatsushitoro.aeonmall.jp/event/842156ab-a6dd-4de2-8b66-bf83b4f95051,facts_only,,,,,,unknown,passed_deterministic,public_facts_minimized
WEBf95db10bb1,src_f031c8f284f05a57,イオンモール浜松志都呂,https://hamamatsushitoro.aeonmall.jp/event/42a09df6-770e-435d-a0d5-f886c46c86ab,facts_only,,,,,,unknown,passed_deterministic,public_facts_minimized
WEB6ac1910b56,src_f031c8f284f05a57,イオンモール浜松志都呂,https://hamamatsushitoro.aeonmall.jp/event/30d4bae9-4f08-4750-9864-91ed5e36ce96,facts_only,,,,,,unknown,passed_deterministic,public_facts_minimized
WEB3b471ba05b,src_4cae6c5e1c8e9b8a,イオンモール浜松市野,https://www.aeon.jp/sc/hamamatsuichino/event/event_e88788_as.html,facts_only,,,,,,unknown,passed_deterministic,public_facts_minimized
WEB4667315198,src_4cae6c5e1c8e9b8a,イオンモール浜松市野,https://www.aeon.jp/sc/hamamatsuichino/event/event_e81390_as.html,facts_only,,,,,,unknown,passed_deterministic,public_facts_minimized
WEB85807c0b38,src_4cae6c5e1c8e9b8a,イオンモール浜松市野,https://www.aeon.jp/sc/hamamatsuichino/event/event_e79902_as.html,facts_only,,,,,,unknown,passed_deterministic,public_facts_minimized
WEB307bbcecf0,src_4cae6c5e1c8e9b8a,イオンモール浜松市野,https://www.aeon.jp/sc/hamamatsuichino/event/event_e85997_as.html,facts_only,,,,,,unknown,passed_deterministic,public_facts_minimized
WEB3c7ebfbac0,src_4cae6c5e1c8e9b8a,イオンモール浜松市野,https://www.aeon.jp/sc/hamamatsuichino/event/event_e84602_as.html,facts_only,,,,,,unknown,passed_deterministic,public_facts_minimized
WEB0a15d72c81,src_4cae6c5e1c8e9b8a,イオンモール浜松市野,https://www.aeon.jp/sc/hamamatsuichino/event/event_e88036_as.html,facts_only,,,,,,unknown,passed_deterministic,public_facts_minimized
WEB50292501ac,src_4cae6c5e1c8e9b8a,イオンモール浜松市野,https://www.aeon.jp/sc/hamamatsuichino/event/event_e88644_as.html,facts_only,,,,,,unknown,passed_deterministic,public_facts_minimized
WEBb4c075833e,src_4cae6c5e1c8e9b8a,イオンモール浜松市野,https://www.aeon.jp/sc/hamamatsuichino/event/event_e88695_as.html,facts_only,,,,,,unknown,passed_deterministic,public_facts_minimized
WEB53155463c5,src_4cae6c5e1c8e9b8a,イオンモール浜松市野,https://www.aeon.jp/sc/hamamatsuichino/event/event_e88696_as.html,facts_only,,,,,,unknown,passed_deterministic,public_facts_minimized
WEBd85a79cf4e,src_4cae6c5e1c8e9b8a,イオンモール浜松市野,https://www.aeon.jp/sc/hamamatsuichino/event/event_e82007_as.html,facts_only,,,,,,unknown,passed_deterministic,public_facts_minimized
WEB1066cda810,src_4cae6c5e1c8e9b8a,イオンモール浜松市野,https://www.aeon.jp/sc/hamamatsuichino/event/event_e87547_as.html,facts_only,,,,,,unknown,passed_deterministic,public_facts_minimized
WEBbc0cd84c25,src_4cae6c5e1c8e9b8a,イオンモール浜松市野,https://www.aeon.jp/sc/hamamatsuichino/event/event_e84208_as.html,facts_only,,,,,,unknown,passed_deterministic,public_facts_minimized
WEB16290e1a92,src_4cae6c5e1c8e9b8a,イオンモール浜松市野,https://www.aeon.jp/sc/hamamatsuichino/event/2608hypnosismic-uchiwa.html,facts_only,,,,,,unknown,passed_deterministic,public_facts_minimized
WEB8463bcdac2,src_4cae6c5e1c8e9b8a,イオンモール浜松市野,https://www.aeon.jp/sc/hamamatsuichino/event/2608hypnosismic-collab.html,facts_only,,,,,,unknown,passed_deterministic,public_facts_minimized
WEBfcb710cee2,src_4cae6c5e1c8e9b8a,イオンモール浜松市野,https://www.aeon.jp/sc/hamamatsuichino/event/event_e86031_as.html,facts_only,,,,,,unknown,passed_deterministic,public_facts_minimized
WEBa170e74c8f,src_4cae6c5e1c8e9b8a,イオンモール浜松市野,https://www.aeon.jp/sc/hamamatsuichino/event/event_e75119_as.html,facts_only,,,,,,unknown,passed_deterministic,public_facts_minimized
WEBfa8b57b35e,src_4cae6c5e1c8e9b8a,イオンモール浜松市野,https://www.aeon.jp/sc/hamamatsuichino/event/event_e87342_as.html,facts_only,,,,,,unknown,passed_deterministic,public_facts_minimized
WEBfc764255eb,src_4cae6c5e1c8e9b8a,イオンモール浜松市野,https://www.aeon.jp/sc/hamamatsuichino/event/event_e85938_as.html,facts_only,,,,,,unknown,passed_deterministic,public_facts_minimized
WEBb4a2f0d12b,src_4cae6c5e1c8e9b8a,イオンモール浜松市野,https://www.aeon.jp/sc/hamamatsuichino/event/event_e88532_as.html,facts_only,,,,,,unknown,passed_deterministic,public_facts_minimized
WEB7e6afd9c80,src_4cae6c5e1c8e9b8a,イオンモール浜松市野,https://www.aeon.jp/sc/hamamatsuichino/event/event_e87435_as.html,facts_only,,,,,,unknown,passed_deterministic,public_facts_minimized
WEB7b72bf0f7e,src_4cae6c5e1c8e9b8a,イオンモール浜松市野,https://www.aeon.jp/sc/hamamatsuichino/event/event_e86619_as.html,facts_only,,,,,,unknown,passed_deterministic,public_facts_minimized
WEBc69b07e58e,src_4cae6c5e1c8e9b8a,イオンモール浜松市野,https://www.aeon.jp/sc/hamamatsuichino/event/event_e86460_as.html,facts_only,,,,,,unknown,passed_deterministic,public_facts_minimized
WEB3faf23ca58,src_4cae6c5e1c8e9b8a,イオンモール浜松市野,https://www.aeon.jp/sc/hamamatsuichino/event/event_e86653_as.html,facts_only,,,,,,unknown,passed_deterministic,public_facts_minimized
WEB2eefc33350,src_4cae6c5e1c8e9b8a,イオンモール浜松市野,https://www.aeon.jp/sc/hamamatsuichino/event/event_e87535_as.html,facts_only,,,,,,unknown,passed_deterministic,public_facts_minimized
WEBa4d881752d,src_4cae6c5e1c8e9b8a,イオンモール浜松市野,https://www.aeon.jp/sc/hamamatsuichino/event/event_e87865_as.html,facts_only,,,,,,unknown,passed_deterministic,public_facts_minimized
WEBccf15258ee,src_4cae6c5e1c8e9b8a,イオンモール浜松市野,https://www.aeon.jp/sc/hamamatsuichino/event/event_e87267_as.html,facts_only,,,,,,unknown,passed_deterministic,public_facts_minimized
WEBf6c8811143,src_4cae6c5e1c8e9b8a,イオンモール浜松市野,https://www.aeon.jp/sc/hamamatsuichino/event/event_e86915_as.html,facts_only,,,,,,unknown,passed_deterministic,public_facts_minimized
WEB0cd5579510,src_4cae6c5e1c8e9b8a,イオンモール浜松市野,https://www.aeon.jp/sc/hamamatsuichino/event/event_e81831_as.html,facts_only,,,,,,unknown,passed_deterministic,public_facts_minimized
WEBafe3721c92,src_4cae6c5e1c8e9b8a,イオンモール浜松市野,https://www.aeon.jp/sc/hamamatsuichino/event/2606-coolsakusen.html,facts_only,,,,,,unknown,passed_deterministic,public_facts_minimized
WEBe043ce4cbc,src_4cae6c5e1c8e9b8a,イオンモール浜松市野,https://www.aeon.jp/sc/hamamatsuichino/event/2608coupon-off.html,facts_only,,,,,,unknown,passed_deterministic,public_facts_minimized
WEB34c86f283d,src_4cae6c5e1c8e9b8a,イオンモール浜松市野,https://www.aeon.jp/sc/hamamatsuichino/event/2607aeonpaycp.html,facts_only,,,,,,unknown,passed_deterministic,public_facts_minimized
WEB2eb68c6150,src_4cae6c5e1c8e9b8a,イオンモール浜松市野,https://www.aeon.jp/sc/hamamatsuichino/event/2608welcome-aeon.html,facts_only,,,,,,unknown,passed_deterministic,public_facts_minimized
WEB3ade29f7b6,src_4cae6c5e1c8e9b8a,イオンモール浜松市野,https://www.aeon.jp/sc/hamamatsuichino/event/event_e85934_as.html,facts_only,,,,,,unknown,passed_deterministic,public_facts_minimized
WEBe0d2e0ce50,src_4cae6c5e1c8e9b8a,イオンモール浜松市野,https://www.aeon.jp/sc/hamamatsuichino/event/event_e84601_as.html,facts_only,,,,,,unknown,passed_deterministic,public_facts_minimized
WEBc9472373a4,src_4cae6c5e1c8e9b8a,イオンモール浜松市野,https://www.aeon.jp/sc/hamamatsuichino/event/event_e86593_as.html,facts_only,,,,,,unknown,passed_deterministic,public_facts_minimized
WEBbdb858d2c4,src_4cae6c5e1c8e9b8a,イオンモール浜松市野,https://www.aeon.jp/sc/hamamatsuichino/event/event_e79931_as.html,facts_only,,,,,,unknown,passed_deterministic,public_facts_minimized
WEBa0594f4f1a,src_4cae6c5e1c8e9b8a,イオンモール浜松市野,https://www.aeon.jp/sc/hamamatsuichino/event/2607new-app.html,facts_only,,,,,,unknown,passed_deterministic,public_facts_minimized
WEB00132cc13c,src_4cae6c5e1c8e9b8a,イオンモール浜松市野,https://www.aeon.jp/sc/hamamatsuichino/event/2606app-renewal.html,facts_only,,,,,,unknown,passed_deterministic,public_facts_minimized
WEBcf460e4b80,src_4cae6c5e1c8e9b8a,イオンモール浜松市野,https://www.aeon.jp/sc/hamamatsuichino/event/event_e75699_as.html,facts_only,,,,,,unknown,passed_deterministic,public_facts_minimized
WEBc78071515d,src_4cae6c5e1c8e9b8a,イオンモール浜松市野,https://www.aeon.jp/sc/hamamatsuichino/event/2509sutenai.html,facts_only,,,,,,unknown,passed_deterministic,public_facts_minimized
WEB281e483381,src_4cae6c5e1c8e9b8a,イオンモール浜松市野,https://www.aeon.jp/sc/hamamatsuichino/event/bunkatsu0.html,facts_only,,,,,,unknown,passed_deterministic,public_facts_minimized
WEB55f4ce3b23,src_4cae6c5e1c8e9b8a,イオンモール浜松市野,https://www.aeon.jp/sc/hamamatsuichino/event/2023kidsclub.html,facts_only,,,,,,unknown,passed_deterministic,public_facts_minimized
WEBc51662ca7a,src_505faf62fdeb6e6f,アクトシティ浜松,https://www.actcity.jp/event/?ym=202608,facts_only,,,,,,unknown,passed_deterministic,public_facts_minimized
WEB8fe775af84,src_505faf62fdeb6e6f,アクトシティ浜松,https://www.actcity.jp/event/?ym=202608,facts_only,,,,,,unknown,passed_deterministic,public_facts_minimized
WEB2feb15a294,src_505faf62fdeb6e6f,アクトシティ浜松,https://www.actcity.jp/event/?ym=202608,facts_only,,,,,,unknown,passed_deterministic,public_facts_minimized
WEB25c09413e5,src_505faf62fdeb6e6f,アクトシティ浜松,https://www.actcity.jp/event/?ym=202608,facts_only,,,,,,unknown,passed_deterministic,public_facts_minimized
WEBfa1731fe2a,src_505faf62fdeb6e6f,アクトシティ浜松,https://www.actcity.jp/event/?ym=202608,facts_only,,,,,,unknown,passed_deterministic,public_facts_minimized
WEBfe2962e33c,src_505faf62fdeb6e6f,アクトシティ浜松,https://www.actcity.jp/event/?ym=202608,facts_only,,,,,,unknown,passed_deterministic,public_facts_minimized
WEB3259c98ea7,src_505faf62fdeb6e6f,アクトシティ浜松,https://www.actcity.jp/event/?ym=202608,facts_only,,,,,,unknown,passed_deterministic,public_facts_minimized
WEB314e1f92e6,src_505faf62fdeb6e6f,アクトシティ浜松,https://www.actcity.jp/event/?ym=202608,facts_only,,,,,,unknown,passed_deterministic,public_facts_minimized
WEBb024dc7b3b,src_505faf62fdeb6e6f,アクトシティ浜松,https://www.actcity.jp/event/?ym=202608,facts_only,,,,,,unknown,passed_deterministic,public_facts_minimized
WEB7d5471a5ad,src_505faf62fdeb6e6f,アクトシティ浜松,https://www.actcity.jp/event/?ym=202608,facts_only,,,,,,unknown,passed_deterministic,public_facts_minimized
WEB560a2509cb,src_505faf62fdeb6e6f,アクトシティ浜松,https://www.actcity.jp/event/?ym=202608,facts_only,,,,,,unknown,passed_deterministic,public_facts_minimized
WEBfe019edb7d,src_505faf62fdeb6e6f,アクトシティ浜松,https://www.actcity.jp/event/?ym=202608,facts_only,,,,,,unknown,passed_deterministic,public_facts_minimized
WEB5aac9eafba,src_505faf62fdeb6e6f,アクトシティ浜松,https://www.actcity.jp/event/?ym=202608,facts_only,,,,,,unknown,passed_deterministic,public_facts_minimized
WEB74d9360541,src_505faf62fdeb6e6f,アクトシティ浜松,https://www.actcity.jp/event/?ym=202608,facts_only,,,,,,unknown,passed_deterministic,public_facts_minimized
WEBde382291ef,src_505faf62fdeb6e6f,アクトシティ浜松,https://www.actcity.jp/event/?ym=202608,facts_only,,,,,,unknown,passed_deterministic,public_facts_minimized
WEB5a82791f51,src_505faf62fdeb6e6f,アクトシティ浜松,https://www.actcity.jp/event/?ym=202608,facts_only,,,,,,unknown,passed_deterministic,public_facts_minimized
WEB9a3a1490f4,src_505faf62fdeb6e6f,アクトシティ浜松,https://www.actcity.jp/event/?ym=202608,facts_only,,,,,,unknown,passed_deterministic,public_facts_minimized
WEBcf55635e6a,src_505faf62fdeb6e6f,アクトシティ浜松,https://www.actcity.jp/event/?ym=202608,facts_only,,,,,,unknown,passed_deterministic,public_facts_minimized
WEB8f1ad22d94,src_505faf62fdeb6e6f,アクトシティ浜松,https://www.actcity.jp/event/?ym=202609,facts_only,,,,,,unknown,passed_deterministic,public_facts_minimized
WEBde21cee02d,src_505faf62fdeb6e6f,アクトシティ浜松,https://www.actcity.jp/event/?ym=202609,facts_only,,,,,,unknown,passed_deterministic,public_facts_minimized
WEB9c4a7363dd,src_505faf62fdeb6e6f,アクトシティ浜松,https://www.actcity.jp/event/?ym=202609,facts_only,,,,,,unknown,passed_deterministic,public_facts_minimized
WEBfbc6029734,src_505faf62fdeb6e6f,アクトシティ浜松,https://www.actcity.jp/event/?ym=202609,facts_only,,,,,,unknown,passed_deterministic,public_facts_minimized
WEB6b759bf934,src_505faf62fdeb6e6f,アクトシティ浜松,https://www.actcity.jp/event/?ym=202609,facts_only,,,,,,unknown,passed_deterministic,public_facts_minimized
WEBd8a0b09377,src_505faf62fdeb6e6f,アクトシティ浜松,https://www.actcity.jp/event/?ym=202609,facts_only,,,,,,unknown,passed_deterministic,public_facts_minimized
WEBb86cc9f629,src_505faf62fdeb6e6f,アクトシティ浜松,https://www.actcity.jp/event/?ym=202609,facts_only,,,,,,unknown,passed_deterministic,public_facts_minimized
WEBcf30ff76ac,src_505faf62fdeb6e6f,アクトシティ浜松,https://www.actcity.jp/event/?ym=202609,facts_only,,,,,,unknown,passed_deterministic,public_facts_minimized
WEB9aace05cac,src_505faf62fdeb6e6f,アクトシティ浜松,https://www.actcity.jp/event/?ym=202609,facts_only,,,,,,unknown,passed_deterministic,public_facts_minimized
WEBac4dbd947d,src_505faf62fdeb6e6f,アクトシティ浜松,https://www.actcity.jp/event/?ym=202609,facts_only,,,,,,unknown,passed_deterministic,public_facts_minimized
WEBb173cd2aaf,src_505faf62fdeb6e6f,アクトシティ浜松,https://www.actcity.jp/event/?ym=202609,facts_only,,,,,,unknown,passed_deterministic,public_facts_minimized
WEBa3b31f00a3,src_505faf62fdeb6e6f,アクトシティ浜松,https://www.actcity.jp/event/?ym=202609,facts_only,,,,,,unknown,passed_deterministic,public_facts_minimized
WEBb1a908f472,src_505faf62fdeb6e6f,アクトシティ浜松,https://www.actcity.jp/event/?ym=202609,facts_only,,,,,,unknown,passed_deterministic,public_facts_minimized
WEB401762e798,src_505faf62fdeb6e6f,アクトシティ浜松,https://www.actcity.jp/event/?ym=202609,facts_only,,,,,,unknown,passed_deterministic,public_facts_minimized
WEB728124dd62,src_505faf62fdeb6e6f,アクトシティ浜松,https://www.actcity.jp/event/?ym=202609,facts_only,,,,,,unknown,passed_deterministic,public_facts_minimized
WEBe9f4718c6a,src_505faf62fdeb6e6f,アクトシティ浜松,https://www.actcity.jp/event/?ym=202609,facts_only,,,,,,unknown,passed_deterministic,public_facts_minimized
WEBab998db600,src_505faf62fdeb6e6f,アクトシティ浜松,https://www.actcity.jp/event/?ym=202609,facts_only,,,,,,unknown,passed_deterministic,public_facts_minimized
WEB397dfe6ede,src_505faf62fdeb6e6f,アクトシティ浜松,https://www.actcity.jp/event/?ym=202609,facts_only,,,,,,unknown,passed_deterministic,public_facts_minimized
WEBced0f11969,src_505faf62fdeb6e6f,アクトシティ浜松,https://www.actcity.jp/event/?ym=202609,facts_only,,,,,,unknown,passed_deterministic,public_facts_minimized
WEBd8812184fc,src_505faf62fdeb6e6f,アクトシティ浜松,https://www.actcity.jp/event/?ym=202609,facts_only,,,,,,unknown,passed_deterministic,public_facts_minimized
WEB85977ed567,src_505faf62fdeb6e6f,アクトシティ浜松,https://www.actcity.jp/event/?ym=202609,facts_only,,,,,,unknown,passed_deterministic,public_facts_minimized
WEB8bcf884704,src_505faf62fdeb6e6f,アクトシティ浜松,https://www.actcity.jp/event/?ym=202609,facts_only,,,,,,unknown,passed_deterministic,public_facts_minimized
WEB5fd6d7b0f4,src_505faf62fdeb6e6f,アクトシティ浜松,https://www.actcity.jp/event/?ym=202610,facts_only,,,,,,unknown,passed_deterministic,public_facts_minimized
WEBbfece6708a,src_505faf62fdeb6e6f,アクトシティ浜松,https://www.actcity.jp/event/?ym=202610,facts_only,,,,,,unknown,passed_deterministic,public_facts_minimized
WEB726ac73d47,src_505faf62fdeb6e6f,アクトシティ浜松,https://www.actcity.jp/event/?ym=202610,facts_only,,,,,,unknown,passed_deterministic,public_facts_minimized
WEBe99428b0a0,src_505faf62fdeb6e6f,アクトシティ浜松,https://www.actcity.jp/event/?ym=202610,facts_only,,,,,,unknown,passed_deterministic,public_facts_minimized
WEB83d1474056,src_505faf62fdeb6e6f,アクトシティ浜松,https://www.actcity.jp/event/?ym=202610,facts_only,,,,,,unknown,passed_deterministic,public_facts_minimized
WEB1c1baac5b8,src_505faf62fdeb6e6f,アクトシティ浜松,https://www.actcity.jp/event/?ym=202610,facts_only,,,,,,unknown,passed_deterministic,public_facts_minimized
WEB5ae934f6a9,src_505faf62fdeb6e6f,アクトシティ浜松,https://www.actcity.jp/event/?ym=202610,facts_only,,,,,,unknown,passed_deterministic,public_facts_minimized
WEBc0b373895a,src_505faf62fdeb6e6f,アクトシティ浜松,https://www.actcity.jp/event/?ym=202610,facts_only,,,,,,unknown,passed_deterministic,public_facts_minimized
WEBb7fe71cc91,src_505faf62fdeb6e6f,アクトシティ浜松,https://www.actcity.jp/event/?ym=202610,facts_only,,,,,,unknown,passed_deterministic,public_facts_minimized
WEB7df608c2b5,src_505faf62fdeb6e6f,アクトシティ浜松,https://www.actcity.jp/event/?ym=202610,facts_only,,,,,,unknown,passed_deterministic,public_facts_minimized
WEB0a85589039,src_505faf62fdeb6e6f,アクトシティ浜松,https://www.actcity.jp/event/?ym=202610,facts_only,,,,,,unknown,passed_deterministic,public_facts_minimized
WEBa68fb8e03b,src_505faf62fdeb6e6f,アクトシティ浜松,https://www.actcity.jp/event/?ym=202610,facts_only,,,,,,unknown,passed_deterministic,public_facts_minimized
WEB5b1e5d9a3c,src_505faf62fdeb6e6f,アクトシティ浜松,https://www.actcity.jp/event/?ym=202610,facts_only,,,,,,unknown,passed_deterministic,public_facts_minimized
WEBee84fe4a11,src_505faf62fdeb6e6f,アクトシティ浜松,https://www.actcity.jp/event/?ym=202610,facts_only,,,,,,unknown,passed_deterministic,public_facts_minimized
WEBfcd0b662b7,src_505faf62fdeb6e6f,アクトシティ浜松,https://www.actcity.jp/event/?ym=202610,facts_only,,,,,,unknown,passed_deterministic,public_facts_minimized
WEBf663b650be,src_505faf62fdeb6e6f,アクトシティ浜松,https://www.actcity.jp/event/?ym=202610,facts_only,,,,,,unknown,passed_deterministic,public_facts_minimized
WEB903e84ad12,src_505faf62fdeb6e6f,アクトシティ浜松,https://www.actcity.jp/event/?ym=202610,facts_only,,,,,,unknown,passed_deterministic,public_facts_minimized
WEB0b84850625,src_505faf62fdeb6e6f,アクトシティ浜松,https://www.actcity.jp/event/?ym=202610,facts_only,,,,,,unknown,passed_deterministic,public_facts_minimized
WEB9d2c9db312,src_505faf62fdeb6e6f,アクトシティ浜松,https://www.actcity.jp/event/?ym=202610,facts_only,,,,,,unknown,passed_deterministic,public_facts_minimized
WEB5db7777375,src_505faf62fdeb6e6f,アクトシティ浜松,https://www.actcity.jp/event/?ym=202610,facts_only,,,,,,unknown,passed_deterministic,public_facts_minimized
WEB9f8dcfd675,src_505faf62fdeb6e6f,アクトシティ浜松,https://www.actcity.jp/event/?ym=202610,facts_only,,,,,,unknown,passed_deterministic,public_facts_minimized
WEBa49062df9d,src_505faf62fdeb6e6f,アクトシティ浜松,https://www.actcity.jp/event/?ym=202610,facts_only,,,,,,unknown,passed_deterministic,public_facts_minimized
WEB650563f982,src_505faf62fdeb6e6f,アクトシティ浜松,https://www.actcity.jp/event/?ym=202611,facts_only,,,,,,unknown,passed_deterministic,public_facts_minimized
WEBed9200943d,src_505faf62fdeb6e6f,アクトシティ浜松,https://www.actcity.jp/event/?ym=202611,facts_only,,,,,,unknown,passed_deterministic,public_facts_minimized
WEBabac1e3e26,src_505faf62fdeb6e6f,アクトシティ浜松,https://www.actcity.jp/event/?ym=202611,facts_only,,,,,,unknown,passed_deterministic,public_facts_minimized
WEB3076a4dbb9,src_505faf62fdeb6e6f,アクトシティ浜松,https://www.actcity.jp/event/?ym=202611,facts_only,,,,,,unknown,passed_deterministic,public_facts_minimized
WEB9820e877bd,src_505faf62fdeb6e6f,アクトシティ浜松,https://www.actcity.jp/event/?ym=202611,facts_only,,,,,,unknown,passed_deterministic,public_facts_minimized
WEBd39137042a,src_505faf62fdeb6e6f,アクトシティ浜松,https://www.actcity.jp/event/?ym=202611,facts_only,,,,,,unknown,passed_deterministic,public_facts_minimized
WEB1b47f14926,src_505faf62fdeb6e6f,アクトシティ浜松,https://www.actcity.jp/event/?ym=202611,facts_only,,,,,,unknown,passed_deterministic,public_facts_minimized
WEB70f7b6d1cb,src_505faf62fdeb6e6f,アクトシティ浜松,https://www.actcity.jp/event/?ym=202611,facts_only,,,,,,unknown,passed_deterministic,public_facts_minimized
WEBdcdbbd4e29,src_505faf62fdeb6e6f,アクトシティ浜松,https://www.actcity.jp/event/?ym=202611,facts_only,,,,,,unknown,passed_deterministic,public_facts_minimized
WEB81da556cb1,src_505faf62fdeb6e6f,アクトシティ浜松,https://www.actcity.jp/event/?ym=202611,facts_only,,,,,,unknown,passed_deterministic,public_facts_minimized
WEBbc9078402c,src_505faf62fdeb6e6f,アクトシティ浜松,https://www.actcity.jp/event/?ym=202611,facts_only,,,,,,unknown,passed_deterministic,public_facts_minimized
WEB0522e197c3,src_505faf62fdeb6e6f,アクトシティ浜松,https://www.actcity.jp/event/?ym=202612,facts_only,,,,,,unknown,passed_deterministic,public_facts_minimized
WEB5fd711f172,src_505faf62fdeb6e6f,アクトシティ浜松,https://www.actcity.jp/event/?ym=202612,facts_only,,,,,,unknown,passed_deterministic,public_facts_minimized
WEB3a997be272,src_505faf62fdeb6e6f,アクトシティ浜松,https://www.actcity.jp/event/?ym=202612,facts_only,,,,,,unknown,passed_deterministic,public_facts_minimized
WEBe538e922e1,src_505faf62fdeb6e6f,アクトシティ浜松,https://www.actcity.jp/event/?ym=202612,facts_only,,,,,,unknown,passed_deterministic,public_facts_minimized
WEBfde70d037d,src_505faf62fdeb6e6f,アクトシティ浜松,https://www.actcity.jp/event/?ym=202612,facts_only,,,,,,unknown,passed_deterministic,public_facts_minimized
WEBa40ed85b45,src_505faf62fdeb6e6f,アクトシティ浜松,https://www.actcity.jp/event/?ym=202612,facts_only,,,,,,unknown,passed_deterministic,public_facts_minimized
WEB65d54ece9c,src_505faf62fdeb6e6f,アクトシティ浜松,https://www.actcity.jp/event/?ym=202612,facts_only,,,,,,unknown,passed_deterministic,public_facts_minimized
WEB2ba4e32d67,src_505faf62fdeb6e6f,アクトシティ浜松,https://www.actcity.jp/event/?ym=202612,facts_only,,,,,,unknown,passed_deterministic,public_facts_minimized
WEB2a939ea523,src_505faf62fdeb6e6f,アクトシティ浜松,https://www.actcity.jp/event/?ym=202612,facts_only,,,,,,unknown,passed_deterministic,public_facts_minimized
WEBcb6e4e890b,src_505faf62fdeb6e6f,アクトシティ浜松,https://www.actcity.jp/event/?ym=202612,facts_only,,,,,,unknown,passed_deterministic,public_facts_minimized
WEB2d60a94026,src_505faf62fdeb6e6f,アクトシティ浜松,https://www.actcity.jp/event/?ym=202612,facts_only,,,,,,unknown,passed_deterministic,public_facts_minimized
WEB68fd19ef17,src_505faf62fdeb6e6f,アクトシティ浜松,https://www.actcity.jp/event/?ym=202701,facts_only,,,,,,unknown,passed_deterministic,public_facts_minimized
WEBc6fe827655,src_505faf62fdeb6e6f,アクトシティ浜松,https://www.actcity.jp/event/?ym=202701,facts_only,,,,,,unknown,passed_deterministic,public_facts_minimized
WEB72d2e9196c,src_505faf62fdeb6e6f,アクトシティ浜松,https://www.actcity.jp/event/?ym=202701,facts_only,,,,,,unknown,passed_deterministic,public_facts_minimized
WEB5e8e3d4d6e,src_505faf62fdeb6e6f,アクトシティ浜松,https://www.actcity.jp/event/?ym=202701,facts_only,,,,,,unknown,passed_deterministic,public_facts_minimized
WEB38131d80f0,src_505faf62fdeb6e6f,アクトシティ浜松,https://www.actcity.jp/event/?ym=202702,facts_only,,,,,,unknown,passed_deterministic,public_facts_minimized
WEBe00348dfea,src_505faf62fdeb6e6f,アクトシティ浜松,https://www.actcity.jp/event/?ym=202702,facts_only,,,,,,unknown,passed_deterministic,public_facts_minimized
WEB049a620328,src_505faf62fdeb6e6f,アクトシティ浜松,https://www.actcity.jp/event/?ym=202702,facts_only,,,,,,unknown,passed_deterministic,public_facts_minimized
WEBcdec5283e1,src_461453dfb86fc3a2,遠鉄百貨店,https://www.endepa.com/exhall/,facts_only,,,,,,unknown,passed_deterministic,public_facts_minimized
WEB4ab29078c2,src_461453dfb86fc3a2,遠鉄百貨店,https://www.endepa.com/event/8pfzgmut03u,facts_only,,,,,,unknown,passed_deterministic,public_facts_minimized
WEB92b5b3318a,src_461453dfb86fc3a2,遠鉄百貨店,https://www.endepa.com/event/zzfx_lkum,facts_only,,,,,,unknown,passed_deterministic,public_facts_minimized
WEB331045a81a,src_461453dfb86fc3a2,遠鉄百貨店,https://www.endepa.com/event/jvtst35cj8s,facts_only,,,,,,unknown,passed_deterministic,public_facts_minimized
WEB4bcad02cf6,src_461453dfb86fc3a2,遠鉄百貨店,https://www.endepa.com/event/5q7spmy5vk5,facts_only,,,,,,unknown,passed_deterministic,public_facts_minimized
WEB5030d3798e,src_461453dfb86fc3a2,遠鉄百貨店,https://www.endepa.com/event/jrqnyu8eq,facts_only,,,,,,unknown,passed_deterministic,public_facts_minimized
WEBfb896c0ffa,src_461453dfb86fc3a2,遠鉄百貨店,https://www.endepa.com/event/x2k4-tski,facts_only,,,,,,unknown,passed_deterministic,public_facts_minimized
WEB550fd257bb,src_461453dfb86fc3a2,遠鉄百貨店,https://www.endepa.com/event/chjftw6vy31,facts_only,,,,,,unknown,passed_deterministic,public_facts_minimized
WEB0934eccb83,src_461453dfb86fc3a2,遠鉄百貨店,https://www.endepa.com/event/a_zifpmuw,facts_only,,,,,,unknown,passed_deterministic,public_facts_minimized
WEB2795fdabcf,src_461453dfb86fc3a2,遠鉄百貨店,https://www.endepa.com/event/m0ax-xc6lrhv,facts_only,,,,,,unknown,passed_deterministic,public_facts_minimized
WEBecef6527ed,src_461453dfb86fc3a2,遠鉄百貨店,https://www.endepa.com/event/y749fgl685,facts_only,,,,,,unknown,passed_deterministic,public_facts_minimized
WEB150e8a3913,src_461453dfb86fc3a2,遠鉄百貨店,https://www.endepa.com/event/uuj7rt96dc,facts_only,,,,,,unknown,passed_deterministic,public_facts_minimized
WEBfc92e04d3e,src_461453dfb86fc3a2,遠鉄百貨店,https://www.endepa.com/event/iungbqqw4tw,facts_only,,,,,,unknown,passed_deterministic,public_facts_minimized
WEB21fc55a771,src_461453dfb86fc3a2,遠鉄百貨店,https://www.endepa.com/event/xgz4r1-8xdg,facts_only,,,,,,unknown,passed_deterministic,public_facts_minimized
WEB04a1b07e33,src_461453dfb86fc3a2,遠鉄百貨店,https://www.endepa.com/event/8ggsthajaq0,facts_only,,,,,,unknown,passed_deterministic,public_facts_minimized
WEB3ceb397f8d,src_461453dfb86fc3a2,遠鉄百貨店,https://www.endepa.com/exhall/,facts_only,,,,,,unknown,passed_deterministic,public_facts_minimized
WEBcd1d61d56e,src_461453dfb86fc3a2,遠鉄百貨店,https://www.endepa.com/event/z49qegyx7x,facts_only,,,,,,unknown,passed_deterministic,public_facts_minimized
WEBe8ab70a762,src_461453dfb86fc3a2,遠鉄百貨店,https://www.endepa.com/event/igw34f896cj,facts_only,,,,,,unknown,passed_deterministic,public_facts_minimized
WEB036c8680c3,src_461453dfb86fc3a2,遠鉄百貨店,https://www.endepa.com/event/buxbuypggol3,facts_only,,,,,,unknown,passed_deterministic,public_facts_minimized
WEB6f32d026a5,src_461453dfb86fc3a2,遠鉄百貨店,https://www.endepa.com/event/dehi1ksop,facts_only,,,,,,unknown,passed_deterministic,public_facts_minimized
WEB4f03d7a8c2,src_461453dfb86fc3a2,遠鉄百貨店,https://www.endepa.com/event/2qivhde1ret4,facts_only,,,,,,unknown,passed_deterministic,public_facts_minimized
WEB329e291ecc,src_461453dfb86fc3a2,遠鉄百貨店,https://www.endepa.com/exhall/,facts_only,,,,,,unknown,passed_deterministic,public_facts_minimized
WEBf9dfd8cd8e,src_461453dfb86fc3a2,遠鉄百貨店,https://www.endepa.com/event/dne3x1jjxxup,facts_only,,,,,,unknown,passed_deterministic,public_facts_minimized
WEBdcf47cb877,src_461453dfb86fc3a2,遠鉄百貨店,https://www.endepa.com/event/h_sm6h5hp,facts_only,,,,,,unknown,passed_deterministic,public_facts_minimized
WEBf9cf8f8cf7,src_461453dfb86fc3a2,遠鉄百貨店,https://www.endepa.com/event/5l-n4b96a,facts_only,,,,,,unknown,passed_deterministic,public_facts_minimized
WEB0eb7f065cf,src_461453dfb86fc3a2,遠鉄百貨店,https://www.endepa.com/event/zk39r0g40n1,facts_only,,,,,,unknown,passed_deterministic,public_facts_minimized
WEB5c45f837e5,src_461453dfb86fc3a2,遠鉄百貨店,https://www.endepa.com/event/oa2oo35n-6fd,facts_only,,,,,,unknown,passed_deterministic,public_facts_minimized
WEB9373bec5f3,src_461453dfb86fc3a2,遠鉄百貨店,https://www.endepa.com/event/sqbyznwkmr,facts_only,,,,,,unknown,passed_deterministic,public_facts_minimized
WEB8c734a3aa7,src_461453dfb86fc3a2,遠鉄百貨店,https://www.endepa.com/event/3p21ietx6pp,facts_only,,,,,,unknown,passed_deterministic,public_facts_minimized
WEBd336941548,src_461453dfb86fc3a2,遠鉄百貨店,https://www.endepa.com/event/qj9a3dee6,facts_only,,,,,,unknown,passed_deterministic,public_facts_minimized
WEBa8d5ec9de9,src_461453dfb86fc3a2,遠鉄百貨店,https://www.endepa.com/event/ltwzq46y4to,facts_only,,,,,,unknown,passed_deterministic,public_facts_minimized
WEB97f1a1ee86,src_461453dfb86fc3a2,遠鉄百貨店,https://www.endepa.com/event/z7pwj93axse,facts_only,,,,,,unknown,passed_deterministic,public_facts_minimized
WEB39aa485c41,src_461453dfb86fc3a2,遠鉄百貨店,https://www.endepa.com/event/ic-y_mvq0-a1,facts_only,,,,,,unknown,passed_deterministic,public_facts_minimized
WEB98e7ebf1bd,src_461453dfb86fc3a2,遠鉄百貨店,https://www.endepa.com/exhall/,facts_only,,,,,,unknown,passed_deterministic,public_facts_minimized
WEB364cdf62d8,src_461453dfb86fc3a2,遠鉄百貨店,https://www.endepa.com/event/ds2coru_7cc,facts_only,,,,,,unknown,passed_deterministic,public_facts_minimized
WEB7eed1d2cd6,src_461453dfb86fc3a2,遠鉄百貨店,https://www.endepa.com/event/p5hxfjad2y,facts_only,,,,,,unknown,passed_deterministic,public_facts_minimized
WEB3bf6429269,src_461453dfb86fc3a2,遠鉄百貨店,https://www.endepa.com/event/zolno394ziw,facts_only,,,,,,unknown,passed_deterministic,public_facts_minimized
WEB97180ae9fc,src_461453dfb86fc3a2,遠鉄百貨店,https://www.endepa.com/event/kwqg71cru,facts_only,,,,,,unknown,passed_deterministic,public_facts_minimized
WEB814a7bf4b2,src_461453dfb86fc3a2,遠鉄百貨店,https://www.endepa.com/event/ku734lo050,facts_only,,,,,,unknown,passed_deterministic,public_facts_minimized
WEB8d6d9ea751,src_461453dfb86fc3a2,遠鉄百貨店,https://www.endepa.com/event/3y4t_1xgd0,facts_only,,,,,,unknown,passed_deterministic,public_facts_minimized
WEB5daf244b35,src_461453dfb86fc3a2,遠鉄百貨店,https://www.endepa.com/event/xnjqnzl0qc,facts_only,,,,,,unknown,passed_deterministic,public_facts_minimized
WEB98300901ee,src_461453dfb86fc3a2,遠鉄百貨店,https://www.endepa.com/event/l1s2irlhj,facts_only,,,,,,unknown,passed_deterministic,public_facts_minimized
WEBb1e048b56b,src_461453dfb86fc3a2,遠鉄百貨店,https://www.okamotohat.jp/,facts_only,,,,,,unknown,passed_deterministic,public_facts_minimized
WEB572dbf2dfc,src_461453dfb86fc3a2,遠鉄百貨店,https://www.endepa.com/event/t6z0v258-vlf,facts_only,,,,,,unknown,passed_deterministic,public_facts_minimized
WEB7ba353b12c,src_461453dfb86fc3a2,遠鉄百貨店,https://www.endepa.com/event/zml-rp3qkrb,facts_only,,,,,,unknown,passed_deterministic,public_facts_minimized
WEB4621fe34f6,src_461453dfb86fc3a2,遠鉄百貨店,https://www.endepa.com/event/ntqunafhfqti,facts_only,,,,,,unknown,passed_deterministic,public_facts_minimized
WEB1e8e5236a1,src_461453dfb86fc3a2,遠鉄百貨店,https://www.endepa.com/event/y9dh8yg482ul,facts_only,,,,,,unknown,passed_deterministic,public_facts_minimized
WEBa1ba855990,src_461453dfb86fc3a2,遠鉄百貨店,https://www.endepa.com/event/zs5i3xnnn3jc,facts_only,,,,,,unknown,passed_deterministic,public_facts_minimized
WEB7279fd5f1c,src_461453dfb86fc3a2,遠鉄百貨店,https://www.endepa.com/event/o1wtm8ifd8,facts_only,,,,,,unknown,passed_deterministic,public_facts_minimized
WEBa96e809932,src_461453dfb86fc3a2,遠鉄百貨店,https://www.endepa.com/event/vymwl3x70,facts_only,,,,,,unknown,passed_deterministic,public_facts_minimized
WEBa55b5d61c3,src_461453dfb86fc3a2,遠鉄百貨店,https://www.endepa.com/event/d_8de5spgnnt,facts_only,,,,,,unknown,passed_deterministic,public_facts_minimized
WEB1459484644,src_461453dfb86fc3a2,遠鉄百貨店,https://www.endepa.com/event/v1i228ukryq,facts_only,,,,,,unknown,passed_deterministic,public_facts_minimized
WEB63d4ef7646,src_461453dfb86fc3a2,遠鉄百貨店,https://www.endepa.com/exhall/,facts_only,,,,,,unknown,passed_deterministic,public_facts_minimized
WEBb5d5de8790,src_461453dfb86fc3a2,遠鉄百貨店,https://www.endepa.com/event/uqchtqcjyw4,facts_only,,,,,,unknown,passed_deterministic,public_facts_minimized
WEB4a7850501b,src_461453dfb86fc3a2,遠鉄百貨店,https://www.endepa.com/event/kwxdn8wts1,facts_only,,,,,,unknown,passed_deterministic,public_facts_minimized
WEB8310261c1b,src_461453dfb86fc3a2,遠鉄百貨店,https://www.endepa.com/special/2xee88dj9,facts_only,,,,,,unknown,passed_deterministic,public_facts_minimized
WEB874cc5b7c4,src_461453dfb86fc3a2,遠鉄百貨店,https://www.endepa.com/event/pk_u2t-ke5,facts_only,,,,,,unknown,passed_deterministic,public_facts_minimized
WEB93e81eaa03,src_461453dfb86fc3a2,遠鉄百貨店,https://www.endepa.com/event/gqaro7pdv4nk,facts_only,,,,,,unknown,passed_deterministic,public_facts_minimized
WEBfb9348e661,src_461453dfb86fc3a2,遠鉄百貨店,https://www.endepa.com/event/a2x3wht23h62,facts_only,,,,,,unknown,passed_deterministic,public_facts_minimized
WEB942b0fde79,src_461453dfb86fc3a2,遠鉄百貨店,https://www.endepa.com/event/l6h-00jasq,facts_only,,,,,,unknown,passed_deterministic,public_facts_minimized
WEB0d7dfbd4cb,src_461453dfb86fc3a2,遠鉄百貨店,https://www.endepa.com/event/n2ni69hoo,facts_only,,,,,,unknown,passed_deterministic,public_facts_minimized
WEBaa9af84909,src_461453dfb86fc3a2,遠鉄百貨店,https://www.endepa.com/event/7_arxb_1q,facts_only,,,,,,unknown,passed_deterministic,public_facts_minimized
WEBb6a6c2119f,src_461453dfb86fc3a2,遠鉄百貨店,https://www.endepa.com/event/yb-d6kxn7,facts_only,,,,,,unknown,passed_deterministic,public_facts_minimized
WEB3a407305c3,src_461453dfb86fc3a2,遠鉄百貨店,https://www.endepa.com/event/685ym86kuuru,facts_only,,,,,,unknown,passed_deterministic,public_facts_minimized
WEBb353d8609d,src_461453dfb86fc3a2,遠鉄百貨店,https://www.endepa.com/event/mdr_-7kjfd4t,facts_only,,,,,,unknown,passed_deterministic,public_facts_minimized
WEBd59d9381d1,src_461453dfb86fc3a2,遠鉄百貨店,https://www.endepa.com/event/bhilubsnh,facts_only,,,,,,unknown,passed_deterministic,public_facts_minimized
WEBdbfa0dbb17,src_461453dfb86fc3a2,遠鉄百貨店,https://www.endepa.com/event/2ld35v1kj1vx,facts_only,,,,,,unknown,passed_deterministic,public_facts_minimized
WEB49a5cc33a1,src_461453dfb86fc3a2,遠鉄百貨店,https://www.endepa.com/event/pzy3tlhknc,facts_only,,,,,,unknown,passed_deterministic,public_facts_minimized
WEBd89a9568a1,src_461453dfb86fc3a2,遠鉄百貨店,https://www.endepa.com/event/9c2mbb-6u4,facts_only,,,,,,unknown,passed_deterministic,public_facts_minimized
WEB82d8c7e3b4,src_461453dfb86fc3a2,遠鉄百貨店,https://www.endepa.com/event/4zk-r0k6q,facts_only,,,,,,unknown,passed_deterministic,public_facts_minimized
WEB7b29ed275a,src_461453dfb86fc3a2,遠鉄百貨店,https://www.endepa.com/event/m172zke2gy,facts_only,,,,,,unknown,passed_deterministic,public_facts_minimized
WEB5ae4ef78c8,src_461453dfb86fc3a2,遠鉄百貨店,https://www.endepa.com/event/ovupgcx0pf,facts_only,,,,,,unknown,passed_deterministic,public_facts_minimized
WEB8cf010fd9d,src_461453dfb86fc3a2,遠鉄百貨店,https://www.endepa.com/event/tj5yvl-3hra,facts_only,,,,,,unknown,passed_deterministic,public_facts_minimized
WEBc3a5de094b,src_461453dfb86fc3a2,遠鉄百貨店,https://www.endepa.com/event/8ckt95npncma,facts_only,,,,,,unknown,passed_deterministic,public_facts_minimized
WEB99ee500d8b,src_461453dfb86fc3a2,遠鉄百貨店,https://www.endepa.com/event/axfy3l3cf,facts_only,,,,,,unknown,passed_deterministic,public_facts_minimized
WEBff23230511,src_461453dfb86fc3a2,遠鉄百貨店,https://www.endepa.com/event/5mt58it1pbmf,facts_only,,,,,,unknown,passed_deterministic,public_facts_minimized
WEB86af952e4f,src_461453dfb86fc3a2,遠鉄百貨店,https://www.endepa.com/event/n3fwfz9vafu,facts_only,,,,,,unknown,passed_deterministic,public_facts_minimized
WEB52422ac198,src_461453dfb86fc3a2,遠鉄百貨店,https://www.endepa.com/event/h7503hhvs,facts_only,,,,,,unknown,passed_deterministic,public_facts_minimized
WEBee22175b09,src_461453dfb86fc3a2,遠鉄百貨店,https://www.endepa.com/event/i9x2ksnhmcp,facts_only,,,,,,unknown,passed_deterministic,public_facts_minimized
WEBfd223c0b68,src_461453dfb86fc3a2,遠鉄百貨店,https://www.endepa.com/event/jjq8p1g-_f,facts_only,,,,,,unknown,passed_deterministic,public_facts_minimized
WEBcabc406ea0,src_461453dfb86fc3a2,遠鉄百貨店,https://www.endepa.com/event/p_2xtqcx7,facts_only,,,,,,unknown,passed_deterministic,public_facts_minimized
WEBadd61d687b,src_461453dfb86fc3a2,遠鉄百貨店,https://www.endepa.com/event/6b23-vhai_z,facts_only,,,,,,unknown,passed_deterministic,public_facts_minimized
WEB8bfd77eb48,src_461453dfb86fc3a2,遠鉄百貨店,https://www.endepa.com/event/be20tz1h6w,facts_only,,,,,,unknown,passed_deterministic,public_facts_minimized
WEB4c501f41d8,src_461453dfb86fc3a2,遠鉄百貨店,https://www.endepa.com/exhall/,facts_only,,,,,,unknown,passed_deterministic,public_facts_minimized
WEB084483271d,src_461453dfb86fc3a2,遠鉄百貨店,https://www.endepa.com/exhall/,facts_only,,,,,,unknown,passed_deterministic,public_facts_minimized
WEB9e4b631d89,src_461453dfb86fc3a2,遠鉄百貨店,https://www.endepa.com/event/r62awu1ze8ax,facts_only,,,,,,unknown,passed_deterministic,public_facts_minimized
WEB2651bd3d2f,src_461453dfb86fc3a2,遠鉄百貨店,https://www.endepa.com/event/u_3nt6vc9x,facts_only,,,,,,unknown,passed_deterministic,public_facts_minimized
WEB4157f764e9,src_461453dfb86fc3a2,遠鉄百貨店,https://www.endepa.com/event/bzm1461nu0o,facts_only,,,,,,unknown,passed_deterministic,public_facts_minimized
WEB2db4d293a6,src_461453dfb86fc3a2,遠鉄百貨店,https://www.endepa.com/event/zvfcj92cdv6,facts_only,,,,,,unknown,passed_deterministic,public_facts_minimized
WEB8327075f6a,src_461453dfb86fc3a2,遠鉄百貨店,https://www.endepa.com/event/yc3nwzhygn,facts_only,,,,,,unknown,passed_deterministic,public_facts_minimized
WEBe1f25b43a7,src_461453dfb86fc3a2,遠鉄百貨店,https://www.endepa.com/event/etfqso5zgrms,facts_only,,,,,,unknown,passed_deterministic,public_facts_minimized
WEB74c8df2a36,src_461453dfb86fc3a2,遠鉄百貨店,https://www.endepa.com/event/ts-f-9a89,facts_only,,,,,,unknown,passed_deterministic,public_facts_minimized
WEBe7dc45ab1c,src_461453dfb86fc3a2,遠鉄百貨店,https://www.endepa.com/event/bo1g2bgzba,facts_only,,,,,,unknown,passed_deterministic,public_facts_minimized
WEB5c8bb007e4,src_461453dfb86fc3a2,遠鉄百貨店,https://www.endepa.com/event/e6l8zsm0sr,facts_only,,,,,,unknown,passed_deterministic,public_facts_minimized
WEBecb2910ac5,src_461453dfb86fc3a2,遠鉄百貨店,https://www.endepa.com/exhall/,facts_only,,,,,,unknown,passed_deterministic,public_facts_minimized
WEB30b5b2c7b2,src_461453dfb86fc3a2,遠鉄百貨店,https://www.endepa.com/exhall/,facts_only,,,,,,unknown,passed_deterministic,public_facts_minimized
WEB6ef00fce9b,src_461453dfb86fc3a2,遠鉄百貨店,https://www.endepa.com/event/jt-gpxpt3,facts_only,,,,,,unknown,passed_deterministic,public_facts_minimized
WEB4ed2b4375d,src_461453dfb86fc3a2,遠鉄百貨店,https://www.endepa.com/event/97dpyycc8,facts_only,,,,,,unknown,passed_deterministic,public_facts_minimized
WEB8f72c3b8d6,src_461453dfb86fc3a2,遠鉄百貨店,https://www.endepa.com/event/i7jw18ylzt,facts_only,,,,,,unknown,passed_deterministic,public_facts_minimized
WEBdf7c63acb8,src_461453dfb86fc3a2,遠鉄百貨店,https://www.endepa.com/event/4oezojg86nd8,facts_only,,,,,,unknown,passed_deterministic,public_facts_minimized
WEB5afe886847,src_461453dfb86fc3a2,遠鉄百貨店,https://www.endepa.com/event/ij89pkd1oba,facts_only,,,,,,unknown,passed_deterministic,public_facts_minimized
WEB7fc52b211b,src_461453dfb86fc3a2,遠鉄百貨店,https://www.endepa.com/event/55_xjx62on,facts_only,,,,,,unknown,passed_deterministic,public_facts_minimized
WEBba1b68f9c6,src_461453dfb86fc3a2,遠鉄百貨店,https://www.endepa.com/event/iii4b-vrjgg,facts_only,,,,,,unknown,passed_deterministic,public_facts_minimized
WEB528f194c47,src_461453dfb86fc3a2,遠鉄百貨店,https://www.endepa.com/event/kfzv-9ijbkct,facts_only,,,,,,unknown,passed_deterministic,public_facts_minimized
WEB8cb20a0053,src_461453dfb86fc3a2,遠鉄百貨店,https://www.endepa.com/event/ril63d_naa,facts_only,,,,,,unknown,passed_deterministic,public_facts_minimized
WEB088e706e7a,src_461453dfb86fc3a2,遠鉄百貨店,https://www.endepa.com/event/a2b-p8walgx,facts_only,,,,,,unknown,passed_deterministic,public_facts_minimized
WEB78b99f6c29,src_461453dfb86fc3a2,遠鉄百貨店,https://www.endepa.com/event/rhdgpymec,facts_only,,,,,,unknown,passed_deterministic,public_facts_minimized
WEB6924b0cba3,src_461453dfb86fc3a2,遠鉄百貨店,https://www.endepa.com/event/qnoi4lckhv,facts_only,,,,,,unknown,passed_deterministic,public_facts_minimized
WEBdb983784b0,src_461453dfb86fc3a2,遠鉄百貨店,https://www.endepa.com/event/w0lkjsmp_ysc,facts_only,,,,,,unknown,passed_deterministic,public_facts_minimized
WEBd75e26c8ac,src_461453dfb86fc3a2,遠鉄百貨店,https://www.endepa.com/event/0t60s_ohrl8w,facts_only,,,,,,unknown,passed_deterministic,public_facts_minimized
WEBae10caf3b6,src_461453dfb86fc3a2,遠鉄百貨店,https://www.endepa.com/event/zfo2lp7iq2yp,facts_only,,,,,,unknown,passed_deterministic,public_facts_minimized
WEBa2fc8db75d,src_461453dfb86fc3a2,遠鉄百貨店,https://www.endepa.com/event/xrltff665,facts_only,,,,,,unknown,passed_deterministic,public_facts_minimized
WEBd85b729165,src_461453dfb86fc3a2,遠鉄百貨店,https://www.endepa.com/event/xy7mu-ydi,facts_only,,,,,,unknown,passed_deterministic,public_facts_minimized
WEB575b082dc3,src_461453dfb86fc3a2,遠鉄百貨店,https://www.endepa.com/event/w2r3mu243k6s,facts_only,,,,,,unknown,passed_deterministic,public_facts_minimized
WEB1d3751ed8b,src_461453dfb86fc3a2,遠鉄百貨店,https://www.endepa.com/event/du75rxgzcqgf,facts_only,,,,,,unknown,passed_deterministic,public_facts_minimized
WEB5f03a0aaab,src_461453dfb86fc3a2,遠鉄百貨店,https://www.endepa.com/event/zy4aafgjqzm,facts_only,,,,,,unknown,passed_deterministic,public_facts_minimized
WEBc60149b6eb,src_461453dfb86fc3a2,遠鉄百貨店,https://www.endepa.com/event/mq2tuestq4,facts_only,,,,,,unknown,passed_deterministic,public_facts_minimized
WEB17dfdb0642,src_461453dfb86fc3a2,遠鉄百貨店,https://www.endepa.com/event/yyf3bq-syt,facts_only,,,,,,unknown,passed_deterministic,public_facts_minimized
WEB9ca93f6104,src_461453dfb86fc3a2,遠鉄百貨店,https://www.endepa.com/event/pxzr5-vqqa,facts_only,,,,,,unknown,passed_deterministic,public_facts_minimized
WEB90e1394839,src_461453dfb86fc3a2,遠鉄百貨店,https://www.endepa.com/event/v41fksk1ch,facts_only,,,,,,unknown,passed_deterministic,public_facts_minimized
WEBd83c828853,src_461453dfb86fc3a2,遠鉄百貨店,https://www.endepa.com/event/bl-a_jodk,facts_only,,,,,,unknown,passed_deterministic,public_facts_minimized
WEB50c5016ce4,src_461453dfb86fc3a2,遠鉄百貨店,https://prtimes.jp/main/html/rd/p/000000004.000107577.html,facts_only,,,,,,unknown,passed_deterministic,public_facts_minimized
WEB559d6d1740,src_461453dfb86fc3a2,遠鉄百貨店,https://www.endepa.com/event/d2qogjm1dt,facts_only,,,,,,unknown,passed_deterministic,public_facts_minimized
WEBd67fd1cc1a,src_461453dfb86fc3a2,遠鉄百貨店,https://www.endepa.com/event/3muk2_fmw6a2,facts_only,,,,,,unknown,passed_deterministic,public_facts_minimized
WEB06abcb3d17,src_461453dfb86fc3a2,遠鉄百貨店,https://www.endepa.com/exhall/,facts_only,,,,,,unknown,passed_deterministic,public_facts_minimized
WEB960b08995d,src_461453dfb86fc3a2,遠鉄百貨店,https://www.endepa.com/event/4jv1ghkeir,facts_only,,,,,,unknown,passed_deterministic,public_facts_minimized
WEBddbac437a5,src_461453dfb86fc3a2,遠鉄百貨店,https://www.endepa.com/event/dayblz3sh,facts_only,,,,,,unknown,passed_deterministic,public_facts_minimized
WEBff1fd45ada,src_461453dfb86fc3a2,遠鉄百貨店,https://www.endepa.com/event/0gd4gcl9t,facts_only,,,,,,unknown,passed_deterministic,public_facts_minimized
WEBe3fdd10e23,src_461453dfb86fc3a2,遠鉄百貨店,https://www.endepa.com/event/nra540alp0,facts_only,,,,,,unknown,passed_deterministic,public_facts_minimized
WEB47cc21df72,src_461453dfb86fc3a2,遠鉄百貨店,https://www.endepa.com/event/2e_afywvf1,facts_only,,,,,,unknown,passed_deterministic,public_facts_minimized
WEBbfd7ec0b53,src_461453dfb86fc3a2,遠鉄百貨店,https://www.endepa.com/event/t_c5ucv3ze,facts_only,,,,,,unknown,passed_deterministic,public_facts_minimized
WEB1b9174f947,src_461453dfb86fc3a2,遠鉄百貨店,https://www.endepa.com/event/jb71m-s7sy,facts_only,,,,,,unknown,passed_deterministic,public_facts_minimized
WEB3bfb86b24a,src_461453dfb86fc3a2,遠鉄百貨店,https://www.endepa.com/event/drcj84uru,facts_only,,,,,,unknown,passed_deterministic,public_facts_minimized
WEB9316410fab,src_461453dfb86fc3a2,遠鉄百貨店,https://www.endepa.com/event/kqen-y5ms,facts_only,,,,,,unknown,passed_deterministic,public_facts_minimized
WEB8696d24f3d,src_461453dfb86fc3a2,遠鉄百貨店,https://www.endepa.com/event/odubpwxxsl3j,facts_only,,,,,,unknown,passed_deterministic,public_facts_minimized
WEB754679232d,src_461453dfb86fc3a2,遠鉄百貨店,https://www.endepa.com/event/1-_x599b5oq,facts_only,,,,,,unknown,passed_deterministic,public_facts_minimized
WEB22583f1fe3,src_461453dfb86fc3a2,遠鉄百貨店,https://www.endepa.com/event/j6w88qdt0e,facts_only,,,,,,unknown,passed_deterministic,public_facts_minimized
WEB74efba05f0,src_461453dfb86fc3a2,遠鉄百貨店,https://www.endepa.com/event/owys9_5a53dg,facts_only,,,,,,unknown,passed_deterministic,public_facts_minimized
WEB6d8c88e03d,src_461453dfb86fc3a2,遠鉄百貨店,https://www.endepa.com/event/0-0vjf53wvlx,facts_only,,,,,,unknown,passed_deterministic,public_facts_minimized
WEBfaadc581cd,src_461453dfb86fc3a2,遠鉄百貨店,https://www.endepa.com/exhall/,facts_only,,,,,,unknown,passed_deterministic,public_facts_minimized
WEB4ba97a63b8,src_461453dfb86fc3a2,遠鉄百貨店,https://www.endepa.com/event/qrk5ckq9vp2h,facts_only,,,,,,unknown,passed_deterministic,public_facts_minimized
WEBc084fc186b,src_461453dfb86fc3a2,遠鉄百貨店,https://www.endepa.com/event/2lgdeyb8pe,facts_only,,,,,,unknown,passed_deterministic,public_facts_minimized
WEBcfc875327e,src_461453dfb86fc3a2,遠鉄百貨店,https://www.endepa.com/event/1nbm1zihu5,facts_only,,,,,,unknown,passed_deterministic,public_facts_minimized
WEB42f484af0a,src_461453dfb86fc3a2,遠鉄百貨店,https://www.endepa.com/event/few8zqy_fte,facts_only,,,,,,unknown,passed_deterministic,public_facts_minimized
WEBa6c419e755,src_461453dfb86fc3a2,遠鉄百貨店,https://www.endepa.com/event/d4a2zy9vy-ei,facts_only,,,,,,unknown,passed_deterministic,public_facts_minimized
WEB32f6958321,src_461453dfb86fc3a2,遠鉄百貨店,https://www.endepa.com/event/8rwo190-7o,facts_only,,,,,,unknown,passed_deterministic,public_facts_minimized
WEBc5f98dd36c,src_461453dfb86fc3a2,遠鉄百貨店,https://www.endepa.com/event/oi_rlx7s54,facts_only,,,,,,unknown,passed_deterministic,public_facts_minimized
WEB77ee0c3430,src_461453dfb86fc3a2,遠鉄百貨店,https://www.endepa.com/exhall/,facts_only,,,,,,unknown,passed_deterministic,public_facts_minimized
WEB130fc57b16,src_461453dfb86fc3a2,遠鉄百貨店,https://www.endepa.com/exhall/,facts_only,,,,,,unknown,passed_deterministic,public_facts_minimized
WEBde220a8fdd,src_461453dfb86fc3a2,遠鉄百貨店,https://www.endepa.com/event/qd0a8rctiey5,facts_only,,,,,,unknown,passed_deterministic,public_facts_minimized
WEB9226280d38,src_461453dfb86fc3a2,遠鉄百貨店,https://www.endepa.com/event/jqukozlrp,facts_only,,,,,,unknown,passed_deterministic,public_facts_minimized
WEB828b954a1f,src_461453dfb86fc3a2,遠鉄百貨店,https://www.endepa.com/event/kqob1b682,facts_only,,,,,,unknown,passed_deterministic,public_facts_minimized
WEB249a6dec28,src_461453dfb86fc3a2,遠鉄百貨店,https://www.endepa.com/event/hjj5q6skt,facts_only,,,,,,unknown,passed_deterministic,public_facts_minimized
WEBf6fe294cfd,src_461453dfb86fc3a2,遠鉄百貨店,https://www.endepa.com/event/0ebkjx1ngrih,facts_only,,,,,,unknown,passed_deterministic,public_facts_minimized
WEB24b9242789,src_461453dfb86fc3a2,遠鉄百貨店,https://www.endepa.com/event/oo2tg535r,facts_only,,,,,,unknown,passed_deterministic,public_facts_minimized
WEBcbbf387dc8,src_461453dfb86fc3a2,遠鉄百貨店,https://www.endepa.com/event/otumo1wl5,facts_only,,,,,,unknown,passed_deterministic,public_facts_minimized
WEBfbcf6daea0,src_461453dfb86fc3a2,遠鉄百貨店,https://www.endepa.com/event/2ao5q8zkjf,facts_only,,,,,,unknown,passed_deterministic,public_facts_minimized
WEB6f9f9d91eb,src_461453dfb86fc3a2,遠鉄百貨店,https://www.endepa.com/event/wm_i7004q1i,facts_only,,,,,,unknown,passed_deterministic,public_facts_minimized
WEB32af7f1a8e,src_461453dfb86fc3a2,遠鉄百貨店,https://www.endepa.com/event/qf6zzws4rgu0,facts_only,,,,,,unknown,passed_deterministic,public_facts_minimized
WEB23294dbac2,src_461453dfb86fc3a2,遠鉄百貨店,https://www.endepa.com/event/c71z3rjv7vq9,facts_only,,,,,,unknown,passed_deterministic,public_facts_minimized
WEBa2f7aa85a2,src_461453dfb86fc3a2,遠鉄百貨店,https://www.endepa.com/event/azoiez8gycyk,facts_only,,,,,,unknown,passed_deterministic,public_facts_minimized
WEBd9da296c2f,src_461453dfb86fc3a2,遠鉄百貨店,https://www.endepa.com/event/w45i1j9vl,facts_only,,,,,,unknown,passed_deterministic,public_facts_minimized
WEB0b182f914a,src_461453dfb86fc3a2,遠鉄百貨店,https://www.endepa.com/event/rrcdjt-fw,facts_only,,,,,,unknown,passed_deterministic,public_facts_minimized
WEB87777a9382,src_461453dfb86fc3a2,遠鉄百貨店,https://www.endepa.com/event/vb4yfpjaq,facts_only,,,,,,unknown,passed_deterministic,public_facts_minimized
WEB7c7fad5026,src_461453dfb86fc3a2,遠鉄百貨店,https://www.endepa.com/event/3q_e3erud1dv,facts_only,,,,,,unknown,passed_deterministic,public_facts_minimized
WEBb920b9d6cc,src_461453dfb86fc3a2,遠鉄百貨店,https://www.endepa.com/event/jnb6bytiqs,facts_only,,,,,,unknown,passed_deterministic,public_facts_minimized
WEBfcc73f2430,src_461453dfb86fc3a2,遠鉄百貨店,https://www.endepa.com/event/0bcw-aacvr0,facts_only,,,,,,unknown,passed_deterministic,public_facts_minimized
WEBa09c1877e8,src_461453dfb86fc3a2,遠鉄百貨店,https://www.endepa.com/event/20s-ctfmxuk4,facts_only,,,,,,unknown,passed_deterministic,public_facts_minimized
WEB83ea421dab,src_461453dfb86fc3a2,遠鉄百貨店,https://www.endepa.com/event/40prrjwge4t,facts_only,,,,,,unknown,passed_deterministic,public_facts_minimized
WEB50a6169406,src_461453dfb86fc3a2,遠鉄百貨店,https://www.endepa.com/event/jnlybabqvu0,facts_only,,,,,,unknown,passed_deterministic,public_facts_minimized
WEB3fc92a2d28,src_461453dfb86fc3a2,遠鉄百貨店,https://www.endepa.com/event/yw8hqhyr2,facts_only,,,,,,unknown,passed_deterministic,public_facts_minimized
WEB5ebef4f6f3,src_461453dfb86fc3a2,遠鉄百貨店,https://www.endepa.com/event/89kp2x4tnyj,facts_only,,,,,,unknown,passed_deterministic,public_facts_minimized
WEB20b52ed7f7,src_461453dfb86fc3a2,遠鉄百貨店,https://www.endepa.com/event/2-3h-etxl,facts_only,,,,,,unknown,passed_deterministic,public_facts_minimized
WEB228554a60a,src_461453dfb86fc3a2,遠鉄百貨店,https://www.endepa.com/event/1z7o9-cllxr,facts_only,,,,,,unknown,passed_deterministic,public_facts_minimized
WEB98a60550ae,src_461453dfb86fc3a2,遠鉄百貨店,https://www.endepa.com/event/8r5-kes-o,facts_only,,,,,,unknown,passed_deterministic,public_facts_minimized
WEB5994d23870,src_461453dfb86fc3a2,遠鉄百貨店,https://www.endepa.com/event/niiy9n0qek,facts_only,,,,,,unknown,passed_deterministic,public_facts_minimized
WEB339ad4b1ae,src_461453dfb86fc3a2,遠鉄百貨店,https://www.endepa.com/event/esbytj45t,facts_only,,,,,,unknown,passed_deterministic,public_facts_minimized
WEB1636438187,src_461453dfb86fc3a2,遠鉄百貨店,https://www.endepa.com/event/dyuk8ske6hgm,facts_only,,,,,,unknown,passed_deterministic,public_facts_minimized
WEB484fc8b5e8,src_461453dfb86fc3a2,遠鉄百貨店,https://www.endepa.com/event/o9iu3_q2jro,facts_only,,,,,,unknown,passed_deterministic,public_facts_minimized
WEB0aec5d79aa,src_461453dfb86fc3a2,遠鉄百貨店,https://www.endepa.com/event/jvup2d9m11,facts_only,,,,,,unknown,passed_deterministic,public_facts_minimized
WEB441df08291,src_461453dfb86fc3a2,遠鉄百貨店,https://www.endepa.com/event/v-wz44fzixhh,facts_only,,,,,,unknown,passed_deterministic,public_facts_minimized
WEB110b110900,src_461453dfb86fc3a2,遠鉄百貨店,https://www.endepa.com/event/22b2fsbg5k,facts_only,,,,,,unknown,passed_deterministic,public_facts_minimized
WEBecd95c95e3,src_461453dfb86fc3a2,遠鉄百貨店,https://www.endepa.com/event/2xt8gvexyl2i,facts_only,,,,,,unknown,passed_deterministic,public_facts_minimized
WEBadea119c6e,src_461453dfb86fc3a2,遠鉄百貨店,https://www.endepa.com/event/uk9pzcf22at,facts_only,,,,,,unknown,passed_deterministic,public_facts_minimized
WEB0538580fce,src_461453dfb86fc3a2,遠鉄百貨店,https://www.endepa.com/event/2zx4-mauqsj6,facts_only,,,,,,unknown,passed_deterministic,public_facts_minimized
WEBbe67c99b06,src_461453dfb86fc3a2,遠鉄百貨店,https://www.endepa.com/event/5ngs9ean36,facts_only,,,,,,unknown,passed_deterministic,public_facts_minimized
WEB105b08a981,src_461453dfb86fc3a2,遠鉄百貨店,https://www.endepa.com/event/8etdmz18zkeq,facts_only,,,,,,unknown,passed_deterministic,public_facts_minimized
WEBf72a415a33,src_461453dfb86fc3a2,遠鉄百貨店,https://www.endepa.com/event/38mw71-wapf3,facts_only,,,,,,unknown,passed_deterministic,public_facts_minimized
WEB5554e30a27,src_461453dfb86fc3a2,遠鉄百貨店,https://www.endepa.com/event/emiz-c6breh,facts_only,,,,,,unknown,passed_deterministic,public_facts_minimized
WEBe4a3b26c5a,src_461453dfb86fc3a2,遠鉄百貨店,https://www.endepa.com/event/mr4ao7a5v,facts_only,,,,,,unknown,passed_deterministic,public_facts_minimized
WEB61ef4b3974,src_461453dfb86fc3a2,遠鉄百貨店,https://www.endepa.com/event/7lr4he491vp4,facts_only,,,,,,unknown,passed_deterministic,public_facts_minimized
WEBbed24312b2,src_461453dfb86fc3a2,遠鉄百貨店,https://www.endepa.com/event/d-u80pq1sy,facts_only,,,,,,unknown,passed_deterministic,public_facts_minimized
WEB25aa0caf09,src_461453dfb86fc3a2,遠鉄百貨店,https://www.endepa.com/event/pl0694wcw,facts_only,,,,,,unknown,passed_deterministic,public_facts_minimized
WEBf3f5a862e2,src_461453dfb86fc3a2,遠鉄百貨店,https://www.endepa.com/event/rnc0x349li,facts_only,,,,,,unknown,passed_deterministic,public_facts_minimized
WEBc65a67287b,src_461453dfb86fc3a2,遠鉄百貨店,https://www.endepa.com/event/ijliodbs0_a1,facts_only,,,,,,unknown,passed_deterministic,public_facts_minimized
WEBdd00ada138,src_461453dfb86fc3a2,遠鉄百貨店,https://www.endepa.com/event/qj0ul9sg0,facts_only,,,,,,unknown,passed_deterministic,public_facts_minimized
WEB00389f3729,src_461453dfb86fc3a2,遠鉄百貨店,https://www.endepa.com/event/9_4qvwe8u2c,facts_only,,,,,,unknown,passed_deterministic,public_facts_minimized
WEB98149a2a08,src_461453dfb86fc3a2,遠鉄百貨店,https://www.endepa.com/event/o483bf4-rc4,facts_only,,,,,,unknown,passed_deterministic,public_facts_minimized
WEBc4f9570fe3,src_461453dfb86fc3a2,遠鉄百貨店,https://www.endepa.com/event/xnw-o3cii0t,facts_only,,,,,,unknown,passed_deterministic,public_facts_minimized
WEBd33e835165,src_461453dfb86fc3a2,遠鉄百貨店,https://www.endepa.com/event/y8t6vzjyyz01,facts_only,,,,,,unknown,passed_deterministic,public_facts_minimized
WEB1763760212,src_461453dfb86fc3a2,遠鉄百貨店,https://www.endepa.com/event/lndck5chla,facts_only,,,,,,unknown,passed_deterministic,public_facts_minimized
WEB9a75b22ae7,src_461453dfb86fc3a2,遠鉄百貨店,https://www.endepa.com/exhall/,facts_only,,,,,,unknown,passed_deterministic,public_facts_minimized
WEB21087d76ea,src_461453dfb86fc3a2,遠鉄百貨店,https://www.endepa.com/event/xe8vm3zyl,facts_only,,,,,,unknown,passed_deterministic,public_facts_minimized
WEBa3372384db,src_461453dfb86fc3a2,遠鉄百貨店,https://www.endepa.com/event/gk3cnb9kb,facts_only,,,,,,unknown,passed_deterministic,public_facts_minimized
WEB488c2f5154,src_461453dfb86fc3a2,遠鉄百貨店,https://www.endepa.com/event/ufp7w9hrda,facts_only,,,,,,unknown,passed_deterministic,public_facts_minimized
WEBd81f33a633,src_461453dfb86fc3a2,遠鉄百貨店,https://www.endepa.com/event/9csp076n-fri,facts_only,,,,,,unknown,passed_deterministic,public_facts_minimized
WEB54de99c868,src_461453dfb86fc3a2,遠鉄百貨店,https://www.endepa.com/event/h3h54212h1,facts_only,,,,,,unknown,passed_deterministic,public_facts_minimized
WEBdf4e8c4e69,src_461453dfb86fc3a2,遠鉄百貨店,https://www.endepa.com/event/xx4h1jy_1l,facts_only,,,,,,unknown,passed_deterministic,public_facts_minimized
WEB4921fd233a,src_461453dfb86fc3a2,遠鉄百貨店,https://www.endepa.com/event/xzoia0q7358,facts_only,,,,,,unknown,passed_deterministic,public_facts_minimized
WEB6255639936,src_461453dfb86fc3a2,遠鉄百貨店,https://www.endepa.com/event/nzmmc9y6_0,facts_only,,,,,,unknown,passed_deterministic,public_facts_minimized
WEBac48a5d0c2,src_461453dfb86fc3a2,遠鉄百貨店,https://www.endepa.com/exhall/,facts_only,,,,,,unknown,passed_deterministic,public_facts_minimized
WEB72ff575a97,src_461453dfb86fc3a2,遠鉄百貨店,https://www.endepa.com/exhall/,facts_only,,,,,,unknown,passed_deterministic,public_facts_minimized
WEB61039d0360,src_461453dfb86fc3a2,遠鉄百貨店,https://www.endepa.com/event/yxrtshfed5f9,facts_only,,,,,,unknown,passed_deterministic,public_facts_minimized
WEB07a098af6d,src_461453dfb86fc3a2,遠鉄百貨店,https://www.endepa.com/event/hf9un_-og,facts_only,,,,,,unknown,passed_deterministic,public_facts_minimized
WEBe5edce9644,src_461453dfb86fc3a2,遠鉄百貨店,https://www.endepa.com/exhall/,facts_only,,,,,,unknown,passed_deterministic,public_facts_minimized
WEB57aa540aaf,src_461453dfb86fc3a2,遠鉄百貨店,https://www.endepa.com/event/iuh6ugr6g,facts_only,,,,,,unknown,passed_deterministic,public_facts_minimized
WEB5501410a9c,src_461453dfb86fc3a2,遠鉄百貨店,https://www.endepa.com/event/ls0ipjlji,facts_only,,,,,,unknown,passed_deterministic,public_facts_minimized
WEBaad223297c,src_461453dfb86fc3a2,遠鉄百貨店,https://www.endepa.com/event/z_ppzza4alzs,facts_only,,,,,,unknown,passed_deterministic,public_facts_minimized
WEB6e633407ce,src_461453dfb86fc3a2,遠鉄百貨店,https://www.endepa.com/event/7v_uapko1b,facts_only,,,,,,unknown,passed_deterministic,public_facts_minimized
WEBe519a920c4,src_461453dfb86fc3a2,遠鉄百貨店,https://www.endepa.com/event/2gd9rpgnr9i,facts_only,,,,,,unknown,passed_deterministic,public_facts_minimized
WEB1969e79817,src_461453dfb86fc3a2,遠鉄百貨店,https://www.endepa.com/event/mqne3n24ce,facts_only,,,,,,unknown,passed_deterministic,public_facts_minimized
WEB9615f4ec18,src_461453dfb86fc3a2,遠鉄百貨店,https://www.endepa.com/event/37x2ov5836,facts_only,,,,,,unknown,passed_deterministic,public_facts_minimized
WEB38dee402fe,src_461453dfb86fc3a2,遠鉄百貨店,https://www.endepa.com/event/6-c0fm8a0_7q,facts_only,,,,,,unknown,passed_deterministic,public_facts_minimized
WEB16fe3d83c9,src_461453dfb86fc3a2,遠鉄百貨店,https://www.endepa.com/event/j9vxgi__rsfo,facts_only,,,,,,unknown,passed_deterministic,public_facts_minimized
WEB3041981076,src_461453dfb86fc3a2,遠鉄百貨店,https://www.endepa.com/event/bhnxn9rjt7g7,facts_only,,,,,,unknown,passed_deterministic,public_facts_minimized
WEB270bca32cc,src_461453dfb86fc3a2,遠鉄百貨店,https://www.endepa.com/event/zpsx53yx0bj7,facts_only,,,,,,unknown,passed_deterministic,public_facts_minimized
WEB515f9cde3d,src_461453dfb86fc3a2,遠鉄百貨店,https://www.endepa.com/event/namy_jthqc,facts_only,,,,,,unknown,passed_deterministic,public_facts_minimized
WEB247c8d0ebd,src_461453dfb86fc3a2,遠鉄百貨店,https://www.endepa.com/event/0uoc4jj9ocg,facts_only,,,,,,unknown,passed_deterministic,public_facts_minimized
WEB67b95dc443,src_461453dfb86fc3a2,遠鉄百貨店,https://www.endepa.com/event/0dbm-g2lkt,facts_only,,,,,,unknown,passed_deterministic,public_facts_minimized
WEB5d17b75225,src_461453dfb86fc3a2,遠鉄百貨店,https://www.endepa.com/event/z-sctkgckr9,facts_only,,,,,,unknown,passed_deterministic,public_facts_minimized
WEB069a1abede,src_461453dfb86fc3a2,遠鉄百貨店,https://www.endepa.com/event/2399_k_pcn,facts_only,,,,,,unknown,passed_deterministic,public_facts_minimized
WEBb870798c00,src_461453dfb86fc3a2,遠鉄百貨店,https://www.endepa.com/event/8j2p3r-h-z,facts_only,,,,,,unknown,passed_deterministic,public_facts_minimized
WEBdb6b9c8abd,src_461453dfb86fc3a2,遠鉄百貨店,https://www.endepa.com/event/wh_a_j-5c,facts_only,,,,,,unknown,passed_deterministic,public_facts_minimized
WEB431c2fea49,src_461453dfb86fc3a2,遠鉄百貨店,https://www.endepa.com/exhall/,facts_only,,,,,,unknown,passed_deterministic,public_facts_minimized
WEB7fccc41e92,src_461453dfb86fc3a2,遠鉄百貨店,https://www.endepa.com/event/0v5lf_2tk5,facts_only,,,,,,unknown,passed_deterministic,public_facts_minimized
WEB2444d51f24,src_461453dfb86fc3a2,遠鉄百貨店,https://www.endepa.com/event/gh11ejr4nk,facts_only,,,,,,unknown,passed_deterministic,public_facts_minimized
WEB9ba187455f,src_461453dfb86fc3a2,遠鉄百貨店,https://www.endepa.com/exhall/,facts_only,,,,,,unknown,passed_deterministic,public_facts_minimized
WEBf74b1946d4,src_461453dfb86fc3a2,遠鉄百貨店,https://www.endepa.com/event/89udmo-1qb,facts_only,,,,,,unknown,passed_deterministic,public_facts_minimized
WEB63f26577c0,src_461453dfb86fc3a2,遠鉄百貨店,https://www.endepa.com/event/qov22yn9y2p,facts_only,,,,,,unknown,passed_deterministic,public_facts_minimized
WEB7951663ef6,src_461453dfb86fc3a2,遠鉄百貨店,https://www.endepa.com/event/13k0z5p9v,facts_only,,,,,,unknown,passed_deterministic,public_facts_minimized
WEBf707c32565,src_461453dfb86fc3a2,遠鉄百貨店,https://www.endepa.com/event/df1y6jm_8,facts_only,,,,,,unknown,passed_deterministic,public_facts_minimized
WEBee8261768b,src_461453dfb86fc3a2,遠鉄百貨店,https://www.endepa.com/event/orvpxf0d557,facts_only,,,,,,unknown,passed_deterministic,public_facts_minimized
WEBbce7f1dea5,src_461453dfb86fc3a2,遠鉄百貨店,https://www.endepa.com/event/ok9uq86de,facts_only,,,,,,unknown,passed_deterministic,public_facts_minimized
WEB889d389b0a,src_461453dfb86fc3a2,遠鉄百貨店,https://www.endepa.com/event/wpvse3h35,facts_only,,,,,,unknown,passed_deterministic,public_facts_minimized
WEBa6da34f398,src_461453dfb86fc3a2,遠鉄百貨店,https://www.endepa.com/event/3z0-z_ora,facts_only,,,,,,unknown,passed_deterministic,public_facts_minimized
WEBa320ecc2ac,src_461453dfb86fc3a2,遠鉄百貨店,https://www.endepa.com/event/u0cd2qdlow,facts_only,,,,,,unknown,passed_deterministic,public_facts_minimized
WEBdcb83b24c3,src_461453dfb86fc3a2,遠鉄百貨店,https://www.endepa.com/event/tw9613mc0,facts_only,,,,,,unknown,passed_deterministic,public_facts_minimized
WEBa8c24e6a28,src_461453dfb86fc3a2,遠鉄百貨店,https://www.endepa.com/event/s1vhuhtu33kh,facts_only,,,,,,unknown,passed_deterministic,public_facts_minimized
WEB94768f3a3f,src_461453dfb86fc3a2,遠鉄百貨店,https://www.endepa.com/event/27o4jncov,facts_only,,,,,,unknown,passed_deterministic,public_facts_minimized
WEB124894c040,src_461453dfb86fc3a2,遠鉄百貨店,https://www.endepa.com/event/ztbxt_2lsaf,facts_only,,,,,,unknown,passed_deterministic,public_facts_minimized
WEB7c3b20aee5,src_461453dfb86fc3a2,遠鉄百貨店,https://www.endepa.com/event/axrufx0y4,facts_only,,,,,,unknown,passed_deterministic,public_facts_minimized
WEBfe7a171556,src_461453dfb86fc3a2,遠鉄百貨店,https://www.endepa.com/event/29r1qgah8,facts_only,,,,,,unknown,passed_deterministic,public_facts_minimized
WEB7b7075ce2e,src_461453dfb86fc3a2,遠鉄百貨店,https://www.endepa.com/event/txaoatgnn4b,facts_only,,,,,,unknown,passed_deterministic,public_facts_minimized
WEB35ef9a6ec2,src_461453dfb86fc3a2,遠鉄百貨店,https://www.endepa.com/event/xpm00ihofk,facts_only,,,,,,unknown,passed_deterministic,public_facts_minimized
WEB9a9180ed32,src_461453dfb86fc3a2,遠鉄百貨店,https://www.endepa.com/event/f5i_55e28,facts_only,,,,,,unknown,passed_deterministic,public_facts_minimized
WEB782e177a85,src_461453dfb86fc3a2,遠鉄百貨店,https://www.endepa.com/event/1v__y3y15m,facts_only,,,,,,unknown,passed_deterministic,public_facts_minimized
WEB5351816b73,src_461453dfb86fc3a2,遠鉄百貨店,https://www.endepa.com/event/5y238o3atha,facts_only,,,,,,unknown,passed_deterministic,public_facts_minimized
WEBdf623d08e2,src_461453dfb86fc3a2,遠鉄百貨店,https://www.endepa.com/event/5qyvjwzasn,facts_only,,,,,,unknown,passed_deterministic,public_facts_minimized
WEBffe7bfa841,src_461453dfb86fc3a2,遠鉄百貨店,https://www.endepa.com/event/ybcebzm4j,facts_only,,,,,,unknown,passed_deterministic,public_facts_minimized
WEB3c19ca2fa6,src_461453dfb86fc3a2,遠鉄百貨店,https://www.endepa.com/event/146wylqyxm,facts_only,,,,,,unknown,passed_deterministic,public_facts_minimized
WEB97308a2dad,src_461453dfb86fc3a2,遠鉄百貨店,https://www.endepa.com/event/hi086o3zxs7,facts_only,,,,,,unknown,passed_deterministic,public_facts_minimized
WEB81c094e1f7,src_461453dfb86fc3a2,遠鉄百貨店,https://www.endepa.com/event/m8-gd2jq7,facts_only,,,,,,unknown,passed_deterministic,public_facts_minimized
WEBb6728c0f69,src_461453dfb86fc3a2,遠鉄百貨店,https://www.endepa.com/event/k9-1mx4kk,facts_only,,,,,,unknown,passed_deterministic,public_facts_minimized
WEB413dc8e54f,src_461453dfb86fc3a2,遠鉄百貨店,https://www.endepa.com/event/ik4xm6asbzhb,facts_only,,,,,,unknown,passed_deterministic,public_facts_minimized
WEB42a1569224,src_461453dfb86fc3a2,遠鉄百貨店,https://www.endepa.com/event/0turc1n2mk,facts_only,,,,,,unknown,passed_deterministic,public_facts_minimized
WEB7b4d3b8ae8,src_461453dfb86fc3a2,遠鉄百貨店,https://www.endepa.com/event/3qbaxxe3iep9,facts_only,,,,,,unknown,passed_deterministic,public_facts_minimized
WEB6fc56075c0,src_461453dfb86fc3a2,遠鉄百貨店,https://www.endepa.com/event/0bginh544,facts_only,,,,,,unknown,passed_deterministic,public_facts_minimized
WEBec7a282a52,src_461453dfb86fc3a2,遠鉄百貨店,https://www.endepa.com/event/jb7cdz335,facts_only,,,,,,unknown,passed_deterministic,public_facts_minimized
WEB56d4493059,src_461453dfb86fc3a2,遠鉄百貨店,https://www.endepa.com/exhall/,facts_only,,,,,,unknown,passed_deterministic,public_facts_minimized
WEBe3469498d8,src_461453dfb86fc3a2,遠鉄百貨店,https://www.endepa.com/event/zibpq7pg7avl,facts_only,,,,,,unknown,passed_deterministic,public_facts_minimized
WEB2bd9025e38,src_461453dfb86fc3a2,遠鉄百貨店,https://www.endepa.com/event/csbarf1os,facts_only,,,,,,unknown,passed_deterministic,public_facts_minimized
WEB93addd5083,src_461453dfb86fc3a2,遠鉄百貨店,https://www.endepa.com/event/4_jtwg9f1s,facts_only,,,,,,unknown,passed_deterministic,public_facts_minimized
WEBb698a3c361,src_461453dfb86fc3a2,遠鉄百貨店,https://www.endepa.com/event/4n0s3m4m23u,facts_only,,,,,,unknown,passed_deterministic,public_facts_minimized
WEB19b1749e0b,src_461453dfb86fc3a2,遠鉄百貨店,https://www.endepa.com/event/indj613z3v5,facts_only,,,,,,unknown,passed_deterministic,public_facts_minimized
WEB62d89d08f6,src_461453dfb86fc3a2,遠鉄百貨店,https://www.endepa.com/event/kx0ftlfnf,facts_only,,,,,,unknown,passed_deterministic,public_facts_minimized
WEBb27f2ad732,src_461453dfb86fc3a2,遠鉄百貨店,https://www.endepa.com/event/2pecl-kd5,facts_only,,,,,,unknown,passed_deterministic,public_facts_minimized
WEBc0a3d72ddd,src_461453dfb86fc3a2,遠鉄百貨店,https://www.endepa.com/event/3pl3nyfryx0,facts_only,,,,,,unknown,passed_deterministic,public_facts_minimized
WEB0096c21aca,src_461453dfb86fc3a2,遠鉄百貨店,https://www.endepa.com/event/hqm--4v8d,facts_only,,,,,,unknown,passed_deterministic,public_facts_minimized
WEB4e9b71cdc8,src_461453dfb86fc3a2,遠鉄百貨店,https://www.endepa.com/event/5spq_3hwwd3,facts_only,,,,,,unknown,passed_deterministic,public_facts_minimized
WEBb9724c4c37,src_461453dfb86fc3a2,遠鉄百貨店,https://www.endepa.com/event/qw9z74l32,facts_only,,,,,,unknown,passed_deterministic,public_facts_minimized
WEBba460a02bb,src_461453dfb86fc3a2,遠鉄百貨店,https://www.endepa.com/event/k_-2ly1ign,facts_only,,,,,,unknown,passed_deterministic,public_facts_minimized
WEB9c05c87123,src_461453dfb86fc3a2,遠鉄百貨店,https://www.endepa.com/event/s0el6mgsxh5,facts_only,,,,,,unknown,passed_deterministic,public_facts_minimized
WEB11052cf972,src_461453dfb86fc3a2,遠鉄百貨店,https://www.endepa.com/event/j_y1nwfpqltb,facts_only,,,,,,unknown,passed_deterministic,public_facts_minimized
WEBc679522949,src_461453dfb86fc3a2,遠鉄百貨店,https://www.endepa.com/event/1mgmv483w_8,facts_only,,,,,,unknown,passed_deterministic,public_facts_minimized
WEB2ae75d523d,src_461453dfb86fc3a2,遠鉄百貨店,https://www.endepa.com/event/3ueg1e6in,facts_only,,,,,,unknown,passed_deterministic,public_facts_minimized
WEB9d61899cb2,src_461453dfb86fc3a2,遠鉄百貨店,https://www.endepa.com/event/5xlxlijbbi,facts_only,,,,,,unknown,passed_deterministic,public_facts_minimized
WEBb8018daf10,src_461453dfb86fc3a2,遠鉄百貨店,https://www.endepa.com/event/agippz-j55b,facts_only,,,,,,unknown,passed_deterministic,public_facts_minimized
WEB39eac1eebe,src_461453dfb86fc3a2,遠鉄百貨店,https://www.endepa.com/event/f2fjwzansyn,facts_only,,,,,,unknown,passed_deterministic,public_facts_minimized
WEBf57c898bda,src_461453dfb86fc3a2,遠鉄百貨店,https://www.endepa.com/event/4zedfz_fs,facts_only,,,,,,unknown,passed_deterministic,public_facts_minimized
WEBfc53934e2b,src_461453dfb86fc3a2,遠鉄百貨店,https://www.endepa.com/event/gvks9gc3do,facts_only,,,,,,unknown,passed_deterministic,public_facts_minimized
WEB2a99979a90,src_461453dfb86fc3a2,遠鉄百貨店,https://www.endepa.com/event/89r-n2fb41,facts_only,,,,,,unknown,passed_deterministic,public_facts_minimized
WEBf8dcf74d2f,src_461453dfb86fc3a2,遠鉄百貨店,https://www.endepa.com/event/33v88ux2f84u,facts_only,,,,,,unknown,passed_deterministic,public_facts_minimized
WEB82593b40ce,src_461453dfb86fc3a2,遠鉄百貨店,https://www.endepa.com/event/5kud0n_-hv,facts_only,,,,,,unknown,passed_deterministic,public_facts_minimized
WEB10c07c8b6b,src_461453dfb86fc3a2,遠鉄百貨店,https://www.endepa.com/event/fwjetgaxuh5,facts_only,,,,,,unknown,passed_deterministic,public_facts_minimized
WEBc383f51667,src_461453dfb86fc3a2,遠鉄百貨店,https://www.endepa.com/event/vwotlvkpt3u,facts_only,,,,,,unknown,passed_deterministic,public_facts_minimized
WEB5fd96ac79c,src_461453dfb86fc3a2,遠鉄百貨店,https://www.endepa.com/event/h2euepzlbkjx,facts_only,,,,,,unknown,passed_deterministic,public_facts_minimized
WEB2c72fe2f78,src_461453dfb86fc3a2,遠鉄百貨店,https://www.endepa.com/event/t6cvkda3_4nm,facts_only,,,,,,unknown,passed_deterministic,public_facts_minimized
WEB2bf9cdacb2,src_461453dfb86fc3a2,遠鉄百貨店,https://www.endepa.com/event/bz14dcom4,facts_only,,,,,,unknown,passed_deterministic,public_facts_minimized
WEB9edc9b1205,src_461453dfb86fc3a2,遠鉄百貨店,https://www.endepa.com/event/w55_-t_zj0,facts_only,,,,,,unknown,passed_deterministic,public_facts_minimized
WEBca1e06be90,src_461453dfb86fc3a2,遠鉄百貨店,https://www.endepa.com/event/0189-2jt70,facts_only,,,,,,unknown,passed_deterministic,public_facts_minimized
WEBdec0ec367d,src_461453dfb86fc3a2,遠鉄百貨店,https://www.endepa.com/event/qe6ff1vwbf,facts_only,,,,,,unknown,passed_deterministic,public_facts_minimized
WEB485e6304c4,src_461453dfb86fc3a2,遠鉄百貨店,https://www.endepa.com/event/t0-rsw7zfd0j,facts_only,,,,,,unknown,passed_deterministic,public_facts_minimized
WEB1e6abc3a01,src_461453dfb86fc3a2,遠鉄百貨店,https://www.endepa.com/event/rtu-_ashrnud,facts_only,,,,,,unknown,passed_deterministic,public_facts_minimized
WEBa608bd8105,src_461453dfb86fc3a2,遠鉄百貨店,https://www.endepa.com/event/rewa-vuy0h,facts_only,,,,,,unknown,passed_deterministic,public_facts_minimized
WEBad76971b0c,src_461453dfb86fc3a2,遠鉄百貨店,https://www.endepa.com/event/uhdmk88qk,facts_only,,,,,,unknown,passed_deterministic,public_facts_minimized
WEBd8f2e98b0a,src_461453dfb86fc3a2,遠鉄百貨店,https://www.endepa.com/event/utghavh4y,facts_only,,,,,,unknown,passed_deterministic,public_facts_minimized
WEBfcd5d6c32e,src_461453dfb86fc3a2,遠鉄百貨店,https://www.endepa.com/event/ei76o39oiy04,facts_only,,,,,,unknown,passed_deterministic,public_facts_minimized
WEB4093f99636,src_461453dfb86fc3a2,遠鉄百貨店,https://www.endepa.com/event/19_5m7zed,facts_only,,,,,,unknown,passed_deterministic,public_facts_minimized
WEB42b9c97b71,src_461453dfb86fc3a2,遠鉄百貨店,https://www.endepa.com/event/d3y6m292oi,facts_only,,,,,,unknown,passed_deterministic,public_facts_minimized
WEB9f0010d17b,src_461453dfb86fc3a2,遠鉄百貨店,https://www.endepa.com/event/7cr8b29wgwd,facts_only,,,,,,unknown,passed_deterministic,public_facts_minimized
WEB88a6944e80,src_461453dfb86fc3a2,遠鉄百貨店,https://www.endepa.com/event/5jr60b6vnq7f,facts_only,,,,,,unknown,passed_deterministic,public_facts_minimized
WEB6691fab445,src_461453dfb86fc3a2,遠鉄百貨店,https://www.endepa.com/event/h0zf_mjea7o,facts_only,,,,,,unknown,passed_deterministic,public_facts_minimized
WEBc00b0a3ef1,src_461453dfb86fc3a2,遠鉄百貨店,https://www.endepa.com/event/3u7wrphlx_gp,facts_only,,,,,,unknown,passed_deterministic,public_facts_minimized
WEBacdf206e87,src_461453dfb86fc3a2,遠鉄百貨店,https://www.endepa.com/event/7sqp_f-1npxk,facts_only,,,,,,unknown,passed_deterministic,public_facts_minimized
WEB2b89ea4cc3,src_461453dfb86fc3a2,遠鉄百貨店,https://www.endepa.com/event/52-p9j6oq-o,facts_only,,,,,,unknown,passed_deterministic,public_facts_minimized
WEBa2a12d64eb,src_461453dfb86fc3a2,遠鉄百貨店,https://www.endepa.com/event/isb-phi8i,facts_only,,,,,,unknown,passed_deterministic,public_facts_minimized
WEBf3ceb6b308,src_461453dfb86fc3a2,遠鉄百貨店,https://www.endepa.com/event/36m4xi1jy,facts_only,,,,,,unknown,passed_deterministic,public_facts_minimized
WEB7abe6d47be,src_461453dfb86fc3a2,遠鉄百貨店,https://www.endepa.com/event/11k07ed90,facts_only,,,,,,unknown,passed_deterministic,public_facts_minimized
WEBc3d098afab,src_461453dfb86fc3a2,遠鉄百貨店,https://www.endepa.com/event/c9wuo6g-a3g7,facts_only,,,,,,unknown,passed_deterministic,public_facts_minimized
WEB5f18e12630,src_461453dfb86fc3a2,遠鉄百貨店,https://www.endepa.com/event/cgxo3xvi53zq,facts_only,,,,,,unknown,passed_deterministic,public_facts_minimized
WEB5f9453d78b,src_461453dfb86fc3a2,遠鉄百貨店,https://www.endepa.com/event/85zu6lmxg0,facts_only,,,,,,unknown,passed_deterministic,public_facts_minimized
WEBd39cc84775,src_461453dfb86fc3a2,遠鉄百貨店,https://www.endepa.com/event/dsijd54hk-2g,facts_only,,,,,,unknown,passed_deterministic,public_facts_minimized
WEBaaf969e8fb,src_461453dfb86fc3a2,遠鉄百貨店,https://www.endepa.com/event/63jrzdvjn,facts_only,,,,,,unknown,passed_deterministic,public_facts_minimized
WEBac0eabbe9e,src_461453dfb86fc3a2,遠鉄百貨店,https://www.endepa.com/event/9gfh8yya7uoq,facts_only,,,,,,unknown,passed_deterministic,public_facts_minimized
WEB7938ac3d4f,src_461453dfb86fc3a2,遠鉄百貨店,https://www.endepa.com/event/ip-xc73ic,facts_only,,,,,,unknown,passed_deterministic,public_facts_minimized
WEBb4f17fb41c,src_461453dfb86fc3a2,遠鉄百貨店,https://www.endepa.com/event/ep238dctnu1l,facts_only,,,,,,unknown,passed_deterministic,public_facts_minimized
WEBb921b3a138,src_461453dfb86fc3a2,遠鉄百貨店,https://www.endepa.com/event/n4f6-fdf17,facts_only,,,,,,unknown,passed_deterministic,public_facts_minimized
WEB70e4ab6454,src_461453dfb86fc3a2,遠鉄百貨店,https://www.endepa.com/event/vmdo751s2,facts_only,,,,,,unknown,passed_deterministic,public_facts_minimized
WEBff3c5abf8f,src_461453dfb86fc3a2,遠鉄百貨店,https://www.endepa.com/event/9fgvf82bv,facts_only,,,,,,unknown,passed_deterministic,public_facts_minimized
WEBab6fc439b1,src_461453dfb86fc3a2,遠鉄百貨店,https://www.endepa.com/event/x3-yy_8q2p,facts_only,,,,,,unknown,passed_deterministic,public_facts_minimized
WEBbc3436e2ac,src_461453dfb86fc3a2,遠鉄百貨店,https://www.endepa.com/event/gn7k_x0vmds1,facts_only,,,,,,unknown,passed_deterministic,public_facts_minimized
WEB7ecc45d143,src_461453dfb86fc3a2,遠鉄百貨店,https://www.endepa.com/event/0z8_0i4zj6,facts_only,,,,,,unknown,passed_deterministic,public_facts_minimized
WEBd0f9fa125d,src_461453dfb86fc3a2,遠鉄百貨店,https://www.endepa.com/event/65kd8061il00,facts_only,,,,,,unknown,passed_deterministic,public_facts_minimized
WEBbb4d8d68b6,src_461453dfb86fc3a2,遠鉄百貨店,https://www.endepa.com/event/ic-cglw2g4,facts_only,,,,,,unknown,passed_deterministic,public_facts_minimized
WEBf08f56ca2f,src_461453dfb86fc3a2,遠鉄百貨店,https://www.endepa.com/event/t9e5fcaup,facts_only,,,,,,unknown,passed_deterministic,public_facts_minimized
WEB3ee1dd700d,src_461453dfb86fc3a2,遠鉄百貨店,https://www.endepa.com/event/w9bhrkax80d,facts_only,,,,,,unknown,passed_deterministic,public_facts_minimized
WEBe0c707d1d4,src_461453dfb86fc3a2,遠鉄百貨店,https://www.endepa.com/event/54st1jc_kter,facts_only,,,,,,unknown,passed_deterministic,public_facts_minimized
WEB880cf0172b,src_461453dfb86fc3a2,遠鉄百貨店,https://www.endepa.com/event/oo0m7-krakhr,facts_only,,,,,,unknown,passed_deterministic,public_facts_minimized
WEB19bbf28f96,src_461453dfb86fc3a2,遠鉄百貨店,https://www.endepa.com/event/hch35tpflao,facts_only,,,,,,unknown,passed_deterministic,public_facts_minimized
WEB15811ee09c,src_461453dfb86fc3a2,遠鉄百貨店,https://www.endepa.com/event/23p5d7utjaqq,facts_only,,,,,,unknown,passed_deterministic,public_facts_minimized
WEB2b27bfc46a,src_461453dfb86fc3a2,遠鉄百貨店,https://www.endepa.com/event/96odz8m73kvt,facts_only,,,,,,unknown,passed_deterministic,public_facts_minimized
WEB739d626ebf,src_461453dfb86fc3a2,遠鉄百貨店,https://www.endepa.com/event/ttbdwz99ta6g,facts_only,,,,,,unknown,passed_deterministic,public_facts_minimized
WEB76f97a60c6,src_461453dfb86fc3a2,遠鉄百貨店,https://www.endepa.com/event/e0nqo_6dq,facts_only,,,,,,unknown,passed_deterministic,public_facts_minimized
WEBd8a697fa2e,src_461453dfb86fc3a2,遠鉄百貨店,https://www.endepa.com/event/48m4t6w8cr,facts_only,,,,,,unknown,passed_deterministic,public_facts_minimized
WEBb1e4dcdbfb,src_461453dfb86fc3a2,遠鉄百貨店,https://www.endepa.com/event/dd9x2vpx_lp,facts_only,,,,,,unknown,passed_deterministic,public_facts_minimized
WEBf15018cfaf,src_461453dfb86fc3a2,遠鉄百貨店,https://www.endepa.com/event/61nonbro35,facts_only,,,,,,unknown,passed_deterministic,public_facts_minimized
WEBd71b3205cf,src_461453dfb86fc3a2,遠鉄百貨店,https://www.endepa.com/event/cqr4_ac1cg2,facts_only,,,,,,unknown,passed_deterministic,public_facts_minimized
WEB6dbae6a9e3,src_461453dfb86fc3a2,遠鉄百貨店,https://www.endepa.com/event/z226j4hv8b,facts_only,,,,,,unknown,passed_deterministic,public_facts_minimized
WEBdeea8178ab,src_461453dfb86fc3a2,遠鉄百貨店,https://www.endepa.com/event/6y9j06pji,facts_only,,,,,,unknown,passed_deterministic,public_facts_minimized
WEB85eb58ad41,src_461453dfb86fc3a2,遠鉄百貨店,https://www.endepa.com/event/a_xjp58hta,facts_only,,,,,,unknown,passed_deterministic,public_facts_minimized
WEB0ca722fa93,src_461453dfb86fc3a2,遠鉄百貨店,https://www.endepa.com/event/dnnza3ay88y,facts_only,,,,,,unknown,passed_deterministic,public_facts_minimized
WEB06b88f01bb,src_461453dfb86fc3a2,遠鉄百貨店,https://www.endepa.com/event/tw8vhypzfk,facts_only,,,,,,unknown,passed_deterministic,public_facts_minimized
WEB813985df64,src_461453dfb86fc3a2,遠鉄百貨店,https://www.endepa.com/event/1y4tgwjtmw4s,facts_only,,,,,,unknown,passed_deterministic,public_facts_minimized
WEB921d6cdab0,src_461453dfb86fc3a2,遠鉄百貨店,https://www.endepa.com/event/a0por17dex9i,facts_only,,,,,,unknown,passed_deterministic,public_facts_minimized
WEBc1f36df276,src_461453dfb86fc3a2,遠鉄百貨店,https://www.endepa.com/event/f-ciw7g_4,facts_only,,,,,,unknown,passed_deterministic,public_facts_minimized
WEBe9d17a11f6,src_461453dfb86fc3a2,遠鉄百貨店,https://www.endepa.com/event/86jnbk4xzxg,facts_only,,,,,,unknown,passed_deterministic,public_facts_minimized
WEB5d696153d5,src_461453dfb86fc3a2,遠鉄百貨店,https://www.endepa.com/event/3ic7cfoj5,facts_only,,,,,,unknown,passed_deterministic,public_facts_minimized
WEB3f220a9230,src_461453dfb86fc3a2,遠鉄百貨店,https://www.endepa.com/event/yu4eby2snqya,facts_only,,,,,,unknown,passed_deterministic,public_facts_minimized
WEB0546a9f22a,src_461453dfb86fc3a2,遠鉄百貨店,https://www.endepa.com/event/4ntcptmiaz,facts_only,,,,,,unknown,passed_deterministic,public_facts_minimized
WEB756a5fca85,src_461453dfb86fc3a2,遠鉄百貨店,https://www.endepa.com/event/f2ombhrrh,facts_only,,,,,,unknown,passed_deterministic,public_facts_minimized
WEB10fea59492,src_461453dfb86fc3a2,遠鉄百貨店,https://www.endepa.com/event/yin7exmtpd,facts_only,,,,,,unknown,passed_deterministic,public_facts_minimized
WEB8ed37f4f63,src_461453dfb86fc3a2,遠鉄百貨店,https://www.endepa.com/event/ze1_5xzp3,facts_only,,,,,,unknown,passed_deterministic,public_facts_minimized
WEB2c0f8effbe,src_461453dfb86fc3a2,遠鉄百貨店,https://www.endepa.com/event/4rrzhy2ai,facts_only,,,,,,unknown,passed_deterministic,public_facts_minimized
WEB309a6bc164,src_461453dfb86fc3a2,遠鉄百貨店,https://www.endepa.com/event/3qbxmzza3cd,facts_only,,,,,,unknown,passed_deterministic,public_facts_minimized
WEB3ef7fcdcb5,src_461453dfb86fc3a2,遠鉄百貨店,https://www.endepa.com/event/4ubh9cbgr,facts_only,,,,,,unknown,passed_deterministic,public_facts_minimized
WEB5d7027176a,src_461453dfb86fc3a2,遠鉄百貨店,https://www.endepa.com/event/q5l_3uqio_s,facts_only,,,,,,unknown,passed_deterministic,public_facts_minimized
WEB39acc2ad04,src_461453dfb86fc3a2,遠鉄百貨店,https://www.endepa.com/event/q3ybna62ukb,facts_only,,,,,,unknown,passed_deterministic,public_facts_minimized
WEB913b049119,src_461453dfb86fc3a2,遠鉄百貨店,https://www.endepa.com/event/ed-rh30ibg,facts_only,,,,,,unknown,passed_deterministic,public_facts_minimized
WEB7f17d65fdb,src_461453dfb86fc3a2,遠鉄百貨店,https://www.endepa.com/event/d_8gkx32rps,facts_only,,,,,,unknown,passed_deterministic,public_facts_minimized
WEBa232491190,src_461453dfb86fc3a2,遠鉄百貨店,https://www.endepa.com/event/lzmm2srs2u,facts_only,,,,,,unknown,passed_deterministic,public_facts_minimized
WEBe8e1f634ba,src_461453dfb86fc3a2,遠鉄百貨店,https://www.endepa.com/event/1bd_0-qbbt5b,facts_only,,,,,,unknown,passed_deterministic,public_facts_minimized
WEB6b5ca0d5ff,src_461453dfb86fc3a2,遠鉄百貨店,https://www.endepa.com/event/dg2q5l1thcb,facts_only,,,,,,unknown,passed_deterministic,public_facts_minimized
WEBf57a71d149,src_461453dfb86fc3a2,遠鉄百貨店,https://www.endepa.com/event/njji1uv_qab,facts_only,,,,,,unknown,passed_deterministic,public_facts_minimized
WEB379175c9a6,src_461453dfb86fc3a2,遠鉄百貨店,https://www.endepa.com/event/gswylumka_oa,facts_only,,,,,,unknown,passed_deterministic,public_facts_minimized
WEB2797a58fc2,src_461453dfb86fc3a2,遠鉄百貨店,https://www.endepa.com/event/1y19qzquhzg9,facts_only,,,,,,unknown,passed_deterministic,public_facts_minimized
WEB53cdf080be,src_461453dfb86fc3a2,遠鉄百貨店,https://www.endepa.com/event/pwsa2fwc-lij,facts_only,,,,,,unknown,passed_deterministic,public_facts_minimized
WEBe7e7d53689,src_461453dfb86fc3a2,遠鉄百貨店,https://www.endepa.com/event/4lf5o4691gy,facts_only,,,,,,unknown,passed_deterministic,public_facts_minimized
WEBe5a637442a,src_461453dfb86fc3a2,遠鉄百貨店,https://www.endepa.com/event/7wpx8idl9z8,facts_only,,,,,,unknown,passed_deterministic,public_facts_minimized
WEB2fbae60750,src_461453dfb86fc3a2,遠鉄百貨店,https://www.endepa.com/event/rw883yirp,facts_only,,,,,,unknown,passed_deterministic,public_facts_minimized
WEBc27b09f56e,src_461453dfb86fc3a2,遠鉄百貨店,https://www.endepa.com/event/py4ne7pfnmpi,facts_only,,,,,,unknown,passed_deterministic,public_facts_minimized
WEB40b51efec8,src_461453dfb86fc3a2,遠鉄百貨店,https://www.endepa.com/event/hp2vdthk92dr,facts_only,,,,,,unknown,passed_deterministic,public_facts_minimized
WEBcf80e01e33,src_461453dfb86fc3a2,遠鉄百貨店,https://www.endepa.com/event/q0z31qhe6gzk,facts_only,,,,,,unknown,passed_deterministic,public_facts_minimized
WEB3b86a90509,src_461453dfb86fc3a2,遠鉄百貨店,https://www.endepa.com/event/j86oc7ji2k,facts_only,,,,,,unknown,passed_deterministic,public_facts_minimized
WEBab21046330,src_461453dfb86fc3a2,遠鉄百貨店,https://www.endepa.com/event/54zzdrjorx0,facts_only,,,,,,unknown,passed_deterministic,public_facts_minimized
WEBf33b1c0a30,src_461453dfb86fc3a2,遠鉄百貨店,https://www.endepa.com/event/wq3mwj5n-r,facts_only,,,,,,unknown,passed_deterministic,public_facts_minimized
WEB7555a5bc4c,src_461453dfb86fc3a2,遠鉄百貨店,https://www.endepa.com/event/wj11s-oyv,facts_only,,,,,,unknown,passed_deterministic,public_facts_minimized
WEBaf7d1f5f99,src_461453dfb86fc3a2,遠鉄百貨店,https://www.endepa.com/event/wsz45eh5c,facts_only,,,,,,unknown,passed_deterministic,public_facts_minimized
WEB75d54ed930,src_461453dfb86fc3a2,遠鉄百貨店,https://www.endepa.com/event/dnkfdssdxpz,facts_only,,,,,,unknown,passed_deterministic,public_facts_minimized
WEBe73b57f2f4,src_461453dfb86fc3a2,遠鉄百貨店,https://www.endepa.com/event/9809vk48j,facts_only,,,,,,unknown,passed_deterministic,public_facts_minimized
WEB3b102007ed,src_461453dfb86fc3a2,遠鉄百貨店,https://www.endepa.com/event/ydv-n5we5j_e,facts_only,,,,,,unknown,passed_deterministic,public_facts_minimized
WEB834567675e,src_461453dfb86fc3a2,遠鉄百貨店,https://www.endepa.com/event/u2223iebjc6,facts_only,,,,,,unknown,passed_deterministic,public_facts_minimized
WEB6b0c563427,src_461453dfb86fc3a2,遠鉄百貨店,https://www.endepa.com/event/m1ha6_71gq,facts_only,,,,,,unknown,passed_deterministic,public_facts_minimized
WEB6eff764410,src_461453dfb86fc3a2,遠鉄百貨店,https://www.endepa.com/event/h2_kku8w41,facts_only,,,,,,unknown,passed_deterministic,public_facts_minimized
WEB964ed00c3a,src_461453dfb86fc3a2,遠鉄百貨店,https://www.endepa.com/event/u__ml4urr3fn,facts_only,,,,,,unknown,passed_deterministic,public_facts_minimized
WEB408f70caaf,src_461453dfb86fc3a2,遠鉄百貨店,https://www.endepa.com/event/8rk4cs6y-m,facts_only,,,,,,unknown,passed_deterministic,public_facts_minimized
WEB4738de4621,src_461453dfb86fc3a2,遠鉄百貨店,https://www.endepa.com/event/4gr-jcs0tlj3,facts_only,,,,,,unknown,passed_deterministic,public_facts_minimized
WEBffe1f93492,src_461453dfb86fc3a2,遠鉄百貨店,https://www.endepa.com/event/xu2qd0bitgkr,facts_only,,,,,,unknown,passed_deterministic,public_facts_minimized
WEB0c478fceab,src_461453dfb86fc3a2,遠鉄百貨店,https://www.endepa.com/event/uth0cn3s9q,facts_only,,,,,,unknown,passed_deterministic,public_facts_minimized
WEB7f3526b7d1,src_461453dfb86fc3a2,遠鉄百貨店,https://www.endepa.com/event/18b52lyznd0,facts_only,,,,,,unknown,passed_deterministic,public_facts_minimized
WEB69982a1c75,src_461453dfb86fc3a2,遠鉄百貨店,https://www.endepa.com/event/af0baei8w,facts_only,,,,,,unknown,passed_deterministic,public_facts_minimized
WEB2057de2e6f,src_461453dfb86fc3a2,遠鉄百貨店,https://www.endepa.com/event/gbkx3ij8h-z,facts_only,,,,,,unknown,passed_deterministic,public_facts_minimized
WEB05137e3dae,src_461453dfb86fc3a2,遠鉄百貨店,https://www.endepa.com/event/1wfiy02848,facts_only,,,,,,unknown,passed_deterministic,public_facts_minimized
WEBda325423c3,src_461453dfb86fc3a2,遠鉄百貨店,https://www.endepa.com/event/3cid-2nj4xw,facts_only,,,,,,unknown,passed_deterministic,public_facts_minimized
WEB0a1caf6272,src_461453dfb86fc3a2,遠鉄百貨店,https://www.endepa.com/event/573wofa47d2t,facts_only,,,,,,unknown,passed_deterministic,public_facts_minimized
WEB1fd5c40c60,src_461453dfb86fc3a2,遠鉄百貨店,https://www.endepa.com/event/vyi-hdh987h6,facts_only,,,,,,unknown,passed_deterministic,public_facts_minimized
WEBc1c534efbc,src_461453dfb86fc3a2,遠鉄百貨店,https://www.endepa.com/event/6_o6nvr07wue,facts_only,,,,,,unknown,passed_deterministic,public_facts_minimized
WEB53250b5515,src_461453dfb86fc3a2,遠鉄百貨店,https://www.endepa.com/event/rqzc0xk6ztsa,facts_only,,,,,,unknown,passed_deterministic,public_facts_minimized
WEBeddd6863a9,src_461453dfb86fc3a2,遠鉄百貨店,https://www.endepa.com/event/rg1lzld3h,facts_only,,,,,,unknown,passed_deterministic,public_facts_minimized
WEBe3205aee48,src_461453dfb86fc3a2,遠鉄百貨店,https://www.endepa.com/event/8k2sv52wtq2,facts_only,,,,,,unknown,passed_deterministic,public_facts_minimized
WEB9275a79b37,src_461453dfb86fc3a2,遠鉄百貨店,https://www.endepa.com/event/fuh3rr4dwuz,facts_only,,,,,,unknown,passed_deterministic,public_facts_minimized
WEB1fc2388c1f,src_461453dfb86fc3a2,遠鉄百貨店,https://www.endepa.com/event/pj7g3dk6y,facts_only,,,,,,unknown,passed_deterministic,public_facts_minimized
WEBaed5924845,src_461453dfb86fc3a2,遠鉄百貨店,https://www.endepa.com/event/tchbbu3dqhbg,facts_only,,,,,,unknown,passed_deterministic,public_facts_minimized
WEB9eb2013f3e,src_461453dfb86fc3a2,遠鉄百貨店,https://www.endepa.com/event/8fw1qd1a2,facts_only,,,,,,unknown,passed_deterministic,public_facts_minimized
WEB2a0ed03a12,src_461453dfb86fc3a2,遠鉄百貨店,https://www.endepa.com/event/5nu3mj521q68,facts_only,,,,,,unknown,passed_deterministic,public_facts_minimized
WEB8a758d1c44,src_461453dfb86fc3a2,遠鉄百貨店,https://www.endepa.com/event/d_052zydek,facts_only,,,,,,unknown,passed_deterministic,public_facts_minimized
WEB8470c4f455,src_461453dfb86fc3a2,遠鉄百貨店,https://www.endepa.com/event/wphcoesgpn,facts_only,,,,,,unknown,passed_deterministic,public_facts_minimized
WEB0f06e2690e,src_461453dfb86fc3a2,遠鉄百貨店,https://www.endepa.com/event/q70tsqo5xx,facts_only,,,,,,unknown,passed_deterministic,public_facts_minimized
WEB233db728d0,src_461453dfb86fc3a2,遠鉄百貨店,https://www.endepa.com/event/zoz087jfin,facts_only,,,,,,unknown,passed_deterministic,public_facts_minimized
WEBef13661fc6,src_461453dfb86fc3a2,遠鉄百貨店,https://www.endepa.com/event/ijcks02w4,facts_only,,,,,,unknown,passed_deterministic,public_facts_minimized
WEB992f29d48a,src_461453dfb86fc3a2,遠鉄百貨店,https://www.endepa.com/event/2i9vdbrjh,facts_only,,,,,,unknown,passed_deterministic,public_facts_minimized
WEB75b180e324,src_461453dfb86fc3a2,遠鉄百貨店,https://www.endepa.com/event/t5owfj27r,facts_only,,,,,,unknown,passed_deterministic,public_facts_minimized
WEB83a625f465,src_461453dfb86fc3a2,遠鉄百貨店,https://www.endepa.com/event/cofhqnarr4w,facts_only,,,,,,unknown,passed_deterministic,public_facts_minimized
WEB6f6378f9e6,src_461453dfb86fc3a2,遠鉄百貨店,https://www.endepa.com/event/7vf_d94cxcv,facts_only,,,,,,unknown,passed_deterministic,public_facts_minimized
WEB5ec49206e3,src_461453dfb86fc3a2,遠鉄百貨店,https://www.endepa.com/event/f9ka45fu29c,facts_only,,,,,,unknown,passed_deterministic,public_facts_minimized
WEB7d80365ab1,src_461453dfb86fc3a2,遠鉄百貨店,https://www.endepa.com/event/v91p0sp3nl9,facts_only,,,,,,unknown,passed_deterministic,public_facts_minimized
WEB4c7994e962,src_461453dfb86fc3a2,遠鉄百貨店,https://www.endepa.com/event/0eueqzmh2b,facts_only,,,,,,unknown,passed_deterministic,public_facts_minimized
WEBeeadb18328,src_461453dfb86fc3a2,遠鉄百貨店,https://www.endepa.com/event/5ujuol9hk4b1,facts_only,,,,,,unknown,passed_deterministic,public_facts_minimized
WEBa2ec977717,src_461453dfb86fc3a2,遠鉄百貨店,https://www.endepa.com/event/xyz4m2vieg,facts_only,,,,,,unknown,passed_deterministic,public_facts_minimized
WEB3ee3da4d6b,src_461453dfb86fc3a2,遠鉄百貨店,https://www.endepa.com/event/q8arfespm,facts_only,,,,,,unknown,passed_deterministic,public_facts_minimized
WEB273c4994c3,src_461453dfb86fc3a2,遠鉄百貨店,https://www.endepa.com/event/zpinvh0me_t,facts_only,,,,,,unknown,passed_deterministic,public_facts_minimized
WEB867b4ac80c,src_461453dfb86fc3a2,遠鉄百貨店,https://www.endepa.com/event/udf9rjhx34p0,facts_only,,,,,,unknown,passed_deterministic,public_facts_minimized
WEB20ae0e3dc9,src_461453dfb86fc3a2,遠鉄百貨店,https://www.endepa.com/event/yumq3wlp7n,facts_only,,,,,,unknown,passed_deterministic,public_facts_minimized
WEBc8e85c9428,src_461453dfb86fc3a2,遠鉄百貨店,https://www.endepa.com/event/9zxg8c19m,facts_only,,,,,,unknown,passed_deterministic,public_facts_minimized
WEB7bab2e7b8f,src_461453dfb86fc3a2,遠鉄百貨店,https://www.endepa.com/event/qd22zm_t7,facts_only,,,,,,unknown,passed_deterministic,public_facts_minimized
WEB7b7b0d3fc9,src_461453dfb86fc3a2,遠鉄百貨店,https://www.endepa.com/event/gtz0-6ir0,facts_only,,,,,,unknown,passed_deterministic,public_facts_minimized
WEB60c25f50c4,src_461453dfb86fc3a2,遠鉄百貨店,https://www.endepa.com/event/x9pqwh7tc,facts_only,,,,,,unknown,passed_deterministic,public_facts_minimized
WEBcf17f24e70,src_461453dfb86fc3a2,遠鉄百貨店,https://www.endepa.com/event/z5rpwz7vq9,facts_only,,,,,,unknown,passed_deterministic,public_facts_minimized
WEB7465577e94,src_461453dfb86fc3a2,遠鉄百貨店,https://www.endepa.com/event/w_kjbyly1,facts_only,,,,,,unknown,passed_deterministic,public_facts_minimized
WEB9271889f0a,src_461453dfb86fc3a2,遠鉄百貨店,https://www.endepa.com/event/ccpz_ay59a7,facts_only,,,,,,unknown,passed_deterministic,public_facts_minimized
WEBb8bbf41a24,src_461453dfb86fc3a2,遠鉄百貨店,https://www.endepa.com/event/o3b8t0kq5,facts_only,,,,,,unknown,passed_deterministic,public_facts_minimized
WEB502ffbb3a0,src_461453dfb86fc3a2,遠鉄百貨店,https://www.endepa.com/event/fq9bmopbhhts,facts_only,,,,,,unknown,passed_deterministic,public_facts_minimized
WEBbafed0755f,src_461453dfb86fc3a2,遠鉄百貨店,https://www.endepa.com/event/l92ijrlk2zo,facts_only,,,,,,unknown,passed_deterministic,public_facts_minimized
WEBeb5b1cbc92,src_461453dfb86fc3a2,遠鉄百貨店,https://www.endepa.com/event/ewl34pc4m,facts_only,,,,,,unknown,passed_deterministic,public_facts_minimized
WEBbdd1443b0c,src_461453dfb86fc3a2,遠鉄百貨店,https://www.endepa.com/event/z1cd_v9y_387,facts_only,,,,,,unknown,passed_deterministic,public_facts_minimized
WEB1bcfe0adcb,src_461453dfb86fc3a2,遠鉄百貨店,https://www.endepa.com/event/glmer6nig,facts_only,,,,,,unknown,passed_deterministic,public_facts_minimized
WEBdbc516f304,src_461453dfb86fc3a2,遠鉄百貨店,https://www.endepa.com/event/zcqog46s4gr7,facts_only,,,,,,unknown,passed_deterministic,public_facts_minimized
WEB49107523b4,src_461453dfb86fc3a2,遠鉄百貨店,https://www.endepa.com/event/phb3kjuauog,facts_only,,,,,,unknown,passed_deterministic,public_facts_minimized
WEB84e12ab5ea,src_461453dfb86fc3a2,遠鉄百貨店,https://www.endepa.com/event/b-a5rnzf64se,facts_only,,,,,,unknown,passed_deterministic,public_facts_minimized
WEB64697f6883,src_461453dfb86fc3a2,遠鉄百貨店,https://www.endepa.com/event/n115zvvfe,facts_only,,,,,,unknown,passed_deterministic,public_facts_minimized
WEB6d1f62e166,src_461453dfb86fc3a2,遠鉄百貨店,https://www.endepa.com/event/ecyuv06rocg,facts_only,,,,,,unknown,passed_deterministic,public_facts_minimized
WEBb11dec321d,src_461453dfb86fc3a2,遠鉄百貨店,https://www.endepa.com/event/eb_oemtd04bz,facts_only,,,,,,unknown,passed_deterministic,public_facts_minimized
WEB7125ef2256,src_461453dfb86fc3a2,遠鉄百貨店,https://www.endepa.com/event/m3h_wlzmb,facts_only,,,,,,unknown,passed_deterministic,public_facts_minimized
WEBf9af7c1ee0,src_461453dfb86fc3a2,遠鉄百貨店,https://www.endepa.com/event/f8yxrhpy7o,facts_only,,,,,,unknown,passed_deterministic,public_facts_minimized
WEB0ea0ab8b98,src_461453dfb86fc3a2,遠鉄百貨店,https://www.endepa.com/event/5g7yn63lzv2u,facts_only,,,,,,unknown,passed_deterministic,public_facts_minimized
WEB20a93c2033,src_461453dfb86fc3a2,遠鉄百貨店,https://www.endepa.com/event/8015sykx8yu,facts_only,,,,,,unknown,passed_deterministic,public_facts_minimized
WEB5474761d43,src_461453dfb86fc3a2,遠鉄百貨店,https://www.endepa.com/event/szq5sm0opy,facts_only,,,,,,unknown,passed_deterministic,public_facts_minimized
WEB2dfe3558a3,src_461453dfb86fc3a2,遠鉄百貨店,https://www.endepa.com/event/c8-r8rgnh7b,facts_only,,,,,,unknown,passed_deterministic,public_facts_minimized
WEB14af10f60c,src_461453dfb86fc3a2,遠鉄百貨店,https://www.endepa.com/event/6q1l6pat_ef,facts_only,,,,,,unknown,passed_deterministic,public_facts_minimized
WEB2b7fc2d5b7,src_461453dfb86fc3a2,遠鉄百貨店,https://www.endepa.com/event/qsyn79_drg,facts_only,,,,,,unknown,passed_deterministic,public_facts_minimized
WEBd7493c00d2,src_461453dfb86fc3a2,遠鉄百貨店,https://www.endepa.com/event/q0iq9md_awl,facts_only,,,,,,unknown,passed_deterministic,public_facts_minimized
WEB85231534e2,src_461453dfb86fc3a2,遠鉄百貨店,https://www.endepa.com/event/7tnh0c46e,facts_only,,,,,,unknown,passed_deterministic,public_facts_minimized
WEB6576ef5f5e,src_461453dfb86fc3a2,遠鉄百貨店,https://www.endepa.com/event/a2q9wgnzkni,facts_only,,,,,,unknown,passed_deterministic,public_facts_minimized
WEBb48b931777,src_461453dfb86fc3a2,遠鉄百貨店,https://www.endepa.com/event/alj6y_jsdv,facts_only,,,,,,unknown,passed_deterministic,public_facts_minimized
WEB47680aac1f,src_461453dfb86fc3a2,遠鉄百貨店,https://www.endepa.com/event/vjvoldjnoy8t,facts_only,,,,,,unknown,passed_deterministic,public_facts_minimized
WEB8d73269729,src_461453dfb86fc3a2,遠鉄百貨店,https://www.endepa.com/event/sv3ch825n1vq,facts_only,,,,,,unknown,passed_deterministic,public_facts_minimized
WEBb3e307503f,src_461453dfb86fc3a2,遠鉄百貨店,https://www.endepa.com/event/w1n0oyz-97g,facts_only,,,,,,unknown,passed_deterministic,public_facts_minimized
WEBcfbfacd723,src_461453dfb86fc3a2,遠鉄百貨店,https://www.endepa.com/event/xxmnjj3z5s,facts_only,,,,,,unknown,passed_deterministic,public_facts_minimized
WEB068c24c50a,src_461453dfb86fc3a2,遠鉄百貨店,https://www.endepa.com/event/zublf1zja760,facts_only,,,,,,unknown,passed_deterministic,public_facts_minimized
WEB307fb80136,src_461453dfb86fc3a2,遠鉄百貨店,https://www.endepa.com/event/41hn7xvhn4,facts_only,,,,,,unknown,passed_deterministic,public_facts_minimized
WEBf813cae80c,src_461453dfb86fc3a2,遠鉄百貨店,https://www.endepa.com/event/gcgp49jb3wm,facts_only,,,,,,unknown,passed_deterministic,public_facts_minimized
WEB7a65779d80,src_461453dfb86fc3a2,遠鉄百貨店,https://www.endepa.com/event/7n2kpqxo2y,facts_only,,,,,,unknown,passed_deterministic,public_facts_minimized
WEBcc72b2e3a7,src_461453dfb86fc3a2,遠鉄百貨店,https://www.endepa.com/event/zza8x6se7g,facts_only,,,,,,unknown,passed_deterministic,public_facts_minimized
WEB8281ca3574,src_461453dfb86fc3a2,遠鉄百貨店,https://www.endepa.com/event/55l856iqdz0k,facts_only,,,,,,unknown,passed_deterministic,public_facts_minimized
WEB8b606d1bcb,src_461453dfb86fc3a2,遠鉄百貨店,https://www.endepa.com/event/j63zkfpx67rm,facts_only,,,,,,unknown,passed_deterministic,public_facts_minimized
WEB260d853463,src_461453dfb86fc3a2,遠鉄百貨店,https://www.endepa.com/event/9ihy7onq1pt,facts_only,,,,,,unknown,passed_deterministic,public_facts_minimized
WEBa718015036,src_461453dfb86fc3a2,遠鉄百貨店,https://www.endepa.com/event/kv5fuv2ji,facts_only,,,,,,unknown,passed_deterministic,public_facts_minimized
WEB0bb592bfc5,src_461453dfb86fc3a2,遠鉄百貨店,https://www.endepa.com/event/po_69m63g_4,facts_only,,,,,,unknown,passed_deterministic,public_facts_minimized
WEB6fdc398d08,src_461453dfb86fc3a2,遠鉄百貨店,https://www.endepa.com/event/9l237owvvl,facts_only,,,,,,unknown,passed_deterministic,public_facts_minimized
WEB25cb89e6ec,src_461453dfb86fc3a2,遠鉄百貨店,https://www.endepa.com/event/8__q6-0bof8k,facts_only,,,,,,unknown,passed_deterministic,public_facts_minimized
WEB78108baf27,src_461453dfb86fc3a2,遠鉄百貨店,https://www.endepa.com/event/jyworlevfs,facts_only,,,,,,unknown,passed_deterministic,public_facts_minimized
WEB301243c543,src_461453dfb86fc3a2,遠鉄百貨店,https://www.endepa.com/event/ngh9nf310,facts_only,,,,,,unknown,passed_deterministic,public_facts_minimized
WEB20d49e33b1,src_461453dfb86fc3a2,遠鉄百貨店,https://www.endepa.com/event/czt-l7ovc,facts_only,,,,,,unknown,passed_deterministic,public_facts_minimized
WEB481ae82ed9,src_461453dfb86fc3a2,遠鉄百貨店,https://www.endepa.com/event/8yn62eodk,facts_only,,,,,,unknown,passed_deterministic,public_facts_minimized
WEBfae949fb2f,src_461453dfb86fc3a2,遠鉄百貨店,https://www.endepa.com/event/obpk2u5yn4i,facts_only,,,,,,unknown,passed_deterministic,public_facts_minimized
WEB616d48689e,src_461453dfb86fc3a2,遠鉄百貨店,https://www.endepa.com/event/7vn5-inf6,facts_only,,,,,,unknown,passed_deterministic,public_facts_minimized
WEB6a7de99009,src_461453dfb86fc3a2,遠鉄百貨店,https://www.endepa.com/event/m3ws5_zrae6,facts_only,,,,,,unknown,passed_deterministic,public_facts_minimized
WEB8d6675603b,src_461453dfb86fc3a2,遠鉄百貨店,https://www.endepa.com/event/erooccq80r_s,facts_only,,,,,,unknown,passed_deterministic,public_facts_minimized
WEB7cdbfcfa41,src_461453dfb86fc3a2,遠鉄百貨店,https://www.endepa.com/event/8admo8jku,facts_only,,,,,,unknown,passed_deterministic,public_facts_minimized
WEBce7ed8ab96,src_461453dfb86fc3a2,遠鉄百貨店,https://www.endepa.com/event/vyx-80rz36,facts_only,,,,,,unknown,passed_deterministic,public_facts_minimized
WEBb36d9603f6,src_461453dfb86fc3a2,遠鉄百貨店,https://www.endepa.com/event/b1rfmtqzjcf4,facts_only,,,,,,unknown,passed_deterministic,public_facts_minimized
WEBc3d23c1548,src_461453dfb86fc3a2,遠鉄百貨店,https://www.endepa.com/event/rmjl5smw6p,facts_only,,,,,,unknown,passed_deterministic,public_facts_minimized
WEB8ca80a6c99,src_461453dfb86fc3a2,遠鉄百貨店,https://www.endepa.com/event/2qcxvg8058a,facts_only,,,,,,unknown,passed_deterministic,public_facts_minimized
WEB0d496d22d5,src_461453dfb86fc3a2,遠鉄百貨店,https://www.endepa.com/event/szhpen34g,facts_only,,,,,,unknown,passed_deterministic,public_facts_minimized
WEBe67abeb449,src_461453dfb86fc3a2,遠鉄百貨店,https://www.endepa.com/event/uc0w61v9k,facts_only,,,,,,unknown,passed_deterministic,public_facts_minimized
WEB9b5ec7868c,src_461453dfb86fc3a2,遠鉄百貨店,https://www.endepa.com/event/e25g9t3_qj,facts_only,,,,,,unknown,passed_deterministic,public_facts_minimized
WEB196e2e7c53,src_461453dfb86fc3a2,遠鉄百貨店,https://www.endepa.com/event/8-0--5-b-slz,facts_only,,,,,,unknown,passed_deterministic,public_facts_minimized
WEBb1679d9081,src_461453dfb86fc3a2,遠鉄百貨店,https://www.endepa.com/event/xhmyyw009rse,facts_only,,,,,,unknown,passed_deterministic,public_facts_minimized
WEB9a90173ba4,src_461453dfb86fc3a2,遠鉄百貨店,https://www.endepa.com/event/c5c_oqyyo,facts_only,,,,,,unknown,passed_deterministic,public_facts_minimized
WEBe9ee1d65ad,src_461453dfb86fc3a2,遠鉄百貨店,https://www.endepa.com/event/mm6knaw_cor,facts_only,,,,,,unknown,passed_deterministic,public_facts_minimized
WEBfd9b12657f,src_461453dfb86fc3a2,遠鉄百貨店,https://www.endepa.com/event/xc22wh1x7l,facts_only,,,,,,unknown,passed_deterministic,public_facts_minimized
WEB7c0648fcfe,src_461453dfb86fc3a2,遠鉄百貨店,https://www.endepa.com/event/yrklq0tnxk,facts_only,,,,,,unknown,passed_deterministic,public_facts_minimized
WEBe65daa9dc5,src_461453dfb86fc3a2,遠鉄百貨店,https://www.endepa.com/event/tomonokaipresent,facts_only,,,,,,unknown,passed_deterministic,public_facts_minimized
WEB31f44934f4,src_461453dfb86fc3a2,遠鉄百貨店,https://www.endepa.com/event/rm943n7j8,facts_only,,,,,,unknown,passed_deterministic,public_facts_minimized
WEBcacc2c3881,src_461453dfb86fc3a2,遠鉄百貨店,https://www.endepa.com/event/pm_2de-xl6,facts_only,,,,,,unknown,passed_deterministic,public_facts_minimized
WEBdefa5b72e8,src_461453dfb86fc3a2,遠鉄百貨店,https://www.endepa.com/event/sifbfgjbk-p,facts_only,,,,,,unknown,passed_deterministic,public_facts_minimized
WEB1f08b9514e,src_461453dfb86fc3a2,遠鉄百貨店,https://www.endepa.com/event/zcvuipevclsu,facts_only,,,,,,unknown,passed_deterministic,public_facts_minimized
WEB36ed4f6c0f,src_461453dfb86fc3a2,遠鉄百貨店,https://www.endepa.com/event/8r6emyt_5_1,facts_only,,,,,,unknown,passed_deterministic,public_facts_minimized
WEBec7d72c3f7,src_461453dfb86fc3a2,遠鉄百貨店,https://www.endepa.com/event/al4c08gx50,facts_only,,,,,,unknown,passed_deterministic,public_facts_minimized
WEBb42328d36f,src_461453dfb86fc3a2,遠鉄百貨店,https://www.endepa.com/event/hopbtwnq_s0s,facts_only,,,,,,unknown,passed_deterministic,public_facts_minimized
WEBfe25e50cf0,src_461453dfb86fc3a2,遠鉄百貨店,https://www.endepa.com/event/a924yupzp6,facts_only,,,,,,unknown,passed_deterministic,public_facts_minimized
WEBd01d8a730a,src_461453dfb86fc3a2,遠鉄百貨店,https://www.endepa.com/event/lx84jmb9f4,facts_only,,,,,,unknown,passed_deterministic,public_facts_minimized
WEB8b8d91d5cb,src_461453dfb86fc3a2,遠鉄百貨店,https://www.endepa.com/event/kumxwz5ffknj,facts_only,,,,,,unknown,passed_deterministic,public_facts_minimized
WEBc1bf764ce5,src_461453dfb86fc3a2,遠鉄百貨店,https://www.endepa.com/event/m5xiwdzs5kj,facts_only,,,,,,unknown,passed_deterministic,public_facts_minimized
WEB024ab4ce05,src_461453dfb86fc3a2,遠鉄百貨店,https://www.endepa.com/event/rh57um_5wfo,facts_only,,,,,,unknown,passed_deterministic,public_facts_minimized
WEB9a8b6c351f,src_461453dfb86fc3a2,遠鉄百貨店,https://www.endepa.com/event/ibq_9rdsiy,facts_only,,,,,,unknown,passed_deterministic,public_facts_minimized
WEB450d9adbc7,src_461453dfb86fc3a2,遠鉄百貨店,https://www.endepa.com/event/seh4px2li,facts_only,,,,,,unknown,passed_deterministic,public_facts_minimized
WEB537803feb8,src_461453dfb86fc3a2,遠鉄百貨店,https://www.endepa.com/event/cg27pvu8nr7z,facts_only,,,,,,unknown,passed_deterministic,public_facts_minimized
WEB753c267e12,src_461453dfb86fc3a2,遠鉄百貨店,https://www.endepa.com/event/cp8vba7wv6xp,facts_only,,,,,,unknown,passed_deterministic,public_facts_minimized
WEB5210662cbb,src_461453dfb86fc3a2,遠鉄百貨店,https://www.endepa.com/event/umqz4lkdi,facts_only,,,,,,unknown,passed_deterministic,public_facts_minimized
WEBb4f0edc23c,src_461453dfb86fc3a2,遠鉄百貨店,https://www.endepa.com/event/dbkf-103e2g7,facts_only,,,,,,unknown,passed_deterministic,public_facts_minimized
WEB5e56f74f36,src_461453dfb86fc3a2,遠鉄百貨店,https://www.endepa.com/event/qd7zeximie,facts_only,,,,,,unknown,passed_deterministic,public_facts_minimized
WEB307ce2cdd2,src_461453dfb86fc3a2,遠鉄百貨店,https://www.endepa.com/event/dn7f6-0_b8,facts_only,,,,,,unknown,passed_deterministic,public_facts_minimized
WEBa2f0407f4e,src_461453dfb86fc3a2,遠鉄百貨店,https://www.endepa.com/event/8gg3foxd2c,facts_only,,,,,,unknown,passed_deterministic,public_facts_minimized
WEBd4cf352ac5,src_461453dfb86fc3a2,遠鉄百貨店,https://www.endepa.com/event/y31yvydw9,facts_only,,,,,,unknown,passed_deterministic,public_facts_minimized
WEB24dac3b0bc,src_461453dfb86fc3a2,遠鉄百貨店,https://www.endepa.com/event/yo-39-q0mhp7,facts_only,,,,,,unknown,passed_deterministic,public_facts_minimized
WEB6a76226196,src_461453dfb86fc3a2,遠鉄百貨店,https://www.endepa.com/event/hfjea28gr0,facts_only,,,,,,unknown,passed_deterministic,public_facts_minimized
WEB0faee76242,src_461453dfb86fc3a2,遠鉄百貨店,https://www.endepa.com/event/ca5cegk8xbg4,facts_only,,,,,,unknown,passed_deterministic,public_facts_minimized
WEB68bc2f355f,src_461453dfb86fc3a2,遠鉄百貨店,https://www.endepa.com/event/vdwu7zl8p,facts_only,,,,,,unknown,passed_deterministic,public_facts_minimized
WEB7e22a55ba7,src_461453dfb86fc3a2,遠鉄百貨店,https://www.endepa.com/event/pxwbtxlbp2fz,facts_only,,,,,,unknown,passed_deterministic,public_facts_minimized
WEB0fc7ee6cd6,src_461453dfb86fc3a2,遠鉄百貨店,https://www.endepa.com/event/v4i43_1znw,facts_only,,,,,,unknown,passed_deterministic,public_facts_minimized
WEB673c53463c,src_461453dfb86fc3a2,遠鉄百貨店,https://www.endepa.com/event/6pw_zwa45v,facts_only,,,,,,unknown,passed_deterministic,public_facts_minimized
WEBe60649faed,src_461453dfb86fc3a2,遠鉄百貨店,https://www.endepa.com/event/tfn7f1t3oc,facts_only,,,,,,unknown,passed_deterministic,public_facts_minimized
WEBc7c0616a39,src_461453dfb86fc3a2,遠鉄百貨店,https://www.endepa.com/event/rxckwgps30,facts_only,,,,,,unknown,passed_deterministic,public_facts_minimized
WEBaa258ade39,src_461453dfb86fc3a2,遠鉄百貨店,https://www.endepa.com/event/izm72jeyza,facts_only,,,,,,unknown,passed_deterministic,public_facts_minimized
WEB970438a4b4,src_461453dfb86fc3a2,遠鉄百貨店,https://www.endepa.com/event/n9e4sxxjfd-7,facts_only,,,,,,unknown,passed_deterministic,public_facts_minimized
WEB63bb73d3d4,src_461453dfb86fc3a2,遠鉄百貨店,https://www.endepa.com/event/4llq5htomu,facts_only,,,,,,unknown,passed_deterministic,public_facts_minimized
WEBca87298bb0,src_461453dfb86fc3a2,遠鉄百貨店,https://www.endepa.com/event/sp3il5p5p,facts_only,,,,,,unknown,passed_deterministic,public_facts_minimized
WEBb657b0c8c0,src_461453dfb86fc3a2,遠鉄百貨店,https://www.endepa.com/event/6rswnckla,facts_only,,,,,,unknown,passed_deterministic,public_facts_minimized
WEB1370d48f30,src_461453dfb86fc3a2,遠鉄百貨店,https://www.endepa.com/event/0xj9ak9os49,facts_only,,,,,,unknown,passed_deterministic,public_facts_minimized
WEB06e86a0bef,src_461453dfb86fc3a2,遠鉄百貨店,https://www.endepa.com/event/r-bhsp6glt,facts_only,,,,,,unknown,passed_deterministic,public_facts_minimized
WEB3cb67f1186,src_461453dfb86fc3a2,遠鉄百貨店,https://www.endepa.com/event/wq982uw0x-z,facts_only,,,,,,unknown,passed_deterministic,public_facts_minimized
WEBb04bec86c0,src_461453dfb86fc3a2,遠鉄百貨店,https://www.endepa.com/event/on747i9bcl2,facts_only,,,,,,unknown,passed_deterministic,public_facts_minimized
WEBfe7a44425e,src_461453dfb86fc3a2,遠鉄百貨店,https://www.endepa.com/event/4sorsn5y6c,facts_only,,,,,,unknown,passed_deterministic,public_facts_minimized
WEBca8c6ed27f,src_461453dfb86fc3a2,遠鉄百貨店,https://www.endepa.com/event/bjvv2vuic65o,facts_only,,,,,,unknown,passed_deterministic,public_facts_minimized
WEB289408412c,src_461453dfb86fc3a2,遠鉄百貨店,https://www.endepa.com/event/t0y8gcx-3nls,facts_only,,,,,,unknown,passed_deterministic,public_facts_minimized
WEB990c18316d,src_461453dfb86fc3a2,遠鉄百貨店,https://www.endepa.com/event/7swdelzn3iz,facts_only,,,,,,unknown,passed_deterministic,public_facts_minimized
WEB01743f77e8,src_461453dfb86fc3a2,遠鉄百貨店,https://www.endepa.com/event/rpf3ymg4tw,facts_only,,,,,,unknown,passed_deterministic,public_facts_minimized
WEB4a2fe75c95,src_461453dfb86fc3a2,遠鉄百貨店,https://www.endepa.com/event/dm-br2p55xl,facts_only,,,,,,unknown,passed_deterministic,public_facts_minimized
WEBa8383f34ce,src_461453dfb86fc3a2,遠鉄百貨店,https://www.endepa.com/event/6i8mfuxbo,facts_only,,,,,,unknown,passed_deterministic,public_facts_minimized
WEB6fce2b0004,src_461453dfb86fc3a2,遠鉄百貨店,https://www.endepa.com/event/42c172nb6l,facts_only,,,,,,unknown,passed_deterministic,public_facts_minimized
WEB2c49d7ea5e,src_461453dfb86fc3a2,遠鉄百貨店,https://www.endepa.com/event/fscj36_i9,facts_only,,,,,,unknown,passed_deterministic,public_facts_minimized
WEB0251846b45,src_461453dfb86fc3a2,遠鉄百貨店,https://www.endepa.com/event/d-o2e9gv3w,facts_only,,,,,,unknown,passed_deterministic,public_facts_minimized
WEB75a280a7d3,src_461453dfb86fc3a2,遠鉄百貨店,https://www.endepa.com/event/1k5bwexph1,facts_only,,,,,,unknown,passed_deterministic,public_facts_minimized
WEBb67ef59947,src_461453dfb86fc3a2,遠鉄百貨店,https://www.endepa.com/event/6xe9p712wqh8,facts_only,,,,,,unknown,passed_deterministic,public_facts_minimized
WEB2987d46ec7,src_461453dfb86fc3a2,遠鉄百貨店,https://www.endepa.com/event/ta4-k5miea4,facts_only,,,,,,unknown,passed_deterministic,public_facts_minimized
WEB6ddd049e10,src_461453dfb86fc3a2,遠鉄百貨店,https://www.endepa.com/event/wi0tk227oo,facts_only,,,,,,unknown,passed_deterministic,public_facts_minimized
WEB9867d62115,src_461453dfb86fc3a2,遠鉄百貨店,https://www.endepa.com/event/c-16v8vcdh,facts_only,,,,,,unknown,passed_deterministic,public_facts_minimized
WEBd137d3d217,src_461453dfb86fc3a2,遠鉄百貨店,https://www.endepa.com/event/hgg4ccsy0,facts_only,,,,,,unknown,passed_deterministic,public_facts_minimized
WEBfa9afbdf15,src_461453dfb86fc3a2,遠鉄百貨店,https://www.endepa.com/event/6-0mggui8z,facts_only,,,,,,unknown,passed_deterministic,public_facts_minimized
WEB5516cf6289,src_461453dfb86fc3a2,遠鉄百貨店,https://www.endepa.com/event/n4ghwqt9ffm,facts_only,,,,,,unknown,passed_deterministic,public_facts_minimized
WEBeefc5600b3,src_461453dfb86fc3a2,遠鉄百貨店,https://www.endepa.com/event/1d9gw1_4ox8p,facts_only,,,,,,unknown,passed_deterministic,public_facts_minimized
WEB05978a1924,src_461453dfb86fc3a2,遠鉄百貨店,https://www.endepa.com/event/6bv-38l0v,facts_only,,,,,,unknown,passed_deterministic,public_facts_minimized
WEB442baaab94,src_461453dfb86fc3a2,遠鉄百貨店,https://www.endepa.com/event/9s3a05z14cw6,facts_only,,,,,,unknown,passed_deterministic,public_facts_minimized
WEB0aee5a00a4,src_461453dfb86fc3a2,遠鉄百貨店,https://www.endepa.com/event/ikiht1xlwp25,facts_only,,,,,,unknown,passed_deterministic,public_facts_minimized
WEB77949b4063,src_461453dfb86fc3a2,遠鉄百貨店,https://www.endepa.com/event/cdnzkqg2i3xm,facts_only,,,,,,unknown,passed_deterministic,public_facts_minimized
WEB4a26fb810a,src_461453dfb86fc3a2,遠鉄百貨店,https://www.endepa.com/event/wrb_21nq-i8,facts_only,,,,,,unknown,passed_deterministic,public_facts_minimized
WEBc34d83a1a6,src_461453dfb86fc3a2,遠鉄百貨店,https://www.endepa.com/event/ie5bwfzzm,facts_only,,,,,,unknown,passed_deterministic,public_facts_minimized
WEBbb59b615b8,src_461453dfb86fc3a2,遠鉄百貨店,https://www.endepa.com/event/wqxpw1631occ,facts_only,,,,,,unknown,passed_deterministic,public_facts_minimized
WEB84d5db3baa,src_461453dfb86fc3a2,遠鉄百貨店,https://www.endepa.com/event/yy8y7zvgdp,facts_only,,,,,,unknown,passed_deterministic,public_facts_minimized
WEB635a18523c,src_461453dfb86fc3a2,遠鉄百貨店,https://www.endepa.com/event/7nhl7b6k3,facts_only,,,,,,unknown,passed_deterministic,public_facts_minimized
WEBe4bf6c847e,src_461453dfb86fc3a2,遠鉄百貨店,https://www.endepa.com/event/aysa_o4vc5g,facts_only,,,,,,unknown,passed_deterministic,public_facts_minimized
WEBc4cb5f52f6,src_461453dfb86fc3a2,遠鉄百貨店,https://www.endepa.com/event/2glwgznqbaw,facts_only,,,,,,unknown,passed_deterministic,public_facts_minimized
WEB21d9330f11,src_461453dfb86fc3a2,遠鉄百貨店,https://www.endepa.com/event/bkvlayxunku,facts_only,,,,,,unknown,passed_deterministic,public_facts_minimized
WEBae22e760e0,src_461453dfb86fc3a2,遠鉄百貨店,https://www.endepa.com/event/o4lup_ykg_ue,facts_only,,,,,,unknown,passed_deterministic,public_facts_minimized
WEBcb478fd652,src_461453dfb86fc3a2,遠鉄百貨店,https://www.endepa.com/event/rj51z8tm0r2,facts_only,,,,,,unknown,passed_deterministic,public_facts_minimized
WEB0485d190d0,src_461453dfb86fc3a2,遠鉄百貨店,https://www.endepa.com/event/9qso_t5zbs8b,facts_only,,,,,,unknown,passed_deterministic,public_facts_minimized
WEBa3db21aa7a,src_461453dfb86fc3a2,遠鉄百貨店,https://www.endepa.com/event/zeu5b19l3,facts_only,,,,,,unknown,passed_deterministic,public_facts_minimized
WEB72d817b1f2,src_461453dfb86fc3a2,遠鉄百貨店,https://www.endepa.com/event/synvh8xmw544,facts_only,,,,,,unknown,passed_deterministic,public_facts_minimized
WEBd8dc897709,src_461453dfb86fc3a2,遠鉄百貨店,https://www.endepa.com/event/xs186p_qgsoh,facts_only,,,,,,unknown,passed_deterministic,public_facts_minimized
WEBf82b2a3800,src_461453dfb86fc3a2,遠鉄百貨店,https://www.endepa.com/event/5wut81etvogo,facts_only,,,,,,unknown,passed_deterministic,public_facts_minimized
WEB8d5ed9540d,src_461453dfb86fc3a2,遠鉄百貨店,https://www.endepa.com/event/kcc0dh2_hf4d,facts_only,,,,,,unknown,passed_deterministic,public_facts_minimized
WEB730c2120ff,src_461453dfb86fc3a2,遠鉄百貨店,https://www.endepa.com/event/19x5de092,facts_only,,,,,,unknown,passed_deterministic,public_facts_minimized
WEB32824f98f7,src_461453dfb86fc3a2,遠鉄百貨店,https://www.endepa.com/event/75xdhk2vckc,facts_only,,,,,,unknown,passed_deterministic,public_facts_minimized
WEB05186afa1e,src_461453dfb86fc3a2,遠鉄百貨店,https://www.endepa.com/event/j5c0rq-1h5,facts_only,,,,,,unknown,passed_deterministic,public_facts_minimized
WEBf2edb52f21,src_461453dfb86fc3a2,遠鉄百貨店,https://www.endepa.com/event/ocr2yor8nx,facts_only,,,,,,unknown,passed_deterministic,public_facts_minimized
WEB41174cbdb8,src_461453dfb86fc3a2,遠鉄百貨店,https://www.endepa.com/event/541mv_oe1,facts_only,,,,,,unknown,passed_deterministic,public_facts_minimized
WEB61cdc759be,src_461453dfb86fc3a2,遠鉄百貨店,https://www.endepa.com/event/pfsk5r3py6,facts_only,,,,,,unknown,passed_deterministic,public_facts_minimized
WEBd1203dfc91,src_461453dfb86fc3a2,遠鉄百貨店,https://www.endepa.com/event/evw4ak4uyb,facts_only,,,,,,unknown,passed_deterministic,public_facts_minimized
WEBc978c00ffc,src_461453dfb86fc3a2,遠鉄百貨店,https://www.endepa.com/event/ytyjr0t9j1m,facts_only,,,,,,unknown,passed_deterministic,public_facts_minimized
WEB9f4604ab11,src_461453dfb86fc3a2,遠鉄百貨店,https://www.endepa.com/event/1mpgebvawd,facts_only,,,,,,unknown,passed_deterministic,public_facts_minimized
WEB709ad3b2e8,src_461453dfb86fc3a2,遠鉄百貨店,https://www.endepa.com/event/3sdfs9k9x3,facts_only,,,,,,unknown,passed_deterministic,public_facts_minimized
WEBa8abd4f82d,src_461453dfb86fc3a2,遠鉄百貨店,https://www.endepa.com/event/a7w3jvesap,facts_only,,,,,,unknown,passed_deterministic,public_facts_minimized
WEB663d1dc857,src_461453dfb86fc3a2,遠鉄百貨店,https://www.endepa.com/event/efxunjltnv,facts_only,,,,,,unknown,passed_deterministic,public_facts_minimized
WEB0d28d20a2d,src_461453dfb86fc3a2,遠鉄百貨店,https://www.endepa.com/event/jbinb_h-yz-s,facts_only,,,,,,unknown,passed_deterministic,public_facts_minimized
WEBad159eae70,src_461453dfb86fc3a2,遠鉄百貨店,https://www.endepa.com/event/xbaft0vv15,facts_only,,,,,,unknown,passed_deterministic,public_facts_minimized
WEB040196a81a,src_461453dfb86fc3a2,遠鉄百貨店,https://www.endepa.com/event/7_uert-205,facts_only,,,,,,unknown,passed_deterministic,public_facts_minimized
WEB431340fa29,src_461453dfb86fc3a2,遠鉄百貨店,https://www.endepa.com/event/c3k69sebs,facts_only,,,,,,unknown,passed_deterministic,public_facts_minimized
WEB38568d6da9,src_461453dfb86fc3a2,遠鉄百貨店,https://www.endepa.com/event/ywdy3jmwxp9,facts_only,,,,,,unknown,passed_deterministic,public_facts_minimized
WEB61542127e4,src_461453dfb86fc3a2,遠鉄百貨店,https://www.endepa.com/event/5xvwyno-yyh,facts_only,,,,,,unknown,passed_deterministic,public_facts_minimized
WEB0954a27ef6,src_461453dfb86fc3a2,遠鉄百貨店,https://www.endepa.com/event/61vum7phsakx,facts_only,,,,,,unknown,passed_deterministic,public_facts_minimized
WEB6366e55568,src_461453dfb86fc3a2,遠鉄百貨店,https://www.endepa.com/event/ov0tweeeacn1,facts_only,,,,,,unknown,passed_deterministic,public_facts_minimized
WEB9c0e6848e2,src_461453dfb86fc3a2,遠鉄百貨店,https://www.endepa.com/event/dpsxp-bp_7,facts_only,,,,,,unknown,passed_deterministic,public_facts_minimized
WEB472140ed77,src_461453dfb86fc3a2,遠鉄百貨店,https://www.endepa.com/event/weof74o_t,facts_only,,,,,,unknown,passed_deterministic,public_facts_minimized
WEBa233b431ac,src_461453dfb86fc3a2,遠鉄百貨店,https://www.endepa.com/event/vc_01_y2h2so,facts_only,,,,,,unknown,passed_deterministic,public_facts_minimized
WEB0697b0eaa7,src_461453dfb86fc3a2,遠鉄百貨店,https://www.endepa.com/event/qa42cn6vmgkg,facts_only,,,,,,unknown,passed_deterministic,public_facts_minimized
WEB933e80e19b,src_461453dfb86fc3a2,遠鉄百貨店,https://www.endepa.com/event/eev-i7-2egq7,facts_only,,,,,,unknown,passed_deterministic,public_facts_minimized
WEBb5aada638a,src_461453dfb86fc3a2,遠鉄百貨店,https://www.endepa.com/event/48rpn74jnwk,facts_only,,,,,,unknown,passed_deterministic,public_facts_minimized
WEB7d4a5c7238,src_461453dfb86fc3a2,遠鉄百貨店,https://www.endepa.com/event/najc64c8-o6n,facts_only,,,,,,unknown,passed_deterministic,public_facts_minimized
WEB753cd87152,src_461453dfb86fc3a2,遠鉄百貨店,https://www.endepa.com/event/zf7nkx-q0qaw,facts_only,,,,,,unknown,passed_deterministic,public_facts_minimized
WEBa48807865f,src_461453dfb86fc3a2,遠鉄百貨店,https://www.endepa.com/event/ui_f21q8ohk,facts_only,,,,,,unknown,passed_deterministic,public_facts_minimized
WEBee6537cf5d,src_461453dfb86fc3a2,遠鉄百貨店,https://www.endepa.com/event/0hutk3s4921,facts_only,,,,,,unknown,passed_deterministic,public_facts_minimized
WEB038837910f,src_461453dfb86fc3a2,遠鉄百貨店,https://www.endepa.com/event/usov0maqpyp,facts_only,,,,,,unknown,passed_deterministic,public_facts_minimized
WEB82e13ea65b,src_461453dfb86fc3a2,遠鉄百貨店,https://www.endepa.com/event/mnwt_oenis9c,facts_only,,,,,,unknown,passed_deterministic,public_facts_minimized
WEB64223d13e7,src_461453dfb86fc3a2,遠鉄百貨店,https://www.endepa.com/event/rvprkws3e1g,facts_only,,,,,,unknown,passed_deterministic,public_facts_minimized
WEB26f4a62e16,src_461453dfb86fc3a2,遠鉄百貨店,https://www.endepa.com/event/6l8ke0xr3oc,facts_only,,,,,,unknown,passed_deterministic,public_facts_minimized
WEBe1fae787a5,src_461453dfb86fc3a2,遠鉄百貨店,https://www.endepa.com/event/3cxg52nu3,facts_only,,,,,,unknown,passed_deterministic,public_facts_minimized
WEB42c6245bb3,src_461453dfb86fc3a2,遠鉄百貨店,https://www.endepa.com/event/vkwhi82w4,facts_only,,,,,,unknown,passed_deterministic,public_facts_minimized
WEB400c9483e4,src_461453dfb86fc3a2,遠鉄百貨店,https://www.endepa.com/event/p306fuiwao_c,facts_only,,,,,,unknown,passed_deterministic,public_facts_minimized
WEBc7e74fc943,src_461453dfb86fc3a2,遠鉄百貨店,https://www.endepa.com/event/i-5j_z1nulc,facts_only,,,,,,unknown,passed_deterministic,public_facts_minimized
WEB2407b6cd20,src_461453dfb86fc3a2,遠鉄百貨店,https://www.endepa.com/event/cslp40zfdfy,facts_only,,,,,,unknown,passed_deterministic,public_facts_minimized
WEBd721317c35,src_461453dfb86fc3a2,遠鉄百貨店,https://www.endepa.com/event/lzzh5t_osh6v,facts_only,,,,,,unknown,passed_deterministic,public_facts_minimized
WEB3e28c73118,src_461453dfb86fc3a2,遠鉄百貨店,https://www.endepa.com/event/i14cap0b8iy,facts_only,,,,,,unknown,passed_deterministic,public_facts_minimized
WEB21a205d94b,src_461453dfb86fc3a2,遠鉄百貨店,https://www.endepa.com/event/us2tzk0ym,facts_only,,,,,,unknown,passed_deterministic,public_facts_minimized
WEB8e7b16b332,src_461453dfb86fc3a2,遠鉄百貨店,https://www.endepa.com/event/p-jygb-c5,facts_only,,,,,,unknown,passed_deterministic,public_facts_minimized
WEBe57423c262,src_461453dfb86fc3a2,遠鉄百貨店,https://www.endepa.com/event/p2t_abuytj,facts_only,,,,,,unknown,passed_deterministic,public_facts_minimized
WEBd762e6ce61,src_461453dfb86fc3a2,遠鉄百貨店,https://www.endepa.com/event/oaguhakvbq,facts_only,,,,,,unknown,passed_deterministic,public_facts_minimized
WEBbe8385d6a4,src_461453dfb86fc3a2,遠鉄百貨店,https://www.endepa.com/event/auvdtxt7j,facts_only,,,,,,unknown,passed_deterministic,public_facts_minimized
WEB543c31603a,src_461453dfb86fc3a2,遠鉄百貨店,https://www.endepa.com/event/xwwkef6mj4lq,facts_only,,,,,,unknown,passed_deterministic,public_facts_minimized
WEBc382e2a32c,src_461453dfb86fc3a2,遠鉄百貨店,https://www.endepa.com/event/p9ljg71bk,facts_only,,,,,,unknown,passed_deterministic,public_facts_minimized
WEBe120a0f949,src_461453dfb86fc3a2,遠鉄百貨店,https://www.endepa.com/event/koqod9br5d6,facts_only,,,,,,unknown,passed_deterministic,public_facts_minimized
WEBa7a56da121,src_461453dfb86fc3a2,遠鉄百貨店,https://www.endepa.com/event/dt8az694x-_b,facts_only,,,,,,unknown,passed_deterministic,public_facts_minimized
WEBf73b9a847a,src_461453dfb86fc3a2,遠鉄百貨店,https://www.endepa.com/event/32d2bp47u,facts_only,,,,,,unknown,passed_deterministic,public_facts_minimized
WEB26ef0cbadb,src_461453dfb86fc3a2,遠鉄百貨店,https://www.endepa.com/event/9ppzcxellddq,facts_only,,,,,,unknown,passed_deterministic,public_facts_minimized
WEB90748ae18a,src_461453dfb86fc3a2,遠鉄百貨店,https://www.endepa.com/event/egqwsyxx8ed,facts_only,,,,,,unknown,passed_deterministic,public_facts_minimized
WEBc2e1535347,src_461453dfb86fc3a2,遠鉄百貨店,https://www.endepa.com/event/tqepuexppcj,facts_only,,,,,,unknown,passed_deterministic,public_facts_minimized
WEB2e54b57983,src_461453dfb86fc3a2,遠鉄百貨店,https://www.endepa.com/event/6jg7s3m_6,facts_only,,,,,,unknown,passed_deterministic,public_facts_minimized
WEB45ce3ff3ce,src_461453dfb86fc3a2,遠鉄百貨店,https://www.endepa.com/event/fl4t92-e8s,facts_only,,,,,,unknown,passed_deterministic,public_facts_minimized
WEBe16859a946,src_461453dfb86fc3a2,遠鉄百貨店,https://www.endepa.com/event/wzfrfff171,facts_only,,,,,,unknown,passed_deterministic,public_facts_minimized
WEB0141459cb5,src_461453dfb86fc3a2,遠鉄百貨店,https://www.endepa.com/event/s9kvjrdrzj,facts_only,,,,,,unknown,passed_deterministic,public_facts_minimized
WEBd6232bf56c,src_461453dfb86fc3a2,遠鉄百貨店,https://www.endepa.com/event/nbqw7-wjs3k5,facts_only,,,,,,unknown,passed_deterministic,public_facts_minimized
WEB40a2ae776b,src_461453dfb86fc3a2,遠鉄百貨店,https://www.endepa.com/event/szdumow86,facts_only,,,,,,unknown,passed_deterministic,public_facts_minimized
WEBa56b226955,src_461453dfb86fc3a2,遠鉄百貨店,https://www.endepa.com/event/bt7al_jv5j,facts_only,,,,,,unknown,passed_deterministic,public_facts_minimized
WEB380836394a,src_461453dfb86fc3a2,遠鉄百貨店,https://www.endepa.com/event/ywgyx8ui0o,facts_only,,,,,,unknown,passed_deterministic,public_facts_minimized
WEB13a7784eef,src_461453dfb86fc3a2,遠鉄百貨店,https://www.endepa.com/event/15nf15vwo,facts_only,,,,,,unknown,passed_deterministic,public_facts_minimized
WEB9704976e1f,src_461453dfb86fc3a2,遠鉄百貨店,https://www.endepa.com/event/jx19x-sndt,facts_only,,,,,,unknown,passed_deterministic,public_facts_minimized
WEBbb4d7abf2c,src_461453dfb86fc3a2,遠鉄百貨店,https://www.endepa.com/event/09ki_vecab2k,facts_only,,,,,,unknown,passed_deterministic,public_facts_minimized
WEB72350423d4,src_461453dfb86fc3a2,遠鉄百貨店,https://www.endepa.com/event/2eh0qtw5bas,facts_only,,,,,,unknown,passed_deterministic,public_facts_minimized
WEB1dcf031075,src_461453dfb86fc3a2,遠鉄百貨店,https://www.endepa.com/event/l_l5yb2ps,facts_only,,,,,,unknown,passed_deterministic,public_facts_minimized
WEBb0afa51e8a,src_461453dfb86fc3a2,遠鉄百貨店,https://www.endepa.com/event/actgdz6fa6,facts_only,,,,,,unknown,passed_deterministic,public_facts_minimized
WEBd754f99e86,src_461453dfb86fc3a2,遠鉄百貨店,https://www.endepa.com/event/h3p8wcwmvxv,facts_only,,,,,,unknown,passed_deterministic,public_facts_minimized
WEB647147c79c,src_461453dfb86fc3a2,遠鉄百貨店,https://www.endepa.com/event/07revhsjv,facts_only,,,,,,unknown,passed_deterministic,public_facts_minimized
WEBa3f56df2f2,src_461453dfb86fc3a2,遠鉄百貨店,https://www.endepa.com/event/fw6pbri6i6,facts_only,,,,,,unknown,passed_deterministic,public_facts_minimized
WEBa3d5b19868,src_461453dfb86fc3a2,遠鉄百貨店,https://www.endepa.com/event/9q8b1_6mo,facts_only,,,,,,unknown,passed_deterministic,public_facts_minimized
WEB585fc312d7,src_461453dfb86fc3a2,遠鉄百貨店,https://www.endepa.com/event/4kz3kueg9,facts_only,,,,,,unknown,passed_deterministic,public_facts_minimized
WEBdbe52314f1,src_461453dfb86fc3a2,遠鉄百貨店,https://www.endepa.com/event/unl_p88lqqa4,facts_only,,,,,,unknown,passed_deterministic,public_facts_minimized
WEB9548203622,src_461453dfb86fc3a2,遠鉄百貨店,https://www.endepa.com/event/a46wlp7eel7,facts_only,,,,,,unknown,passed_deterministic,public_facts_minimized
WEBbaec76d48d,src_461453dfb86fc3a2,遠鉄百貨店,https://www.endepa.com/event/3wsb4_56sn,facts_only,,,,,,unknown,passed_deterministic,public_facts_minimized
WEB67ac3c5cce,src_461453dfb86fc3a2,遠鉄百貨店,https://www.endepa.com/event/gmj_8yyz_vm,facts_only,,,,,,unknown,passed_deterministic,public_facts_minimized
WEBe2df807efa,src_461453dfb86fc3a2,遠鉄百貨店,https://www.endepa.com/event/dqe3xy_s2nho,facts_only,,,,,,unknown,passed_deterministic,public_facts_minimized
WEBb3d4fad992,src_461453dfb86fc3a2,遠鉄百貨店,https://www.endepa.com/event/dd0kn7c10h0,facts_only,,,,,,unknown,passed_deterministic,public_facts_minimized
WEB43ffac4f91,src_461453dfb86fc3a2,遠鉄百貨店,https://www.endepa.com/event/vepjc175fh,facts_only,,,,,,unknown,passed_deterministic,public_facts_minimized
WEBb7e50af5d4,src_461453dfb86fc3a2,遠鉄百貨店,https://www.endepa.com/event/cpzhqeg3h7q,facts_only,,,,,,unknown,passed_deterministic,public_facts_minimized
WEB45a965878c,src_461453dfb86fc3a2,遠鉄百貨店,https://www.endepa.com/event/kalbxy8dbv,facts_only,,,,,,unknown,passed_deterministic,public_facts_minimized
WEBc6007d5a17,src_461453dfb86fc3a2,遠鉄百貨店,https://www.endepa.com/event/agdxljfuluja,facts_only,,,,,,unknown,passed_deterministic,public_facts_minimized
WEBbef9abe63c,src_461453dfb86fc3a2,遠鉄百貨店,https://www.endepa.com/event/l2sn3d20gl,facts_only,,,,,,unknown,passed_deterministic,public_facts_minimized
WEB15c1045dd1,src_461453dfb86fc3a2,遠鉄百貨店,https://www.endepa.com/event/0r26djjnw,facts_only,,,,,,unknown,passed_deterministic,public_facts_minimized
WEBaabd779c11,src_461453dfb86fc3a2,遠鉄百貨店,https://www.endepa.com/event/wrpk8pz9kwb1,facts_only,,,,,,unknown,passed_deterministic,public_facts_minimized
WEBd165bf64fe,src_461453dfb86fc3a2,遠鉄百貨店,https://www.endepa.com/event/0iaprbjo6xd,facts_only,,,,,,unknown,passed_deterministic,public_facts_minimized
WEB6534d80362,src_461453dfb86fc3a2,遠鉄百貨店,https://www.endepa.com/event/y7a_g_giqf,facts_only,,,,,,unknown,passed_deterministic,public_facts_minimized
WEB6cca854175,src_461453dfb86fc3a2,遠鉄百貨店,https://www.endepa.com/event/jk7ak3jyw,facts_only,,,,,,unknown,passed_deterministic,public_facts_minimized
WEB06f4d1134a,src_461453dfb86fc3a2,遠鉄百貨店,https://www.endepa.com/event/xx7j2ickt,facts_only,,,,,,unknown,passed_deterministic,public_facts_minimized
WEB960f9cc0e0,src_461453dfb86fc3a2,遠鉄百貨店,https://www.endepa.com/event/qtle_32_do,facts_only,,,,,,unknown,passed_deterministic,public_facts_minimized
WEB8c24b8bfa8,src_461453dfb86fc3a2,遠鉄百貨店,https://www.endepa.com/event/8zhla1l-eq_e,facts_only,,,,,,unknown,passed_deterministic,public_facts_minimized
WEBeca3980bdd,src_461453dfb86fc3a2,遠鉄百貨店,https://www.endepa.com/event/9pk1imeq70a,facts_only,,,,,,unknown,passed_deterministic,public_facts_minimized
WEB6bf37b74b8,src_461453dfb86fc3a2,遠鉄百貨店,https://www.endepa.com/event/xw9gp1-1u0ct,facts_only,,,,,,unknown,passed_deterministic,public_facts_minimized
WEBedf3a8a689,src_461453dfb86fc3a2,遠鉄百貨店,https://www.endepa.com/event/tfi5ez1fwg,facts_only,,,,,,unknown,passed_deterministic,public_facts_minimized
WEB82dcadc10e,src_461453dfb86fc3a2,遠鉄百貨店,https://www.endepa.com/event/p0z1sy7ydhq,facts_only,,,,,,unknown,passed_deterministic,public_facts_minimized
WEBead991e469,src_461453dfb86fc3a2,遠鉄百貨店,https://www.endepa.com/event/5a78p345xsg,facts_only,,,,,,unknown,passed_deterministic,public_facts_minimized
WEBbf7612a1c8,src_461453dfb86fc3a2,遠鉄百貨店,https://www.endepa.com/event/qxnlx9g6vk,facts_only,,,,,,unknown,passed_deterministic,public_facts_minimized
WEBc881c3c03c,src_461453dfb86fc3a2,遠鉄百貨店,https://www.endepa.com/event/f0wm2uf1e,facts_only,,,,,,unknown,passed_deterministic,public_facts_minimized
WEBe987cd1ddd,src_461453dfb86fc3a2,遠鉄百貨店,https://www.endepa.com/event/kg7v-o1f2q,facts_only,,,,,,unknown,passed_deterministic,public_facts_minimized
WEBde72f93059,src_461453dfb86fc3a2,遠鉄百貨店,https://www.endepa.com/event/gu5jvkf9y85g,facts_only,,,,,,unknown,passed_deterministic,public_facts_minimized
WEB2bcdfe65ec,src_461453dfb86fc3a2,遠鉄百貨店,https://www.endepa.com/event/015828uzu66,facts_only,,,,,,unknown,passed_deterministic,public_facts_minimized
WEB7a01eff820,src_461453dfb86fc3a2,遠鉄百貨店,https://www.endepa.com/event/tkgf74n0txp8,facts_only,,,,,,unknown,passed_deterministic,public_facts_minimized
WEB3bca2ed4e6,src_461453dfb86fc3a2,遠鉄百貨店,https://www.endepa.com/event/0-fjd1jefln,facts_only,,,,,,unknown,passed_deterministic,public_facts_minimized
WEBdea9a23d8c,src_461453dfb86fc3a2,遠鉄百貨店,https://www.endepa.com/event/cg7xoufu8be,facts_only,,,,,,unknown,passed_deterministic,public_facts_minimized
WEBea8f38f05d,src_461453dfb86fc3a2,遠鉄百貨店,https://www.endepa.com/event/lz6mj-02jh,facts_only,,,,,,unknown,passed_deterministic,public_facts_minimized
WEBd722c99eae,src_461453dfb86fc3a2,遠鉄百貨店,https://www.endepa.com/event/w1go4e5g6,facts_only,,,,,,unknown,passed_deterministic,public_facts_minimized
WEB44edb2af75,src_461453dfb86fc3a2,遠鉄百貨店,https://www.endepa.com/event/hns-kawtj,facts_only,,,,,,unknown,passed_deterministic,public_facts_minimized
WEBf1fe61c686,src_461453dfb86fc3a2,遠鉄百貨店,https://www.endepa.com/event/ei_i55b3gwk,facts_only,,,,,,unknown,passed_deterministic,public_facts_minimized
WEBc66e9d83e3,src_461453dfb86fc3a2,遠鉄百貨店,https://www.endepa.com/event/dt7gtope8,facts_only,,,,,,unknown,passed_deterministic,public_facts_minimized
WEB6c4168a095,src_461453dfb86fc3a2,遠鉄百貨店,https://www.endepa.com/event/vit2xey_tqv,facts_only,,,,,,unknown,passed_deterministic,public_facts_minimized
WEBec8dabd21b,src_461453dfb86fc3a2,遠鉄百貨店,https://www.endepa.com/event/zc322cesa-h,facts_only,,,,,,unknown,passed_deterministic,public_facts_minimized
WEB25bd58ba8f,src_461453dfb86fc3a2,遠鉄百貨店,https://www.endepa.com/event/0qn3ltzy9,facts_only,,,,,,unknown,passed_deterministic,public_facts_minimized
WEB0ee9418a24,src_461453dfb86fc3a2,遠鉄百貨店,https://www.endepa.com/event/eqk4inim-0g,facts_only,,,,,,unknown,passed_deterministic,public_facts_minimized
WEB63f9738e87,src_461453dfb86fc3a2,遠鉄百貨店,https://www.endepa.com/event/brffx42sfh3s,facts_only,,,,,,unknown,passed_deterministic,public_facts_minimized
WEBb654b1e8c8,src_461453dfb86fc3a2,遠鉄百貨店,https://www.endepa.com/event/2rvh1o_ug,facts_only,,,,,,unknown,passed_deterministic,public_facts_minimized
WEB4fe92ed2b7,src_461453dfb86fc3a2,遠鉄百貨店,https://www.endepa.com/event/h9kazucdosw,facts_only,,,,,,unknown,passed_deterministic,public_facts_minimized
WEBa460b2e5c9,src_461453dfb86fc3a2,遠鉄百貨店,https://www.endepa.com/event/7l-ufkess2,facts_only,,,,,,unknown,passed_deterministic,public_facts_minimized
WEB3a8f63b63f,src_461453dfb86fc3a2,遠鉄百貨店,https://www.endepa.com/event/nhbucq4ni5,facts_only,,,,,,unknown,passed_deterministic,public_facts_minimized
WEB54e4e73b69,src_461453dfb86fc3a2,遠鉄百貨店,https://www.endepa.com/event/f6qtzfqmyu,facts_only,,,,,,unknown,passed_deterministic,public_facts_minimized
WEB4309184011,src_461453dfb86fc3a2,遠鉄百貨店,https://www.endepa.com/event/yvlchyzlzj,facts_only,,,,,,unknown,passed_deterministic,public_facts_minimized
WEBa2a6811543,src_461453dfb86fc3a2,遠鉄百貨店,https://www.endepa.com/event/mpd712o4u1f,facts_only,,,,,,unknown,passed_deterministic,public_facts_minimized
WEBdec1d3286b,src_461453dfb86fc3a2,遠鉄百貨店,https://www.endepa.com/event/qq_rmb0lp,facts_only,,,,,,unknown,passed_deterministic,public_facts_minimized
WEB493c3577b3,src_461453dfb86fc3a2,遠鉄百貨店,https://www.endepa.com/event/qo33qaxuh,facts_only,,,,,,unknown,passed_deterministic,public_facts_minimized
WEBb2df91f7ef,src_461453dfb86fc3a2,遠鉄百貨店,https://www.endepa.com/event/o6dym6bix5uy,facts_only,,,,,,unknown,passed_deterministic,public_facts_minimized
WEBa9ed9a3e7d,src_461453dfb86fc3a2,遠鉄百貨店,https://www.endepa.com/event/0mzary0p441,facts_only,,,,,,unknown,passed_deterministic,public_facts_minimized
WEBe9e4caf031,src_461453dfb86fc3a2,遠鉄百貨店,https://www.endepa.com/event/awxign2wt,facts_only,,,,,,unknown,passed_deterministic,public_facts_minimized
WEBd8c26fa5d8,src_461453dfb86fc3a2,遠鉄百貨店,https://www.endepa.com/event/73_s5gjlpw,facts_only,,,,,,unknown,passed_deterministic,public_facts_minimized
WEB1bd30d408e,src_461453dfb86fc3a2,遠鉄百貨店,https://www.endepa.com/event/q_kzxkgri,facts_only,,,,,,unknown,passed_deterministic,public_facts_minimized
WEB56753b23b2,src_461453dfb86fc3a2,遠鉄百貨店,https://www.endepa.com/event/axjrin-jx5k,facts_only,,,,,,unknown,passed_deterministic,public_facts_minimized
WEB906e496459,src_461453dfb86fc3a2,遠鉄百貨店,https://www.endepa.com/event/d4pnv_epkb,facts_only,,,,,,unknown,passed_deterministic,public_facts_minimized
WEBd1fced50f7,src_461453dfb86fc3a2,遠鉄百貨店,https://www.endepa.com/event/j6ndfeql8zt,facts_only,,,,,,unknown,passed_deterministic,public_facts_minimized
WEBbf803be3f0,src_461453dfb86fc3a2,遠鉄百貨店,https://www.endepa.com/event/z1qo86mkhf,facts_only,,,,,,unknown,passed_deterministic,public_facts_minimized
WEB537effd36c,src_461453dfb86fc3a2,遠鉄百貨店,https://www.endepa.com/event/wzg4imnnw,facts_only,,,,,,unknown,passed_deterministic,public_facts_minimized
WEB743aef3037,src_461453dfb86fc3a2,遠鉄百貨店,https://www.endepa.com/event/crh3yqt46lkr,facts_only,,,,,,unknown,passed_deterministic,public_facts_minimized
WEB179ce1becd,src_461453dfb86fc3a2,遠鉄百貨店,https://www.endepa.com/event/d785gvl4v6d,facts_only,,,,,,unknown,passed_deterministic,public_facts_minimized
WEBe6770364f8,src_461453dfb86fc3a2,遠鉄百貨店,https://www.endepa.com/event/33kbyix9u,facts_only,,,,,,unknown,passed_deterministic,public_facts_minimized
WEBc224b06b4f,src_7b311d932de88249,弁天島花火大会,https://enjoy-hamamatsu.shizuoka.jp/events/40076/,facts_only,,,,,,unknown,passed_deterministic,public_facts_minimized
WEB08f0f5a285,src_f4105a9874df8a29,三ヶ日花火大会,https://mikkabi-hanabi.com/,facts_only,,,,,,unknown,passed_deterministic,public_facts_minimized
WEB264ea74d9e,src_66e0a28160a7daea,浜名湖花フェスタ手筒花火,https://sorahanabi.com/shizuoka/hamamatsu/hamanako-flower-festa-hanabi.html,facts_only,,,,,,unknown,passed_deterministic,public_facts_minimized
WEB8cbd35d12e,src_85f06a753f568db8,秋葉神社奉納花火大会,https://sorahanabi.com/shizuoka/hamamatsu/akihajinja-hanabitaikai.html,facts_only,,,,,,unknown,passed_deterministic,public_facts_minimized
WEB36e1306afb,src_48dcc3d7d635b5d1,鹿島の花火,https://sorahanabi.com/shizuoka/hamamatsu/kajimanohanabi.html,facts_only,,,,,,unknown,passed_deterministic,public_facts_minimized
WEB41d7ac767c,src_c0f5a2345b40759a,アクト通りふれあいデイ（公式日程）,https://www.hamamatsu-machi.jp/event/6493/?doing_wp_cron=1786435280.6498301029205322265625,facts_only,,,,,,unknown,passed_deterministic,public_facts_minimized
WEB01b20ed40d,src_c0f5a2345b40759a,アクト通りふれあいデイ（公式日程）,https://www.hamamatsu-machi.jp/event/6493/?doing_wp_cron=1786435280.6498301029205322265625,facts_only,,,,,,unknown,passed_deterministic,public_facts_minimized
WEB3732afa071,src_c0f5a2345b40759a,アクト通りふれあいデイ（公式日程）,https://www.hamamatsu-machi.jp/event/6493/?doing_wp_cron=1786435280.6498301029205322265625,facts_only,,,,,,unknown,passed_deterministic,public_facts_minimized
WEBd588d337fe,src_c0f5a2345b40759a,アクト通りふれあいデイ（公式日程）,https://www.hamamatsu-machi.jp/event/6493/?doing_wp_cron=1786435280.6498301029205322265625,facts_only,,,,,,unknown,passed_deterministic,public_facts_minimized
WEBb3623001b9,src_c0f5a2345b40759a,アクト通りふれあいデイ（公式日程）,https://www.hamamatsu-machi.jp/event/6493/?doing_wp_cron=1786435280.6498301029205322265625,facts_only,,,,,,unknown,passed_deterministic,public_facts_minimized
WEB6df76cb1d7,src_c0f5a2345b40759a,アクト通りふれあいデイ（公式日程）,https://www.hamamatsu-machi.jp/event/6493/?doing_wp_cron=1786435280.6498301029205322265625,facts_only,,,,,,unknown,passed_deterministic,public_facts_minimized
WEBdc38a5df09,src_c0f5a2345b40759a,アクト通りふれあいデイ（公式日程）,https://www.hamamatsu-machi.jp/event/6493/?doing_wp_cron=1786435280.6498301029205322265625,facts_only,,,,,,unknown,passed_deterministic,public_facts_minimized
WEB0a83ec5f53,src_c0f5a2345b40759a,アクト通りふれあいデイ（公式日程）,https://www.hamamatsu-machi.jp/event/6493/?doing_wp_cron=1786435280.6498301029205322265625,facts_only,,,,,,unknown,passed_deterministic,public_facts_minimized
WEB5da5477485,src_c0f5a2345b40759a,アクト通りふれあいデイ（公式日程）,https://www.hamamatsu-machi.jp/event/6493/?doing_wp_cron=1786435280.6498301029205322265625,facts_only,,,,,,unknown,passed_deterministic,public_facts_minimized
WEBddda33e37a,src_c0f5a2345b40759a,アクト通りふれあいデイ（公式日程）,https://www.hamamatsu-machi.jp/event/6493/?doing_wp_cron=1786435280.6498301029205322265625,facts_only,,,,,,unknown,passed_deterministic,public_facts_minimized
WEBd9b38957b0,src_964b6e43b2c79bd5,カネサン竹中水産 朝市案内,https://www.kanesan.jp/,facts_only,,,,,,unknown,passed_deterministic,public_facts_minimized
WEBba015c4c3c,src_964b6e43b2c79bd5,カネサン竹中水産 朝市案内,https://www.kanesan.jp/,facts_only,,,,,,unknown,passed_deterministic,public_facts_minimized
WEBc4dec1825c,src_964b6e43b2c79bd5,カネサン竹中水産 朝市案内,https://www.kanesan.jp/,facts_only,,,,,,unknown,passed_deterministic,public_facts_minimized
WEB376c8c5c93,src_964b6e43b2c79bd5,カネサン竹中水産 朝市案内,https://www.kanesan.jp/,facts_only,,,,,,unknown,passed_deterministic,public_facts_minimized
WEB1928148729,src_964b6e43b2c79bd5,カネサン竹中水産 朝市案内,https://www.kanesan.jp/,facts_only,,,,,,unknown,passed_deterministic,public_facts_minimized
WEBab9f83e0ec,src_964b6e43b2c79bd5,カネサン竹中水産 朝市案内,https://www.kanesan.jp/,facts_only,,,,,,unknown,passed_deterministic,public_facts_minimized
WEB119be3c478,src_964b6e43b2c79bd5,カネサン竹中水産 朝市案内,https://www.kanesan.jp/,facts_only,,,,,,unknown,passed_deterministic,public_facts_minimized
WEB2b2b7cded4,src_964b6e43b2c79bd5,カネサン竹中水産 朝市案内,https://www.kanesan.jp/,facts_only,,,,,,unknown,passed_deterministic,public_facts_minimized
WEB9923ec0991,src_964b6e43b2c79bd5,カネサン竹中水産 朝市案内,https://www.kanesan.jp/,facts_only,,,,,,unknown,passed_deterministic,public_facts_minimized
WEB295c0c047c,src_964b6e43b2c79bd5,カネサン竹中水産 朝市案内,https://www.kanesan.jp/,facts_only,,,,,,unknown,passed_deterministic,public_facts_minimized
WEBd4b0a3648a,src_964b6e43b2c79bd5,カネサン竹中水産 朝市案内,https://www.kanesan.jp/,facts_only,,,,,,unknown,passed_deterministic,public_facts_minimized
WEB22378bd26d,src_964b6e43b2c79bd5,カネサン竹中水産 朝市案内,https://www.kanesan.jp/,facts_only,,,,,,unknown,passed_deterministic,public_facts_minimized
WEBca443bade8,src_964b6e43b2c79bd5,カネサン竹中水産 朝市案内,https://www.kanesan.jp/,facts_only,,,,,,unknown,passed_deterministic,public_facts_minimized
WEBc83cede0fe,src_964b6e43b2c79bd5,カネサン竹中水産 朝市案内,https://www.kanesan.jp/,facts_only,,,,,,unknown,passed_deterministic,public_facts_minimized
WEBe142e82e6b,src_964b6e43b2c79bd5,カネサン竹中水産 朝市案内,https://www.kanesan.jp/,facts_only,,,,,,unknown,passed_deterministic,public_facts_minimized
WEB3f51e34d21,src_964b6e43b2c79bd5,カネサン竹中水産 朝市案内,https://www.kanesan.jp/,facts_only,,,,,,unknown,passed_deterministic,public_facts_minimized
WEBf43c5b882e,src_964b6e43b2c79bd5,カネサン竹中水産 朝市案内,https://www.kanesan.jp/,facts_only,,,,,,unknown,passed_deterministic,public_facts_minimized
WEB9fd337a1bd,src_964b6e43b2c79bd5,カネサン竹中水産 朝市案内,https://www.kanesan.jp/,facts_only,,,,,,unknown,passed_deterministic,public_facts_minimized
WEB8b1aa5dee8,src_964b6e43b2c79bd5,カネサン竹中水産 朝市案内,https://www.kanesan.jp/,facts_only,,,,,,unknown,passed_deterministic,public_facts_minimized
WEB3d5d6870dd,src_964b6e43b2c79bd5,カネサン竹中水産 朝市案内,https://www.kanesan.jp/,facts_only,,,,,,unknown,passed_deterministic,public_facts_minimized
WEBc9723e2568,src_964b6e43b2c79bd5,カネサン竹中水産 朝市案内,https://www.kanesan.jp/,facts_only,,,,,,unknown,passed_deterministic,public_facts_minimized
WEB91077740d6,src_964b6e43b2c79bd5,カネサン竹中水産 朝市案内,https://www.kanesan.jp/,facts_only,,,,,,unknown,passed_deterministic,public_facts_minimized
WEB987867dbad,src_964b6e43b2c79bd5,カネサン竹中水産 朝市案内,https://www.kanesan.jp/,facts_only,,,,,,unknown,passed_deterministic,public_facts_minimized
WEBc37b52b13a,src_964b6e43b2c79bd5,カネサン竹中水産 朝市案内,https://www.kanesan.jp/,facts_only,,,,,,unknown,passed_deterministic,public_facts_minimized
WEB9b88103114,src_964b6e43b2c79bd5,カネサン竹中水産 朝市案内,https://www.kanesan.jp/,facts_only,,,,,,unknown,passed_deterministic,public_facts_minimized
WEB239d3c8478,src_964b6e43b2c79bd5,カネサン竹中水産 朝市案内,https://www.kanesan.jp/,facts_only,,,,,,unknown,passed_deterministic,public_facts_minimized
WEB7ac1e68f23,src_964b6e43b2c79bd5,カネサン竹中水産 朝市案内,https://www.kanesan.jp/,facts_only,,,,,,unknown,passed_deterministic,public_facts_minimized
WEB895f7d47eb,src_964b6e43b2c79bd5,カネサン竹中水産 朝市案内,https://www.kanesan.jp/,facts_only,,,,,,unknown,passed_deterministic,public_facts_minimized
WEBcb619b8ff7,src_964b6e43b2c79bd5,カネサン竹中水産 朝市案内,https://www.kanesan.jp/,facts_only,,,,,,unknown,passed_deterministic,public_facts_minimized
WEB87ea1d857a,src_964b6e43b2c79bd5,カネサン竹中水産 朝市案内,https://www.kanesan.jp/,facts_only,,,,,,unknown,passed_deterministic,public_facts_minimized
WEB3228e2942c,src_964b6e43b2c79bd5,カネサン竹中水産 朝市案内,https://www.kanesan.jp/,facts_only,,,,,,unknown,passed_deterministic,public_facts_minimized
WEB9d0789c6c6,src_964b6e43b2c79bd5,カネサン竹中水産 朝市案内,https://www.kanesan.jp/,facts_only,,,,,,unknown,passed_deterministic,public_facts_minimized
WEBf010bf58d7,src_964b6e43b2c79bd5,カネサン竹中水産 朝市案内,https://www.kanesan.jp/,facts_only,,,,,,unknown,passed_deterministic,public_facts_minimized
WEB021a59beb9,src_964b6e43b2c79bd5,カネサン竹中水産 朝市案内,https://www.kanesan.jp/,facts_only,,,,,,unknown,passed_deterministic,public_facts_minimized
WEBa9b1e2b743,src_964b6e43b2c79bd5,カネサン竹中水産 朝市案内,https://www.kanesan.jp/,facts_only,,,,,,unknown,passed_deterministic,public_facts_minimized
WEB329a2119cd,src_964b6e43b2c79bd5,カネサン竹中水産 朝市案内,https://www.kanesan.jp/,facts_only,,,,,,unknown,passed_deterministic,public_facts_minimized
WEB6ecc49e185,src_964b6e43b2c79bd5,カネサン竹中水産 朝市案内,https://www.kanesan.jp/,facts_only,,,,,,unknown,passed_deterministic,public_facts_minimized
WEBaf5a02c600,src_964b6e43b2c79bd5,カネサン竹中水産 朝市案内,https://www.kanesan.jp/,facts_only,,,,,,unknown,passed_deterministic,public_facts_minimized
WEB55afc28704,src_964b6e43b2c79bd5,カネサン竹中水産 朝市案内,https://www.kanesan.jp/,facts_only,,,,,,unknown,passed_deterministic,public_facts_minimized
WEBa2ac42bcef,src_964b6e43b2c79bd5,カネサン竹中水産 朝市案内,https://www.kanesan.jp/,facts_only,,,,,,unknown,passed_deterministic,public_facts_minimized
WEBf9c2caa01d,src_964b6e43b2c79bd5,カネサン竹中水産 朝市案内,https://www.kanesan.jp/,facts_only,,,,,,unknown,passed_deterministic,public_facts_minimized
WEB19bcd75d9b,src_964b6e43b2c79bd5,カネサン竹中水産 朝市案内,https://www.kanesan.jp/,facts_only,,,,,,unknown,passed_deterministic,public_facts_minimized
WEB898ed5d236,src_964b6e43b2c79bd5,カネサン竹中水産 朝市案内,https://www.kanesan.jp/,facts_only,,,,,,unknown,passed_deterministic,public_facts_minimized
WEB96807b4b93,src_964b6e43b2c79bd5,カネサン竹中水産 朝市案内,https://www.kanesan.jp/,facts_only,,,,,,unknown,passed_deterministic,public_facts_minimized
WEB344c55058d,src_964b6e43b2c79bd5,カネサン竹中水産 朝市案内,https://www.kanesan.jp/,facts_only,,,,,,unknown,passed_deterministic,public_facts_minimized
WEB9313a79fdd,src_964b6e43b2c79bd5,カネサン竹中水産 朝市案内,https://www.kanesan.jp/,facts_only,,,,,,unknown,passed_deterministic,public_facts_minimized
WEB983c645ead,src_964b6e43b2c79bd5,カネサン竹中水産 朝市案内,https://www.kanesan.jp/,facts_only,,,,,,unknown,passed_deterministic,public_facts_minimized
WEB2443b190ca,src_964b6e43b2c79bd5,カネサン竹中水産 朝市案内,https://www.kanesan.jp/,facts_only,,,,,,unknown,passed_deterministic,public_facts_minimized
WEBecc5d5f3dd,src_964b6e43b2c79bd5,カネサン竹中水産 朝市案内,https://www.kanesan.jp/,facts_only,,,,,,unknown,passed_deterministic,public_facts_minimized
WEB9c5849e92e,src_964b6e43b2c79bd5,カネサン竹中水産 朝市案内,https://www.kanesan.jp/,facts_only,,,,,,unknown,passed_deterministic,public_facts_minimized
WEB337046d903,src_c49ad7b979a084dc,浜松サザンクロスほしの市 公式,https://hoshinoichi.com/,facts_only,,,,,,unknown,passed_deterministic,public_facts_minimized
WEB5f69e6cb63,src_c49ad7b979a084dc,浜松サザンクロスほしの市 公式,https://hoshinoichi.com/,facts_only,,,,,,unknown,passed_deterministic,public_facts_minimized
WEBd5c8ece32a,src_c49ad7b979a084dc,浜松サザンクロスほしの市 公式,https://hoshinoichi.com/,facts_only,,,,,,unknown,passed_deterministic,public_facts_minimized
WEBeaed86394a,src_c49ad7b979a084dc,浜松サザンクロスほしの市 公式,https://hoshinoichi.com/,facts_only,,,,,,unknown,passed_deterministic,public_facts_minimized
WEBa81e3c6e80,src_c49ad7b979a084dc,浜松サザンクロスほしの市 公式,https://hoshinoichi.com/,facts_only,,,,,,unknown,passed_deterministic,public_facts_minimized
WEB158aaa1d20,src_c49ad7b979a084dc,浜松サザンクロスほしの市 公式,https://hoshinoichi.com/,facts_only,,,,,,unknown,passed_deterministic,public_facts_minimized
WEBa540c16723,src_c49ad7b979a084dc,浜松サザンクロスほしの市 公式,https://hoshinoichi.com/,facts_only,,,,,,unknown,passed_deterministic,public_facts_minimized
WEBed31deee14,src_c49ad7b979a084dc,浜松サザンクロスほしの市 公式,https://hoshinoichi.com/,facts_only,,,,,,unknown,passed_deterministic,public_facts_minimized
WEB99825416b5,src_c49ad7b979a084dc,浜松サザンクロスほしの市 公式,https://hoshinoichi.com/,facts_only,,,,,,unknown,passed_deterministic,public_facts_minimized
WEBda71c7a156,src_c49ad7b979a084dc,浜松サザンクロスほしの市 公式,https://hoshinoichi.com/,facts_only,,,,,,unknown,passed_deterministic,public_facts_minimized
WEB34df81d49f,src_1c985d805a09895b,浜松・浜名湖だいすきネット 舞阪えんばい朝市,https://hamamatsu-daisuki.net/information/6571/,facts_only,,,,,,unknown,passed_deterministic,public_facts_minimized
WEBdd6ea3bdff,src_2744ffca601ed4ac,浜松市楽器博物館 イベント,https://www.gakkihaku.jp/event/20260816/,facts_only,,,,,,unknown,passed_deterministic,public_facts_minimized
WEB03e42d0bb3,src_2744ffca601ed4ac,浜松市楽器博物館 イベント,https://www.gakkihaku.jp/event/20260822/,facts_only,,,,,,unknown,passed_deterministic,public_facts_minimized
WEBf9e1f8301d,src_2744ffca601ed4ac,浜松市楽器博物館 イベント,https://www.gakkihaku.jp/event/20260823/,facts_only,,,,,,unknown,passed_deterministic,public_facts_minimized
WEB20b84eeb57,src_2744ffca601ed4ac,浜松市楽器博物館 イベント,https://www.gakkihaku.jp/event/20260829/,facts_only,,,,,,unknown,passed_deterministic,public_facts_minimized
WEB3d8981185b,src_fa82517c47c56702,浜松こども館 イベント,https://kodomokan.entetsuassist-dms.com/event/detail/2753,facts_only,,,,,,unknown,passed_deterministic,public_facts_minimized
WEB85bc3151e8,src_fa82517c47c56702,浜松こども館 イベント,https://kodomokan.entetsuassist-dms.com/event/detail/2815,facts_only,,,,,,unknown,passed_deterministic,public_facts_minimized
WEB2e457c2726,src_fa82517c47c56702,浜松こども館 イベント,https://kodomokan.entetsuassist-dms.com/event/detail/2697,facts_only,,,,,,unknown,passed_deterministic,public_facts_minimized
WEBd6daf1acfc,src_fa82517c47c56702,浜松こども館 イベント,https://kodomokan.entetsuassist-dms.com/event/detail/2775,facts_only,,,,,,unknown,passed_deterministic,public_facts_minimized
WEB7db9332d81,src_fa82517c47c56702,浜松こども館 イベント,https://kodomokan.entetsuassist-dms.com/event/detail/2762,facts_only,,,,,,unknown,passed_deterministic,public_facts_minimized
WEB3666f3c862,src_fa82517c47c56702,浜松こども館 イベント,https://kodomokan.entetsuassist-dms.com/event/detail/2698,facts_only,,,,,,unknown,passed_deterministic,public_facts_minimized
WEBecf926e784,src_fa82517c47c56702,浜松こども館 イベント,https://kodomokan.entetsuassist-dms.com/event/detail/2767,facts_only,,,,,,unknown,passed_deterministic,public_facts_minimized
WEB16565789ec,src_fa82517c47c56702,浜松こども館 イベント,https://kodomokan.entetsuassist-dms.com/event/detail/2725,facts_only,,,,,,unknown,passed_deterministic,public_facts_minimized
WEBf84ba5bdb7,src_fa82517c47c56702,浜松こども館 イベント,https://kodomokan.entetsuassist-dms.com/event/detail/2763,facts_only,,,,,,unknown,passed_deterministic,public_facts_minimized
WEBf09a5af13b,src_fa82517c47c56702,浜松こども館 イベント,https://kodomokan.entetsuassist-dms.com/event/detail/2772,facts_only,,,,,,unknown,passed_deterministic,public_facts_minimized
WEBc8185724b9,src_fa82517c47c56702,浜松こども館 イベント,https://kodomokan.entetsuassist-dms.com/event/detail/2773,facts_only,,,,,,unknown,passed_deterministic,public_facts_minimized
WEB9c9a0e11c0,src_fa82517c47c56702,浜松こども館 イベント,https://kodomokan.entetsuassist-dms.com/event/detail/2656,facts_only,,,,,,unknown,passed_deterministic,public_facts_minimized
WEB4ad2065985,src_fa82517c47c56702,浜松こども館 イベント,https://kodomokan.entetsuassist-dms.com/event/detail/2764,facts_only,,,,,,unknown,passed_deterministic,public_facts_minimized
WEB0fe9e9e92c,src_fa82517c47c56702,浜松こども館 イベント,https://kodomokan.entetsuassist-dms.com/event/detail/2765,facts_only,,,,,,unknown,passed_deterministic,public_facts_minimized
WEBbdb6e662cd,src_fa82517c47c56702,浜松こども館 イベント,https://kodomokan.entetsuassist-dms.com/event/detail/2719,facts_only,,,,,,unknown,passed_deterministic,public_facts_minimized
WEBeb576a77aa,src_fa82517c47c56702,浜松こども館 イベント,https://kodomokan.entetsuassist-dms.com/event/detail/2714,facts_only,,,,,,unknown,passed_deterministic,public_facts_minimized
WEBbbf54efd1e,src_fa82517c47c56702,浜松こども館 イベント,https://kodomokan.entetsuassist-dms.com/event/detail/2710,facts_only,,,,,,unknown,passed_deterministic,public_facts_minimized
WEB422d4bd8f7,src_fa82517c47c56702,浜松こども館 イベント,https://kodomokan.entetsuassist-dms.com/event/detail/2712,facts_only,,,,,,unknown,passed_deterministic,public_facts_minimized
WEB400cc24e0e,src_fa82517c47c56702,浜松こども館 イベント,https://kodomokan.entetsuassist-dms.com/event/detail/2715,facts_only,,,,,,unknown,passed_deterministic,public_facts_minimized
WEB3c5eec3f38,src_fa82517c47c56702,浜松こども館 イベント,https://kodomokan.entetsuassist-dms.com/event/detail/2301,facts_only,,,,,,unknown,passed_deterministic,public_facts_minimized
WEBac8eab6ab7,src_fa82517c47c56702,浜松こども館 イベント,https://kodomokan.entetsuassist-dms.com/event/detail/2626,facts_only,,,,,,unknown,passed_deterministic,public_facts_minimized
WEB452c580fd7,src_fa82517c47c56702,浜松こども館 イベント,https://kodomokan.entetsuassist-dms.com/event/detail/2625,facts_only,,,,,,unknown,passed_deterministic,public_facts_minimized
WEB620d2a3b94,src_fa82517c47c56702,浜松こども館 イベント,https://kodomokan.entetsuassist-dms.com/event/detail/2713,facts_only,,,,,,unknown,passed_deterministic,public_facts_minimized
WEBdc4a9ba722,src_fa82517c47c56702,浜松こども館 イベント,https://kodomokan.entetsuassist-dms.com/event/detail/2584,facts_only,,,,,,unknown,passed_deterministic,public_facts_minimized
WEBac1493c97f,src_fa82517c47c56702,浜松こども館 イベント,https://kodomokan.entetsuassist-dms.com/event/detail/2717,facts_only,,,,,,unknown,passed_deterministic,public_facts_minimized
WEB044b65cc49,src_fa82517c47c56702,浜松こども館 イベント,https://kodomokan.entetsuassist-dms.com/event/detail/2756,facts_only,,,,,,unknown,passed_deterministic,public_facts_minimized
WEBd948c75c95,src_fa82517c47c56702,浜松こども館 イベント,https://kodomokan.entetsuassist-dms.com/event/detail/2711,facts_only,,,,,,unknown,passed_deterministic,public_facts_minimized
WEB59f9ccb5a0,src_fa82517c47c56702,浜松こども館 イベント,https://kodomokan.entetsuassist-dms.com/event/detail/2585,facts_only,,,,,,unknown,passed_deterministic,public_facts_minimized
WEB603e88d523,src_fa82517c47c56702,浜松こども館 イベント,https://kodomokan.entetsuassist-dms.com/event/detail/2700,facts_only,,,,,,unknown,passed_deterministic,public_facts_minimized
WEBa0498caf3b,src_fa82517c47c56702,浜松こども館 イベント,https://kodomokan.entetsuassist-dms.com/event/detail/2699,facts_only,,,,,,unknown,passed_deterministic,public_facts_minimized
WEBd72325908b,src_fa82517c47c56702,浜松こども館 イベント,https://kodomokan.entetsuassist-dms.com/event/detail/2716,facts_only,,,,,,unknown,passed_deterministic,public_facts_minimized
WEB07dc25ad9e,src_fa82517c47c56702,浜松こども館 イベント,https://kodomokan.entetsuassist-dms.com/event/detail/2653,facts_only,,,,,,unknown,passed_deterministic,public_facts_minimized
WEB74082357b7,src_fa82517c47c56702,浜松こども館 イベント,https://kodomokan.entetsuassist-dms.com/event/detail/2654,facts_only,,,,,,unknown,passed_deterministic,public_facts_minimized
WEB95b70228db,src_fa82517c47c56702,浜松こども館 イベント,https://kodomokan.entetsuassist-dms.com/event/detail/2808,facts_only,,,,,,unknown,passed_deterministic,public_facts_minimized
WEB1f103c8636,src_fa82517c47c56702,浜松こども館 イベント,https://kodomokan.entetsuassist-dms.com/event/detail/2611,facts_only,,,,,,unknown,passed_deterministic,public_facts_minimized
WEBdaf9a69c1f,src_fa82517c47c56702,浜松こども館 イベント,https://kodomokan.entetsuassist-dms.com/event/detail/2619,facts_only,,,,,,unknown,passed_deterministic,public_facts_minimized
WEB930c7be85a,src_fa82517c47c56702,浜松こども館 イベント,https://kodomokan.entetsuassist-dms.com/event/detail/2709,facts_only,,,,,,unknown,passed_deterministic,public_facts_minimized
WEB97a1a5feb8,src_fa82517c47c56702,浜松こども館 イベント,https://kodomokan.entetsuassist-dms.com/event/detail/2721,facts_only,,,,,,unknown,passed_deterministic,public_facts_minimized
WEBdc063b8eaf,src_fa82517c47c56702,浜松こども館 イベント,https://kodomokan.entetsuassist-dms.com/event/detail/2723,facts_only,,,,,,unknown,passed_deterministic,public_facts_minimized
WEB4d186e1324,src_fa82517c47c56702,浜松こども館 イベント,https://kodomokan.entetsuassist-dms.com/event/detail/2652,facts_only,,,,,,unknown,passed_deterministic,public_facts_minimized
WEBa7f2d74973,src_fa82517c47c56702,浜松こども館 イベント,https://kodomokan.entetsuassist-dms.com/event/detail/2734,facts_only,,,,,,unknown,passed_deterministic,public_facts_minimized
WEBc567153724,src_fa82517c47c56702,浜松こども館 イベント,https://kodomokan.entetsuassist-dms.com/event/detail/2741,facts_only,,,,,,unknown,passed_deterministic,public_facts_minimized
WEB5bdf393123,src_fa82517c47c56702,浜松こども館 イベント,https://kodomokan.entetsuassist-dms.com/event/detail/2738,facts_only,,,,,,unknown,passed_deterministic,public_facts_minimized
WEB0cff991d5c,src_fa82517c47c56702,浜松こども館 イベント,https://kodomokan.entetsuassist-dms.com/event/detail/2768,facts_only,,,,,,unknown,passed_deterministic,public_facts_minimized
WEBe299a333f1,src_fa82517c47c56702,浜松こども館 イベント,https://kodomokan.entetsuassist-dms.com/event/detail/2737,facts_only,,,,,,unknown,passed_deterministic,public_facts_minimized
WEB7853139424,src_fa82517c47c56702,浜松こども館 イベント,https://kodomokan.entetsuassist-dms.com/event/detail/2731,facts_only,,,,,,unknown,passed_deterministic,public_facts_minimized
WEB3698c16572,src_fa82517c47c56702,浜松こども館 イベント,https://kodomokan.entetsuassist-dms.com/event/detail/2733,facts_only,,,,,,unknown,passed_deterministic,public_facts_minimized
WEB4685bc0c0a,src_fa82517c47c56702,浜松こども館 イベント,https://kodomokan.entetsuassist-dms.com/event/detail/2757,facts_only,,,,,,unknown,passed_deterministic,public_facts_minimized
WEB14bf68dcdc,src_fa82517c47c56702,浜松こども館 イベント,https://kodomokan.entetsuassist-dms.com/event/detail/2751,facts_only,,,,,,unknown,passed_deterministic,public_facts_minimized
WEB790a78ebaa,src_fa82517c47c56702,浜松こども館 イベント,https://kodomokan.entetsuassist-dms.com/event/detail/2752,facts_only,,,,,,unknown,passed_deterministic,public_facts_minimized
WEBb6b4230720,src_fa82517c47c56702,浜松こども館 イベント,https://kodomokan.entetsuassist-dms.com/event/detail/2732,facts_only,,,,,,unknown,passed_deterministic,public_facts_minimized
WEBa33c9fc9e0,src_fa82517c47c56702,浜松こども館 イベント,https://kodomokan.entetsuassist-dms.com/event/detail/2637,facts_only,,,,,,unknown,passed_deterministic,public_facts_minimized
WEB567ba75ad9,src_fa82517c47c56702,浜松こども館 イベント,https://kodomokan.entetsuassist-dms.com/event/detail/2787,facts_only,,,,,,unknown,passed_deterministic,public_facts_minimized
WEBb6f0180f2b,src_fa82517c47c56702,浜松こども館 イベント,https://kodomokan.entetsuassist-dms.com/event/detail/2777,facts_only,,,,,,unknown,passed_deterministic,public_facts_minimized
WEB5b480cdb61,src_fa82517c47c56702,浜松こども館 イベント,https://kodomokan.entetsuassist-dms.com/event/detail/2746,facts_only,,,,,,unknown,passed_deterministic,public_facts_minimized
WEBff7cbb9bdf,src_fa82517c47c56702,浜松こども館 イベント,https://kodomokan.entetsuassist-dms.com/event/detail/2810,facts_only,,,,,,unknown,passed_deterministic,public_facts_minimized
WEBec0fb1342f,src_fa82517c47c56702,浜松こども館 イベント,https://kodomokan.entetsuassist-dms.com/event/detail/2811,facts_only,,,,,,unknown,passed_deterministic,public_facts_minimized
WEB262573bc92,src_fa82517c47c56702,浜松こども館 イベント,https://kodomokan.entetsuassist-dms.com/event/detail/2796,facts_only,,,,,,unknown,passed_deterministic,public_facts_minimized
WEB1a33fae16c,src_fa82517c47c56702,浜松こども館 イベント,https://kodomokan.entetsuassist-dms.com/event/detail/2786,facts_only,,,,,,unknown,passed_deterministic,public_facts_minimized
WEB23366c4420,src_a5e8db1ada379034,はままつフルーツパーク時之栖 イベント,https://hamamatsu-fp.co.jp/eventinfo/detail/236,facts_only,,,,,,unknown,passed_deterministic,public_facts_minimized
WEBff563b499e,src_a5e8db1ada379034,はままつフルーツパーク時之栖 イベント,https://hamamatsu-fp.co.jp/eventinfo/detail/242,facts_only,,,,,,unknown,passed_deterministic,public_facts_minimized
WEBf6c6235ec5,src_a5e8db1ada379034,はままつフルーツパーク時之栖 イベント,https://hamamatsu-fp.co.jp/eventinfo/detail/243,facts_only,,,,,,unknown,passed_deterministic,public_facts_minimized
WEBe07a311fcd,src_a5e8db1ada379034,はままつフルーツパーク時之栖 イベント,https://hamamatsu-fp.co.jp/eventinfo/detail/252,facts_only,,,,,,unknown,passed_deterministic,public_facts_minimized
WEBafdf1e96f2,src_a5e8db1ada379034,はままつフルーツパーク時之栖 イベント,https://hamamatsu-fp.co.jp/eventinfo/detail/250,facts_only,,,,,,unknown,passed_deterministic,public_facts_minimized
WEB096c8ef475,src_a5e8db1ada379034,はままつフルーツパーク時之栖 イベント,https://hamamatsu-fp.co.jp/eventinfo/detail/244,facts_only,,,,,,unknown,passed_deterministic,public_facts_minimized
WEB1d3c6e17a2,src_fc6af125c8caee8e,浜松市動物園 イベント,https://www.hamazoo.net/event.php,facts_only,,,,,,unknown,passed_deterministic,public_facts_minimized
WEBc1d389b4f4,src_fc6af125c8caee8e,浜松市動物園 イベント,https://www.hamazoo.net/event.php,facts_only,,,,,,unknown,passed_deterministic,public_facts_minimized
WEB85b88fd42f,src_fc6af125c8caee8e,浜松市動物園 イベント,https://www.hamazoo.net/event.php,facts_only,,,,,,unknown,passed_deterministic,public_facts_minimized
WEB107973a7aa,src_fc6af125c8caee8e,浜松市動物園 イベント,https://www.hamazoo.net/event.php,facts_only,,,,,,unknown,passed_deterministic,public_facts_minimized
WEB8eee429a3e,src_fc6af125c8caee8e,浜松市動物園 イベント,https://www.hamazoo.net/event.php,facts_only,,,,,,unknown,passed_deterministic,public_facts_minimized
WEB2faaa1ded4,src_fc6af125c8caee8e,浜松市動物園 イベント,https://www.hamazoo.net/event.php,facts_only,,,,,,unknown,passed_deterministic,public_facts_minimized
WEB22f691b474,src_fc6af125c8caee8e,浜松市動物園 イベント,https://www.hamazoo.net/event.php,facts_only,,,,,,unknown,passed_deterministic,public_facts_minimized
WEB84a6815bd4,src_1fd7ed130ddbf3f6,浜松市科学館 mirai-ra イベント,https://www.mirai-ra.jp/event/42933/,facts_only,,,,,,unknown,passed_deterministic,public_facts_minimized
WEBb8bcfdf22f,src_1fd7ed130ddbf3f6,浜松市科学館 mirai-ra イベント,https://www.mirai-ra.jp/event/43018/,facts_only,,,,,,unknown,passed_deterministic,public_facts_minimized
WEB7b44e387e1,src_1fd7ed130ddbf3f6,浜松市科学館 mirai-ra イベント,https://www.mirai-ra.jp/event/2039/,facts_only,,,,,,unknown,passed_deterministic,public_facts_minimized
WEB71872229ae,src_1fd7ed130ddbf3f6,浜松市科学館 mirai-ra イベント,https://www.mirai-ra.jp/event/42299/,facts_only,,,,,,unknown,passed_deterministic,public_facts_minimized
WEB5669dbd38e,src_1fd7ed130ddbf3f6,浜松市科学館 mirai-ra イベント,https://www.mirai-ra.jp/event/43660/,facts_only,,,,,,unknown,passed_deterministic,public_facts_minimized
WEB371137087f,src_1fd7ed130ddbf3f6,浜松市科学館 mirai-ra イベント,https://www.mirai-ra.jp/event/42862/,facts_only,,,,,,unknown,passed_deterministic,public_facts_minimized
WEB9a416065d2,src_1fd7ed130ddbf3f6,浜松市科学館 mirai-ra イベント,https://www.mirai-ra.jp/event/42045/,facts_only,,,,,,unknown,passed_deterministic,public_facts_minimized
WEBfaf14f10b8,src_1fd7ed130ddbf3f6,浜松市科学館 mirai-ra イベント,https://www.mirai-ra.jp/event/42997/,facts_only,,,,,,unknown,passed_deterministic,public_facts_minimized
WEB69df7f0337,src_1fd7ed130ddbf3f6,浜松市科学館 mirai-ra イベント,https://www.mirai-ra.jp/event/43017/,facts_only,,,,,,unknown,passed_deterministic,public_facts_minimized
WEB2435ea1e43,src_1fd7ed130ddbf3f6,浜松市科学館 mirai-ra イベント,https://www.mirai-ra.jp/event/42936/,facts_only,,,,,,unknown,passed_deterministic,public_facts_minimized
WEB9843b70eee,src_1fd7ed130ddbf3f6,浜松市科学館 mirai-ra イベント,https://www.mirai-ra.jp/event/42940/,facts_only,,,,,,unknown,passed_deterministic,public_facts_minimized
WEB1c60dfd114,src_1fd7ed130ddbf3f6,浜松市科学館 mirai-ra イベント,https://www.mirai-ra.jp/event/42071/,facts_only,,,,,,unknown,passed_deterministic,public_facts_minimized
WEBacac48711e,src_1fd7ed130ddbf3f6,浜松市科学館 mirai-ra イベント,https://www.mirai-ra.jp/event/43001/,facts_only,,,,,,unknown,passed_deterministic,public_facts_minimized
WEBd3e5d1856e,src_1fd7ed130ddbf3f6,浜松市科学館 mirai-ra イベント,https://www.mirai-ra.jp/event/43239/,facts_only,,,,,,unknown,passed_deterministic,public_facts_minimized
WEB6fb81e7428,src_1fd7ed130ddbf3f6,浜松市科学館 mirai-ra イベント,https://www.mirai-ra.jp/event/41957/,facts_only,,,,,,unknown,passed_deterministic,public_facts_minimized
WEB7ae5159082,src_1fd7ed130ddbf3f6,浜松市科学館 mirai-ra イベント,https://www.mirai-ra.jp/event/43240/,facts_only,,,,,,unknown,passed_deterministic,public_facts_minimized
WEB3f102f61d1,src_1fd7ed130ddbf3f6,浜松市科学館 mirai-ra イベント,https://www.mirai-ra.jp/event/43696/,facts_only,,,,,,unknown,passed_deterministic,public_facts_minimized
WEBb71bc18077,src_1fd7ed130ddbf3f6,浜松市科学館 mirai-ra イベント,https://www.mirai-ra.jp/event/40744/,facts_only,,,,,,unknown,passed_deterministic,public_facts_minimized
WEB11530afc77,src_1fd7ed130ddbf3f6,浜松市科学館 mirai-ra イベント,https://www.mirai-ra.jp/event/43013/,facts_only,,,,,,unknown,passed_deterministic,public_facts_minimized
WEBd8638c4ccd,src_1fd7ed130ddbf3f6,浜松市科学館 mirai-ra イベント,https://www.mirai-ra.jp/event/43015/,facts_only,,,,,,unknown,passed_deterministic,public_facts_minimized
WEBd9e08e7f86,src_1fd7ed130ddbf3f6,浜松市科学館 mirai-ra イベント,https://www.mirai-ra.jp/event/43019/,facts_only,,,,,,unknown,passed_deterministic,public_facts_minimized
WEB9218ccf723,src_1fd7ed130ddbf3f6,浜松市科学館 mirai-ra イベント,https://www.mirai-ra.jp/event/43267/,facts_only,,,,,,unknown,passed_deterministic,public_facts_minimized
WEBb9d36f6983,src_1fd7ed130ddbf3f6,浜松市科学館 mirai-ra イベント,https://www.mirai-ra.jp/event/43122/,facts_only,,,,,,unknown,passed_deterministic,public_facts_minimized
WEB30e168999f,src_1fd7ed130ddbf3f6,浜松市科学館 mirai-ra イベント,https://www.mirai-ra.jp/event/41962/,facts_only,,,,,,unknown,passed_deterministic,public_facts_minimized
WEB9089bd0879,src_1fd7ed130ddbf3f6,浜松市科学館 mirai-ra イベント,https://www.mirai-ra.jp/event/43115/,facts_only,,,,,,unknown,passed_deterministic,public_facts_minimized
WEB9672b82623,src_1fd7ed130ddbf3f6,浜松市科学館 mirai-ra イベント,https://www.mirai-ra.jp/event/43116/,facts_only,,,,,,unknown,passed_deterministic,public_facts_minimized
WEBe1d11eebaf,src_1fd7ed130ddbf3f6,浜松市科学館 mirai-ra イベント,https://www.mirai-ra.jp/event/43268/,facts_only,,,,,,unknown,passed_deterministic,public_facts_minimized
WEB7d2d936cc1,src_1fd7ed130ddbf3f6,浜松市科学館 mirai-ra イベント,https://www.mirai-ra.jp/event/43117/,facts_only,,,,,,unknown,passed_deterministic,public_facts_minimized
WEB6c716e3a3a,src_1fd7ed130ddbf3f6,浜松市科学館 mirai-ra イベント,https://www.mirai-ra.jp/event/43120/,facts_only,,,,,,unknown,passed_deterministic,public_facts_minimized
WEBfc54064b48,src_1fd7ed130ddbf3f6,浜松市科学館 mirai-ra イベント,https://www.mirai-ra.jp/event/43123/,facts_only,,,,,,unknown,passed_deterministic,public_facts_minimized
WEB27255eedb5,src_877be082e39cc56d,浜松市防災学習センター はま防～家 イベント,https://www.hamabosai.jp/event_doc/123224.html,facts_only,,,,,,unknown,passed_deterministic,public_facts_minimized
WEBd870422918,src_877be082e39cc56d,浜松市防災学習センター はま防～家 イベント,https://www.hamabosai.jp/event_doc/115577.html,facts_only,,,,,,unknown,passed_deterministic,public_facts_minimized
WEBdcfe5037ae,src_877be082e39cc56d,浜松市防災学習センター はま防～家 イベント,https://www.hamabosai.jp/event_doc/119176.html,facts_only,,,,,,unknown,passed_deterministic,public_facts_minimized
WEBfd952eb5ff,src_877be082e39cc56d,浜松市防災学習センター はま防～家 イベント,https://www.hamabosai.jp/event_doc/119830.html,facts_only,,,,,,unknown,passed_deterministic,public_facts_minimized
WEB6abd5a628d,src_877be082e39cc56d,浜松市防災学習センター はま防～家 イベント,https://www.hamabosai.jp/event_doc/119831.html,facts_only,,,,,,unknown,passed_deterministic,public_facts_minimized
WEB137b8a41bd,src_877be082e39cc56d,浜松市防災学習センター はま防～家 イベント,https://www.hamabosai.jp/event_doc/115585.html,facts_only,,,,,,unknown,passed_deterministic,public_facts_minimized
WEB02b74982df,src_877be082e39cc56d,浜松市防災学習センター はま防～家 イベント,https://www.hamabosai.jp/event_doc/111715.html,facts_only,,,,,,unknown,passed_deterministic,public_facts_minimized
WEBd224a976a6,src_877be082e39cc56d,浜松市防災学習センター はま防～家 イベント,https://www.hamabosai.jp/event_doc/111290.html,facts_only,,,,,,unknown,passed_deterministic,public_facts_minimized
WEB2eb37c7a1e,src_877be082e39cc56d,浜松市防災学習センター はま防～家 イベント,https://www.hamabosai.jp/event_doc/107432.html,facts_only,,,,,,unknown,passed_deterministic,public_facts_minimized
WEBb907a8e8c9,src_877be082e39cc56d,浜松市防災学習センター はま防～家 イベント,https://www.hamabosai.jp/event_doc/archive/202607,facts_only,,,,,,unknown,passed_deterministic,public_facts_minimized
WEBa610484b4a,src_877be082e39cc56d,浜松市防災学習センター はま防～家 イベント,https://www.hamabosai.jp/event_doc/archive/202606,facts_only,,,,,,unknown,passed_deterministic,public_facts_minimized
WEB274d183011,src_877be082e39cc56d,浜松市防災学習センター はま防～家 イベント,https://www.hamabosai.jp/event_doc/archive/202605,facts_only,,,,,,unknown,passed_deterministic,public_facts_minimized
WEBcbca43544f,src_877be082e39cc56d,浜松市防災学習センター はま防～家 イベント,https://www.hamabosai.jp/event_doc/archive/202604,facts_only,,,,,,unknown,passed_deterministic,public_facts_minimized
WEB3fdd54d438,src_877be082e39cc56d,浜松市防災学習センター はま防～家 イベント,https://www.hamabosai.jp/event_doc/archive/202603,facts_only,,,,,,unknown,passed_deterministic,public_facts_minimized
WEBe6a23bfc18,src_df79a213fea81da0,鴨江アートセンター イベント,https://kamoeartcenter.org/events/20261106/,facts_only,,,,,,unknown,passed_deterministic,public_facts_minimized
WEBf537403673,src_df79a213fea81da0,鴨江アートセンター イベント,https://kamoeartcenter.org/events/20260926-led/,facts_only,,,,,,unknown,passed_deterministic,public_facts_minimized
WEBceb008b22c,src_df79a213fea81da0,鴨江アートセンター イベント,https://kamoeartcenter.org/events/20260925-1031/,facts_only,,,,,,unknown,passed_deterministic,public_facts_minimized
WEB78dc88f24d,src_df79a213fea81da0,鴨江アートセンター イベント,https://kamoeartcenter.org/events/20260919-asaichi-ws/,facts_only,,,,,,unknown,passed_deterministic,public_facts_minimized
WEB38fd88a3e5,src_df79a213fea81da0,鴨江アートセンター イベント,https://kamoeartcenter.org/events/20260919-asaichi/,facts_only,,,,,,unknown,passed_deterministic,public_facts_minimized
WEB79131882ae,src_df79a213fea81da0,鴨江アートセンター イベント,https://kamoeartcenter.org/events/20260912/,facts_only,,,,,,unknown,passed_deterministic,public_facts_minimized
WEB6fb9ee0162,src_df79a213fea81da0,鴨江アートセンター イベント,https://kamoeartcenter.org/events/20260905/,facts_only,,,,,,unknown,passed_deterministic,public_facts_minimized
WEBaa6819fc2c,src_df79a213fea81da0,鴨江アートセンター イベント,https://kamoeartcenter.org/events/20260830-air/,facts_only,,,,,,unknown,passed_deterministic,public_facts_minimized
WEB7f02f41563,src_df79a213fea81da0,鴨江アートセンター イベント,https://kamoeartcenter.org/events/20260820-funakoshi/,facts_only,,,,,,unknown,passed_deterministic,public_facts_minimized
WEB8c1a88d82c,src_df79a213fea81da0,鴨江アートセンター イベント,https://kamoeartcenter.org/events/20260820-ryo/,facts_only,,,,,,unknown,passed_deterministic,public_facts_minimized
WEB7914cf6b7f,src_df79a213fea81da0,鴨江アートセンター イベント,https://kamoeartcenter.org/events/20260816-ijichi/,facts_only,,,,,,unknown,passed_deterministic,public_facts_minimized
WEB60db348488,src_df79a213fea81da0,鴨江アートセンター イベント,https://kamoeartcenter.org/events/20260808-documentary-vol5/,facts_only,,,,,,unknown,passed_deterministic,public_facts_minimized
WEB7c4a644620,src_c9e59312d4809087,浜松市スポーツ協会 教室・イベント,https://hamamatsu-sports.or.jp/item/class_venue_address/kita-ku/%e5%ad%90%e3%81%a9%e3%82%82%e3%81%9f%e3%81%a1%e3%81%ab%e5%a4%a7%e4%ba%ba%e6%b0%97%ef%bc%81%e6%80%9d%e3%81%84%e5%87%ba%e3%82%92%e3%81%9f%e3%81%8f%e3%81%95%e3%82%93%e3%81%a4%e3%81%8f%e3%82%8d-10.html,facts_only,,,,,,unknown,passed_deterministic,public_facts_minimized
WEB8ed16b83f1,src_c9e59312d4809087,浜松市スポーツ協会 教室・イベント,https://hamamatsu-sports.or.jp/item/class_venue_address/higashi-ku/%e3%80%90%e6%96%b0%e8%a6%8f%e6%95%99%e5%ae%a4%e3%80%91%e7%94%b7%e6%80%a7%e9%99%90%e5%ae%9a%ef%bc%81%ef%bc%81%e7%ad%8b%e5%8a%9b%e3%82%a2%e3%83%83%e3%83%97%e3%80%81%e5%81%a5%e5%ba%b7%e3%81%a5%e3%81%8f-2.html,facts_only,,,,,,unknown,passed_deterministic,public_facts_minimized
WEB34d063d54c,src_c9e59312d4809087,浜松市スポーツ協会 教室・イベント,https://hamamatsu-sports.or.jp/item/class_venue_address/higashi-ku/%e3%82%b9%e3%83%88%e3%83%ac%e3%83%83%e3%83%81%e3%82%84%e3%82%a6%e3%82%a9%e3%83%bc%e3%82%ad%e3%83%b3%e3%82%b0%e3%80%81%e3%81%8b%e3%82%93%e3%81%9f%e3%82%93%e3%81%aa%e3%82%b9%e3%83%9d%e3%83%bc%e3%83%84-2.html,facts_only,,,,,,unknown,passed_deterministic,public_facts_minimized
WEB30aad00ff2,src_c9e59312d4809087,浜松市スポーツ協会 教室・イベント,https://hamamatsu-sports.or.jp/item/class_venue_address/higashi-ku/%e8%a6%aa%e5%ad%90%e3%81%a7%e6%a5%bd%e3%81%97%e3%81%8f%e3%81%8b%e3%82%89%e3%81%a0%e3%82%92%e5%8b%95%e3%81%8b%e3%81%9d%e3%81%86%ef%bc%81-16.html,facts_only,,,,,,unknown,passed_deterministic,public_facts_minimized
WEBd2bf3dd36c,src_c9e59312d4809087,浜松市スポーツ協会 教室・イベント,https://hamamatsu-sports.or.jp/item/class_venue_address/higashi-ku/%e3%82%86%e3%81%a3%e3%81%8f%e3%82%8a%e5%91%bc%e5%90%b8%e3%81%a7%e5%bf%83%e8%ba%ab%e3%81%ae%e3%83%90%e3%83%a9%e3%83%b3%e3%82%b9%e3%82%92%e6%95%b4%e3%81%88%e3%82%88%e3%81%86%ef%bc%81-13.html,facts_only,,,,,,unknown,passed_deterministic,public_facts_minimized
WEBf50ae51938,src_c9e59312d4809087,浜松市スポーツ協会 教室・イベント,https://hamamatsu-sports.or.jp/item/class_venue_address/hamakita-ku/%e3%80%8c%e8%b5%b0%e3%82%8b%e3%83%bb%e6%8a%95%e3%81%92%e3%82%8b%e3%83%bb%e8%b7%b3%e3%81%b6%e3%80%8d%e3%81%ae%e5%9f%ba%e6%9c%ac%e5%8b%95%e4%bd%9c%e3%82%92%e6%a5%bd%e3%81%97%e3%81%8f%e5%ad%a6%e3%82%93-3.html,facts_only,,,,,,unknown,passed_deterministic,public_facts_minimized
WEB6b4c03e701,src_c9e59312d4809087,浜松市スポーツ協会 教室・イベント,https://hamamatsu-sports.or.jp/item/class_venue_address/naka-ku/%e3%83%a8%e3%82%ac%e3%82%92%e9%80%9a%e3%81%98%e3%81%a6%e3%80%81%e6%97%a5%e9%a0%83%e3%81%ae%e7%94%9f%e6%b4%bb%e3%81%ae%e7%96%b2%e3%82%8c%e3%82%84%e3%82%b9%e3%83%88%e3%83%ac%e3%82%b9%e3%82%92%e8%a7%a3-7.html,facts_only,,,,,,unknown,passed_deterministic,public_facts_minimized
WEBa9bac7b694,src_c9e59312d4809087,浜松市スポーツ協会 教室・イベント,https://hamamatsu-sports.or.jp/item/class_venue_address/naka-ku/%e3%83%a8%e3%82%ac%e3%80%81%e3%83%94%e3%83%a9%e3%83%86%e3%82%a3%e3%82%b9%e3%82%92%e9%80%9a%e3%81%98%e3%81%a6%e6%97%a5%e9%a0%83%e3%81%ae%e7%94%9f%e6%b4%bb%e3%81%ae%e7%96%b2%e3%82%8c%e3%82%84%e3%80%81-3.html,facts_only,,,,,,unknown,passed_deterministic,public_facts_minimized
WEB1b8eeb190b,src_c9e59312d4809087,浜松市スポーツ協会 教室・イベント,https://hamamatsu-sports.or.jp/item/class_venue_address/naka-ku/%e3%82%86%e3%81%a3%e3%81%9f%e3%82%8a%e3%81%a8%e3%81%97%e3%81%9f%e5%91%bc%e5%90%b8%e3%81%ab%e6%a7%98%e3%80%85%e3%81%aa%e3%83%9d%e3%83%bc%e3%82%ba%e3%82%92%e5%90%88%e3%82%8f%e3%81%9b%e3%80%81%e5%bf%83-2.html,facts_only,,,,,,unknown,passed_deterministic,public_facts_minimized
WEB304d81614c,src_c9e59312d4809087,浜松市スポーツ協会 教室・イベント,https://hamamatsu-sports.or.jp/item/class_venue_address/naka-ku/%e3%83%94%e3%83%a9%e3%83%86%e3%82%a3%e3%82%b9%e3%82%92%e9%80%9a%e3%81%98%e3%81%a6%e4%bd%93%e3%82%92%e6%95%b4%e3%81%88%e3%80%81%e5%bf%83%e8%ba%ab%e3%81%ae%e3%83%aa%e3%83%95%e3%83%ac%e3%83%83%e3%82%b7-2.html,facts_only,,,,,,unknown,passed_deterministic,public_facts_minimized
WEB44d2bf420f,src_c9e59312d4809087,浜松市スポーツ協会 教室・イベント,https://hamamatsu-sports.or.jp/item/class_venue_address/naka-ku/%e5%a7%bf%e5%8b%a2%e6%94%b9%e5%96%84%e3%81%ae%e3%81%9f%e3%82%81%e3%81%ae%e3%82%b9%e3%83%88%e3%83%ac%e3%83%83%e3%83%81%e3%80%81%e4%bd%93%e5%b9%b9%e3%82%b1%e3%82%a2%e3%80%81%e9%aa%a8%e7%9b%a4%e5%ba%95.html,facts_only,,,,,,unknown,passed_deterministic,public_facts_minimized
WEBa9d4fc242b,src_c9e59312d4809087,浜松市スポーツ協会 教室・イベント,https://hamamatsu-sports.or.jp/item/class_venue_address/naka-ku/%e8%83%8c%e9%aa%a8%e3%81%ae%e6%ad%aa%e3%81%bf%e3%82%92%e6%95%b4%e3%81%88%e3%82%8b%e3%81%93%e3%81%a8%e3%81%a7%e3%80%81%e8%82%a9%e3%81%93%e3%82%8a%e3%82%84%e8%85%b0%e7%97%9b%e3%81%aa%e3%81%a9%e3%81%ae-2.html,facts_only,,,,,,unknown,passed_deterministic,public_facts_minimized
WEB93386d8dbc,src_c9e59312d4809087,浜松市スポーツ協会 教室・イベント,https://hamamatsu-sports.or.jp/item/class_venue_address/higashi-ku/%e3%83%97%e3%83%ad%e3%83%90%e3%83%ac%e3%83%bc%e3%83%9c%e3%83%bc%e3%83%ab-v%e3%83%aa%e3%83%bc%e3%82%b0%e3%81%a7%e6%b4%bb%e8%ba%8d%e3%81%97%e3%81%a6%e3%81%84%e3%82%8b%e3%80%8c%e3%83%96%e3%83%ac%e3%82%b9.html,facts_only,,,,,,unknown,passed_deterministic,public_facts_minimized
WEB12280a03a0,src_c9e59312d4809087,浜松市スポーツ協会 教室・イベント,https://hamamatsu-sports.or.jp/item/class_venue_address/higashi-ku/%e3%83%9e%e3%83%9e%e3%82%82%e8%b5%a4%e3%81%a1%e3%82%83%e3%82%93%e3%82%82%e3%81%84%e3%81%a3%e3%81%97%e3%82%87%e3%81%ab%e6%a5%bd%e3%81%97%e3%81%84%e6%99%82%e9%96%93%e3%82%92%e3%81%99%e3%81%94-21.html,facts_only,,,,,,unknown,passed_deterministic,public_facts_minimized
WEBc6022abc96,src_c9e59312d4809087,浜松市スポーツ協会 教室・イベント,https://hamamatsu-sports.or.jp/item/class_venue_address/higashi-ku/%e3%83%ac%e3%83%99%e3%83%ab%e3%82%a2%e3%83%83%e3%83%97%e3%81%97%e3%81%9f%e3%83%a8%e3%82%ac%e3%81%a8%e5%91%bc%e5%90%b8%e3%81%ab%e6%84%8f%e8%ad%98%e3%82%92%e5%90%91%e3%81%91%e3%81%a6%e5%bf%83%e8%ba%ab-2.html,facts_only,,,,,,unknown,passed_deterministic,public_facts_minimized
WEB1ffd61d4f5,src_c9e59312d4809087,浜松市スポーツ協会 教室・イベント,https://hamamatsu-sports.or.jp/item/class_venue_address/higashi-ku/%e9%aa%a8%e7%9b%a4%e3%81%8b%e3%82%89%e8%83%8c%e9%aa%a8%e3%82%84%e8%82%a9%e7%94%b2%e9%aa%a8%e3%81%ae%e6%ad%aa%e3%81%bf%e3%82%92%e6%95%b4%e3%81%88%e3%81%a6%e5%bf%83%e8%ba%ab%e3%81%a8%e3%82%82%e3%81%ab-2.html,facts_only,,,,,,unknown,passed_deterministic,public_facts_minimized
WEB67e37f8e36,src_c9e59312d4809087,浜松市スポーツ協会 教室・イベント,https://hamamatsu-sports.or.jp/item/class_venue_address/higashi-ku/%e3%82%b9%e3%83%86%e3%83%83%e3%83%97%e5%8f%b0%e3%82%92%e4%bd%bf%e3%81%a3%e3%81%9f%e6%9c%89%e9%85%b8%e7%b4%a0%e9%81%8b%e5%8b%95%e3%81%a7%e5%bf%83%e8%ba%ab%e3%81%a8%e3%82%82%e3%81%ab%e3%83%aa%e3%83%95-4.html,facts_only,,,,,,unknown,passed_deterministic,public_facts_minimized
WEB5bb625baaf,src_c9e59312d4809087,浜松市スポーツ協会 教室・イベント,https://hamamatsu-sports.or.jp/item/class_venue_address/higashi-ku/%e8%ba%ab%e4%bd%93%e3%81%ab%e7%94%9f%e3%81%98%e3%81%a6%e3%81%84%e3%82%8b%e3%82%86%e3%81%8c%e3%81%bf%e3%82%92%e6%ad%a3%e3%81%97%e3%81%8f%e6%95%b4%e3%81%88%e3%81%be%e3%81%97%e3%82%87%e3%81%86%ef%bc%81-2.html,facts_only,,,,,,unknown,passed_deterministic,public_facts_minimized
WEB4b2d888aaa,src_c9e59312d4809087,浜松市スポーツ協会 教室・イベント,https://hamamatsu-sports.or.jp/item/class_venue_address/higashi-ku/%e3%82%86%e3%81%a3%e3%81%8f%e3%82%8a%e5%91%bc%e5%90%b8%e3%81%a7%e5%bf%83%e8%ba%ab%e3%81%ae%e3%83%90%e3%83%a9%e3%83%b3%e3%82%b9%e3%82%92%e6%95%b4%e3%81%88%e3%82%88%e3%81%86%ef%bc%81-12.html,facts_only,,,,,,unknown,passed_deterministic,public_facts_minimized
WEB257b8ebba4,src_c9e59312d4809087,浜松市スポーツ協会 教室・イベント,https://hamamatsu-sports.or.jp/item/class_venue_address/higashi-ku/%e3%82%86%e3%81%a3%e3%81%8f%e3%82%8a%e5%91%bc%e5%90%b8%e3%81%a7%e5%bf%83%e8%ba%ab%e3%81%ae%e3%83%90%e3%83%a9%e3%83%b3%e3%82%b9%e3%82%92%e6%95%b4%e3%81%88%e3%82%88%e3%81%86%ef%bc%81-11.html,facts_only,,,,,,unknown,passed_deterministic,public_facts_minimized
WEBd47badcac3,src_c9e59312d4809087,浜松市スポーツ協会 教室・イベント,https://hamamatsu-sports.or.jp/item/class_venue_address/higashi-ku/%e3%83%aa%e3%82%ba%e3%83%a0%e3%81%ab%e5%90%88%e3%82%8f%e3%81%9b%e5%bf%83%e8%ba%ab%e3%81%a8%e3%82%82%e3%81%ab%e3%83%aa%e3%83%95%e3%83%ac%e3%83%83%e3%82%b7%e3%83%a5%ef%bc%81-8.html,facts_only,,,,,,unknown,passed_deterministic,public_facts_minimized
WEB90371dd52f,src_c9e59312d4809087,浜松市スポーツ協会 教室・イベント,https://hamamatsu-sports.or.jp/item/class_venue_address/higashi-ku/%e3%83%aa%e3%82%ba%e3%83%a0%e3%81%ab%e5%90%88%e3%82%8f%e3%81%9b%e5%bf%83%e8%ba%ab%e3%81%a8%e3%82%82%e3%81%ab%e3%83%aa%e3%83%95%e3%83%ac%e3%83%83%e3%82%b7%e3%83%a5%ef%bc%81-7.html,facts_only,,,,,,unknown,passed_deterministic,public_facts_minimized
WEBff5e3391e1,src_c9e59312d4809087,浜松市スポーツ協会 教室・イベント,https://hamamatsu-sports.or.jp/item/class_venue_address/higashi-ku/%e3%83%aa%e3%82%ba%e3%83%a0%e3%81%ab%e5%90%88%e3%82%8f%e3%81%9b%e5%bf%83%e8%ba%ab%e3%81%a8%e3%82%82%e3%81%ab%e3%83%aa%e3%83%95%e3%83%ac%e3%83%83%e3%82%b7%e3%83%a5%ef%bc%81-5.html,facts_only,,,,,,unknown,passed_deterministic,public_facts_minimized
WEBaa99a14c8b,src_c9e59312d4809087,浜松市スポーツ協会 教室・イベント,https://hamamatsu-sports.or.jp/item/class_venue_address/higashi-ku/%e9%9f%b3%e6%a5%bd%e3%81%ab%e5%90%88%e3%82%8f%e3%81%9b%e3%81%a6%e6%a5%bd%e3%81%97%e3%81%8f%e4%bd%93%e3%82%92%e5%8b%95%e3%81%8b%e3%81%9d%e3%81%86%ef%bc%81-14.html,facts_only,,,,,,unknown,passed_deterministic,public_facts_minimized
WEBe0cc609c48,src_c9e59312d4809087,浜松市スポーツ協会 教室・イベント,https://hamamatsu-sports.or.jp/item/class_venue_address/higashi-ku/%e3%82%a4%e3%83%b3%e3%83%8a%e3%83%bc%e3%83%9e%e3%83%83%e3%82%b9%e3%83%ab%e3%82%92%e9%8d%9b%e3%81%88%e3%80%81%e3%82%86%e3%81%a3%e3%81%8f%e3%82%8a%e5%91%bc%e5%90%b8%e3%81%a7%e5%bf%83%e8%ba%ab%e3%81%ae-2.html,facts_only,,,,,,unknown,passed_deterministic,public_facts_minimized
WEB2934d76334,src_c9e59312d4809087,浜松市スポーツ協会 教室・イベント,https://hamamatsu-sports.or.jp/item/class_venue_address/nishi-ku/%e9%80%b1%e3%81%ab%e4%b8%80%e5%9b%9e%e3%80%81%e3%82%b9%e3%83%88%e3%83%ac%e3%83%83%e3%83%81%e3%81%a8%e3%83%aa%e3%82%ba%e3%83%a0%e4%bd%93%e6%93%8d%e3%81%a7%e9%81%8b%e5%8b%95%e4%b8%8d%e8%b6%b3%e8%a7%a3-2.html,facts_only,,,,,,unknown,passed_deterministic,public_facts_minimized
WEB6e48d96457,src_c9e59312d4809087,浜松市スポーツ協会 教室・イベント,https://hamamatsu-sports.or.jp/item/class_venue_address/nishi-ku/%e8%ba%ab%e4%bd%93%e3%81%ae%e3%82%b3%e3%82%a2%e3%81%aa%e9%83%a8%e5%88%86%e3%82%92%e9%8d%9b%e3%81%88%e3%81%a6%e5%8b%95%e3%81%8d%e3%82%84%e3%81%99%e3%81%84%e4%bd%93%e3%82%92%e4%bd%9c%e3%82%8a%e3%81%be-3.html,facts_only,,,,,,unknown,passed_deterministic,public_facts_minimized
WEBd69a579abe,src_c9e59312d4809087,浜松市スポーツ協会 教室・イベント,https://hamamatsu-sports.or.jp/item/class_venue_address/nishi-ku/%e3%83%94%e3%83%a9%e3%83%86%e3%82%a3%e3%82%b9%e3%81%ae%e5%8b%95%e4%bd%9c%e3%82%92%e7%bf%92%e5%be%97%e3%81%99%e3%82%8b%e3%81%93%e3%81%a8%e3%81%a7%e3%80%81%e3%81%8b%e3%82%89%e3%81%a0%e3%81%ae%e3%82%86-9.html,facts_only,,,,,,unknown,passed_deterministic,public_facts_minimized
WEBd131db752a,src_c9e59312d4809087,浜松市スポーツ協会 教室・イベント,https://hamamatsu-sports.or.jp/item/class_venue_address/nishi-ku/%e4%bd%93%e3%81%ae%e3%82%86%e3%81%8c%e3%81%bf%e3%82%92%e6%95%b4%e3%81%88%e7%ad%8b%e5%8a%9b%e5%bc%b7%e5%8c%96%ef%bc%81%e5%a7%bf%e5%8b%a2%e3%81%ae%e7%9f%af%e6%ad%a3%e3%82%84%e7%96%b2%e3%82%8c-11.html,facts_only,,,,,,unknown,passed_deterministic,public_facts_minimized
WEB0506fef0c5,src_c9e59312d4809087,浜松市スポーツ協会 教室・イベント,https://hamamatsu-sports.or.jp/item/class_venue_address/nishi-ku/%e9%81%8b%e5%8b%95%e9%81%8a%e3%81%b3%e3%82%92%e9%80%9a%e3%81%97%e3%81%a6%e3%81%8a%e5%8f%8b%e3%81%a0%e3%81%a1%e3%81%a8%e4%b8%80%e7%b7%92%e3%81%ab%e6%a5%bd%e3%81%97%e3%82%82%e3%81%86%ef%bc%81.html,facts_only,,,,,,unknown,passed_deterministic,public_facts_minimized
WEBcab2575db7,src_c9e59312d4809087,浜松市スポーツ協会 教室・イベント,https://hamamatsu-sports.or.jp/item/class_venue_address/nishi-ku/%e7%94%a3%e5%be%8c%e3%81%ae%e3%81%8a%e6%af%8d%e3%81%95%e3%82%93%e3%81%ae%e3%81%9f%e3%82%81%e3%81%ae%e3%82%a8%e3%82%af%e3%82%b5%e3%82%b5%e3%82%a4%e3%82%ba%e3%81%a7%e5%bf%83%e3%82%82%e4%bd%93%e3%82%82-4.html,facts_only,,,,,,unknown,passed_deterministic,public_facts_minimized
WEB90e3adef02,src_c9e59312d4809087,浜松市スポーツ協会 教室・イベント,https://hamamatsu-sports.or.jp/item/class_venue_address/higashi-ku/%e3%83%aa%e3%82%ba%e3%83%a0%e3%81%ab%e3%81%82%e3%82%8f%e3%81%9b%e3%81%a6%e4%bd%93%e3%82%92%e5%8b%95%e3%81%8b%e3%81%97%e3%81%a6%e3%81%bf%e3%82%88%e3%81%86%ef%bc%81-9.html,facts_only,,,,,,unknown,passed_deterministic,public_facts_minimized
WEB19fc0cb544,src_c9e59312d4809087,浜松市スポーツ協会 教室・イベント,https://hamamatsu-sports.or.jp/item/class_venue_address/higashi-ku/%e3%82%a4%e3%83%b3%e3%83%8a%e3%83%bc%e3%83%9e%e3%83%83%e3%82%b9%e3%83%ab%e3%82%92%e9%8d%9b%e3%81%88%e3%80%81%e5%bf%83%e8%ba%ab%e3%81%ae%e5%86%85%e9%83%a8%e3%81%8b%e3%82%89%e6%95%b4%e3%81%88-11.html,facts_only,,,,,,unknown,passed_deterministic,public_facts_minimized
WEB1a8ea34390,src_c9e59312d4809087,浜松市スポーツ協会 教室・イベント,https://hamamatsu-sports.or.jp/item/class_venue_address/higashi-ku/%e3%82%a4%e3%83%b3%e3%83%8a%e3%83%bc%e3%83%9e%e3%83%83%e3%82%b9%e3%83%ab%e3%82%92%e9%8d%9b%e3%81%88%e3%80%81%e5%bf%83%e8%ba%ab%e3%81%ae%e5%86%85%e9%83%a8%e3%81%8b%e3%82%89%e6%95%b4%e3%81%88%e3%82%88-3.html,facts_only,,,,,,unknown,passed_deterministic,public_facts_minimized
WEBdcd7bba01e,src_c9e59312d4809087,浜松市スポーツ協会 教室・イベント,https://hamamatsu-sports.or.jp/item/class_venue_address/higashi-ku/%e3%83%aa%e3%82%ba%e3%83%a0%e3%81%ae%e5%90%88%e3%82%8f%e3%81%9b%e3%81%a6%e4%bd%93%e3%82%92%e5%8b%95%e3%81%8b%e3%81%97%e3%80%81%e5%bf%83%e8%ba%ab%e3%81%a8%e3%82%82%e3%81%ab%e3%83%aa%e3%83%95%e3%83%ac-2.html,facts_only,,,,,,unknown,passed_deterministic,public_facts_minimized
WEBc9331a6345,src_c9e59312d4809087,浜松市スポーツ協会 教室・イベント,https://hamamatsu-sports.or.jp/item/class_venue_address/naka-ku/%e6%97%a5%e6%9c%ac%e6%8b%b3%e6%b3%95%e6%95%99%e5%ae%a4-5.html,facts_only,,,,,,unknown,passed_deterministic,public_facts_minimized
WEB479bfdb352,src_c9e59312d4809087,浜松市スポーツ協会 教室・イベント,https://hamamatsu-sports.or.jp/item/class_venue_address/hamakita-ku/%e3%81%af%e3%81%be%e3%81%8d%e3%81%9f%e3%82%b9%e3%83%9d%e3%83%bc%e3%83%84%e5%a1%be-202408.html,facts_only,,,,,,unknown,passed_deterministic,public_facts_minimized
WEB978db8b84d,src_c9e59312d4809087,浜松市スポーツ協会 教室・イベント,https://hamamatsu-sports.or.jp/item/class_venue_address/hamakita-ku/%e5%91%bc%e5%90%b8%e3%81%a8%e4%bd%93%e3%82%92%e6%84%8f%e8%ad%98%e3%81%97%e3%81%a6%e3%80%81%e4%bd%93%e5%8a%9b%e5%90%91%e4%b8%8a%e3%83%bb%e5%a7%bf%e5%8b%a2%e6%94%b9%e5%96%84%e3%82%92%e7%9b%ae%e6%8c%87-4.html,facts_only,,,,,,unknown,passed_deterministic,public_facts_minimized
WEBa0eb980ac2,src_c9e59312d4809087,浜松市スポーツ協会 教室・イベント,https://hamamatsu-sports.or.jp/item/class_venue_address/hamakita-ku/%e6%b5%9c%e5%8c%97%e5%a4%8f%e4%bc%91%e3%81%bf%e3%83%81%e3%83%a3%e3%83%ac%e3%83%b3%e3%82%b8%e7%90%83%e6%8a%80%e6%95%99%e5%ae%a4-2024.html,facts_only,,,,,,unknown,passed_deterministic,public_facts_minimized
WEB25fdc140f4,src_c9e59312d4809087,浜松市スポーツ協会 教室・イベント,https://hamamatsu-sports.or.jp/item/class_venue_address/nishi-ku/%e3%83%a8%e3%82%ac%e3%82%84%e3%83%90%e3%83%ac%e3%82%a8%e3%81%ae%e5%8b%95%e4%bd%9c%e3%82%92%e3%83%9f%e3%83%83%e3%82%af%e3%82%b9%e3%81%97%e3%81%9f%e3%82%a8%e3%82%af%e3%82%b5%e3%82%b5%e3%82%a4%e3%82%ba-3.html,facts_only,,,,,,unknown,passed_deterministic,public_facts_minimized
WEB7836ae42d4,src_c9e59312d4809087,浜松市スポーツ協会 教室・イベント,https://hamamatsu-sports.or.jp/item/class_venue_address/higashi-ku/%e6%a5%bd%e3%81%97%e3%81%84%e3%83%80%e3%83%b3%e3%82%b9%e9%81%8b%e5%8b%95%e3%82%92%e3%81%a8%e3%81%8a%e3%81%97%e3%81%a6%e3%80%81%e4%bd%93%e5%8a%9b%e3%81%a8%e9%9f%b3%e6%a5%bd%e3%82%bb%e3%83%b3%e3%82%b9.html,facts_only,,,,,,unknown,passed_deterministic,public_facts_minimized
WEB6ca147cbae,src_c9e59312d4809087,浜松市スポーツ協会 教室・イベント,https://hamamatsu-sports.or.jp/item/class_venue_address/higashi-ku/%e3%82%86%e3%81%a3%e3%81%8f%e3%82%8a%e5%91%bc%e5%90%b8%e3%81%a7%e5%bf%83%e8%ba%ab%e3%81%ae%e3%83%90%e3%83%a9%e3%83%b3%e3%82%b9%e3%82%92%e6%95%b4%e3%81%88%e3%82%88%e3%81%86%ef%bc%81-9.html,facts_only,,,,,,unknown,passed_deterministic,public_facts_minimized
WEB5c22d11ccd,src_c9e59312d4809087,浜松市スポーツ協会 教室・イベント,https://hamamatsu-sports.or.jp/item/class_venue_address/nishi-ku/classes-yuto-kotsu.html,facts_only,,,,,,unknown,passed_deterministic,public_facts_minimized
WEBdbcb174d07,src_c9e59312d4809087,浜松市スポーツ協会 教室・イベント,https://hamamatsu-sports.or.jp/item/class_venue_address/higashi-ku/%e3%82%a4%e3%83%b3%e3%83%8a%e3%83%bc%e3%83%9e%e3%83%83%e3%82%b9%e3%83%ab%e3%82%92%e9%8d%9b%e3%81%88%e5%bf%83%e8%ba%ab%e3%81%ae%e5%86%85%e9%83%a8%e3%81%8b%e3%82%89%e6%95%b4%e3%81%88%e3%82%88%e3%81%86-2.html,facts_only,,,,,,unknown,passed_deterministic,public_facts_minimized
WEB1fbdd839bf,src_c9e59312d4809087,浜松市スポーツ協会 教室・イベント,https://hamamatsu-sports.or.jp/item/class_venue_address/higashi-ku/%e8%a6%aa%e5%ad%90%e3%81%a7%e6%a5%bd%e3%81%97%e3%81%8f%e3%81%8b%e3%82%89%e3%81%a0%e3%82%92%e5%8b%95%e3%81%8b%e3%81%9d%e3%81%86%ef%bc%81-15.html,facts_only,,,,,,unknown,passed_deterministic,public_facts_minimized
WEBf32e19d285,src_c9e59312d4809087,浜松市スポーツ協会 教室・イベント,https://hamamatsu-sports.or.jp/item/class_venue_address/higashi-ku/%e3%82%86%e3%81%a3%e3%81%8f%e3%82%8a%e5%91%bc%e5%90%b8%e3%81%a7%e5%bf%83%e8%ba%ab%e3%81%ae%e3%83%90%e3%83%a9%e3%83%b3%e3%82%b9%e3%82%92%e6%95%b4%e3%81%88%e3%82%88%e3%81%86%ef%bc%81-10.html,facts_only,,,,,,unknown,passed_deterministic,public_facts_minimized
WEB98fa35194f,src_c9e59312d4809087,浜松市スポーツ協会 教室・イベント,https://hamamatsu-sports.or.jp/item/class_venue_address/higashi-ku/%e3%83%9c%e3%83%87%e3%82%a3%e3%83%a1%e3%82%a4%e3%82%af%e3%82%92%e3%81%97%e3%82%88%e3%81%86%ef%bc%81-2.html,facts_only,,,,,,unknown,passed_deterministic,public_facts_minimized
WEB647424fdb7,src_c9e59312d4809087,浜松市スポーツ協会 教室・イベント,https://hamamatsu-sports.or.jp/item/class_venue_address/higashi-ku/%e9%9f%b3%e6%a5%bd%e3%81%ab%e5%90%88%e3%82%8f%e3%81%9b%e3%81%a6%e6%9c%89%e9%85%b8%e7%b4%a0%e9%81%8b%e5%8b%95%ef%bc%8b%e7%ad%8b%e5%8a%9b%e3%83%88%e3%83%ac%e3%83%bc%e3%83%8b%e3%83%b3%e3%82%b0%e3%81%a7-4.html,facts_only,,,,,,unknown,passed_deterministic,public_facts_minimized
WEBc12fccb174,src_c9e59312d4809087,浜松市スポーツ協会 教室・イベント,https://hamamatsu-sports.or.jp/item/class_venue_address/higashi-ku/%e3%82%b9%e3%83%88%e3%83%ac%e3%83%83%e3%83%81%e3%83%9d%e3%83%bc%e3%83%ab%e3%82%92%e4%bd%bf%e3%81%a3%e3%81%a6%e3%82%ab%e3%83%a9%e3%83%80%e3%82%92%e6%95%b4%e3%81%88%e3%80%81%e6%b0%97%e6%8c%81%e3%81%a1-2.html,facts_only,,,,,,unknown,passed_deterministic,public_facts_minimized
WEB34e1827af0,src_c9e59312d4809087,浜松市スポーツ協会 教室・イベント,https://hamamatsu-sports.or.jp/item/class_venue_address/minami-ku/%e6%ad%a9%e3%81%8d%e6%96%b9%e3%80%81%e4%bd%93%e3%81%ae%e4%bd%bf%e3%81%84%e6%96%b9%e3%80%81%e6%ad%a3%e3%81%97%e3%81%84%e5%a7%bf%e5%8b%a2%e3%80%81%e3%83%aa%e3%83%bc%e3%83%89%e3%81%a8%e3%83%95%e3%82%a9-6.html,facts_only,,,,,,unknown,passed_deterministic,public_facts_minimized
WEB3e99cd2ea6,src_c9e59312d4809087,浜松市スポーツ協会 教室・イベント,https://hamamatsu-sports.or.jp/item/class_venue_address/nishi-ku/2%e6%ad%b3%e5%85%90%e3%81%8b%e3%82%89%e5%8f%82%e5%8a%a0%e5%8f%af%e8%83%bd%e3%80%81%e5%af%be%e8%b1%a1%e5%b9%b4%e9%bd%a2%e3%81%8c%e5%ba%83%e3%81%84%e3%81%ae%e3%81%a7%e5%85%84%e5%bc%9f%e5%a7%89-9.html,facts_only,,,,,,unknown,passed_deterministic,public_facts_minimized
WEBafca4bda35,src_c9e59312d4809087,浜松市スポーツ協会 教室・イベント,https://hamamatsu-sports.or.jp/item/class_venue_address/tenryu-ku/%e3%82%84%e3%81%95%e3%81%97%e3%81%84%e5%8d%93%e7%90%83%e6%95%99%e5%ae%a4.html,facts_only,,,,,,unknown,passed_deterministic,public_facts_minimized
WEBf6070cb368,src_c9e59312d4809087,浜松市スポーツ協会 教室・イベント,https://hamamatsu-sports.or.jp/item/class_venue_address/minami-ku/%e5%9f%ba%e7%a4%8e%e6%8a%80%e8%a1%93%e3%81%ae%e6%8c%87%e5%b0%8e%e3%81%a8%e7%9a%84%e3%82%92%e7%8b%99%e3%81%a3%e3%81%9f%e7%b7%b4%e7%bf%92%e3%82%92%e8%a1%8c%e3%81%84%e3%81%be%e3%81%99-10.html,facts_only,,,,,,unknown,passed_deterministic,public_facts_minimized
WEBbc2528d0d4,src_c9e59312d4809087,浜松市スポーツ協会 教室・イベント,https://hamamatsu-sports.or.jp/item/class_venue_address/minami-ku/%e3%82%a4%e3%83%b3%e3%83%a9%e3%82%a4%e3%83%b3%e3%82%b9%e3%82%b1%e3%83%bc%e3%83%88%e6%95%99%e5%ae%a4-3.html,facts_only,,,,,,unknown,passed_deterministic,public_facts_minimized
WEBaacc87a810,src_c9e59312d4809087,浜松市スポーツ協会 教室・イベント,https://hamamatsu-sports.or.jp/item/class_venue_address/hamakita-ku/%e5%b0%91%e6%9e%97%e5%af%ba%e6%8b%b3%e6%b3%95%e3%82%92%e4%bd%93%e9%a8%93%e3%81%97%e3%81%a6%e3%81%bf%e3%82%88%e3%81%86%ef%bc%81-31.html,facts_only,,,,,,unknown,passed_deterministic,public_facts_minimized
WEBec3853a03c,src_c9e59312d4809087,浜松市スポーツ協会 教室・イベント,https://hamamatsu-sports.or.jp/item/class_venue_address/naka-ku/%e3%82%b9%e3%83%88%e3%83%ac%e3%83%83%e3%83%81%e3%82%92%e9%80%9a%e3%81%98%e3%81%a6%e5%81%a5%e5%ba%b7%e3%81%a5%e3%81%8f%e3%82%8a%e3%82%92%e3%81%97%e3%81%be%e3%81%97%e3%82%87%e3%81%86%ef%bc%81.html,facts_only,,,,,,unknown,passed_deterministic,public_facts_minimized
WEBf18f28c16d,src_c9e59312d4809087,浜松市スポーツ協会 教室・イベント,https://hamamatsu-sports.or.jp/item/class_venue_address/minami-ku/%e5%9b%bd%e6%8a%80%e3%81%a7%e3%81%82%e3%82%8b%e7%9b%b8%e6%92%b2%e3%82%92%e9%80%9a%e3%81%98%e3%81%a6%e3%80%81%e7%a4%bc%e5%84%80%e3%82%84%e6%80%9d%e3%81%84%e3%82%84%e3%82%8a%e3%80%81%e6%b0%97-14.html,facts_only,,,,,,unknown,passed_deterministic,public_facts_minimized
WEB1d31755b26,src_c9e59312d4809087,浜松市スポーツ協会 教室・イベント,https://hamamatsu-sports.or.jp/item/class_venue_address/higashi-ku/%e6%a5%bd%e3%81%97%e3%81%84%e3%83%80%e3%83%b3%e3%82%b9%e9%81%8b%e5%8b%95%e3%82%92%e3%81%a8%e3%81%8a%e3%81%97%e3%81%a6%e3%80%81%e4%bd%93%e5%8a%9b%e3%81%a8%e9%9f%b3%e6%a5%bd%e3%82%bb%e3%83%b3%e3%82%b9-4.html,facts_only,,,,,,unknown,passed_deterministic,public_facts_minimized
WEB8bc9d2f948,src_c9e59312d4809087,浜松市スポーツ協会 教室・イベント,https://hamamatsu-sports.or.jp/item/class_venue_address/higashi-ku/%e3%83%9c%e3%82%af%e3%82%b7%e3%83%b3%e3%82%b0%e3%82%92%e9%80%9a%e3%81%97%e3%81%a6%e5%bf%83%e8%ba%ab%e3%81%ae%e8%82%b2%e6%88%90%e3%80%81%e9%81%8b%e5%8b%95%e4%b8%8d%e8%b6%b3%e8%a7%a3%e6%b6%88%e3%83%bb-2.html,facts_only,,,,,,unknown,passed_deterministic,public_facts_minimized
WEB4cd0781460,src_c9e59312d4809087,浜松市スポーツ協会 教室・イベント,https://hamamatsu-sports.or.jp/item/class_venue_address/higashi-ku/%e6%a5%bd%e3%81%97%e3%81%bf%e3%81%aa%e3%81%8c%e3%82%89%e4%bd%93%e5%8a%9b%e3%82%a2%e3%83%83%e3%83%97%ef%bc%81%e3%83%90%e3%83%a9%e3%83%b3%e3%82%b9%e3%81%ae%e3%81%a8%e3%82%8c%e3%81%9f%e4%bd%93%e3%82%92-6.html,facts_only,,,,,,unknown,passed_deterministic,public_facts_minimized
WEB2daab92e6f,src_c9e59312d4809087,浜松市スポーツ協会 教室・イベント,https://hamamatsu-sports.or.jp/item/class_venue_address/higashi-ku/%e5%81%a5%e5%ba%b7%e5%a2%97%e9%80%b2%ef%bc%81%e5%a4%aa%e6%a5%b5%e6%8b%b3%e6%8a%80%e8%83%bd%e5%90%91%e4%b8%8a%ef%bc%81-12.html,facts_only,,,,,,unknown,passed_deterministic,public_facts_minimized
WEB67efd65d6b,src_c9e59312d4809087,浜松市スポーツ協会 教室・イベント,https://hamamatsu-sports.or.jp/item/class_venue_address/naka-ku/%e3%82%bd%e3%83%95%e3%83%88%e3%83%86%e3%83%8b%e3%82%b9%e6%95%99%e5%ae%a4.html,facts_only,,,,,,unknown,passed_deterministic,public_facts_minimized
WEBc189b1c0a9,src_c9e59312d4809087,浜松市スポーツ協会 教室・イベント,https://hamamatsu-sports.or.jp/item/class_venue_address/naka-ku/%e3%82%b9%e3%83%88%e3%83%ac%e3%83%83%e3%83%81%e3%82%84%e3%82%a6%e3%82%a9%e3%83%bc%e3%82%ad%e3%83%b3%e3%82%b0%e3%80%81%e7%b0%a1%e5%8d%98%e3%81%aa%e3%82%b9%e3%83%9d%e3%83%bc%e3%83%84%e3%82%92%e9%80%9a.html,facts_only,,,,,,unknown,passed_deterministic,public_facts_minimized
WEB254923fd08,src_c9e59312d4809087,浜松市スポーツ協会 教室・イベント,https://hamamatsu-sports.or.jp/item/class_venue_address/hamakita-ku/%e7%a7%8b%e3%81%ae%e5%a4%9c%e7%a9%ba%e3%82%92%e6%84%9f%e3%81%98%e3%81%aa%e3%81%8c%e3%82%89%e3%83%a8%e3%82%ac%e3%81%a7%e3%83%aa%e3%83%a9%e3%82%af%e3%82%bc%e3%83%bc%e3%82%b7%e3%83%a7%e3%83%b3%e3%82%92-2.html,facts_only,,,,,,unknown,passed_deterministic,public_facts_minimized
WEB57403f4ecf,src_c9e59312d4809087,浜松市スポーツ協会 教室・イベント,https://hamamatsu-sports.or.jp/item/class_venue_address/hamakita-ku/%e3%83%87%e3%82%a3%e3%82%ba%e3%83%8b%e3%83%bc%e3%82%bd%e3%83%b3%e3%82%b0%e7%ad%89%e8%81%9e%e3%81%8d%e3%81%aa%e3%81%98%e3%81%bf%e3%81%ae%e3%81%82%e3%82%8b%e6%9b%b2%e3%81%a7%e6%a5%bd%e3%81%97%e3%81%8f-6.html,facts_only,,,,,,unknown,passed_deterministic,public_facts_minimized
WEB72da91cba5,src_c9e59312d4809087,浜松市スポーツ協会 教室・イベント,https://hamamatsu-sports.or.jp/item/class_venue_address/minami-ku/%e5%bc%93%e9%81%93%e3%82%92%e5%a7%8b%e3%82%81%e3%81%a6%e3%81%bf%e3%81%be%e3%81%9b%e3%82%93%e3%81%8b%ef%bc%9f-6.html,facts_only,,,,,,unknown,passed_deterministic,public_facts_minimized
WEB17c76d624e,src_c9e59312d4809087,浜松市スポーツ協会 教室・イベント,https://hamamatsu-sports.or.jp/item/class_venue_address/higashi-ku/%e3%82%a2%e3%83%aa%e3%83%bc%e3%83%8a_%e3%82%b9%e3%83%9d%e3%83%bc%e3%83%84%e5%81%a5%e5%ba%b7%e7%9b%b8%e8%ab%87%e8%ac%9b%e6%bc%94%e4%bc%9a_%e8%85%b0%e7%97%9b%e4%ba%88%e9%98%b2_202507.html,facts_only,,,,,,unknown,passed_deterministic,public_facts_minimized
WEB1227676581,src_c9e59312d4809087,浜松市スポーツ協会 教室・イベント,https://hamamatsu-sports.or.jp/item/class_venue_address/higashi-ku/%e5%a4%aa%e6%a5%b5%e6%8b%b3%e6%95%99%e5%ae%a4_202507.html,facts_only,,,,,,unknown,passed_deterministic,public_facts_minimized
WEB6515983b2f,src_c9e59312d4809087,浜松市スポーツ協会 教室・イベント,https://hamamatsu-sports.or.jp/item/class_venue_address/nishi-ku/%e3%83%a8%e3%83%83%e3%83%88%e6%95%99%e5%ae%a4_202507.html,facts_only,,,,,,unknown,passed_deterministic,public_facts_minimized
WEB485d89c8bf,src_c9e59312d4809087,浜松市スポーツ協会 教室・イベント,https://hamamatsu-sports.or.jp/item/class_venue_address/nishi-ku/%e3%83%ac%e3%82%af_%e5%92%8c%e5%a4%aa%e9%bc%93%e4%bd%93%e9%a8%93%e6%95%99%e5%ae%a4-2025.html,facts_only,,,,,,unknown,passed_deterministic,public_facts_minimized
WEB84b42b14fa,src_c9e59312d4809087,浜松市スポーツ協会 教室・イベント,https://hamamatsu-sports.or.jp/item/class_venue_address/hamakita-ku/%e6%b5%9c%e5%8c%97-%e3%82%b8%e3%83%a3%e3%82%ba%e3%83%80%e3%83%b3%e3%82%b9%e6%95%99%e5%ae%a4-202504.html,facts_only,,,,,,unknown,passed_deterministic,public_facts_minimized
WEB3dea845c9d,src_c9e59312d4809087,浜松市スポーツ協会 教室・イベント,https://hamamatsu-sports.or.jp/item/class_venue_address/nishi-ku/%e3%83%a8%e3%83%83%e3%83%88%e6%95%99%e5%ae%a4-202505.html,facts_only,,,,,,unknown,passed_deterministic,public_facts_minimized
WEB885c5303c9,src_c9e59312d4809087,浜松市スポーツ協会 教室・イベント,https://hamamatsu-sports.or.jp/item/class_venue_address/hamakita-ku/%e6%b5%9c%e5%8c%97-%e4%b8%8d%e7%99%bb%e6%a0%a1%e3%81%ae%e5%ad%90%e3%81%8c%e3%83%9b%e3%83%83%e3%81%a8%e6%a5%bd%e3%81%97%e3%81%8f%e9%81%8e%e3%81%94%e3%81%9b%e3%82%8b%e5%a0%b4-20240203.html,facts_only,,,,,,unknown,passed_deterministic,public_facts_minimized
WEB1083e206c4,src_c9e59312d4809087,浜松市スポーツ協会 教室・イベント,https://hamamatsu-sports.or.jp/item/class_venue_address/hamakita-ku/%e6%b5%9c%e5%8c%97%e6%94%af%e9%83%a8-%e3%82%b9%e3%83%9d%e3%83%bc%e3%83%84%e5%ae%9f%e6%8a%80%e8%ac%9b%e7%bf%92%e4%bc%9a%e3%80%8c%e3%82%b8%e3%83%a5%e3%83%8b%e3%82%a2%e6%9c%9f%e3%81%ae%e3%83%88%e3%83%ac.html,facts_only,,,,,,unknown,passed_deterministic,public_facts_minimized
WEB2d7f9c7220,src_c9e59312d4809087,浜松市スポーツ協会 教室・イベント,https://hamamatsu-sports.or.jp/item/class_venue_address/higashi-ku/%e6%a5%bd%e3%81%97%e3%81%bf%e3%81%aa%e3%81%8c%e3%82%89%e4%bd%93%e5%8a%9b%e3%82%a2%e3%83%83%e3%83%97%ef%bc%81%e3%83%90%e3%83%a9%e3%83%b3%e3%82%b9%e3%81%ae%e3%81%a8%e3%82%8c%e3%81%9f%e4%bd%93-11.html,facts_only,,,,,,unknown,passed_deterministic,public_facts_minimized
WEB36a3176463,src_c9e59312d4809087,浜松市スポーツ協会 教室・イベント,https://hamamatsu-sports.or.jp/item/class_venue_address/hamakita-ku/%e8%84%82%e8%82%aa%e7%87%83%e7%84%bc%e3%83%bb%e5%bc%95%e3%81%8d%e7%b7%a0%e3%82%81%e3%81%ab%e5%8a%b9%e6%9e%9c%e5%a4%a7%ef%bc%81%e3%83%91%e3%83%b3%e3%83%81%e3%82%84%e3%82%ad%e3%83%83%e3%82%af%e3%81%ae-7.html,facts_only,,,,,,unknown,passed_deterministic,public_facts_minimized
WEB1b128f384d,src_c9e59312d4809087,浜松市スポーツ協会 教室・イベント,https://hamamatsu-sports.or.jp/item/class_venue_address/nishi-ku/%e8%88%9e%e9%98%aa-%e8%ba%ab%e4%bd%93%e3%81%b2%e3%81%8d%e3%81%97%e3%82%81%e3%82%a8%e3%82%af%e3%82%b5%e3%82%b5%e3%82%a4%e3%82%ba-202510.html,facts_only,,,,,,unknown,passed_deterministic,public_facts_minimized
WEB088c2d6b35,src_c9e59312d4809087,浜松市スポーツ協会 教室・イベント,https://hamamatsu-sports.or.jp/item/class_venue_address/minami-ku/%e3%83%ac%e3%82%af-%e3%83%aa%e3%82%ba%e3%83%a0%e3%83%95%e3%82%a3%e3%83%83%e3%83%88%e3%83%8d%e3%82%b9%e3%81%ae%e9%9b%86%e3%81%84-2025.html,facts_only,,,,,,unknown,passed_deterministic,public_facts_minimized
WEB0cf6ea267e,src_c9e59312d4809087,浜松市スポーツ協会 教室・イベント,https://hamamatsu-sports.or.jp/item/class_venue_address/kita-ku/%e3%83%ad%e3%82%b2%e3%82%a4%e3%83%8b%e3%83%b3%e3%82%b0%e3%82%92%e6%a5%bd%e3%81%97%e3%82%82%e3%81%86%ef%bc%81.html,facts_only,,,,,,unknown,passed_deterministic,public_facts_minimized
WEB909b2f6783,src_c9e59312d4809087,浜松市スポーツ協会 教室・イベント,https://hamamatsu-sports.or.jp/item/class_venue_address/naka-ku/%e6%a5%bd%e3%81%97%e3%81%8f%e7%a9%ba%e6%89%8b%e3%82%92%e5%ad%a6%e3%81%b3%e3%80%81%e7%a4%bc%e5%84%80%e6%ad%a3%e3%81%97%e3%81%8f%e3%80%81%e5%bf%83%e8%ba%ab%e3%81%a8%e3%82%82%e3%81%ab%e5%bc%b7-23.html,facts_only,,,,,,unknown,passed_deterministic,public_facts_minimized
WEB14d534057b,src_c9e59312d4809087,浜松市スポーツ協会 教室・イベント,https://hamamatsu-sports.or.jp/item/class_venue_address/minami-ku/%e6%ad%a9%e3%81%8d%e6%96%b9%e3%80%81%e4%bd%93%e3%81%ae%e4%bd%bf%e3%81%84%e6%96%b9%e3%80%81%e6%ad%a3%e3%81%97%e3%81%84%e5%a7%bf%e5%8b%a2%e3%80%81%e3%83%aa%e3%83%bc%e3%83%89%e3%81%a8%e3%83%95%e3%82%a9-5.html,facts_only,,,,,,unknown,passed_deterministic,public_facts_minimized
WEB173d60eef7,src_c9e59312d4809087,浜松市スポーツ協会 教室・イベント,https://hamamatsu-sports.or.jp/item/class_venue_address/higashi-ku/%e5%81%a5%e5%ba%b7%e5%a2%97%e9%80%b2%ef%bc%81%e5%a4%aa%e6%a5%b5%e6%8b%b3%e6%8a%80%e8%83%bd%e5%90%91%e4%b8%8a%ef%bc%81-8.html,facts_only,,,,,,unknown,passed_deterministic,public_facts_minimized
WEBc6fed4e5b6,src_c9e59312d4809087,浜松市スポーツ協会 教室・イベント,https://hamamatsu-sports.or.jp/item/class_venue_address/nishi-ku/%e8%88%9e%e9%98%aa-%e3%83%97%e3%83%ad%e3%82%b9%e3%83%9d%e3%83%bc%e3%83%841day%e3%82%af%e3%83%aa%e3%83%8b%e3%83%83%e3%82%af-2025.html,facts_only,,,,,,unknown,passed_deterministic,public_facts_minimized
WEB8e87f1d3cd,src_c9e59312d4809087,浜松市スポーツ協会 教室・イベント,https://hamamatsu-sports.or.jp/item/class_venue_address/nishi-ku/%e8%85%b0%e7%97%9b%e3%82%84%e8%82%a9%e3%81%93%e3%82%8a%e3%81%ab%e5%8a%b9%e3%81%8f%e3%82%b9%e3%83%88%e3%83%ac%e3%83%83%e3%83%81%e3%82%84%e3%83%9e%e3%83%83%e3%82%b5%e3%83%bc%e3%82%b8%e3%81%a7%e5%bf%83-4.html,facts_only,,,,,,unknown,passed_deterministic,public_facts_minimized
WEBfba67e24b1,src_c9e59312d4809087,浜松市スポーツ協会 教室・イベント,https://hamamatsu-sports.or.jp/item/class_venue_address/hamakita-ku/%e4%bd%93%e6%93%8d%e3%81%a8%e7%ad%8b%e3%83%88%e3%83%ac%e3%80%81%e3%82%bb%e3%83%ab%e3%83%95%e7%9f%af%e6%ad%a3%e3%81%a7%e6%ad%aa%e3%81%be%e3%81%aa%e3%81%84%e8%ba%ab%e4%bd%93%e3%81%a5%e3%81%8f%e3%82%8a-8.html,facts_only,,,,,,unknown,passed_deterministic,public_facts_minimized
WEB39ab043686,src_c9e59312d4809087,浜松市スポーツ協会 教室・イベント,https://hamamatsu-sports.or.jp/item/class_venue_address/hamakita-ku/%e3%83%a8%e3%82%ac%e3%82%84%e3%82%a8%e3%82%af%e3%82%b5%e3%82%b5%e3%82%a4%e3%82%ba%e3%81%a7%e3%82%b7%e3%82%a7%e3%82%a4%e3%83%97%e3%82%a2%e3%83%83%e3%83%97%ef%bc%86%e3%83%aa%e3%83%95%e3%83%ac-27.html,facts_only,,,,,,unknown,passed_deterministic,public_facts_minimized
WEB7046e29941,src_c9e59312d4809087,浜松市スポーツ協会 教室・イベント,https://hamamatsu-sports.or.jp/item/class_venue_address/hamakita-ku/%e3%83%aa%e3%82%ba%e3%83%a0%e3%81%ab%e3%81%ae%e3%81%9b%e3%81%9f%e5%85%a8%e8%ba%ab%e9%81%8b%e5%8b%95%e3%81%a7%e6%a5%bd%e3%81%97%e3%81%8f%e5%bf%83%e8%ba%ab%e3%81%ae%e3%83%aa%e3%83%95%e3%83%ac%e3%83%83-6.html,facts_only,,,,,,unknown,passed_deterministic,public_facts_minimized
WEBd840b02a9d,src_c9e59312d4809087,浜松市スポーツ協会 教室・イベント,https://hamamatsu-sports.or.jp/item/class_venue_address/hamakita-ku/%e5%91%bc%e5%90%b8%e3%81%a8%e4%bd%93%e3%82%92%e6%84%8f%e8%ad%98%e3%81%97%e3%81%a6%e3%80%81%e4%bd%93%e5%8a%9b%e5%90%91%e4%b8%8a%e3%83%bb%e5%a7%bf%e5%8b%a2%e6%94%b9%e5%96%84%e3%82%92%e7%9b%ae%e6%8c%87.html,facts_only,,,,,,unknown,passed_deterministic,public_facts_minimized
WEB0bb97a4c16,src_c9e59312d4809087,浜松市スポーツ協会 教室・イベント,https://hamamatsu-sports.or.jp/item/class_venue_address/hamakita-ku/%e5%88%9d%e5%bf%83%e8%80%85%e5%90%91%e3%81%91%e3%81%ae%e3%83%94%e3%83%a9%e3%83%86%e3%82%a3%e3%82%b9%e3%81%a8%e3%82%b9%e3%83%88%e3%83%ac%e3%83%83%e3%83%81%e3%83%9d%e3%83%bc%e3%83%ab%e3%81%a7%e8%ba%ab-2.html,facts_only,,,,,,unknown,passed_deterministic,public_facts_minimized
WEBa6d82edd1f,src_c9e59312d4809087,浜松市スポーツ協会 教室・イベント,https://hamamatsu-sports.or.jp/item/class_venue_address/hamakita-ku/%e5%91%bc%e5%90%b8%e3%81%a8%e8%ba%ab%e4%bd%93%e3%82%92%e6%84%8f%e8%ad%98%e3%81%97%e3%81%a6%e3%80%81%e4%bd%93%e5%8a%9b%e5%90%91%e4%b8%8a%e3%83%bb%e5%a7%bf%e5%8b%a2%e6%94%b9%e5%96%84%e3%82%92%e7%9b%ae-2.html,facts_only,,,,,,unknown,passed_deterministic,public_facts_minimized
WEBf5293c1d5e,src_c9e59312d4809087,浜松市スポーツ協会 教室・イベント,https://hamamatsu-sports.or.jp/item/class_venue_address/hamakita-ku/%e6%ad%a3%e3%81%97%e3%81%84%e5%a7%bf%e5%8b%a2%e3%81%a5%e3%81%8f%e3%82%8a%e3%81%ae%e3%81%9f%e3%82%81%e3%81%ae%e3%83%90%e3%83%ac%e3%82%a8%e3%82%a8%e3%82%af%e3%82%b5%e3%82%b5%e3%82%a4%e3%82%ba-12.html,facts_only,,,,,,unknown,passed_deterministic,public_facts_minimized
WEBf872999b10,src_c9e59312d4809087,浜松市スポーツ協会 教室・イベント,https://hamamatsu-sports.or.jp/item/class_venue_address/hamakita-ku/%e3%83%90%e3%83%ac%e3%82%a8%e3%81%a7%e6%a5%bd%e3%81%97%e3%81%8f%e8%ba%ab%e4%bd%93%e3%82%92%e5%8b%95%e3%81%8b%e3%81%9d%e3%81%86%ef%bc%81%e3%83%aa%e3%82%ba%e3%83%a0%e6%84%9f%e3%83%bb%e4%bd%93%e5%8a%9b-5.html,facts_only,,,,,,unknown,passed_deterministic,public_facts_minimized
WEB527fd6db4a,src_c9e59312d4809087,浜松市スポーツ協会 教室・イベント,https://hamamatsu-sports.or.jp/item/class_venue_address/hamakita-ku/%e5%8d%93%e7%90%83%e3%82%92%e9%80%9a%e3%81%97%e3%81%a6%e3%82%b9%e3%83%9d%e3%83%bc%e3%83%84%e3%82%92%e6%a5%bd%e3%81%97%e3%82%82%e3%81%86%ef%bc%81-4.html,facts_only,,,,,,unknown,passed_deterministic,public_facts_minimized
WEBc02de221f3,src_c9e59312d4809087,浜松市スポーツ協会 教室・イベント,https://hamamatsu-sports.or.jp/item/class_venue_address/hamakita-ku/%e3%83%88%e3%83%a9%e3%83%b3%e3%83%9d%e3%83%aa%e3%83%b3%e3%81%ae%e3%82%b3%e3%83%84%e3%82%92%e6%8e%b4%e3%82%93%e3%81%a7%e3%81%84%e3%82%8d%e3%82%93%e3%81%aa%e6%8a%80%e3%81%ab%e6%8c%91%e6%88%a6%e3%81%97.html,facts_only,,,,,,unknown,passed_deterministic,public_facts_minimized
WEB1c2d432aef,src_c9e59312d4809087,浜松市スポーツ協会 教室・イベント,https://hamamatsu-sports.or.jp/item/class_venue_address/hamakita-ku/%e4%bd%93%e6%93%8d%e3%81%a8%e7%ad%8b%e3%83%88%e3%83%ac%e3%80%81%e3%82%bb%e3%83%ab%e3%83%95%e7%9f%af%e6%ad%a3%e3%81%a7%e6%ad%aa%e3%81%be%e3%81%aa%e3%81%84%e8%ba%ab%e4%bd%93%e3%81%a5%e3%81%8f%e3%82%8a-3.html,facts_only,,,,,,unknown,passed_deterministic,public_facts_minimized
WEBec12eb5e19,src_c9e59312d4809087,浜松市スポーツ協会 教室・イベント,https://hamamatsu-sports.or.jp/item/class_venue_address/hamakita-ku/%e3%83%aa%e3%82%ba%e3%83%a0%e3%81%ab%e3%81%ae%e3%81%9b%e3%81%9f%e5%85%a8%e8%ba%ab%e9%81%8b%e5%8b%95%e3%81%a7%e6%a5%bd%e3%81%97%e3%81%8f%e3%82%b7%e3%82%a7%e3%82%a4%e3%83%97%e3%82%a2%e3%83%83%e3%83%97-4.html,facts_only,,,,,,unknown,passed_deterministic,public_facts_minimized
WEB7da8314a22,src_c9e59312d4809087,浜松市スポーツ協会 教室・イベント,https://hamamatsu-sports.or.jp/item/class_venue_address/hamakita-ku/%e3%83%a8%e3%82%ac%e3%82%84%e3%82%a8%e3%82%af%e3%82%b5%e3%82%b5%e3%82%a4%e3%82%ba%e3%81%a7%e3%82%b7%e3%82%a7%e3%82%a4%e3%83%97%e3%82%a2%e3%83%83%e3%83%97%ef%bc%86%e3%83%aa%e3%83%95%e3%83%ac-26.html,facts_only,,,,,,unknown,passed_deterministic,public_facts_minimized
WEB3f7984ec7c,src_c9e59312d4809087,浜松市スポーツ協会 教室・イベント,https://hamamatsu-sports.or.jp/item/class_venue_address/hamakita-ku/%e3%82%a6%e3%82%a7%e3%83%bc%e3%83%96%e3%82%b9%e3%83%88%e3%83%ac%e3%83%83%e3%83%81%e3%83%aa%e3%83%b3%e3%82%b0%e3%81%a7%e5%bf%83%e8%ba%ab%e3%81%a8%e3%82%82%e3%81%ab%e3%83%aa%e3%83%95%e3%83%ac%e3%83%83-2.html,facts_only,,,,,,unknown,passed_deterministic,public_facts_minimized
WEBb88254bc7d,src_c9e59312d4809087,浜松市スポーツ協会 教室・イベント,https://hamamatsu-sports.or.jp/item/class_venue_address/hamakita-ku/%e5%ba%83%e3%81%84%e4%bd%93%e8%82%b2%e9%a4%a8%e3%81%ae%e4%b8%ad%e3%80%81%e8%a6%aa%e5%ad%90%e3%81%a7%e6%a5%bd%e3%81%97%e3%81%8f%e9%81%8b%e5%8b%95%ef%bc%86%e3%82%b9%e3%82%ad%e3%83%b3%e3%82%b7%e3%83%83-2.html,facts_only,,,,,,unknown,passed_deterministic,public_facts_minimized
WEB1dd9048941,src_c9e59312d4809087,浜松市スポーツ協会 教室・イベント,https://hamamatsu-sports.or.jp/item/class_venue_address/higashi-ku/%e4%bd%93%e5%8a%9b%e3%83%86%e3%82%b9%e3%83%88%e3%81%ab%e5%90%91%e3%81%91%e3%81%a6%e3%80%81%e6%ad%a3%e3%81%97%e3%81%84%e3%83%9c%e3%83%bc%e3%83%ab%e3%81%ae%e6%8a%95%e3%81%92%e6%96%b9%e3%82%92%e5%ad%a6.html,facts_only,,,,,,unknown,passed_deterministic,public_facts_minimized
WEBcc574d35b7,src_c9e59312d4809087,浜松市スポーツ協会 教室・イベント,https://hamamatsu-sports.or.jp/item/class_venue_address/kita-ku/%e5%ad%90%e3%81%a9%e3%82%82%e3%81%9f%e3%81%a1%e3%81%ab%e5%a4%a7%e4%ba%ba%e6%b0%97%ef%bc%81%e3%81%8b%e3%82%8f%e3%81%aa%e3%81%ae%e8%87%aa%e7%84%b6%e3%82%92%e6%a5%bd%e3%81%97%e3%81%bf%e3%80%81%e6%80%9d.html,facts_only,,,,,,unknown,passed_deterministic,public_facts_minimized
WEBd31d98c01e,src_c9e59312d4809087,浜松市スポーツ協会 教室・イベント,https://hamamatsu-sports.or.jp/item/class_venue_address/minami-ku/%e5%9b%bd%e6%8a%80%e3%81%a7%e3%81%82%e3%82%8b%e7%9b%b8%e6%92%b2%e3%82%92%e9%80%9a%e3%81%98%e3%81%a6%e3%80%81%e7%a4%bc%e5%84%80%e3%82%84%e6%80%9d%e3%81%84%e3%82%84%e3%82%8a%e3%80%81%e6%b0%97-13.html,facts_only,,,,,,unknown,passed_deterministic,public_facts_minimized
WEBbea1f8b6fb,src_c9e59312d4809087,浜松市スポーツ協会 教室・イベント,https://hamamatsu-sports.or.jp/item/class_venue_address/nishi-ku/%e3%82%b8%e3%83%a7%e3%82%ae%e3%83%b3%e3%82%b0%e6%95%99%e5%ae%a4-7.html,facts_only,,,,,,unknown,passed_deterministic,public_facts_minimized
WEB9392a82642,src_c9e59312d4809087,浜松市スポーツ協会 教室・イベント,https://hamamatsu-sports.or.jp/item/class_venue_address/higashi-ku/%e6%a5%bd%e3%81%97%e3%81%bf%e3%81%aa%e3%81%8c%e3%82%89%e4%bd%93%e5%8a%9b%e3%82%a2%e3%83%83%e3%83%97%ef%bc%81%e3%83%90%e3%83%a9%e3%83%b3%e3%82%b9%e3%81%ae%e3%81%a8%e3%82%8c%e3%81%9f%e4%bd%93%e3%82%92-5.html,facts_only,,,,,,unknown,passed_deterministic,public_facts_minimized
WEB964d649a8d,src_c9e59312d4809087,浜松市スポーツ協会 教室・イベント,https://hamamatsu-sports.or.jp/item/class_venue_address/higashi-ku/%e5%81%a5%e5%ba%b7%e5%a2%97%e9%80%b2%ef%bc%81%e5%a4%aa%e6%a5%b5%e6%8b%b3%e6%8a%80%e8%83%bd%e5%90%91%e4%b8%8a%ef%bc%81-11.html,facts_only,,,,,,unknown,passed_deterministic,public_facts_minimized
WEB859010ae30,src_c9e59312d4809087,浜松市スポーツ協会 教室・イベント,https://hamamatsu-sports.or.jp/item/class_venue_address/kita-ku/%e5%b0%91%e6%9e%97%e5%af%ba%e6%8b%b3%e6%b3%95%e3%82%92%e4%bd%93%e9%a8%93%e3%81%97%e3%81%a6%e3%81%bf%e3%82%88%e3%81%86%ef%bc%81-30.html,facts_only,,,,,,unknown,passed_deterministic,public_facts_minimized
WEBdfe3dfd3e1,src_c9e59312d4809087,浜松市スポーツ協会 教室・イベント,https://hamamatsu-sports.or.jp/item/class_venue_address/minami-ku/%e3%82%a4%e3%83%b3%e3%83%a9%e3%82%a4%e3%83%b3%e3%82%b9%e3%82%b1%e3%83%bc%e3%83%88%e6%95%99%e5%ae%a4-2.html,facts_only,,,,,,unknown,passed_deterministic,public_facts_minimized
WEB590284b7c6,src_c9e59312d4809087,浜松市スポーツ協会 教室・イベント,https://hamamatsu-sports.or.jp/item/class_venue_address/kita-ku/%e5%ad%90%e3%81%a9%e3%82%82%e3%81%9f%e3%81%a1%e3%81%ab%e5%a4%a7%e4%ba%ba%e6%b0%97%ef%bc%81%e6%80%9d%e3%81%84%e5%87%ba%e3%82%92%e3%81%9f%e3%81%8f%e3%81%95%e3%82%93%e3%81%a4%e3%81%8f%e3%82%8d%e3%81%86-9.html,facts_only,,,,,,unknown,passed_deterministic,public_facts_minimized
WEB584be77808,src_c9e59312d4809087,浜松市スポーツ協会 教室・イベント,https://hamamatsu-sports.or.jp/item/class_venue_address/higashi-ku/%e3%82%b9%e3%83%9d%e3%83%bc%e3%83%84%e5%81%a5%e5%ba%b7%e7%9b%b8%e8%ab%87%e8%ac%9b%e6%bc%94%e4%bc%9a-%e3%82%b8%e3%83%a5%e3%83%8b%e3%82%a2%e3%82%a2%e3%82%b9%e3%83%aa%e3%83%bc%e3%83%88%e3%81%ae%e7%89%87.html,facts_only,,,,,,unknown,passed_deterministic,public_facts_minimized
WEB6a09b9080a,src_c9e59312d4809087,浜松市スポーツ協会 教室・イベント,https://hamamatsu-sports.or.jp/item/class_venue_address/naka-ku/%e3%83%a8%e3%82%ac%e3%82%92%e9%80%9a%e3%81%98%e3%81%a6%e3%80%81%e6%97%a5%e9%a0%83%e3%81%ae%e7%94%9f%e6%b4%bb%e3%81%ae%e7%96%b2%e3%82%8c%e3%82%84%e3%82%b9%e3%83%88%e3%83%ac%e3%82%b9%e3%82%92%e8%a7%a3-6.html,facts_only,,,,,,unknown,passed_deterministic,public_facts_minimized
WEB346aa60e93,src_c9e59312d4809087,浜松市スポーツ協会 教室・イベント,https://hamamatsu-sports.or.jp/item/class_venue_address/naka-ku/%e5%9b%9b%e3%83%84%e6%b1%a0-%e5%a5%b3%e6%80%a7%e3%81%ae%e3%81%9f%e3%82%81%e3%81%ae%e3%83%9c%e3%83%87%e3%82%a3%e3%82%b1%e3%82%a2%e6%95%99%e5%ae%a4-202601.html,facts_only,,,,,,unknown,passed_deterministic,public_facts_minimized
WEB59c270bfb9,src_c9e59312d4809087,浜松市スポーツ協会 教室・イベント,https://hamamatsu-sports.or.jp/item/class_venue_address/naka-ku/%e3%83%a8%e3%82%ac%e3%80%81%e3%83%94%e3%83%a9%e3%83%86%e3%82%a3%e3%82%b9%e3%82%92%e9%80%9a%e3%81%98%e3%81%a6%e6%97%a5%e9%a0%83%e3%81%ae%e7%94%9f%e6%b4%bb%e3%81%ae%e7%96%b2%e3%82%8c%e3%82%84%e3%80%81-2.html,facts_only,,,,,,unknown,passed_deterministic,public_facts_minimized
WEBa5eac80ae4,src_c9e59312d4809087,浜松市スポーツ協会 教室・イベント,https://hamamatsu-sports.or.jp/item/class_venue_address/hamakita-ku/%e3%83%a8%e3%82%ac%e3%82%84%e3%82%a8%e3%82%af%e3%82%b5%e3%82%b5%e3%82%a4%e3%82%ba%e3%81%a7%e3%82%b7%e3%82%a7%e3%82%a4%e3%83%97%e3%82%a2%e3%83%83%e3%83%97%ef%bc%86%e3%83%aa%e3%83%95%e3%83%ac-22.html,facts_only,,,,,,unknown,passed_deterministic,public_facts_minimized
WEB83621386cc,src_c9e59312d4809087,浜松市スポーツ協会 教室・イベント,https://hamamatsu-sports.or.jp/item/class_venue_address/hamakita-ku/%e6%b5%9c%e5%8c%97-%e3%82%b9%e3%83%88%e3%83%ac%e3%83%83%e3%83%81%ef%bc%86%e3%83%97%e3%83%81%e7%ad%8b%e3%83%88%e3%83%ac%e6%95%99%e5%ae%a4-202502.html,facts_only,,,,,,unknown,passed_deterministic,public_facts_minimized
WEB4e7f9d4560,src_c9e59312d4809087,浜松市スポーツ協会 教室・イベント,https://hamamatsu-sports.or.jp/item/class_venue_address/higashi-ku/%e8%b6%b3%e5%85%a8%e4%bd%93%e3%81%ab%e3%82%a2%e3%83%97%e3%83%ad%e3%83%bc%e3%83%81%ef%bc%81%e5%86%b7%e3%81%88%e3%83%bb%e3%82%80%e3%81%8f%e3%81%bf%e3%82%92%e8%a7%a3%e6%b6%88%e3%81%97%e3%81%a6%e3%82%ab-2.html,facts_only,,,,,,unknown,passed_deterministic,public_facts_minimized
WEBcd02c9cbea,src_c9e59312d4809087,浜松市スポーツ協会 教室・イベント,https://hamamatsu-sports.or.jp/item/class_venue_address/higashi-ku/%e5%88%9d%e5%bf%83%e8%80%85%e5%90%91%e3%81%91%e3%81%ae%e3%82%a8%e3%82%a2%e3%83%ad%e3%83%93%e3%82%af%e3%82%b9%e3%81%a7%e3%80%81%e3%83%aa%e3%82%ba%e3%83%a0%e3%81%ab%e5%90%88%e3%82%8f%e3%81%9b%e3%81%a6-2.html,facts_only,,,,,,unknown,passed_deterministic,public_facts_minimized
WEB8d75a21599,src_c9e59312d4809087,浜松市スポーツ協会 教室・イベント,https://hamamatsu-sports.or.jp/item/class_venue_address/higashi-ku/%e3%82%a4%e3%83%b3%e3%83%8a%e3%83%bc%e3%83%9e%e3%83%83%e3%82%b9%e3%83%ab%e3%82%92%e9%8d%9b%e3%81%88%e3%80%81%e3%82%86%e3%81%a3%e3%81%8f%e3%82%8a%e5%91%bc%e5%90%b8%e3%81%a7%e5%bf%83%e8%ba%ab%e3%81%ae-7.html,facts_only,,,,,,unknown,passed_deterministic,public_facts_minimized
WEB0790da2772,src_c9e59312d4809087,浜松市スポーツ協会 教室・イベント,https://hamamatsu-sports.or.jp/item/class_venue_address/higashi-ku/%e9%81%8a%e3%81%b3%e3%81%aa%e3%81%8c%e3%82%89%e9%81%8b%e5%8b%95%e3%82%92%e5%be%97%e6%84%8f%e3%81%ab%e3%81%97%e3%82%88%e3%81%86%ef%bc%81-9.html,facts_only,,,,,,unknown,passed_deterministic,public_facts_minimized
WEBddb1ce637a,src_c9e59312d4809087,浜松市スポーツ協会 教室・イベント,https://hamamatsu-sports.or.jp/item/class_venue_address/nishi-ku/%e8%88%9e%e9%98%aa-%e3%83%8e%e3%83%ab%e3%83%87%e3%82%a3%e3%83%83%e3%82%af%e3%83%bb%e3%82%a6%e3%82%a9%e3%83%bc%e3%82%af%e4%bd%93%e9%a8%93%e5%9e%8b%e9%81%bf%e9%9b%a3%e8%a8%93%e7%b7%b4-202511.html,facts_only,,,,,,unknown,passed_deterministic,public_facts_minimized
WEB7823448f9e,src_c9e59312d4809087,浜松市スポーツ協会 教室・イベント,https://hamamatsu-sports.or.jp/item/class_venue_address/nishi-ku/%ef%bd%9e%e3%81%aa%e3%82%8f%e3%81%a8%e3%81%b3%e3%81%8c%e3%81%8d%e3%81%a3%e3%81%a8%e6%a5%bd%e3%81%97%e3%81%8f%e3%81%aa%e3%82%8b%ef%bc%81%ef%bd%9e-4.html,facts_only,,,,,,unknown,passed_deterministic,public_facts_minimized
WEBb200cbe542,src_c9e59312d4809087,浜松市スポーツ協会 教室・イベント,https://hamamatsu-sports.or.jp/item/class_venue_address/minami-ku/%e5%b0%8f%e5%ad%a6%e7%94%9f%e3%82%bd%e3%83%95%e3%83%88%e3%83%9c%e3%83%bc%e3%83%ab%e6%95%99%e5%ae%a4-2025.html,facts_only,,,,,,unknown,passed_deterministic,public_facts_minimized
WEB811f781796,src_c9e59312d4809087,浜松市スポーツ協会 教室・イベント,https://hamamatsu-sports.or.jp/item/class_venue_address/minami-ku/%e6%98%a5%e3%81%ae%e6%b0%91%e8%b8%8a%e3%83%bb%e8%88%9e%e8%b8%8a%e5%a4%a7%e4%bc%9a-2.html,facts_only,,,,,,unknown,passed_deterministic,public_facts_minimized
WEBb3ca53b007,src_c9e59312d4809087,浜松市スポーツ協会 教室・イベント,https://hamamatsu-sports.or.jp/item/class_venue_address/nishi-ku/%e3%83%a9%e3%83%b3%e3%83%8b%e3%83%b3%e3%82%b0%e4%bb%b2%e9%96%93%e5%a4%a7%e5%8b%9f%e9%9b%86%ef%bc%81%e3%83%9e%e3%83%a9%e3%82%bd%e3%83%b3%e3%80%81%e3%82%b8%e3%83%a7%e3%82%ae%e3%83%b3%e3%82%b0%e3%81%ae-6.html,facts_only,,,,,,unknown,passed_deterministic,public_facts_minimized
WEB338d0555b8,src_c9e59312d4809087,浜松市スポーツ協会 教室・イベント,https://hamamatsu-sports.or.jp/item/class_venue_address/higashi-ku/%e3%83%97%e3%83%ad%e3%83%90%e3%82%b9%e3%82%b1%e3%83%83%e3%83%88%e3%83%9c%e3%83%bc%e3%83%abb%e3%83%aa%e3%83%bc%e3%82%b0%e3%80%8c%e4%b8%89%e9%81%a0%e3%83%8d%e3%82%aa%e3%83%95%e3%82%a7%e3%83%8b-11.html,facts_only,,,,,,unknown,passed_deterministic,public_facts_minimized
WEB4b4f7529bd,src_c9e59312d4809087,浜松市スポーツ協会 教室・イベント,https://hamamatsu-sports.or.jp/item/class_venue_address/higashi-ku/%e5%81%a5%e5%ba%b7%e5%a2%97%e9%80%b2%ef%bc%81%e5%a4%aa%e6%a5%b5%e6%8b%b3%e6%8a%80%e8%83%bd%e5%90%91%e4%b8%8a%ef%bc%81-9.html,facts_only,,,,,,unknown,passed_deterministic,public_facts_minimized
WEB2dde50fa64,src_c9e59312d4809087,浜松市スポーツ協会 教室・イベント,https://hamamatsu-sports.or.jp/item/class_venue_address/hamakita-ku/%e6%b5%9c%e5%8c%97-%e3%82%a8%e3%82%a2%e3%83%ad%e3%83%93%e3%82%af%e3%82%b9-202501.html,facts_only,,,,,,unknown,passed_deterministic,public_facts_minimized
WEB109607fd39,src_c9e59312d4809087,浜松市スポーツ協会 教室・イベント,https://hamamatsu-sports.or.jp/item/class_venue_address/hamakita-ku/%e6%b5%9c%e5%8c%97-%e3%83%94%e3%83%a9%e3%83%86%e3%82%a3%e3%82%b9%e4%b8%ad%e7%b4%9a%e6%95%99%e5%ae%a4-202501.html,facts_only,,,,,,unknown,passed_deterministic,public_facts_minimized
WEB97e42fa270,src_c9e59312d4809087,浜松市スポーツ協会 教室・イベント,https://hamamatsu-sports.or.jp/item/class_venue_address/hamakita-ku/%e6%b5%9c%e5%8c%97-%e3%83%94%e3%83%a9%e3%83%86%e3%82%a3%e3%82%b9%e5%88%9d%e7%b4%9a%e3%82%b9%e3%83%88%e3%83%ac%e3%83%83%e3%83%81%e3%83%9d%e3%83%bc%e3%83%ab-202501.html,facts_only,,,,,,unknown,passed_deterministic,public_facts_minimized
WEBfb66c68581,src_c9e59312d4809087,浜松市スポーツ協会 教室・イベント,https://hamamatsu-sports.or.jp/item/class_venue_address/nishi-ku/%e9%80%b1%e6%9b%bf%e3%82%8f%e3%82%8a%e3%81%a7%e6%a7%98%e3%80%85%e3%81%aa%e3%83%ac%e3%82%af%e3%83%aa%e3%82%a8%e3%83%bc%e3%82%b7%e3%83%a7%e3%83%b3%e3%82%b9%e3%83%9d%e3%83%bc%e3%83%84%e3%82%92%e3%81%bf-5.html,facts_only,,,,,,unknown,passed_deterministic,public_facts_minimized
WEB5a2b11a8d9,src_c9e59312d4809087,浜松市スポーツ協会 教室・イベント,https://hamamatsu-sports.or.jp/item/class_venue_address/nishi-ku/%e8%ba%ab%e4%bd%93%e3%81%ae%e3%82%b3%e3%82%a2%e3%81%aa%e9%83%a8%e5%88%86%e3%82%92%e9%8d%9b%e3%81%88%e3%81%a6%e5%8b%95%e3%81%8d%e3%82%84%e3%81%99%e3%81%84%e4%bd%93%e3%82%92%e4%bd%9c%e3%82%8d%e3%81%86-8.html,facts_only,,,,,,unknown,passed_deterministic,public_facts_minimized
WEB19c333c9f5,src_c9e59312d4809087,浜松市スポーツ協会 教室・イベント,https://hamamatsu-sports.or.jp/item/class_venue_address/nishi-ku/%e3%83%a9%e3%83%b3%e3%83%8b%e3%83%b3%e3%82%b0%e4%bb%b2%e9%96%93%e5%a4%a7%e5%8b%9f%e9%9b%86%ef%bc%81%e3%83%9e%e3%83%a9%e3%82%bd%e3%83%b3%e3%80%81%e3%82%b8%e3%83%a7%e3%82%ae%e3%83%b3%e3%82%b0%e3%81%ae-5.html,facts_only,,,,,,unknown,passed_deterministic,public_facts_minimized
WEBbe9fcd71bd,src_c9e59312d4809087,浜松市スポーツ協会 教室・イベント,https://hamamatsu-sports.or.jp/item/class_venue_address/minami-ku/%e5%9f%ba%e7%a4%8e%e6%8a%80%e8%a1%93%e3%81%ae%e6%8c%87%e5%b0%8e%e3%81%a8%e7%9a%84%e3%82%92%e7%8b%99%e3%81%a3%e3%81%9f%e7%b7%b4%e7%bf%92%e3%82%92%e8%a1%8c%e3%81%84%e3%81%be%e3%81%99-9.html,facts_only,,,,,,unknown,passed_deterministic,public_facts_minimized
WEBbe952c9e0d,src_c9e59312d4809087,浜松市スポーツ協会 教室・イベント,https://hamamatsu-sports.or.jp/item/class_venue_address/minami-ku/%e3%83%86%e3%83%8b%e3%82%b9%e3%81%ae%e5%9f%ba%e7%a4%8e%e3%81%8b%e3%82%89%e6%9c%80%e7%b5%82%e6%97%a5%e3%81%af%e6%a5%bd%e3%81%97%e3%81%8f%e3%82%b2%e3%83%bc%e3%83%a0%e3%81%8c%e3%81%a7%e3%81%8d%e3%82%8b.html,facts_only,,,,,,unknown,passed_deterministic,public_facts_minimized
WEB82188eb339,src_c9e59312d4809087,浜松市スポーツ協会 教室・イベント,https://hamamatsu-sports.or.jp/item/class_venue_address/nishi-ku/%e8%85%b0%e7%97%9b%e3%82%84%e8%82%a9%e3%81%93%e3%82%8a%e3%81%ab%e5%8a%b9%e3%81%8f%e3%82%b9%e3%83%88%e3%83%ac%e3%83%83%e3%83%81%e3%82%84%e3%83%9e%e3%83%83%e3%82%b5%e3%83%bc%e3%82%b8%e3%81%a7%e5%bf%83-5.html,facts_only,,,,,,unknown,passed_deterministic,public_facts_minimized
WEB3aab528d62,src_c9e59312d4809087,浜松市スポーツ協会 教室・イベント,https://hamamatsu-sports.or.jp/item/class_venue_address/nishi-ku/%e5%85%a8%e8%ba%ab%e3%82%92%e4%bd%bf%e3%81%a3%e3%81%9f%e5%a4%aa%e6%a5%b5%e6%8b%b3%e3%81%ae%e5%8b%95%e3%81%8d%e3%82%92%e7%bf%92%e5%be%97%e3%81%99%e3%82%8b%e3%81%93%e3%81%a8%e3%81%a7%e5%bf%83%e8%ba%ab-7.html,facts_only,,,,,,unknown,passed_deterministic,public_facts_minimized
WEBf65f7fd735,src_c9e59312d4809087,浜松市スポーツ協会 教室・イベント,https://hamamatsu-sports.or.jp/item/class_venue_address/nishi-ku/%e3%82%b9%e3%83%86%e3%83%83%e3%83%97%e5%8f%b0%e6%98%87%e9%99%8d%e3%81%ae%e3%82%a8%e3%82%a2%e3%83%ad%e3%83%93%e3%82%af%e3%82%b9%e3%81%a7%e3%82%b7%e3%82%a7%e3%82%a4%e3%83%97%e3%82%a2%e3%83%83%e3%83%97-5.html,facts_only,,,,,,unknown,passed_deterministic,public_facts_minimized
WEB97d8df26fa,src_c9e59312d4809087,浜松市スポーツ協会 教室・イベント,https://hamamatsu-sports.or.jp/item/class_venue_address/nishi-ku/%e9%80%b1%e3%81%ab%e4%b8%80%e5%9b%9e%e3%80%81%e4%bd%93%e3%81%ae%e3%82%86%e3%81%8c%e3%81%bf%e3%82%92%e6%94%b9%e5%96%84%e3%81%97%e5%bf%83%e3%82%82%e4%bd%93%e3%82%82%e3%82%b9%e3%83%83%e3%82%ad%e3%83%aa-2.html,facts_only,,,,,,unknown,passed_deterministic,public_facts_minimized
WEB9aa50ff535,src_c9e59312d4809087,浜松市スポーツ協会 教室・イベント,https://hamamatsu-sports.or.jp/item/class_venue_address/hamakita-ku/k-pop%e3%83%80%e3%83%b3%e3%82%b9%e3%81%a7%e3%82%ab%e3%83%83%e3%82%b3%e3%82%88%e3%81%8f%e8%ba%ab%e4%bd%93%e3%82%92%e5%8b%95%e3%81%8b%e3%81%9d%e3%81%86%ef%bc%81.html,facts_only,,,,,,unknown,passed_deterministic,public_facts_minimized
WEBd75ea485ca,src_c9e59312d4809087,浜松市スポーツ協会 教室・イベント,https://hamamatsu-sports.or.jp/item/class_venue_address/hamakita-ku/%e5%8d%93%e7%90%83%e3%82%92%e9%80%9a%e3%81%97%e3%81%a6%e3%82%b9%e3%83%9d%e3%83%bc%e3%83%84%e3%82%92%e6%a5%bd%e3%81%97%e3%82%82%e3%81%86%ef%bc%81-3.html,facts_only,,,,,,unknown,passed_deterministic,public_facts_minimized
WEB89a5f1c05d,src_c9e59312d4809087,浜松市スポーツ協会 教室・イベント,https://hamamatsu-sports.or.jp/item/class_venue_address/hamakita-ku/%e8%83%8c%e9%aa%a8%e3%82%b3%e3%83%b3%e3%83%87%e3%82%a3%e3%82%b7%e3%83%a7%e3%83%8b%e3%83%b3%e3%82%b0%e6%95%99%e5%ae%a4%e3%82%b5%e3%83%b3%e3%83%a9%e3%82%a4%e3%83%95%e6%b5%9c%e5%8c%97.html,facts_only,,,,,,unknown,passed_deterministic,public_facts_minimized
WEBd6aaf6d2ac,src_c9e59312d4809087,浜松市スポーツ協会 教室・イベント,https://hamamatsu-sports.or.jp/item/class_venue_address/hamakita-ku/%e3%83%94%e3%83%a9%e3%83%86%e3%82%a3%e3%82%b9%e3%81%a8%e9%aa%a8%e7%9b%a4%e4%bd%93%e6%93%8d%e3%81%a7%e3%81%8d%e3%82%8c%e3%81%84%e3%81%aa%e8%ba%ab%e4%bd%93%e3%81%a5%e3%81%8f%e3%82%8a%ef%bc%81.html,facts_only,,,,,,unknown,passed_deterministic,public_facts_minimized
WEB273dbff01f,src_c9e59312d4809087,浜松市スポーツ協会 教室・イベント,https://hamamatsu-sports.or.jp/item/class_venue_address/hamakita-ku/%e3%83%aa%e3%82%ba%e3%83%a0%e3%81%ab%e3%81%ae%e3%81%9b%e3%81%9f%e5%85%a8%e8%ba%ab%e9%81%8b%e5%8b%95%e3%81%a7%e6%a5%bd%e3%81%97%e3%81%8f%e3%82%b7%e3%82%a7%e3%82%a4%e3%83%97%e3%82%a2%e3%83%83%e3%83%97-3.html,facts_only,,,,,,unknown,passed_deterministic,public_facts_minimized
WEB8fd62f49ef,src_c9e59312d4809087,浜松市スポーツ協会 教室・イベント,https://hamamatsu-sports.or.jp/item/class_venue_address/hamakita-ku/%e3%83%aa%e3%82%ba%e3%83%a0%e3%81%ab%e3%81%ae%e3%81%9b%e3%81%9f%e5%85%a8%e8%ba%ab%e9%81%8b%e5%8b%95%e3%81%a7%e6%a5%bd%e3%81%97%e3%81%8f%e3%82%b7%e3%82%a7%e3%82%a4%e3%83%97%e3%82%a2%e3%83%83%e3%83%97-2.html,facts_only,,,,,,unknown,passed_deterministic,public_facts_minimized
WEB1a22e65691,src_c9e59312d4809087,浜松市スポーツ協会 教室・イベント,https://hamamatsu-sports.or.jp/item/class_venue_address/hamakita-ku/%e3%83%aa%e3%83%a9%e3%83%83%e3%82%af%e3%82%b9%e3%81%8c%e7%9b%ae%e7%9a%84%e3%81%ae%e3%82%84%e3%81%95%e3%81%97%e3%82%81%e3%83%a8%e3%82%ac%e3%80%82%e3%81%bb%e3%81%90%e3%81%97%e3%81%a8%e3%83%a8-10.html,facts_only,,,,,,unknown,passed_deterministic,public_facts_minimized
WEB1f2f130f65,src_c9e59312d4809087,浜松市スポーツ協会 教室・イベント,https://hamamatsu-sports.or.jp/item/class_venue_address/hamakita-ku/%e3%83%aa%e3%83%a9%e3%83%83%e3%82%af%e3%82%b9%e3%81%8c%e7%9b%ae%e7%9a%84%e3%81%ae%e3%82%84%e3%81%95%e3%81%97%e3%82%81%e3%83%a8%e3%82%ac%e3%80%82%e3%81%bb%e3%81%90%e3%81%97%e3%81%a8%e3%83%a8%e3%82%ac-9.html,facts_only,,,,,,unknown,passed_deterministic,public_facts_minimized
WEB82cd965243,src_c9e59312d4809087,浜松市スポーツ協会 教室・イベント,https://hamamatsu-sports.or.jp/item/class_venue_address/hamakita-ku/%e3%83%a9%e3%83%aa%e3%83%bc%e3%82%84%e8%a9%a6%e5%90%88%e3%81%8c%e3%81%a7%e3%81%8d%e3%82%8b%e3%82%88%e3%81%86%e6%a5%bd%e3%81%97%e3%81%8f%e3%83%86%e3%83%8b%e3%82%b9%e3%82%92%e5%ad%a6%e3%81%b3%e3%81%be.html,facts_only,,,,,,unknown,passed_deterministic,public_facts_minimized
WEB5139ceb77b,src_c9e59312d4809087,浜松市スポーツ協会 教室・イベント,https://hamamatsu-sports.or.jp/item/class_venue_address/hamakita-ku/%e3%83%aa%e3%83%ac%e3%83%bc%e3%82%84%e7%90%83%e6%8a%80%e3%81%aa%e3%81%a9%e3%80%81%e6%a5%bd%e3%81%97%e3%81%8f%e5%8b%95%e3%81%84%e3%81%a6%e3%82%b9%e3%83%9d%e3%83%bc%e3%83%84%e3%82%92%e3%82%82%e3%81%a3-5.html,facts_only,,,,,,unknown,passed_deterministic,public_facts_minimized
WEB25726e1aef,src_c9e59312d4809087,浜松市スポーツ協会 教室・イベント,https://hamamatsu-sports.or.jp/item/class_venue_address/hamakita-ku/%e3%83%9e%e3%83%83%e3%83%88%e3%82%84%e8%b7%b3%e3%81%b3%e7%ae%b1%e3%80%81%e9%89%84%e6%a3%92%e9%81%8a%e3%81%b3%e3%81%a7%e6%a5%bd%e3%81%97%e3%81%8f%e4%bd%93%e3%82%92%e5%8b%95%e3%81%8b%e3%81%9d%e3%81%86-4.html,facts_only,,,,,,unknown,passed_deterministic,public_facts_minimized
WEBedde7b31c3,src_c9e59312d4809087,浜松市スポーツ協会 教室・イベント,https://hamamatsu-sports.or.jp/item/class_venue_address/hamakita-ku/%e4%bd%93%e6%93%8d%e3%81%a8%e7%ad%8b%e3%83%88%e3%83%ac%e3%80%81%e3%82%bb%e3%83%ab%e3%83%95%e7%9f%af%e6%ad%a3%e3%81%a7%e6%ad%aa%e3%81%be%e3%81%aa%e3%81%84%e8%ba%ab%e4%bd%93%e3%81%a5%e3%81%8f%e3%82%8a-2.html,facts_only,,,,,,unknown,passed_deterministic,public_facts_minimized
WEB64f216298b,src_c9e59312d4809087,浜松市スポーツ協会 教室・イベント,https://hamamatsu-sports.or.jp/item/class_venue_address/hamakita-ku/%e3%83%aa%e3%82%ba%e3%83%a0%e3%81%ab%e3%81%ae%e3%81%9b%e3%81%9f%e5%85%a8%e8%ba%ab%e9%81%8b%e5%8b%95%e3%81%a7%e6%a5%bd%e3%81%97%e3%81%8f%e3%82%b7%e3%82%a7%e3%82%a4%e3%83%97%e3%82%a2%e3%83%83%e3%83%97.html,facts_only,,,,,,unknown,passed_deterministic,public_facts_minimized
WEB508a124ed3,src_c9e59312d4809087,浜松市スポーツ協会 教室・イベント,https://hamamatsu-sports.or.jp/item/class_venue_address/hamakita-ku/%e3%83%a8%e3%82%ac%e3%82%84%e3%82%a8%e3%82%af%e3%82%b5%e3%82%b5%e3%82%a4%e3%82%ba%e3%81%a7%e3%82%b7%e3%82%a7%e3%82%a4%e3%83%97%e3%82%a2%e3%83%83%e3%83%97%ef%bc%86%e3%83%aa%e3%83%95%e3%83%ac-25.html,facts_only,,,,,,unknown,passed_deterministic,public_facts_minimized
WEBf7b4bd45a2,src_c9e59312d4809087,浜松市スポーツ協会 教室・イベント,https://hamamatsu-sports.or.jp/item/class_venue_address/hamakita-ku/%e3%82%a6%e3%82%a7%e3%83%bc%e3%83%96%e3%82%b9%e3%83%88%e3%83%ac%e3%83%83%e3%83%81%e3%83%aa%e3%83%b3%e3%82%b0%e3%81%a7%e5%bf%83%e8%ba%ab%e3%81%a8%e3%82%82%e3%81%ab%e3%83%aa%e3%83%95%e3%83%ac%e3%83%83.html,facts_only,,,,,,unknown,passed_deterministic,public_facts_minimized
WEB47a17ba446,src_c9e59312d4809087,浜松市スポーツ協会 教室・イベント,https://hamamatsu-sports.or.jp/item/class_venue_address/hamakita-ku/j-pop%e3%82%84%e3%83%86%e3%83%bc%e3%83%9e%e3%83%91%e3%83%bc%e3%82%af%e3%81%ae%e6%9b%b2%e3%81%a7%e6%a5%bd%e3%81%97%e3%81%8f%e8%b8%8a%e3%82%8a%e3%81%be%e3%81%97%e3%82%87%e3%81%86%ef%bc%81-8.html,facts_only,,,,,,unknown,passed_deterministic,public_facts_minimized
WEB8b8460f617,src_c9e59312d4809087,浜松市スポーツ協会 教室・イベント,https://hamamatsu-sports.or.jp/item/class_venue_address/hamakita-ku/%e8%81%9e%e3%81%8d%e3%81%aa%e3%81%98%e3%81%bf%e3%81%ae%e3%81%82%e3%82%8b%e6%9b%b2%e3%81%a7%e6%a5%bd%e3%81%97%e3%81%8f%e8%ba%ab%e4%bd%93%e3%82%92%e5%8b%95%e3%81%8b%e3%81%9d%e3%81%86%ef%bc%81-2.html,facts_only,,,,,,unknown,passed_deterministic,public_facts_minimized
WEB9da69dad88,src_c9e59312d4809087,浜松市スポーツ協会 教室・イベント,https://hamamatsu-sports.or.jp/item/class_venue_address/hamakita-ku/%e8%81%9e%e3%81%8d%e3%81%aa%e3%81%98%e3%81%bf%e3%81%ae%e3%81%82%e3%82%8b%e6%9b%b2%e3%81%a7%e6%a5%bd%e3%81%97%e3%81%8f%e8%ba%ab%e4%bd%93%e3%82%92%e5%8b%95%e3%81%8b%e3%81%9d%e3%81%86%ef%bc%81.html,facts_only,,,,,,unknown,passed_deterministic,public_facts_minimized
WEBd189fce9dd,src_c9e59312d4809087,浜松市スポーツ協会 教室・イベント,https://hamamatsu-sports.or.jp/item/class_venue_address/nishi-ku/%e5%b8%82%e6%b0%91%e3%82%b5%e3%82%a4%e3%82%af%e3%83%aa%e3%83%b3%e3%82%b0%e6%95%99%e5%ae%a4-202604.html,facts_only,,,,,,unknown,passed_deterministic,public_facts_minimized
WEBa968eab42e,src_c9e59312d4809087,浜松市スポーツ協会 教室・イベント,https://hamamatsu-sports.or.jp/item/class_venue_address/hamakita-ku/%e4%bb%8b%e8%ad%b7%e4%ba%88%e9%98%b2%e6%95%99%e5%ae%a4-2026.html,facts_only,,,,,,unknown,passed_deterministic,public_facts_minimized
WEB0cfcea4175,src_c9e59312d4809087,浜松市スポーツ協会 教室・イベント,https://hamamatsu-sports.or.jp/item/class_venue_address/minami-ku/%e3%83%93%e3%83%bc%e3%83%81%e3%83%9c%e3%83%bc%e3%83%ab%e6%99%ae%e5%8f%8a%e4%ba%a4%e6%b5%81%e4%bc%9a-202604.html,facts_only,,,,,,unknown,passed_deterministic,public_facts_minimized
WEB8456dbcfdd,src_c9e59312d4809087,浜松市スポーツ協会 教室・イベント,https://hamamatsu-sports.or.jp/item/class_venue_address/minami-ku/%e3%83%9c%e3%82%a6%e3%83%aa%e3%83%b3%e3%82%b0%e6%95%99%e5%ae%a4-202604.html,facts_only,,,,,,unknown,passed_deterministic,public_facts_minimized
WEBc79692c73a,src_c9e59312d4809087,浜松市スポーツ協会 教室・イベント,https://hamamatsu-sports.or.jp/item/class_venue_address/higashi-ku/%e3%82%b8%e3%83%a5%e3%83%8b%e3%82%a2%e3%83%80%e3%83%b3%e3%82%b9%e3%82%b9%e3%83%9d%e3%83%bc%e3%83%84%e6%95%99%e5%ae%a4-202604.html,facts_only,,,,,,unknown,passed_deterministic,public_facts_minimized
WEB6e3403aa90,src_c9e59312d4809087,浜松市スポーツ協会 教室・イベント,https://hamamatsu-sports.or.jp/item/class_venue_address/nishi-ku/%e3%82%a2%e3%83%bc%e3%83%86%e3%82%a3%e3%82%b9%e3%83%86%e3%82%a3%e3%83%83%e3%82%af%e3%82%b9%e3%82%a4%e3%83%9f%e3%83%b3%e3%82%b0-202604.html,facts_only,,,,,,unknown,passed_deterministic,public_facts_minimized
WEB0dd44c2ee1,src_c9e59312d4809087,浜松市スポーツ協会 教室・イベント,https://hamamatsu-sports.or.jp/item/class_venue_address/nishi-ku/%e9%a3%9b%e8%be%bc%e4%bd%93%e9%a8%93%e6%95%99%e5%ae%a4-202604.html,facts_only,,,,,,unknown,passed_deterministic,public_facts_minimized
WEB7d54027e43,src_c9e59312d4809087,浜松市スポーツ協会 教室・イベント,https://hamamatsu-sports.or.jp/item/class_venue_address/minami-ku/%e6%b5%9c%e6%9d%be%e5%8d%93%e7%90%83%e6%95%99%e5%ae%a4-202604.html,facts_only,,,,,,unknown,passed_deterministic,public_facts_minimized
WEBc9f1b090d7,src_c9e59312d4809087,浜松市スポーツ協会 教室・イベント,https://hamamatsu-sports.or.jp/item/class_venue_address/minami-ku/%e5%bc%93%e9%81%93%e6%95%99%e5%ae%a4-202604%e5%a4%9c.html,facts_only,,,,,,unknown,passed_deterministic,public_facts_minimized
WEBd33387a74c,src_c9e59312d4809087,浜松市スポーツ協会 教室・イベント,https://hamamatsu-sports.or.jp/item/class_venue_address/minami-ku/%e5%bc%93%e9%81%93%e6%95%99%e5%ae%a4-202604.html,facts_only,,,,,,unknown,passed_deterministic,public_facts_minimized
WEBa4afb8b368,src_c9e59312d4809087,浜松市スポーツ協会 教室・イベント,https://hamamatsu-sports.or.jp/item/class_venue_address/naka-ku/%e3%82%b9%e3%82%af%e3%82%a8%e3%82%a2%e3%83%80%e3%83%b3%e3%82%b9%e4%ba%a4%e6%b5%81%e5%a4%a7%e4%bc%9a-2025.html,facts_only,,,,,,unknown,passed_deterministic,public_facts_minimized
WEB8035ac15df,src_c9e59312d4809087,浜松市スポーツ協会 教室・イベント,https://hamamatsu-sports.or.jp/item/class_venue_address/hamakita-ku/%e6%b5%9c%e5%8c%97-%e8%83%8c%e9%aa%a8%e3%82%b3%e3%83%b3%e3%83%87%e3%82%a3%e3%82%b7%e3%83%a7%e3%83%8b%e3%83%b3%e3%82%b0%e6%95%99%e5%ae%a4-%e3%82%b5%e3%83%b3%e3%83%a9%e3%82%a4%e3%83%95-202604.html,facts_only,,,,,,unknown,passed_deterministic,public_facts_minimized
WEBcfaa7212ed,src_c9e59312d4809087,浜松市スポーツ協会 教室・イベント,https://hamamatsu-sports.or.jp/item/class_venue_address/hamakita-ku/%e6%b5%9c%e5%8c%97-%e3%81%af%e3%81%98%e3%82%81%e3%81%a6%e3%81%ae%e3%82%a8%e3%82%a2%e3%83%ad%e3%83%93%e3%82%af%e3%82%b9%e6%95%99%e5%ae%a4-%e3%82%b5%e3%83%b3%e3%83%a9%e3%82%a4%e3%83%95-202604.html,facts_only,,,,,,unknown,passed_deterministic,public_facts_minimized
WEB42e6353cb6,src_c9e59312d4809087,浜松市スポーツ協会 教室・イベント,https://hamamatsu-sports.or.jp/item/class_venue_address/hamakita-ku/%e6%b5%9c%e5%8c%97-%e3%83%aa%e3%83%a9%e3%83%83%e3%82%af%e3%82%b9%e3%83%a8%e3%82%ac%e6%95%99%e5%ae%a4-%e3%82%b5%e3%83%b3%e3%83%a9%e3%82%a4%e3%83%95-202604.html,facts_only,,,,,,unknown,passed_deterministic,public_facts_minimized
WEB7a067a33c3,src_c9e59312d4809087,浜松市スポーツ協会 教室・イベント,https://hamamatsu-sports.or.jp/item/class_venue_address/hamakita-ku/%e6%b5%9c%e5%8c%97-%e3%82%a8%e3%83%b3%e3%82%b8%e3%83%a7%e3%82%a4%e3%83%86%e3%83%8b%e3%82%b9%e6%95%99%e5%ae%a4-202604.html,facts_only,,,,,,unknown,passed_deterministic,public_facts_minimized
WEB184d93b7ee,src_c9e59312d4809087,浜松市スポーツ協会 教室・イベント,https://hamamatsu-sports.or.jp/item/class_venue_address/hamakita-ku/%e6%b5%9c%e5%8c%97-%e3%82%ad%e3%83%83%e3%82%ba%e7%a1%ac%e5%bc%8f%e3%83%86%e3%83%8b%e3%82%b9%e6%95%99%e5%ae%a4-202604.html,facts_only,,,,,,unknown,passed_deterministic,public_facts_minimized
WEBd455d67f55,src_c9e59312d4809087,浜松市スポーツ協会 教室・イベント,https://hamamatsu-sports.or.jp/item/class_venue_address/hamakita-ku/%e6%b5%9c%e5%8c%97-%e3%82%ad%e3%83%83%e3%82%ba%e3%82%bd%e3%83%95%e3%83%88%e3%83%86%e3%83%8b%e3%82%b9%e6%95%99%e5%ae%a4-202604.html,facts_only,,,,,,unknown,passed_deterministic,public_facts_minimized
WEBfbe851bc2d,src_c9e59312d4809087,浜松市スポーツ協会 教室・イベント,https://hamamatsu-sports.or.jp/item/class_venue_address/hamakita-ku/%e6%b5%9c%e5%8c%97-%e3%82%a8%e3%82%a2%e3%83%ad%e3%83%93%e3%82%af%e3%82%b9%e6%95%99%e5%ae%a4-202604.html,facts_only,,,,,,unknown,passed_deterministic,public_facts_minimized
WEB7d719a81dd,src_c9e59312d4809087,浜松市スポーツ協会 教室・イベント,https://hamamatsu-sports.or.jp/item/class_venue_address/hamakita-ku/%e3%83%a8%e3%82%ac%e3%82%84%e3%82%a8%e3%82%af%e3%82%b5%e3%82%b5%e3%82%a4%e3%82%ba%e3%81%a7%e3%82%b7%e3%82%a7%e3%82%a4%e3%83%97%e3%82%a2%e3%83%83%e3%83%97%ef%bc%86%e3%83%aa%e3%83%95%e3%83%ac-23.html,facts_only,,,,,,unknown,passed_deterministic,public_facts_minimized
WEBf116a4635d,src_c9e59312d4809087,浜松市スポーツ協会 教室・イベント,https://hamamatsu-sports.or.jp/item/class_venue_address/hamakita-ku/%e6%b5%9c%e5%8c%97-%e3%82%a6%e3%82%a7%e3%83%bc%e3%83%96%e3%82%b9%e3%83%88%e3%83%ac%e3%83%83%e3%83%81%e3%83%aa%e3%83%b3%e3%82%b0de%e3%82%b9%e3%83%88%e3%83%ac%e3%83%83%e3%83%81-202604.html,facts_only,,,,,,unknown,passed_deterministic,public_facts_minimized
WEBfe7ff9f8fc,src_c9e59312d4809087,浜松市スポーツ協会 教室・イベント,https://hamamatsu-sports.or.jp/item/class_venue_address/hamakita-ku/%e6%b5%9c%e5%8c%97-%e5%99%a8%e6%a2%b0%e4%bd%93%e6%93%8d-202604.html,facts_only,,,,,,unknown,passed_deterministic,public_facts_minimized
WEBf88b14c42b,src_c9e59312d4809087,浜松市スポーツ協会 教室・イベント,https://hamamatsu-sports.or.jp/item/class_venue_address/hamakita-ku/%e6%b5%9c%e5%8c%97-%e3%82%ad%e3%83%83%e3%82%ba%e9%99%b8%e4%b8%8a%e6%95%99%e5%ae%a4-202604.html,facts_only,,,,,,unknown,passed_deterministic,public_facts_minimized
WEBadb5b4268b,src_c9e59312d4809087,浜松市スポーツ協会 教室・イベント,https://hamamatsu-sports.or.jp/item/class_venue_address/nishi-ku/%e3%83%9f%e3%82%ba%e3%83%8e%e6%b5%81%e5%bf%8d%e8%80%85%e5%ad%a6%e6%a0%a1-2025.html,facts_only,,,,,,unknown,passed_deterministic,public_facts_minimized
WEB19216ab286,src_c9e59312d4809087,浜松市スポーツ協会 教室・イベント,https://hamamatsu-sports.or.jp/item/class_venue_address/hamakita-ku/%e9%9f%b3%e6%a5%bd%e3%81%ab%e5%90%88%e3%82%8f%e3%81%9b%e3%81%a6%e6%a5%bd%e3%81%97%e3%81%8f%e4%bd%93%e3%82%92%e5%8b%95%e3%81%8b%e3%81%9d%e3%81%86%ef%bc%81-13.html,facts_only,,,,,,unknown,passed_deterministic,public_facts_minimized
WEB1cb665f73e,src_c9e59312d4809087,浜松市スポーツ協会 教室・イベント,https://hamamatsu-sports.or.jp/item/class_venue_address/hamakita-ku/%e6%a5%bd%e3%81%97%e3%81%8f%e4%bd%93%e3%82%92%e5%8b%95%e3%81%8b%e3%81%97%e3%81%a6%e5%bf%83%e8%ba%ab%e3%83%aa%e3%83%95%e3%83%ac%e3%83%83%e3%82%b7%e3%83%a5%ef%bc%86%e9%81%8b%e5%8b%95%e4%b8%8d%e8%b6%b3-2.html,facts_only,,,,,,unknown,passed_deterministic,public_facts_minimized
WEBc38a5b393a,src_c9e59312d4809087,浜松市スポーツ協会 教室・イベント,https://hamamatsu-sports.or.jp/item/class_venue_address/higashi-ku/%e9%81%8b%e5%8b%95%e9%81%8a%e3%81%b3%e3%82%92%e9%80%9a%e3%81%98%e3%81%a6%e3%80%81%e6%a5%bd%e3%81%97%e3%81%bf%e3%81%aa%e3%81%8c%e3%82%89%e9%81%8b%e5%8b%95%e8%83%bd%e5%8a%9b%e5%90%91%e4%b8%8a%e3%82%92-2.html,facts_only,,,,,,unknown,passed_deterministic,public_facts_minimized
WEB609dd5d164,src_c9e59312d4809087,浜松市スポーツ協会 教室・イベント,https://hamamatsu-sports.or.jp/item/class_venue_address/minami-ku/%e4%bb%b2%e9%96%93%e3%81%a8%e4%b8%80%e7%b7%92%e3%81%ab%e3%83%ac%e3%82%af%e3%83%aa%e3%82%a8%e3%83%bc%e3%82%b7%e3%83%a7%e3%83%b3%e3%82%b9%e3%83%9d%e3%83%bc%e3%83%84%e3%82%92%e3%81%97%e3%82%88%e3%81%86-6.html,facts_only,,,,,,unknown,passed_deterministic,public_facts_minimized
WEB603d622911,src_c9e59312d4809087,浜松市スポーツ協会 教室・イベント,https://hamamatsu-sports.or.jp/item/class_venue_address/higashi-ku/%e3%82%b9%e3%83%88%e3%83%ac%e3%83%83%e3%83%81%e3%82%84%e3%82%a6%e3%82%a9%e3%83%bc%e3%82%ad%e3%83%b3%e3%82%b0%e3%80%81%e3%81%8b%e3%82%93%e3%81%9f%e3%82%93%e3%81%aa%e3%82%b9%e3%83%9d%e3%83%bc%e3%83%84.html,facts_only,,,,,,unknown,passed_deterministic,public_facts_minimized
WEBf99472834f,src_c9e59312d4809087,浜松市スポーツ協会 教室・イベント,https://hamamatsu-sports.or.jp/item/class_venue_address/higashi-ku/%e3%82%86%e3%81%a3%e3%81%8f%e3%82%8a%e5%91%bc%e5%90%b8%e3%81%a7%e5%bf%83%e8%ba%ab%e3%81%ae%e3%83%90%e3%83%a9%e3%83%b3%e3%82%b9%e3%82%92%e6%95%b4%e3%81%88%e3%82%88%e3%81%86%ef%bc%81-8.html,facts_only,,,,,,unknown,passed_deterministic,public_facts_minimized
WEB1a25ca4ae5,src_c9e59312d4809087,浜松市スポーツ協会 教室・イベント,https://hamamatsu-sports.or.jp/item/class_venue_address/higashi-ku/%e5%8d%93%e7%90%83%e3%81%ab%e6%8c%91%e6%88%a6%e3%81%97%e3%81%a6%e3%81%bf%e3%82%88%e3%81%86%ef%bc%81-4.html,facts_only,,,,,,unknown,passed_deterministic,public_facts_minimized
WEB2f285193ca,src_c9e59312d4809087,浜松市スポーツ協会 教室・イベント,https://hamamatsu-sports.or.jp/item/class_venue_address/higashi-ku/%e3%83%90%e3%83%89%e3%83%9f%e3%83%b3%e3%83%88%e3%83%b3%e6%95%99%e5%ae%a4%e3%81%ab%e6%8c%91%e6%88%a6%e3%81%97%e3%81%a6%e3%81%bf%e3%82%88%e3%81%86%ef%bc%81-10.html,facts_only,,,,,,unknown,passed_deterministic,public_facts_minimized
WEB0a4f07cc05,src_c9e59312d4809087,浜松市スポーツ協会 教室・イベント,https://hamamatsu-sports.or.jp/item/class_venue_address/higashi-ku/%e3%83%90%e3%83%89%e3%83%9f%e3%83%b3%e3%83%88%e3%83%b3%e6%95%99%e5%ae%a4%e3%81%ab%e6%8c%91%e6%88%a6%e3%81%97%e3%81%a6%e3%81%bf%e3%82%88%e3%81%86%ef%bc%81-7.html,facts_only,,,,,,unknown,passed_deterministic,public_facts_minimized
WEBada4726a75,src_c9e59312d4809087,浜松市スポーツ協会 教室・イベント,https://hamamatsu-sports.or.jp/item/class_venue_address/higashi-ku/%e3%83%88%e3%83%a9%e3%83%b3%e3%83%9d%e3%83%aa%e3%83%b3%e3%81%a7%e7%a9%ba%e4%b8%ad%e6%84%9f%e8%a6%9a%e3%80%81%e4%bd%93%e5%b9%b9%e3%83%90%e3%83%a9%e3%83%b3%e3%82%b9%e3%80%81%e6%9f%94%e8%bb%9f%e6%80%a7.html,facts_only,,,,,,unknown,passed_deterministic,public_facts_minimized
WEB4482b7970f,src_c9e59312d4809087,浜松市スポーツ協会 教室・イベント,https://hamamatsu-sports.or.jp/item/class_venue_address/higashi-ku/%e8%a6%aa%e5%ad%90%e3%81%a7%e6%a5%bd%e3%81%97%e3%81%8f%e3%81%8b%e3%82%89%e3%81%a0%e3%82%92%e5%8b%95%e3%81%8b%e3%81%9d%e3%81%86%ef%bc%81-14.html,facts_only,,,,,,unknown,passed_deterministic,public_facts_minimized
WEBa870e5c2f9,src_c9e59312d4809087,浜松市スポーツ協会 教室・イベント,https://hamamatsu-sports.or.jp/item/class_venue_address/minami-ku/%e3%83%91%e3%82%b9%e3%81%a8%e3%83%a9%e3%83%b3%e3%83%8b%e3%83%b3%e3%82%b0%e3%81%a7%e5%ae%89%e5%85%a8%e3%81%ab%e3%83%a9%e3%82%b0%e3%83%93%e3%83%bc%e3%82%92%e6%a5%bd%e3%81%97%e3%82%82%e3%81%86%ef%bc%81.html,facts_only,,,,,,unknown,passed_deterministic,public_facts_minimized
WEBf668fd49ff,src_c9e59312d4809087,浜松市スポーツ協会 教室・イベント,https://hamamatsu-sports.or.jp/item/class_venue_address/minami-ku/%e5%bc%93%e9%81%93%e3%82%92%e5%a7%8b%e3%82%81%e3%81%a6%e3%81%bf%e3%81%be%e3%81%9b%e3%82%93%e3%81%8b%ef%bc%9f-7.html,facts_only,,,,,,unknown,passed_deterministic,public_facts_minimized
WEBd4497c0e03,src_c9e59312d4809087,浜松市スポーツ協会 教室・イベント,https://hamamatsu-sports.or.jp/item/class_venue_address/nishi-ku/%e8%b7%b3%e3%81%b3%e7%ae%b1%e3%82%84%e3%83%9e%e3%83%83%e3%83%88%e3%80%81%e9%89%84%e6%a3%92%e3%81%aa%e3%81%a9%e3%80%82-%e8%89%b2%e3%80%85%e3%81%aa%e7%a8%ae%e7%9b%ae%e3%82%92%e7%b5%8c%e9%a8%93-15.html,facts_only,,,,,,unknown,passed_deterministic,public_facts_minimized
WEBef70f30545,src_c9e59312d4809087,浜松市スポーツ協会 教室・イベント,https://hamamatsu-sports.or.jp/item/class_venue_address/nishi-ku/%e3%81%af%e3%81%98%e3%82%81%e3%81%a6%e3%81%ae%e6%96%b9%e3%81%a7%e3%82%82%e5%a4%a7%e4%b8%88%e5%a4%ab%e3%80%81%e4%b8%80%e7%b7%92%e3%81%ab%e5%9f%ba%e7%a4%8e%e3%81%8b%e3%82%89%e5%ad%a6%e3%81%b3-11.html,facts_only,,,,,,unknown,passed_deterministic,public_facts_minimized
WEBa77ab38167,src_c9e59312d4809087,浜松市スポーツ協会 教室・イベント,https://hamamatsu-sports.or.jp/item/class_venue_address/nishi-ku/%e8%bf%91%e5%b9%b4%e3%81%af%e7%94%b7%e5%a5%b3%e3%81%a8%e3%82%82%e3%81%ab%e6%97%a5%e6%9c%ac%e9%81%b8%e6%89%8b%e3%81%ae%e4%b8%96%e7%95%8c%e5%a4%a7%e4%bc%9a%e3%81%a7%e3%81%ae%e6%b4%bb%e8%ba%8d-10.html,facts_only,,,,,,unknown,passed_deterministic,public_facts_minimized
WEB6a635eb84d,src_c9e59312d4809087,浜松市スポーツ協会 教室・イベント,https://hamamatsu-sports.or.jp/item/class_venue_address/nishi-ku/%e9%9f%b3%e6%a5%bd%e3%81%ab%e5%90%88%e3%82%8f%e3%81%9b%e3%81%a6%e7%be%8e%e3%81%97%e3%81%8f%e8%ba%ab%e4%bd%93%e8%a1%a8%e7%8f%be%e3%82%92%e3%81%99%e3%82%8b%e3%82%b9%e3%83%9d%e3%83%bc%e3%83%84-11.html,facts_only,,,,,,unknown,passed_deterministic,public_facts_minimized
WEBde0f033b20,src_c9e59312d4809087,浜松市スポーツ協会 教室・イベント,https://hamamatsu-sports.or.jp/item/class_venue_address/nishi-ku/%e9%9b%a8%e3%81%ae%e6%97%a5%e3%81%a7%e3%82%82%e3%80%81%e3%81%8a%e3%82%82%e3%81%84%e3%81%a3%e3%81%8d%e3%82%8a%e3%82%b5%e3%83%83%e3%82%ab%e3%83%bc%e3%81%ae%e7%b7%b4%e7%bf%92%e3%81%8c%e3%81%a7-11.html,facts_only,,,,,,unknown,passed_deterministic,public_facts_minimized
WEBdcd2ad10be,src_c9e59312d4809087,浜松市スポーツ協会 教室・イベント,https://hamamatsu-sports.or.jp/item/class_venue_address/nishi-ku/%e5%ae%a4%e5%86%85%e3%81%ae%e3%83%86%e3%83%8b%e3%82%b9%e6%95%99%e5%ae%a4%e3%81%a0%e3%81%8b%e3%82%89%e9%9b%a8%e3%81%ae%e6%97%a5%e3%81%a7%e3%82%82%e5%ae%89%e5%bf%83%ef%bc%81%e3%81%be%e3%81%9a%e3%81%af-3.html,facts_only,,,,,,unknown,passed_deterministic,public_facts_minimized
WEB871ff44811,src_c9e59312d4809087,浜松市スポーツ協会 教室・イベント,https://hamamatsu-sports.or.jp/item/class_venue_address/nishi-ku/%e3%81%aa%e3%81%8b%e3%81%aa%e3%81%8b%e5%af%9d%e4%bb%98%e3%81%91%e3%81%aa%e3%81%84%e4%ba%ba%e3%81%ab%e3%82%aa%e3%82%b9%e3%82%b9%e3%83%a1%e3%81%ae%e6%95%99%e5%ae%a4%e3%81%a7%e3%81%99%ef%bc%81%e8%87%aa-9.html,facts_only,,,,,,unknown,passed_deterministic,public_facts_minimized
WEBef74738698,src_c9e59312d4809087,浜松市スポーツ協会 教室・イベント,https://hamamatsu-sports.or.jp/item/class_venue_address/nishi-ku/%e4%bb%8a%e3%81%be%e3%81%a71%e7%a7%92%e3%82%82%e8%b8%8a%e3%81%a3%e3%81%9f%e3%81%93%e3%81%a8%e3%81%8c%e3%81%aa%e3%81%84%e4%ba%ba%e3%81%a7%e3%82%82%e5%a4%a7%e4%b8%88%e5%a4%ab%ef%bc%81%e3%81%94-10.html,facts_only,,,,,,unknown,passed_deterministic,public_facts_minimized
WEBaee20ce416,src_c9e59312d4809087,浜松市スポーツ協会 教室・イベント,https://hamamatsu-sports.or.jp/item/class_venue_address/nishi-ku/%e3%81%9f%e3%81%8a%e3%82%84%e3%81%8b%e3%81%ab%e3%80%81%e3%81%9d%e3%81%97%e3%81%a6%e3%81%97%e3%81%aa%e3%82%84%e3%81%8b%e3%81%ab%ef%bc%81%e3%80%80%e6%ad%a3%e3%81%97%e3%81%84%e5%91%bc%e5%90%b8%e6%b3%95-2.html,facts_only,,,,,,unknown,passed_deterministic,public_facts_minimized
WEBff8a196c6d,src_c9e59312d4809087,浜松市スポーツ協会 教室・イベント,https://hamamatsu-sports.or.jp/item/class_venue_address/nishi-ku/%e6%a5%bd%e3%81%97%e3%81%8f%e6%bf%80%e3%81%97%e3%81%8f%e3%82%a8%e3%82%a2%e3%83%ad%e3%83%93%e3%82%af%e3%82%b9%ef%bc%81%ef%bc%81%e6%97%a5%e9%a0%83%e3%81%ae%e5%ae%b6%e4%ba%8b%e3%82%84%e4%bb%95%e4%ba%8b-3.html,facts_only,,,,,,unknown,passed_deterministic,public_facts_minimized
WEBf21efe7bed,src_c9e59312d4809087,浜松市スポーツ協会 教室・イベント,https://hamamatsu-sports.or.jp/item/class_venue_address/nishi-ku/%e8%87%aa%e5%88%86%e3%81%ae%e3%83%ac%e3%83%99%e3%83%ab%e3%81%ab%e5%90%88%e3%82%8f%e3%81%9b%e3%81%a6%e3%80%81%e7%be%8e%e5%ae%b9%e3%81%a8%e5%81%a5%e5%ba%b7%e3%81%ae%e5%90%91%e4%b8%8a%e3%82%92%e6%84%8f-3.html,facts_only,,,,,,unknown,passed_deterministic,public_facts_minimized
WEBf38082edf4,src_c9e59312d4809087,浜松市スポーツ協会 教室・イベント,https://hamamatsu-sports.or.jp/item/class_venue_address/higashi-ku/%e7%a4%be%e4%ba%a4%e3%83%80%e3%83%b3%e3%82%b9%e6%95%99%e5%ae%a4%ef%bc%88%e6%9c%a8%e6%9b%9c-%e5%9c%9f%e6%9b%9c%ef%bc%89-202604.html,facts_only,,,,,,unknown,passed_deterministic,public_facts_minimized
WEBef76b37dfa,src_c9e59312d4809087,浜松市スポーツ協会 教室・イベント,https://hamamatsu-sports.or.jp/item/class_venue_address/minami-ku/%e7%a4%be%e4%ba%a4%e3%83%80%e3%83%b3%e3%82%b9%e6%95%99%e5%ae%a4%ef%bc%88%e5%8f%af%e7%be%8e%ef%bc%89-202604.html,facts_only,,,,,,unknown,passed_deterministic,public_facts_minimized
WEBf36932e01f,src_c9e59312d4809087,浜松市スポーツ協会 教室・イベント,https://hamamatsu-sports.or.jp/item/class_venue_address/higashi-ku/%e5%a4%aa%e6%a5%b5%e6%8b%b3%e6%95%99%e5%ae%a4-202604.html,facts_only,,,,,,unknown,passed_deterministic,public_facts_minimized
WEB4e7b1a7495,src_c9e59312d4809087,浜松市スポーツ協会 教室・イベント,https://hamamatsu-sports.or.jp/item/class_venue_address/kita-ku/%e5%bc%95%e4%bd%90%e5%90%88%e6%b0%97%e9%81%93%e6%95%99%e5%ae%a4-2026.html,facts_only,,,,,,unknown,passed_deterministic,public_facts_minimized
WEB5aa32e126c,src_c9e59312d4809087,浜松市スポーツ協会 教室・イベント,https://hamamatsu-sports.or.jp/item/class_venue_address/hamakita-ku/%e6%b5%9c%e5%8c%97%e5%90%88%e6%b0%97%e9%81%93%e6%95%99%e5%ae%a4-2026.html,facts_only,,,,,,unknown,passed_deterministic,public_facts_minimized
WEBd6377dd31f,src_c9e59312d4809087,浜松市スポーツ協会 教室・イベント,https://hamamatsu-sports.or.jp/item/class_venue_address/tenryu-ku/%e5%a4%a9%e7%ab%9c%e5%90%88%e6%b0%97%e9%81%93-2026.html,facts_only,,,,,,unknown,passed_deterministic,public_facts_minimized
WEB957b894fe3,src_c9e59312d4809087,浜松市スポーツ協会 教室・イベント,https://hamamatsu-sports.or.jp/item/class_venue_address/naka-ku/%e5%90%88%e6%b0%97%e9%81%93%e6%95%99%e5%ae%a4-2026.html,facts_only,,,,,,unknown,passed_deterministic,public_facts_minimized
WEB40f5fa6425,src_c9e59312d4809087,浜松市スポーツ協会 教室・イベント,https://hamamatsu-sports.or.jp/item/class_venue_address/higashi-ku/%e4%bb%a4%e5%92%8c8%e5%b9%b4%e5%ba%a6%e6%b5%9c%e6%9d%be%e5%b8%82%e5%9c%b0%e5%9f%9f%e3%82%b9%e3%83%9d%e3%83%bc%e3%83%84%e6%8c%87%e5%b0%8e%e8%80%85%e9%a4%8a%e6%88%90%e8%ac%9b%e7%bf%92%e4%bc%9a.html,facts_only,,,,,,unknown,passed_deterministic,public_facts_minimized
WEB30911c8e66,src_c9e59312d4809087,浜松市スポーツ協会 教室・イベント,https://hamamatsu-sports.or.jp/item/class_venue_address/hamakita-ku/%e6%b5%9c%e5%8c%97-%e8%83%8c%e9%aa%a8%e3%82%b3%e3%83%b3%e3%83%87%e3%82%a3%e3%82%b7%e3%83%a7%e3%83%8b%e3%83%b3%e3%82%b0-202604.html,facts_only,,,,,,unknown,passed_deterministic,public_facts_minimized
WEB905154a289,src_c9e59312d4809087,浜松市スポーツ協会 教室・イベント,https://hamamatsu-sports.or.jp/item/class_venue_address/hamakita-ku/%e6%b5%9c%e5%8c%97-%e6%b5%9c%e5%8c%97%e4%bd%93%e8%82%b2%e9%a4%a8%ef%bc%8f%e3%82%b5%e3%83%b3%e3%83%a9%e3%82%a4%e3%83%95%e6%b5%9c%e5%8c%97%e3%82%b9%e3%83%9d%e3%83%bc%e3%83%84%e3%83%87%e3%83%bc-202603.html,facts_only,,,,,,unknown,passed_deterministic,public_facts_minimized
WEB51b4e60d4a,src_c9e59312d4809087,浜松市スポーツ協会 教室・イベント,https://hamamatsu-sports.or.jp/item/class_venue_address/hamakita-ku/%e6%b5%9c%e5%8c%97-%e3%83%94%e3%83%a9%e3%83%86%e3%82%a3%e3%82%b9%e5%88%9d%e7%b4%9a%e3%82%b9%e3%83%88%e3%83%ac%e3%83%83%e3%83%81%e3%83%9d%e3%83%bc%e3%83%ab%e6%95%99%e5%ae%a4%e2%80%90%e6%b5%9c.html,facts_only,,,,,,unknown,passed_deterministic,public_facts_minimized
WEB79f14918fa,src_c9e59312d4809087,浜松市スポーツ協会 教室・イベント,https://hamamatsu-sports.or.jp/item/class_venue_address/hamakita-ku/%e6%b5%9c%e5%8c%97-%e3%82%a8%e3%82%a2%e3%83%ad%ef%bc%86%e3%81%a1%e3%82%87%e3%81%84%e3%83%88%e3%83%ac%ef%bd%b0%e6%b5%9c%e5%8c%97%e4%bd%93%e8%82%b2%e9%a4%a8%e3%80%8d-202604.html,facts_only,,,,,,unknown,passed_deterministic,public_facts_minimized
WEB860ee07ada,src_c9e59312d4809087,浜松市スポーツ協会 教室・イベント,https://hamamatsu-sports.or.jp/item/class_venue_address/hamakita-ku/%e6%b5%9c%e4%bd%93-k-pop%e3%83%80%e3%83%b3%e3%82%b9%e6%95%99%e5%ae%a4-202604.html,facts_only,,,,,,unknown,passed_deterministic,public_facts_minimized
WEB47cfc1267c,src_c9e59312d4809087,浜松市スポーツ協会 教室・イベント,https://hamamatsu-sports.or.jp/item/class_venue_address/hamakita-ku/%e6%b5%9c%e4%bd%93-%e3%83%aa%e3%82%ba%e3%83%a0%e3%83%88%e3%83%ac%e3%83%bc%e3%83%8b%e3%83%b3%e3%82%b0%e6%95%99%e5%ae%a4-202604.html,facts_only,,,,,,unknown,passed_deterministic,public_facts_minimized
WEB4e0be9625f,src_c9e59312d4809087,浜松市スポーツ協会 教室・イベント,https://hamamatsu-sports.or.jp/item/class_venue_address/hamakita-ku/%e6%b5%9c%e4%bd%93-%e8%83%8c%e9%aa%a8%e3%82%b3%e3%83%b3%e3%83%87%e3%82%a3%e3%82%b7%e3%83%a7%e3%83%8b%e3%83%b3%e3%82%b0%e6%95%99%e5%ae%a4-202604.html,facts_only,,,,,,unknown,passed_deterministic,public_facts_minimized
WEBe8e9ef950f,src_c9e59312d4809087,浜松市スポーツ協会 教室・イベント,https://hamamatsu-sports.or.jp/item/class_venue_address/hamakita-ku/%e6%b5%9c%e5%8c%97-%e3%83%94%e3%83%a9%e3%83%86%e3%82%a3%e3%82%b9%e6%95%99%e5%ae%a4%ef%bc%88%e4%b8%ad%e7%b4%9a%ef%bc%89-202604.html,facts_only,,,,,,unknown,passed_deterministic,public_facts_minimized
WEB8935bdf48e,src_c9e59312d4809087,浜松市スポーツ協会 教室・イベント,https://hamamatsu-sports.or.jp/item/class_venue_address/hamakita-ku/%e6%b5%9c%e5%8c%97-%e3%83%9f%e3%82%bb%e3%82%b9%e3%81%ae%e3%81%8b%e3%82%93%e3%81%9f%e3%82%93%e3%82%a8%e3%82%af%e3%82%b5%e3%82%b5%e3%82%a4%e3%82%ba%e6%95%99%e5%ae%a4-202604.html,facts_only,,,,,,unknown,passed_deterministic,public_facts_minimized
WEB38bdcb61e0,src_c9e59312d4809087,浜松市スポーツ協会 教室・イベント,https://hamamatsu-sports.or.jp/item/class_venue_address/hamakita-ku/%e6%b5%9c%e5%8c%97-%e3%81%93%e3%81%a4%e3%81%93%e3%81%a4%e5%81%a5%e5%ba%b7%e4%bd%93%e6%93%8d%e6%95%99%e5%ae%a4-202604.html,facts_only,,,,,,unknown,passed_deterministic,public_facts_minimized
WEB9468ac6dc6,src_c9e59312d4809087,浜松市スポーツ協会 教室・イベント,https://hamamatsu-sports.or.jp/item/class_venue_address/nishi-ku/%e8%88%9e%e9%98%aa-%e5%81%a5%e5%ba%b7%e5%a4%aa%e6%a5%b5%e6%8b%b3%e6%95%99%e5%ae%a4-202604.html,facts_only,,,,,,unknown,passed_deterministic,public_facts_minimized
WEB1a4d731226,src_c9e59312d4809087,浜松市スポーツ協会 教室・イベント,https://hamamatsu-sports.or.jp/item/class_venue_address/nishi-ku/%e8%88%9e%e9%98%aa-%e6%a5%bd%e3%81%97%e3%81%84%e3%82%b9%e3%83%86%e3%83%83%e3%83%97%e3%82%a8%e3%82%a2%e3%83%ad%e6%95%99%e5%ae%a4-202604.html,facts_only,,,,,,unknown,passed_deterministic,public_facts_minimized
WEB3efe97e42f,src_c9e59312d4809087,浜松市スポーツ協会 教室・イベント,https://hamamatsu-sports.or.jp/item/class_venue_address/nishi-ku/%e8%88%9e%e9%98%aa-%e3%81%8b%e3%82%93%e3%81%9f%e3%82%93%e3%82%b9%e3%83%9d%e3%83%bc%e3%83%84%e6%95%99%e5%ae%a4-202604.html,facts_only,,,,,,unknown,passed_deterministic,public_facts_minimized
WEB1a712f6463,src_c9e59312d4809087,浜松市スポーツ協会 教室・イベント,https://hamamatsu-sports.or.jp/item/class_venue_address/nishi-ku/%e9%a3%9b%e8%be%bc%e4%bd%93%e9%a8%93%e6%95%99%e5%ae%a45%e6%9c%88-202605.html,facts_only,,,,,,unknown,passed_deterministic,public_facts_minimized
WEBb0874d705b,src_c9e59312d4809087,浜松市スポーツ協会 教室・イベント,https://hamamatsu-sports.or.jp/item/class_venue_address/minami-ku/%e5%8f%af%e7%be%8e%e3%83%86%e3%83%8b%e3%82%b9%e6%95%99%e5%ae%a45%e6%9c%88-202605.html,facts_only,,,,,,unknown,passed_deterministic,public_facts_minimized
WEB1e830a26b1,src_c9e59312d4809087,浜松市スポーツ協会 教室・イベント,https://hamamatsu-sports.or.jp/item/class_venue_address/nishi-ku/%e3%83%a8%e3%83%83%e3%83%88%e6%95%99%e5%ae%a45%e6%9c%88-202605.html,facts_only,,,,,,unknown,passed_deterministic,public_facts_minimized
WEBacfda02774,src_c9e59312d4809087,浜松市スポーツ協会 教室・イベント,https://hamamatsu-sports.or.jp/item/class_venue_address/nishi-ku/%e3%83%a9%e3%83%86%e3%83%b3%e9%9f%b3%e6%a5%bd%e3%82%84%e3%83%92%e3%83%83%e3%83%97%e3%83%9b%e3%83%83%e3%83%97%e3%81%aa%e3%81%a9%e3%81%ae%e3%83%aa%e3%82%ba%e3%83%a0%e3%81%ab%e5%90%88%e3%82%8f-12.html,facts_only,,,,,,unknown,passed_deterministic,public_facts_minimized
WEB13278f9ad3,src_c9e59312d4809087,浜松市スポーツ協会 教室・イベント,https://hamamatsu-sports.or.jp/item/class_venue_address/nishi-ku/%e3%83%a8%e3%82%ac%e3%81%ae%e5%91%bc%e5%90%b8%e6%b3%95%e3%82%92%e6%84%8f%e8%ad%98%e3%81%97%e3%81%a6%e5%bf%83%e3%81%a8%e4%bd%93%e3%81%ae%e3%83%90%e3%83%a9%e3%83%b3%e3%82%b9%e3%82%92%e8%ba%ab-13.html,facts_only,,,,,,unknown,passed_deterministic,public_facts_minimized
WEB4971b0cd7e,src_c9e59312d4809087,浜松市スポーツ協会 教室・イベント,https://hamamatsu-sports.or.jp/item/class_venue_address/nishi-ku/%e3%81%af%e3%81%98%e3%82%81%e3%81%a6%e3%81%ae%e6%96%b9%e3%81%a7%e3%82%82%e5%a4%a7%e4%b8%88%e5%a4%ab%e3%80%81%e3%83%a8%e3%82%ac%e3%81%ae%e5%9f%ba%e6%9c%ac%e3%82%92%e3%82%8f%e3%81%8b%e3%82%8a-27.html,facts_only,,,,,,unknown,passed_deterministic,public_facts_minimized
WEB04200eb675,src_c9e59312d4809087,浜松市スポーツ協会 教室・イベント,https://hamamatsu-sports.or.jp/item/class_venue_address/nishi-ku/%e3%81%af%e3%81%98%e3%82%81%e3%81%a6%e3%81%ae%e6%96%b9%e3%81%a7%e3%82%82%e5%a4%a7%e4%b8%88%e5%a4%ab%e3%80%81%e3%83%a8%e3%82%ac%e3%81%ae%e5%9f%ba%e6%9c%ac%e3%82%92%e3%82%8f%e3%81%8b%e3%82%8a-26.html,facts_only,,,,,,unknown,passed_deterministic,public_facts_minimized
WEB73e1cfc1e0,src_c9e59312d4809087,浜松市スポーツ協会 教室・イベント,https://hamamatsu-sports.or.jp/item/class_venue_address/nishi-ku/%e3%83%80%e3%82%a4%e3%82%a8%e3%83%83%e3%83%88%e3%81%ab%e6%ac%a0%e3%81%8b%e3%81%9b%e3%81%aa%e3%81%84%e3%80%81%e5%9f%ba%e7%a4%8e%e4%bb%a3%e8%ac%9d%e3%82%a2%e3%83%83%e3%83%97%e3%81%ae%e3%81%9f%e3%82%81-3.html,facts_only,,,,,,unknown,passed_deterministic,public_facts_minimized
WEB2e3792adff,src_c9e59312d4809087,浜松市スポーツ協会 教室・イベント,https://hamamatsu-sports.or.jp/item/class_venue_address/nishi-ku/%e3%83%af%e3%82%af%e3%83%af%e3%82%af%e3%81%97%e3%81%aa%e3%81%8c%e3%82%89%e6%a5%bd%e3%80%85%e6%a5%bd%e3%81%97%e3%81%84%ef%bc%81%e5%85%a8%e8%ba%ab%e3%81%ae%e7%ad%8b%e8%82%89%e3%82%92%e3%83%90-12.html,facts_only,,,,,,unknown,passed_deterministic,public_facts_minimized
WEBca52a22fdc,src_c9e59312d4809087,浜松市スポーツ協会 教室・イベント,https://hamamatsu-sports.or.jp/item/class_venue_address/higashi-ku/%e9%81%8b%e5%8b%95%e4%bc%9a%e3%82%84%e4%bd%93%e5%8a%9b%e3%83%86%e3%82%b9%e3%83%88%e3%81%ab%e5%90%91%e3%81%91%e3%81%a6%e3%80%81%e6%ad%a3%e3%81%97%e3%81%84%e8%b5%b0%e3%82%8a%e6%96%b9%e3%82%92%e5%ad%a6.html,facts_only,,,,,,unknown,passed_deterministic,public_facts_minimized
WEB34da369af5,src_c9e59312d4809087,浜松市スポーツ協会 教室・イベント,https://hamamatsu-sports.or.jp/item/class_venue_address/nishi-ku/%e8%ba%ab%e4%bd%93%e3%81%ae%e3%82%b3%e3%82%a2%e3%81%aa%e9%83%a8%e5%88%86%e3%82%92%e9%8d%9b%e3%81%88%e3%81%a6%e5%8b%95%e3%81%8d%e3%82%84%e3%81%99%e3%81%84%e4%bd%93%e3%82%92%e4%bd%9c%e3%82%8a%e3%81%be-2.html,facts_only,,,,,,unknown,passed_deterministic,public_facts_minimized
WEBa363d9a3f7,src_c9e59312d4809087,浜松市スポーツ協会 教室・イベント,https://hamamatsu-sports.or.jp/item/class_venue_address/nishi-ku/%e3%83%94%e3%83%a9%e3%83%86%e3%82%a3%e3%82%b9%e3%81%ae%e5%8b%95%e4%bd%9c%e3%82%92%e7%bf%92%e5%be%97%e3%81%99%e3%82%8b%e3%81%93%e3%81%a8%e3%81%a7%e3%80%81%e3%81%8b%e3%82%89%e3%81%a0%e3%81%ae%e3%82%86-8.html,facts_only,,,,,,unknown,passed_deterministic,public_facts_minimized
WEB9f8916476a,src_c9e59312d4809087,浜松市スポーツ協会 教室・イベント,https://hamamatsu-sports.or.jp/item/class_venue_address/nishi-ku/%e4%bd%93%e3%81%ae%e3%82%86%e3%81%8c%e3%81%bf%e3%82%92%e6%95%b4%e3%81%88%e7%ad%8b%e5%8a%9b%e5%bc%b7%e5%8c%96%ef%bc%81%e5%a7%bf%e5%8b%a2%e3%81%ae%e7%9f%af%e6%ad%a3%e3%82%84%e7%96%b2%e3%82%8c-10.html,facts_only,,,,,,unknown,passed_deterministic,public_facts_minimized
WEB288d052f39,src_c9e59312d4809087,浜松市スポーツ協会 教室・イベント,https://hamamatsu-sports.or.jp/item/class_venue_address/nishi-ku/%e9%80%b1%e3%81%ab%e4%b8%80%e5%9b%9e%e3%80%81%e3%82%b9%e3%83%88%e3%83%ac%e3%83%83%e3%83%81%e3%81%a8%e3%83%aa%e3%82%ba%e3%83%a0%e4%bd%93%e6%93%8d%e3%81%a7%e9%81%8b%e5%8b%95%e4%b8%8d%e8%b6%b3%e8%a7%a3.html,facts_only,,,,,,unknown,passed_deterministic,public_facts_minimized
WEB5a8e35686d,src_c9e59312d4809087,浜松市スポーツ協会 教室・イベント,https://hamamatsu-sports.or.jp/item/class_venue_address/tenryu-ku/%e3%83%86%e3%83%8b%e3%82%b9%e3%82%92%e9%80%9a%e3%81%97%e3%81%a6%e5%a4%8f%e4%bc%91%e3%81%bf%e4%b8%ad%e3%81%ae%e4%bd%93%e5%8a%9b%e5%a2%97%e9%80%b2%e3%81%a8%e4%bb%96%e6%a0%a1%e3%81%ae%e5%85%90%e7%ab%a5.html,facts_only,,,,,,unknown,passed_deterministic,public_facts_minimized
WEB7da5f11799,src_c9e59312d4809087,浜松市スポーツ協会 教室・イベント,https://hamamatsu-sports.or.jp/item/class_venue_address/hamakita-ku/%e3%82%b9%e3%83%88%e3%83%ac%e3%83%83%e3%83%81%e3%81%a8%e3%81%8b%e3%82%93%e3%81%9f%e3%82%93%e7%ad%8b%e3%83%88%e3%83%ac%e3%81%a7%e8%ba%ab%e4%bd%93%e3%82%92%e6%95%b4%e3%81%88%e3%81%be%e3%81%97%e3%82%87-6.html,facts_only,,,,,,unknown,passed_deterministic,public_facts_minimized
WEB4e5d7ea729,src_c9e59312d4809087,浜松市スポーツ協会 教室・イベント,https://hamamatsu-sports.or.jp/item/class_venue_address/hamakita-ku/%e3%83%aa%e3%82%ba%e3%83%a0%e3%81%ab%e3%81%ae%e3%81%9b%e3%81%9f%e5%85%a8%e8%ba%ab%e9%81%8b%e5%8b%95%e3%81%a8%e3%80%81%e3%81%8b%e3%82%93%e3%81%9f%e3%82%93%e7%ad%8b%e3%83%88%e3%83%ac%e7%ad%89%e3%81%a7-6.html,facts_only,,,,,,unknown,passed_deterministic,public_facts_minimized
WEB43af77c63a,src_c9e59312d4809087,浜松市スポーツ協会 教室・イベント,https://hamamatsu-sports.or.jp/item/class_venue_address/hamakita-ku/%e6%9b%b4%e5%b9%b4%e6%9c%9f%e7%97%87%e7%8a%b6%e3%81%a8%e8%87%aa%e5%88%86%e3%81%ae%e8%ba%ab%e4%bd%93%e3%82%92%e7%9f%a5%e3%81%a3%e3%81%a6%e3%80%81%e6%a5%bd%e3%81%97%e3%81%84%e5%b9%b8-9.html,facts_only,,,,,,unknown,passed_deterministic,public_facts_minimized
WEBa6a46cecb1,src_c9e59312d4809087,浜松市スポーツ協会 教室・イベント,https://hamamatsu-sports.or.jp/item/class_venue_address/hamakita-ku/%e7%a1%ac%e5%bc%8f%e3%83%86%e3%83%8b%e3%82%b9%e3%82%92%e9%80%9a%e3%81%97%e3%81%a6%e3%82%b9%e3%83%9d%e3%83%bc%e3%83%84%e3%82%92%e5%a5%bd%e3%81%8d%e3%81%ab%e3%81%aa%e3%82%8d%e3%81%86%ef%bc%81.html,facts_only,,,,,,unknown,passed_deterministic,public_facts_minimized
WEB9b61176ab5,src_c9e59312d4809087,浜松市スポーツ協会 教室・イベント,https://hamamatsu-sports.or.jp/item/class_venue_address/hamakita-ku/%e3%82%bd%e3%83%95%e3%83%88%e3%83%86%e3%83%8b%e3%82%b9%e3%82%92%e9%80%9a%e3%81%97%e3%81%a6%e3%82%b9%e3%83%9d%e3%83%bc%e3%83%84%e3%82%92%e5%a5%bd%e3%81%8d%e3%81%ab%e3%81%aa%e3%82%8d%e3%81%86%ef%bc%81.html,facts_only,,,,,,unknown,passed_deterministic,public_facts_minimized
WEB38ff0ab7c8,src_c9e59312d4809087,浜松市スポーツ協会 教室・イベント,https://hamamatsu-sports.or.jp/item/class_venue_address/hamakita-ku/%e5%ba%83%e3%81%84%e3%82%b0%e3%83%a9%e3%82%a6%e3%83%b3%e3%83%89%e3%81%a7%e6%a5%bd%e3%81%97%e3%81%8f%e5%8b%95%e3%81%84%e3%81%a6%e3%82%b9%e3%83%9d%e3%83%bc%e3%83%84%e3%82%92%e3%82%82%e3%81%a3%e3%81%a8.html,facts_only,,,,,,unknown,passed_deterministic,public_facts_minimized
WEB05b5360e47,src_c9e59312d4809087,浜松市スポーツ協会 教室・イベント,https://hamamatsu-sports.or.jp/item/class_venue_address/higashi-ku/%e3%80%90%e6%96%b0%e8%a6%8f%e6%95%99%e5%ae%a4%e3%80%91%e7%94%b7%e6%80%a7%e9%99%90%e5%ae%9a%ef%bc%81%ef%bc%81%e7%ad%8b%e5%8a%9b%e3%82%a2%e3%83%83%e3%83%97%e3%80%81%e5%81%a5%e5%ba%b7%e3%81%a5%e3%81%8f.html,facts_only,,,,,,unknown,passed_deterministic,public_facts_minimized
WEB99f2f4888e,src_c9e59312d4809087,浜松市スポーツ協会 教室・イベント,https://hamamatsu-sports.or.jp/item/class_venue_address/higashi-ku/%e8%8b%a6%e6%89%8b%e6%84%8f%e8%ad%98%e3%81%ae%e3%81%82%e3%82%8b%e3%83%9e%e3%83%83%e3%83%88%e3%82%92%e3%80%81%e8%a6%96%e7%82%b9%e3%82%92%e5%a4%89%e3%81%88%e3%81%9f%e3%82%a2%e3%83%97%e3%83%ad%e3%83%bc-2.html,facts_only,,,,,,unknown,passed_deterministic,public_facts_minimized
WEB26d3236ebe,src_c9e59312d4809087,浜松市スポーツ協会 教室・イベント,https://hamamatsu-sports.or.jp/item/class_venue_address/naka-ku/%e5%9b%9b%e3%83%84%e6%b1%a0-%e3%82%86%e3%81%a3%e3%81%9f%e3%82%8a%e3%83%a8%e3%82%ac%e6%95%99%e5%ae%a4-202604.html,facts_only,,,,,,unknown,passed_deterministic,public_facts_minimized
WEBfdbffecf1c,src_c9e59312d4809087,浜松市スポーツ協会 教室・イベント,https://hamamatsu-sports.or.jp/item/class_venue_address/naka-ku/%e5%9b%9b%e3%83%84%e6%b1%a0-%e3%83%aa%e3%82%bb%e3%83%83%e3%83%88%e3%83%a8%e3%82%ac%ef%bc%86%e3%83%94%e3%83%a9%e3%83%86%e3%82%a3%e3%82%b9%e6%95%99%e5%ae%a4-202604.html,facts_only,,,,,,unknown,passed_deterministic,public_facts_minimized
WEB2ba5940aa1,src_c9e59312d4809087,浜松市スポーツ協会 教室・イベント,https://hamamatsu-sports.or.jp/item/class_venue_address/naka-ku/%e5%9b%9b%e3%83%84%e6%b1%a0-%e5%a5%b3%e6%80%a7%e3%81%ae%e3%81%9f%e3%82%81%e3%81%ae%e3%83%9c%e3%83%87%e3%82%a3%e3%82%b1%e3%82%a2%e6%95%99%e5%ae%a4-202604.html,facts_only,,,,,,unknown,passed_deterministic,public_facts_minimized
WEBe10d91fe87,src_c9e59312d4809087,浜松市スポーツ協会 教室・イベント,https://hamamatsu-sports.or.jp/item/class_venue_address/naka-ku/%e5%9b%9b%e3%83%84%e6%b1%a0-%e8%83%8c%e9%aa%a8%e3%82%b3%e3%83%b3%e3%83%87%e3%82%a3%e3%82%b7%e3%83%a7%e3%83%8b%e3%83%b3%e3%82%b0%e6%95%99%e5%ae%a4-202604.html,facts_only,,,,,,unknown,passed_deterministic,public_facts_minimized
WEBb30fc79d97,src_c9e59312d4809087,浜松市スポーツ協会 教室・イベント,https://hamamatsu-sports.or.jp/item/class_venue_address/naka-ku/%e5%9b%9b%e3%83%84%e6%b1%a0-%e3%83%aa%e3%83%a9%e3%83%83%e3%82%af%e3%82%b9%ef%bc%86%e3%83%aa%e3%82%bb%e3%83%83%e3%83%88%e3%83%a8%e3%82%ac-202604.html,facts_only,,,,,,unknown,passed_deterministic,public_facts_minimized
WEBdf434e230b,src_c9e59312d4809087,浜松市スポーツ協会 教室・イベント,https://hamamatsu-sports.or.jp/item/class_venue_address/naka-ku/%e5%9b%9b%e3%83%84%e6%b1%a0-%e3%82%84%e3%81%95%e3%81%97%e3%81%84%e3%82%b7%e3%82%a7%e3%82%a4%e3%83%97%e3%83%94%e3%83%a9%e3%83%86%e3%82%a3%e3%82%b9%e6%95%99%e5%ae%a4-202604.html,facts_only,,,,,,unknown,passed_deterministic,public_facts_minimized
WEB1bbba923c5,src_c9e59312d4809087,浜松市スポーツ協会 教室・イベント,https://hamamatsu-sports.or.jp/item/class_venue_address/naka-ku/%e5%9b%9b%e3%83%84%e6%b1%a0-%e5%b0%8f%e5%ad%a6%e7%94%9f%e9%99%b8%e4%b8%8a%e6%95%99%e5%ae%a4-202605.html,facts_only,,,,,,unknown,passed_deterministic,public_facts_minimized
WEBd3e483866d,src_c9e59312d4809087,浜松市スポーツ協会 教室・イベント,https://hamamatsu-sports.or.jp/item/class_venue_address/hamakita-ku/%e6%b5%9c%e5%8c%97-hiphop%e3%83%80%e3%83%b3%e3%82%b9%e6%95%99%e5%ae%a4-202604.html,facts_only,,,,,,unknown,passed_deterministic,public_facts_minimized
WEBd9d8ef9472,src_c9e59312d4809087,浜松市スポーツ協会 教室・イベント,https://hamamatsu-sports.or.jp/item/class_venue_address/hamakita-ku/%e6%b5%9c%e5%8c%97-%e3%82%ad%e3%83%83%e3%82%ba%e3%83%80%e3%83%b3%e3%82%b9%e6%95%99%e5%ae%a4-202604.html,facts_only,,,,,,unknown,passed_deterministic,public_facts_minimized
WEBc93628576b,src_c9e59312d4809087,浜松市スポーツ協会 教室・イベント,https://hamamatsu-sports.or.jp/item/class_venue_address/hamakita-ku/%e6%b5%9c%e5%8c%97-%e3%82%b8%e3%83%a3%e3%82%ba%e3%83%80%e3%83%b3%e3%82%b9-202604.html,facts_only,,,,,,unknown,passed_deterministic,public_facts_minimized
WEB89f536fed2,src_c9e59312d4809087,浜松市スポーツ協会 教室・イベント,https://hamamatsu-sports.or.jp/item/class_venue_address/hamakita-ku/%e6%b5%9c%e5%8c%97-%e3%83%86%e3%83%bc%e3%83%9e%e3%83%91%e3%83%bc%e3%82%af%e3%82%b8%e3%83%a3%e3%82%ba%e6%95%99%e5%ae%a4-202604.html,facts_only,,,,,,unknown,passed_deterministic,public_facts_minimized
WEBee48f6b50e,src_c9e59312d4809087,浜松市スポーツ協会 教室・イベント,https://hamamatsu-sports.or.jp/item/class_venue_address/hamakita-ku/%e6%b5%9c%e5%8c%97-%e3%82%ad%e3%83%83%e3%82%ba%e3%83%95%e3%82%a3%e3%83%bc%e3%83%ab%e3%83%89%e3%82%b9%e3%83%9d%e3%83%bc%e3%83%84%e6%95%99%e5%ae%a4-202604.html,facts_only,,,,,,unknown,passed_deterministic,public_facts_minimized
WEB12bcb2849c,src_c9e59312d4809087,浜松市スポーツ協会 教室・イベント,https://hamamatsu-sports.or.jp/item/class_venue_address/higashi-ku/%e3%82%a2%e3%83%aa%e3%83%bc%e3%83%8a-%e8%83%8c%e9%aa%a8%e3%82%b3%e3%83%b3%e3%83%87%e3%82%a3%e3%82%b7%e3%83%a7%e3%83%8b%e3%83%b3%e3%82%b0%e6%95%99%e5%ae%a4-202604.html,facts_only,,,,,,unknown,passed_deterministic,public_facts_minimized
WEB1585b2653e,src_c9e59312d4809087,浜松市スポーツ協会 教室・イベント,https://hamamatsu-sports.or.jp/item/class_venue_address/higashi-ku/%e3%82%a2%e3%83%aa%e3%83%bc%e3%83%8a-%e3%82%b5%e3%83%ab%e3%82%bb%e3%83%bc%e3%82%b7%e3%83%a7%e3%83%b3%e6%95%99%e5%ae%a4-202604.html,facts_only,,,,,,unknown,passed_deterministic,public_facts_minimized
WEBd62838bf9c,src_c9e59312d4809087,浜松市スポーツ協会 教室・イベント,https://hamamatsu-sports.or.jp/item/class_venue_address/higashi-ku/%e3%82%a2%e3%83%aa%e3%83%bc%e3%83%8a-%e3%82%89%e3%81%8f%e3%82%89%e3%81%8f%e3%83%a8%e3%82%ac%e6%95%99%e5%ae%a4-202604.html,facts_only,,,,,,unknown,passed_deterministic,public_facts_minimized
WEB104b90be8b,src_c9e59312d4809087,浜松市スポーツ協会 教室・イベント,https://hamamatsu-sports.or.jp/item/class_venue_address/higashi-ku/%e3%82%a2%e3%83%aa%e3%83%bc%e3%83%8a-%e3%81%8b%e3%82%93%e3%81%9f%e3%82%93%e3%83%80%e3%83%b3%e3%82%b9%e6%95%99%e5%ae%a4-202604.html,facts_only,,,,,,unknown,passed_deterministic,public_facts_minimized
WEB26a21a5cab,src_c9e59312d4809087,浜松市スポーツ協会 教室・イベント,https://hamamatsu-sports.or.jp/item/class_venue_address/minami-ku/%e3%82%a2%e3%83%aa%e3%83%bc%e3%83%8a-%e3%81%84%e3%81%8d%e3%81%84%e3%81%8d%e3%83%ac%e3%82%af%e3%82%b9%e3%83%9d%e6%95%99%e5%ae%a4-202604.html,facts_only,,,,,,unknown,passed_deterministic,public_facts_minimized
WEB01a73c2a37,src_c9e59312d4809087,浜松市スポーツ協会 教室・イベント,https://hamamatsu-sports.or.jp/item/class_venue_address/higashi-ku/%e3%82%a2%e3%83%aa%e3%83%bc%e3%83%8a-%e3%83%a8%e3%82%ac%ef%bc%86%e3%83%94%e3%83%a9%e3%83%86%e3%82%a3%e3%82%b9%e6%95%99%e5%ae%a4-202604.html,facts_only,,,,,,unknown,passed_deterministic,public_facts_minimized
WEB97c39f8b4e,src_c9e59312d4809087,浜松市スポーツ協会 教室・イベント,https://hamamatsu-sports.or.jp/item/class_venue_address/higashi-ku/%e3%82%a2%e3%83%aa%e3%83%bc%e3%83%8a-zumba%e6%95%99%e5%ae%a4-202604.html,facts_only,,,,,,unknown,passed_deterministic,public_facts_minimized
WEB02b5e69486,src_c9e59312d4809087,浜松市スポーツ協会 教室・イベント,https://hamamatsu-sports.or.jp/item/class_venue_address/higashi-ku/%e3%82%a2%e3%83%aa%e3%83%bc%e3%83%8a%ef%bd%b0%e3%82%ad%e3%83%83%e3%82%ba%e3%83%80%e3%83%b3%e3%82%b9%e6%95%99%e5%ae%a4-202604.html,facts_only,,,,,,unknown,passed_deterministic,public_facts_minimized
WEB2975fd0a9d,src_c9e59312d4809087,浜松市スポーツ協会 教室・イベント,https://hamamatsu-sports.or.jp/item/class_venue_address/higashi-ku/%e3%82%a2%e3%83%aa%e3%83%bc%e3%83%8a-%e3%82%84%e3%81%95%e3%81%97%e3%81%84%e3%83%a8%e3%82%ac%e6%95%99%e5%ae%a4-202604.html,facts_only,,,,,,unknown,passed_deterministic,public_facts_minimized
WEBdbf6bb2aad,src_c9e59312d4809087,浜松市スポーツ協会 教室・イベント,https://hamamatsu-sports.or.jp/item/class_venue_address/higashi-ku/%e3%82%a2%e3%83%aa%e3%83%bc%e3%83%8a-%e3%82%ad%e3%83%83%e3%82%ba%e3%83%81%e3%83%a3%e3%83%ac%e3%83%b3%e3%82%b8%e6%95%99%e5%ae%a4-202604.html,facts_only,,,,,,unknown,passed_deterministic,public_facts_minimized
WEB4c6cfa7b78,src_c9e59312d4809087,浜松市スポーツ協会 教室・イベント,https://hamamatsu-sports.or.jp/item/class_venue_address/higashi-ku/%e3%82%a2%e3%83%aa%e3%83%bc%e3%83%8a-%e3%81%af%e3%81%a4%e3%82%89%e3%81%a4%e4%bd%93%e5%8a%9b%e3%82%a2%e3%83%83%e3%83%97%e6%95%99%e5%ae%a4-202604.html,facts_only,,,,,,unknown,passed_deterministic,public_facts_minimized
WEB33b18a30b7,src_c9e59312d4809087,浜松市スポーツ協会 教室・イベント,https://hamamatsu-sports.or.jp/item/class_venue_address/hamakita-ku/%e6%b5%9c%e5%8c%97-%e3%81%8f%e3%82%8b%e3%81%8f%e3%82%8b%e3%82%b9%e3%83%9d%e3%83%bc%e3%83%84%e6%95%99%e5%ae%a4-202604.html,facts_only,,,,,,unknown,passed_deterministic,public_facts_minimized
WEBcc4fd0cdcc,src_c9e59312d4809087,浜松市スポーツ協会 教室・イベント,https://hamamatsu-sports.or.jp/item/class_venue_address/minami-ku/%e5%9b%bd%e6%8a%80%e3%81%a7%e3%81%82%e3%82%8b%e7%9b%b8%e6%92%b2%e3%82%92%e9%80%9a%e3%81%98%e3%81%a6%e3%80%81%e7%a4%bc%e5%84%80%e3%82%84%e6%80%9d%e3%81%84%e3%82%84%e3%82%8a%e3%80%81%e6%b0%97-12.html,facts_only,,,,,,unknown,passed_deterministic,public_facts_minimized
WEB27f5e66d1a,src_c9e59312d4809087,浜松市スポーツ協会 教室・イベント,https://hamamatsu-sports.or.jp/item/class_venue_address/naka-ku/%e5%ad%90%e3%81%a9%e3%82%82%e4%bc%9a%e3%81%ae%e3%83%aa%e3%83%bc%e3%83%80%e3%83%bc%e3%81%a8%e3%81%97%e3%81%a6%e4%bd%93%e6%93%8d%e6%8c%87%e5%b0%8e%e3%81%8c%e3%81%a7%e3%81%8d%e3%82%8b%e3%82%88%e3%81%86.html,facts_only,,,,,,unknown,passed_deterministic,public_facts_minimized
WEB9a19042b40,src_c9e59312d4809087,浜松市スポーツ協会 教室・イベント,https://hamamatsu-sports.or.jp/item/class_venue_address/kita-ku/%e5%b0%91%e6%9e%97%e5%af%ba%e6%8b%b3%e6%b3%95%e3%82%92%e4%bd%93%e9%a8%93%e3%81%97%e3%81%a6%e3%81%bf%e3%82%88%e3%81%86%ef%bc%81-29.html,facts_only,,,,,,unknown,passed_deterministic,public_facts_minimized
WEB1aaa6ed69d,src_c9e59312d4809087,浜松市スポーツ協会 教室・イベント,https://hamamatsu-sports.or.jp/item/class_venue_address/minami-ku/%e5%81%a5%e5%ba%b7%e3%81%ab%e3%83%9c%e3%82%a6%e3%83%aa%e3%83%b3%e3%82%b0%e3%80%81%e3%82%b9%e3%83%9d%e3%83%bc%e3%83%84%e3%81%ab%e3%83%9c%e3%82%a6%e3%83%aa%e3%83%b3%e3%82%b0%e3%80%80%e3%81%bc%e3%81%a1-6.html,facts_only,,,,,,unknown,passed_deterministic,public_facts_minimized
WEB8b8d69dd2d,src_c9e59312d4809087,浜松市スポーツ協会 教室・イベント,https://hamamatsu-sports.or.jp/item/class_venue_address/naka-ku/%e6%a5%bd%e3%81%97%e3%81%8f%e5%89%a3%e9%81%93%e3%82%92%e5%ad%a6%e3%81%b3%e3%80%81%e7%a4%bc%e5%84%80%e6%ad%a3%e3%81%97%e3%81%8f%e3%80%81%e5%bf%83%e8%ba%ab%e3%81%a8%e3%82%82%e3%81%ab%e5%bc%b7%e3%81%8f-3.html,facts_only,,,,,,unknown,passed_deterministic,public_facts_minimized
WEB135b61e879,src_c9e59312d4809087,浜松市スポーツ協会 教室・イベント,https://hamamatsu-sports.or.jp/item/class_venue_address/naka-ku/%e6%a5%bd%e3%81%97%e3%81%8f%e5%89%a3%e9%81%93%e3%82%92%e5%ad%a6%e3%81%b3%e3%80%81%e7%a4%bc%e5%84%80%e6%ad%a3%e3%81%97%e3%81%8f%e3%80%81%e5%bf%83%e8%ba%ab%e3%81%a8%e3%82%82%e3%81%ab%e5%bc%b7%e3%81%8f-2.html,facts_only,,,,,,unknown,passed_deterministic,public_facts_minimized
WEB6492adab38,src_c9e59312d4809087,浜松市スポーツ協会 教室・イベント,https://hamamatsu-sports.or.jp/item/class_venue_address/kita-ku/%e3%82%aa%e3%83%aa%e3%82%a8%e3%83%b3%e3%83%86%e3%83%bc%e3%83%aa%e3%83%b3%e3%82%b0%e3%82%92%e6%a5%bd%e3%81%97%e3%82%82%e3%81%86%ef%bc%81.html,facts_only,,,,,,unknown,passed_deterministic,public_facts_minimized
WEBdeffdda2b7,src_c9e59312d4809087,浜松市スポーツ協会 教室・イベント,https://hamamatsu-sports.or.jp/item/class_venue_address/higashi-ku/%e8%8b%a6%e6%89%8b%e6%84%8f%e8%ad%98%e3%81%ae%e3%81%82%e3%82%8b%e3%83%9e%e3%83%83%e3%83%88%e3%82%92%e3%80%81%e8%a6%96%e7%82%b9%e3%82%92%e5%a4%89%e3%81%88%e3%81%9f%e3%82%a2%e3%83%97%e3%83%ad%e3%83%bc.html,facts_only,,,,,,unknown,passed_deterministic,public_facts_minimized
WEB9dceea6c4e,src_c9e59312d4809087,浜松市スポーツ協会 教室・イベント,https://hamamatsu-sports.or.jp/item/class_venue_address/nishi-ku/%e9%81%8b%e5%8b%95%e3%81%ae%e5%9f%ba%e6%9c%ac%e5%8b%95%e4%bd%9c%e3%81%a8%e3%81%a8%e3%82%82%e3%81%ab%e3%80%81%e3%80%8c%e3%83%9e%e3%83%83%e3%83%88%e9%81%8b%e5%8b%95%e3%80%8d%e3%81%a8%e3%80%8c%e9%89%84-3.html,facts_only,,,,,,unknown,passed_deterministic,public_facts_minimized
WEBf311723398,src_c9e59312d4809087,浜松市スポーツ協会 教室・イベント,https://hamamatsu-sports.or.jp/item/class_venue_address/nishi-ku/%e3%82%b8%e3%83%a7%e3%82%ae%e3%83%b3%e3%82%b0%e6%95%99%e5%ae%a4-6.html,facts_only,,,,,,unknown,passed_deterministic,public_facts_minimized
WEB2fae670cab,src_c9e59312d4809087,浜松市スポーツ協会 教室・イベント,https://hamamatsu-sports.or.jp/item/class_venue_address/higashi-ku/%e5%b8%82%e6%b0%91%e5%90%9f%e8%a9%a0%e5%a4%a7%e4%bc%9a.html,facts_only,,,,,,unknown,passed_deterministic,public_facts_minimized
WEBbb9afe0bb9,src_c9e59312d4809087,浜松市スポーツ協会 教室・イベント,https://hamamatsu-sports.or.jp/item/class_venue_address/nishi-ku/%e5%85%a8%e8%ba%ab%e3%82%92%e4%bd%bf%e3%81%a3%e3%81%9f%e5%a4%aa%e6%a5%b5%e6%8b%b3%e3%81%ae%e5%8b%95%e3%81%8d%e3%82%92%e7%bf%92%e5%be%97%e3%81%99%e3%82%8b%e3%81%93%e3%81%a8%e3%81%a7%e5%bf%83%e8%ba%ab-6.html,facts_only,,,,,,unknown,passed_deterministic,public_facts_minimized
WEB2ef5b9e0b1,src_c9e59312d4809087,浜松市スポーツ協会 教室・イベント,https://hamamatsu-sports.or.jp/item/class_venue_address/nishi-ku/%e7%94%a3%e5%be%8c%e3%81%ae%e3%81%8a%e6%af%8d%e3%81%95%e3%82%93%e3%81%ae%e3%81%9f%e3%82%81%e3%81%ae%e3%82%a8%e3%82%af%e3%82%b5%e3%82%b5%e3%82%a4%e3%82%ba%e3%81%a7%e5%bf%83%e3%82%82%e4%bd%93%e3%82%82-3.html,facts_only,,,,,,unknown,passed_deterministic,public_facts_minimized
WEB550351cd2e,src_c9e59312d4809087,浜松市スポーツ協会 教室・イベント,https://hamamatsu-sports.or.jp/item/class_venue_address/nishi-ku/%e9%81%8b%e5%8b%95%e9%81%8a%e3%81%b3%e3%82%84%e9%9f%b3%e6%a5%bd%e3%82%92%e9%80%9a%e3%81%97%e3%81%a6%e3%81%8a%e5%8f%8b%e3%81%a0%e3%81%a1%e3%81%a8%e4%b8%80%e7%b7%92%e3%81%ab%e6%a5%bd%e3%81%97%e3%82%82-2.html,facts_only,,,,,,unknown,passed_deterministic,public_facts_minimized
WEB84a5c7fd5b,src_c9e59312d4809087,浜松市スポーツ協会 教室・イベント,https://hamamatsu-sports.or.jp/item/class_venue_address/nishi-ku/%e9%80%b1%e6%9b%bf%e3%82%8f%e3%82%8a%e3%81%a7%e6%a7%98%e3%80%85%e3%81%aa%e3%83%ac%e3%82%af%e3%83%aa%e3%82%a8%e3%83%bc%e3%82%b7%e3%83%a7%e3%83%b3%e3%82%b9%e3%83%9d%e3%83%bc%e3%83%84%e3%82%92%e3%81%bf-6.html,facts_only,,,,,,unknown,passed_deterministic,public_facts_minimized
WEB190fd4dbb2,src_c9e59312d4809087,浜松市スポーツ協会 教室・イベント,https://hamamatsu-sports.or.jp/item/class_venue_address/nishi-ku/%e3%82%b9%e3%83%86%e3%83%83%e3%83%97%e5%8f%b0%e6%98%87%e9%99%8d%e3%81%ae%e3%82%a8%e3%82%a2%e3%83%ad%e3%83%93%e3%82%af%e3%82%b9%e3%81%a7%e3%82%b7%e3%82%a7%e3%82%a4%e3%83%97%e3%82%a2%e3%83%83%e3%83%97-4.html,facts_only,,,,,,unknown,passed_deterministic,public_facts_minimized
WEB47c1f295c7,src_c9e59312d4809087,浜松市スポーツ協会 教室・イベント,https://hamamatsu-sports.or.jp/item/class_venue_address/higashi-ku/%e5%81%a5%e5%ba%b7%e5%a2%97%e9%80%b2%ef%bc%81%e5%a4%aa%e6%a5%b5%e6%8b%b3%e6%8a%80%e8%83%bd%e5%90%91%e4%b8%8a%ef%bc%81-10.html,facts_only,,,,,,unknown,passed_deterministic,public_facts_minimized
WEB187100c673,src_c9e59312d4809087,浜松市スポーツ協会 教室・イベント,https://hamamatsu-sports.or.jp/item/class_venue_address/nishi-ku/%e3%83%a8%e3%83%83%e3%83%88%e3%81%ae%e5%9f%ba%e7%a4%8e%e6%8a%80%e8%a1%93%e3%82%92%e7%bf%92%e5%be%97%e3%81%97%e4%b9%97%e8%89%87%e3%81%97%e3%81%a6%e3%81%bf%e3%82%88%e3%81%86%ef%bc%81-3.html,facts_only,,,,,,unknown,passed_deterministic,public_facts_minimized
WEBb95475e1a0,src_c9e59312d4809087,浜松市スポーツ協会 教室・イベント,https://hamamatsu-sports.or.jp/item/class_venue_address/minami-ku/%e5%9b%bd%e6%8a%80%e3%81%a7%e3%81%82%e3%82%8b%e7%9b%b8%e6%92%b2%e3%82%92%e9%80%9a%e3%81%98%e3%81%a6%e3%80%81%e7%a4%bc%e5%84%80%e3%82%84%e6%80%9d%e3%81%84%e3%82%84%e3%82%8a%e3%80%81%e6%b0%97-11.html,facts_only,,,,,,unknown,passed_deterministic,public_facts_minimized
WEB2110fe6801,src_c9e59312d4809087,浜松市スポーツ協会 教室・イベント,https://hamamatsu-sports.or.jp/item/class_venue_address/nishi-ku/%e9%a3%9b%e8%be%bc%e4%bd%93%e9%a8%93%e6%95%99%e5%ae%a4.html,facts_only,,,,,,unknown,passed_deterministic,public_facts_minimized
WEBb924674f12,src_c9e59312d4809087,浜松市スポーツ協会 教室・イベント,https://hamamatsu-sports.or.jp/item/class_venue_address/higashi-ku/%e6%a5%bd%e3%81%97%e3%81%bf%e3%81%aa%e3%81%8c%e3%82%89%e4%bd%93%e5%8a%9b%e3%82%a2%e3%83%83%e3%83%97%ef%bc%81%e3%83%90%e3%83%a9%e3%83%b3%e3%82%b9%e3%81%ae%e3%81%a8%e3%82%8c%e3%81%9f%e4%bd%93%e3%82%92-3.html,facts_only,,,,,,unknown,passed_deterministic,public_facts_minimized
WEBa2bba63dc3,src_c9e59312d4809087,浜松市スポーツ協会 教室・イベント,https://hamamatsu-sports.or.jp/item/class_venue_address/minami-ku/%e5%b0%91%e6%9e%97%e5%af%ba%e6%8b%b3%e6%b3%95%e3%82%92%e4%bd%93%e9%a8%93%e3%81%97%e3%81%a6%e3%81%bf%e3%82%88%e3%81%86%ef%bc%81-28.html,facts_only,,,,,,unknown,passed_deterministic,public_facts_minimized
WEB4012f93569,src_c9e59312d4809087,浜松市スポーツ協会 教室・イベント,https://hamamatsu-sports.or.jp/item/class_venue_address/nishi-ku/%e3%81%af%e3%81%98%e3%82%81%e3%81%a6%e3%81%ae%e6%96%b9%e3%81%a7%e3%82%82%e5%a4%a7%e4%b8%88%e5%a4%ab%e3%80%81%e3%83%a8%e3%82%ac%e3%81%ae%e5%9f%ba%e6%9c%ac%e3%82%92%e3%82%8f%e3%81%8b%e3%82%8a-24.html,facts_only,,,,,,unknown,passed_deterministic,public_facts_minimized
WEBf70c9a5510,src_c9e59312d4809087,浜松市スポーツ協会 教室・イベント,https://hamamatsu-sports.or.jp/item/class_venue_address/nishi-ku/%e3%83%80%e3%82%a4%e3%82%a8%e3%83%83%e3%83%88%e3%81%ab%e6%ac%a0%e3%81%8b%e3%81%9b%e3%81%aa%e3%81%84%e3%80%81%e5%9f%ba%e7%a4%8e%e4%bb%a3%e8%ac%9d%e3%82%a2%e3%83%83%e3%83%97%e3%81%ae%e3%81%9f%e3%82%81-2.html,facts_only,,,,,,unknown,passed_deterministic,public_facts_minimized
WEB1b9f0cc297,src_c9e59312d4809087,浜松市スポーツ協会 教室・イベント,https://hamamatsu-sports.or.jp/item/class_venue_address/nishi-ku/%e3%83%af%e3%82%af%e3%83%af%e3%82%af%e3%81%97%e3%81%aa%e3%81%8c%e3%82%89%e6%a5%bd%e3%80%85%e6%a5%bd%e3%81%97%e3%81%84%ef%bc%81%e5%85%a8%e8%ba%ab%e3%81%ae%e7%ad%8b%e8%82%89%e3%82%92%e3%83%90-11.html,facts_only,,,,,,unknown,passed_deterministic,public_facts_minimized
WEB197371b10d,src_c9e59312d4809087,浜松市スポーツ協会 教室・イベント,https://hamamatsu-sports.or.jp/item/class_venue_address/minami-ku/%e7%9b%b8%e6%92%b2%e6%95%99%e5%ae%a4-202605.html,facts_only,,,,,,unknown,passed_deterministic,public_facts_minimized
WEB5101955c09,src_c9e59312d4809087,浜松市スポーツ協会 教室・イベント,https://hamamatsu-sports.or.jp/item/class_venue_address/higashi-ku/%e3%82%a2%e3%83%aa%e3%83%bc%e3%83%8a-%e5%a4%a7%e4%ba%ba%e3%83%90%e3%83%89%e3%83%9f%e3%83%b3%e3%83%88%e3%83%b3%e6%95%99%e5%ae%a4-202604.html,facts_only,,,,,,unknown,passed_deterministic,public_facts_minimized
WEBee691e1042,src_c9e59312d4809087,浜松市スポーツ協会 教室・イベント,https://hamamatsu-sports.or.jp/item/class_venue_address/higashi-ku/%e3%82%a2%e3%83%aa%e3%83%bc%e3%83%8a-%e3%83%90%e3%83%89%e3%83%9f%e3%83%b3%e3%83%88%e3%83%b3%e6%95%99%e5%ae%a4-202604.html,facts_only,,,,,,unknown,passed_deterministic,public_facts_minimized
WEB851b247ceb,src_c9e59312d4809087,浜松市スポーツ協会 教室・イベント,https://hamamatsu-sports.or.jp/item/class_venue_address/higashi-ku/%e3%82%a2%e3%83%aa%e3%83%bc%e3%83%8a-%e5%8d%93%e7%90%83%e6%95%99%e5%ae%a4-202604.html,facts_only,,,,,,unknown,passed_deterministic,public_facts_minimized
WEB85ce83055d,src_c9e59312d4809087,浜松市スポーツ協会 教室・イベント,https://hamamatsu-sports.or.jp/item/class_venue_address/higashi-ku/%e3%82%a2%e3%83%aa%e3%83%bc%e3%83%8a-%e3%83%88%e3%83%a9%e3%83%b3%e3%83%9d%e3%83%aa%e3%83%b3%e2%98%86%e4%bd%93%e6%93%8d%e6%95%99%e5%ae%a4-202604.html,facts_only,,,,,,unknown,passed_deterministic,public_facts_minimized
WEB815069cc49,src_c9e59312d4809087,浜松市スポーツ協会 教室・イベント,https://hamamatsu-sports.or.jp/item/class_venue_address/higashi-ku/%e3%82%a2%e3%83%aa%e3%83%bc%e3%83%8a-%e3%83%94%e3%83%a9%e3%83%86%e3%82%a3%e3%82%b9%ef%bc%86%e9%aa%a8%e7%9b%a4%e4%bd%93%e6%93%8d%e6%95%99%e5%ae%a4-202604.html,facts_only,,,,,,unknown,passed_deterministic,public_facts_minimized
WEBa50611eef9,src_c9e59312d4809087,浜松市スポーツ協会 教室・イベント,https://hamamatsu-sports.or.jp/item/class_venue_address/higashi-ku/%e3%82%a2%e3%83%aa%e3%83%bc%e3%83%8a-%e3%81%8b%e3%82%93%e3%81%9f%e3%82%93%e3%82%b9%e3%83%86%e3%83%83%e3%83%97%e6%95%99%e5%ae%a4-202604.html,facts_only,,,,,,unknown,passed_deterministic,public_facts_minimized
WEBe6c64c5415,src_c9e59312d4809087,浜松市スポーツ協会 教室・イベント,https://hamamatsu-sports.or.jp/item/class_venue_address/higashi-ku/%e3%82%a2%e3%83%aa%e3%83%bc%e3%83%8a-%e9%aa%a8%e7%9b%a4%e8%aa%bf%e6%95%b4%e3%82%a8%e3%82%af%e3%82%b5%e3%82%b5%e3%82%a4%e3%82%ba%e6%95%99%e5%ae%a4-202604.html,facts_only,,,,,,unknown,passed_deterministic,public_facts_minimized
WEB72debecb0d,src_c9e59312d4809087,浜松市スポーツ協会 教室・イベント,https://hamamatsu-sports.or.jp/item/class_venue_address/higashi-ku/%e3%82%a2%e3%83%aa%e3%83%bc%e3%83%8a-%e3%82%b7%e3%82%a7%e3%82%a4%e3%83%97%e3%83%a8%e3%82%ac%e6%95%99%e5%ae%a4-202604.html,facts_only,,,,,,unknown,passed_deterministic,public_facts_minimized
WEBec9af640b5,src_c9e59312d4809087,浜松市スポーツ協会 教室・イベント,https://hamamatsu-sports.or.jp/item/class_venue_address/nishi-ku/%e8%bf%91%e5%b9%b4%e3%81%af%e7%94%b7%e5%a5%b3%e3%81%a8%e3%82%82%e3%81%ab%e6%97%a5%e6%9c%ac%e9%81%b8%e6%89%8b%e3%81%ae%e4%b8%96%e7%95%8c%e5%a4%a7%e4%bc%9a%e3%81%a7%e3%81%ae%e6%b4%bb%e8%ba%8d%e3%81%8c-9.html,facts_only,,,,,,unknown,passed_deterministic,public_facts_minimized
WEB3f4da4f7c4,src_c9e59312d4809087,浜松市スポーツ協会 教室・イベント,https://hamamatsu-sports.or.jp/item/class_venue_address/nishi-ku/%e9%9f%b3%e6%a5%bd%e3%81%ab%e5%90%88%e3%82%8f%e3%81%9b%e3%81%a6%e7%be%8e%e3%81%97%e3%81%8f%e8%ba%ab%e4%bd%93%e8%a1%a8%e7%8f%be%e3%82%92%e3%81%99%e3%82%8b%e3%82%b9%e3%83%9d%e3%83%bc%e3%83%84-10.html,facts_only,,,,,,unknown,passed_deterministic,public_facts_minimized
WEBc571a610ad,src_c9e59312d4809087,浜松市スポーツ協会 教室・イベント,https://hamamatsu-sports.or.jp/item/class_venue_address/nishi-ku/%e9%9b%a8%e3%81%ae%e6%97%a5%e3%81%a7%e3%82%82%e3%80%81%e3%81%8a%e3%82%82%e3%81%84%e3%81%a3%e3%81%8d%e3%82%8a%e3%82%b5%e3%83%83%e3%82%ab%e3%83%bc%e3%81%ae%e7%b7%b4%e7%bf%92%e3%81%8c%e3%81%a7-10.html,facts_only,,,,,,unknown,passed_deterministic,public_facts_minimized
WEB40951dfe4b,src_c9e59312d4809087,浜松市スポーツ協会 教室・イベント,https://hamamatsu-sports.or.jp/item/class_venue_address/nishi-ku/%e5%ae%a4%e5%86%85%e3%81%ae%e3%83%86%e3%83%8b%e3%82%b9%e6%95%99%e5%ae%a4%e3%81%a0%e3%81%8b%e3%82%89%e9%9b%a8%e3%81%ae%e6%97%a5%e3%81%a7%e3%82%82%e5%ae%89%e5%bf%83%ef%bc%81%e3%81%be%e3%81%9a%e3%81%af-2.html,facts_only,,,,,,unknown,passed_deterministic,public_facts_minimized
WEB9d1a0273eb,src_c9e59312d4809087,浜松市スポーツ協会 教室・イベント,https://hamamatsu-sports.or.jp/item/class_venue_address/nishi-ku/%e3%81%aa%e3%81%8b%e3%81%aa%e3%81%8b%e5%af%9d%e4%bb%98%e3%81%91%e3%81%aa%e3%81%84%e4%ba%ba%e3%81%ab%e3%82%aa%e3%82%b9%e3%82%b9%e3%83%a1%e3%81%ae%e6%95%99%e5%ae%a4%e3%81%a7%e3%81%99%ef%bc%81%e8%87%aa-8.html,facts_only,,,,,,unknown,passed_deterministic,public_facts_minimized
WEBd0f1c59458,src_c9e59312d4809087,浜松市スポーツ協会 教室・イベント,https://hamamatsu-sports.or.jp/item/class_venue_address/nishi-ku/%e4%bb%8a%e3%81%be%e3%81%a71%e7%a7%92%e3%82%82%e8%b8%8a%e3%81%a3%e3%81%9f%e3%81%93%e3%81%a8%e3%81%8c%e3%81%aa%e3%81%84%e4%ba%ba%e3%81%a7%e3%82%82%e5%a4%a7%e4%b8%88%e5%a4%ab%ef%bc%81%e3%81%94-9.html,facts_only,,,,,,unknown,passed_deterministic,public_facts_minimized
WEBe4a6741b87,src_c9e59312d4809087,浜松市スポーツ協会 教室・イベント,https://hamamatsu-sports.or.jp/item/class_venue_address/nishi-ku/%e3%81%9f%e3%81%8a%e3%82%84%e3%81%8b%e3%81%ab%e3%80%81%e3%81%9d%e3%81%97%e3%81%a6%e3%81%97%e3%81%aa%e3%82%84%e3%81%8b%e3%81%ab%ef%bc%81%e3%80%80%e6%ad%a3%e3%81%97%e3%81%84%e5%91%bc%e5%90%b8%e6%b3%95.html,facts_only,,,,,,unknown,passed_deterministic,public_facts_minimized
WEB8e81185d8d,src_c9e59312d4809087,浜松市スポーツ協会 教室・イベント,https://hamamatsu-sports.or.jp/item/class_venue_address/nishi-ku/%e3%81%af%e3%81%98%e3%82%81%e3%81%a6%e3%81%ae%e6%96%b9%e3%81%a7%e3%82%82%e5%a4%a7%e4%b8%88%e5%a4%ab%e3%80%81%e3%83%a8%e3%82%ac%e3%81%ae%e5%9f%ba%e6%9c%ac%e3%82%92%e3%82%8f%e3%81%8b%e3%82%8a-25.html,facts_only,,,,,,unknown,passed_deterministic,public_facts_minimized
WEB9192ab67c2,src_c9e59312d4809087,浜松市スポーツ協会 教室・イベント,https://hamamatsu-sports.or.jp/item/class_venue_address/nishi-ku/%e6%a5%bd%e3%81%97%e3%81%8f%e6%bf%80%e3%81%97%e3%81%8f%e3%82%a8%e3%82%a2%e3%83%ad%e3%83%93%e3%82%af%e3%82%b9%ef%bc%81%ef%bc%81%e6%97%a5%e9%a0%83%e3%81%ae%e5%ae%b6%e4%ba%8b%e3%82%84%e4%bb%95%e4%ba%8b-2.html,facts_only,,,,,,unknown,passed_deterministic,public_facts_minimized
WEBa8ab5a1274,src_c9e59312d4809087,浜松市スポーツ協会 教室・イベント,https://hamamatsu-sports.or.jp/item/class_venue_address/nishi-ku/%e8%87%aa%e5%88%86%e3%81%ae%e3%83%ac%e3%83%99%e3%83%ab%e3%81%ab%e5%90%88%e3%82%8f%e3%81%9b%e3%81%a6%e3%80%81%e7%be%8e%e5%ae%b9%e3%81%a8%e5%81%a5%e5%ba%b7%e3%81%ae%e5%90%91%e4%b8%8a%e3%82%92%e6%84%8f-2.html,facts_only,,,,,,unknown,passed_deterministic,public_facts_minimized
WEBdada07f6d8,src_c9e59312d4809087,浜松市スポーツ協会 教室・イベント,https://hamamatsu-sports.or.jp/item/class_venue_address/nishi-ku/%e3%83%a9%e3%83%86%e3%83%b3%e9%9f%b3%e6%a5%bd%e3%82%84%e3%83%92%e3%83%83%e3%83%97%e3%83%9b%e3%83%83%e3%83%97%e3%81%aa%e3%81%a9%e3%81%ae%e3%83%aa%e3%82%ba%e3%83%a0%e3%81%ab%e5%90%88%e3%82%8f-11.html,facts_only,,,,,,unknown,passed_deterministic,public_facts_minimized
WEB97a9d1bb06,src_c9e59312d4809087,浜松市スポーツ協会 教室・イベント,https://hamamatsu-sports.or.jp/item/class_venue_address/nishi-ku/%e3%83%a8%e3%82%ac%e3%81%ae%e5%91%bc%e5%90%b8%e6%b3%95%e3%82%92%e6%84%8f%e8%ad%98%e3%81%97%e3%81%a6%e5%bf%83%e3%81%a8%e4%bd%93%e3%81%ae%e3%83%90%e3%83%a9%e3%83%b3%e3%82%b9%e3%82%92%e8%ba%ab-12.html,facts_only,,,,,,unknown,passed_deterministic,public_facts_minimized
WEB30090b622f,src_c9e59312d4809087,浜松市スポーツ協会 教室・イベント,https://hamamatsu-sports.or.jp/item/class_venue_address/nishi-ku/%e5%92%8c%e5%a4%aa%e9%bc%93%e4%bd%93%e9%a8%93%e6%95%99%e5%ae%a4-2.html,facts_only,,,,,,unknown,passed_deterministic,public_facts_minimized
WEBa06b3974af,src_c9e59312d4809087,浜松市スポーツ協会 教室・イベント,https://hamamatsu-sports.or.jp/item/class_venue_address/higashi-ku/%e3%82%a4%e3%83%b3%e3%83%8a%e3%83%bc%e3%83%9e%e3%83%83%e3%82%b9%e3%83%ab%e3%82%92%e9%8d%9b%e3%81%88%e5%bf%83%e8%ba%ab%e3%81%ae%e5%86%85%e9%83%a8%e3%81%8b%e3%82%89%e6%95%b4%e3%81%88%e3%82%88%e3%81%86.html,facts_only,,,,,,unknown,passed_deterministic,public_facts_minimized
WEB7b48415c92,src_c9e59312d4809087,浜松市スポーツ協会 教室・イベント,https://hamamatsu-sports.or.jp/item/class_venue_address/higashi-ku/%e3%82%86%e3%81%a3%e3%81%8f%e3%82%8a%e5%91%bc%e5%90%b8%e3%81%a7%e5%bf%83%e8%ba%ab%e3%81%ae%e3%83%90%e3%83%a9%e3%83%b3%e3%82%b9%e3%82%92%e6%95%b4%e3%81%88%e3%82%88%e3%81%86%ef%bc%81-5.html,facts_only,,,,,,unknown,passed_deterministic,public_facts_minimized
WEB5eadc66321,src_c9e59312d4809087,浜松市スポーツ協会 教室・イベント,https://hamamatsu-sports.or.jp/item/class_venue_address/higashi-ku/%e3%82%a4%e3%83%b3%e3%83%8a%e3%83%bc%e3%83%9e%e3%83%83%e3%82%b9%e3%83%ab%e3%82%92%e9%8d%9b%e3%81%88%e3%80%81%e3%82%86%e3%81%a3%e3%81%8f%e3%82%8a%e5%91%bc%e5%90%b8%e3%81%a7%e5%bf%83%e8%ba%ab%e3%81%ae.html,facts_only,,,,,,unknown,passed_deterministic,public_facts_minimized
WEB2f94dfc3a5,src_c9e59312d4809087,浜松市スポーツ協会 教室・イベント,https://hamamatsu-sports.or.jp/item/class_venue_address/higashi-ku/%e3%82%a4%e3%83%b3%e3%83%8a%e3%83%bc%e3%83%9e%e3%83%83%e3%82%b9%e3%83%ab%e3%82%92%e9%8d%9b%e3%81%88%e3%80%81%e5%bf%83%e8%ba%ab%e3%81%ae%e5%86%85%e9%83%a8%e3%81%8b%e3%82%89%e6%95%b4%e3%81%88%e3%82%88-2.html,facts_only,,,,,,unknown,passed_deterministic,public_facts_minimized
WEB3fffcaa6bf,src_c9e59312d4809087,浜松市スポーツ協会 教室・イベント,https://hamamatsu-sports.or.jp/item/class_venue_address/higashi-ku/%e3%82%a4%e3%83%b3%e3%83%8a%e3%83%bc%e3%83%9e%e3%83%83%e3%82%b9%e3%83%ab%e3%82%92%e9%8d%9b%e3%81%88%e3%80%81%e5%bf%83%e8%ba%ab%e3%81%ae%e5%86%85%e9%83%a8%e3%81%8b%e3%82%89%e6%95%b4%e3%81%88%e3%82%88.html,facts_only,,,,,,unknown,passed_deterministic,public_facts_minimized
WEBdb8ef8c4f4,src_c9e59312d4809087,浜松市スポーツ協会 教室・イベント,https://hamamatsu-sports.or.jp/item/class_venue_address/higashi-ku/%e3%83%aa%e3%82%ba%e3%83%a0%e3%81%ae%e5%90%88%e3%82%8f%e3%81%9b%e3%81%a6%e4%bd%93%e3%82%92%e5%8b%95%e3%81%8b%e3%81%97%e3%80%81%e5%bf%83%e8%ba%ab%e3%81%a8%e3%82%82%e3%81%ab%e3%83%aa%e3%83%95%e3%83%ac.html,facts_only,,,,,,unknown,passed_deterministic,public_facts_minimized
WEBa7fecf0708,src_c9e59312d4809087,浜松市スポーツ協会 教室・イベント,https://hamamatsu-sports.or.jp/item/class_venue_address/higashi-ku/%e3%83%aa%e3%82%ba%e3%83%a0%e3%81%ab%e5%90%88%e3%82%8f%e3%81%9b%e5%bf%83%e8%ba%ab%e3%81%a8%e3%82%82%e3%81%ab%e3%83%aa%e3%83%95%e3%83%ac%e3%83%83%e3%82%b7%e3%83%a5%ef%bc%81-4.html,facts_only,,,,,,unknown,passed_deterministic,public_facts_minimized
WEBc800425727,src_c9e59312d4809087,浜松市スポーツ協会 教室・イベント,https://hamamatsu-sports.or.jp/item/class_venue_address/higashi-ku/%e3%82%86%e3%81%a3%e3%81%8f%e3%82%8a%e5%91%bc%e5%90%b8%e3%81%a7%e5%bf%83%e8%ba%ab%e3%81%ae%e3%83%90%e3%83%a9%e3%83%b3%e3%82%b9%e3%82%92%e6%95%b4%e3%81%88%e3%82%88%e3%81%86%ef%bc%81-4.html,facts_only,,,,,,unknown,passed_deterministic,public_facts_minimized
WEBa5bd59c314,src_c9e59312d4809087,浜松市スポーツ協会 教室・イベント,https://hamamatsu-sports.or.jp/item/class_venue_address/higashi-ku/%e9%9f%b3%e6%a5%bd%e3%81%ab%e5%90%88%e3%82%8f%e3%81%9b%e3%81%a6%e6%9c%89%e9%85%b8%e7%b4%a0%e9%81%8b%e5%8b%95%ef%bc%8b%e7%ad%8b%e5%8a%9b%e3%83%88%e3%83%ac%e3%83%bc%e3%83%8b%e3%83%b3%e3%82%b0%e3%81%a7-3.html,facts_only,,,,,,unknown,passed_deterministic,public_facts_minimized
WEB8a6d9df17e,src_c9e59312d4809087,浜松市スポーツ協会 教室・イベント,https://hamamatsu-sports.or.jp/item/class_venue_address/higashi-ku/%e8%ba%ab%e4%bd%93%e3%81%ab%e7%94%9f%e3%81%98%e3%81%a6%e3%81%84%e3%82%8b%e3%82%86%e3%81%8c%e3%81%bf%e3%82%92%e6%ad%a3%e3%81%97%e3%81%8f%e6%95%b4%e3%81%88%e3%81%be%e3%81%97%e3%82%87%e3%81%86%ef%bc%81.html,facts_only,,,,,,unknown,passed_deterministic,public_facts_minimized
WEB5c4e3b065b,src_c9e59312d4809087,浜松市スポーツ協会 教室・イベント,https://hamamatsu-sports.or.jp/item/class_venue_address/higashi-ku/%e3%82%b9%e3%83%88%e3%83%ac%e3%83%83%e3%83%81%e3%83%9d%e3%83%bc%e3%83%ab%e3%82%92%e4%bd%bf%e3%81%a3%e3%81%a6%e3%82%ab%e3%83%a9%e3%83%80%e3%82%92%e6%95%b4%e3%81%88%e3%80%81%e6%b0%97%e6%8c%81%e3%81%a1.html,facts_only,,,,,,unknown,passed_deterministic,public_facts_minimized
WEB01cc372994,src_c9e59312d4809087,浜松市スポーツ協会 教室・イベント,https://hamamatsu-sports.or.jp/item/class_venue_address/higashi-ku/%e3%82%86%e3%81%a3%e3%81%8f%e3%82%8a%e5%91%bc%e5%90%b8%e3%81%a7%e5%bf%83%e8%ba%ab%e3%81%ae%e3%83%90%e3%83%a9%e3%83%b3%e3%82%b9%e3%82%92%e6%95%b4%e3%81%88%e3%82%88%e3%81%86%ef%bc%81.html,facts_only,,,,,,unknown,passed_deterministic,public_facts_minimized
WEBab0c6934f5,src_c9e59312d4809087,浜松市スポーツ協会 教室・イベント,https://hamamatsu-sports.or.jp/item/class_venue_address/higashi-ku/%e3%83%ac%e3%83%99%e3%83%ab%e3%82%a2%e3%83%83%e3%83%97%e3%81%97%e3%81%9f%e3%83%a8%e3%82%ac%e3%81%a8%e5%91%bc%e5%90%b8%e3%81%ab%e6%84%8f%e8%ad%98%e3%82%92%e5%90%91%e3%81%91%e3%81%a6%e5%bf%83%e8%ba%ab.html,facts_only,,,,,,unknown,passed_deterministic,public_facts_minimized
WEB57e7db51bf,src_c9e59312d4809087,浜松市スポーツ協会 教室・イベント,https://hamamatsu-sports.or.jp/item/class_venue_address/higashi-ku/%e9%9f%b3%e6%a5%bd%e3%81%ab%e5%90%88%e3%82%8f%e3%81%9b%e3%81%a6%e6%a5%bd%e3%81%97%e3%81%8f%e4%bd%93%e3%82%92%e5%8b%95%e3%81%8b%e3%81%9d%e3%81%86%ef%bc%81-12.html,facts_only,,,,,,unknown,passed_deterministic,public_facts_minimized
WEB6486c1f74f,src_c9e59312d4809087,浜松市スポーツ協会 教室・イベント,https://hamamatsu-sports.or.jp/item/class_venue_address/higashi-ku/%e9%aa%a8%e7%9b%a4%e3%81%8b%e3%82%89%e8%83%8c%e9%aa%a8%e3%82%84%e8%82%a9%e7%94%b2%e9%aa%a8%e3%81%ae%e6%ad%aa%e3%81%bf%e3%82%92%e6%95%b4%e3%81%88%e3%81%a6%e5%bf%83%e8%ba%ab%e3%81%a8%e3%82%82%e3%81%ab.html,facts_only,,,,,,unknown,passed_deterministic,public_facts_minimized
WEB461278444b,src_c9e59312d4809087,浜松市スポーツ協会 教室・イベント,https://hamamatsu-sports.or.jp/item/class_venue_address/higashi-ku/%e3%83%aa%e3%82%ba%e3%83%a0%e3%81%ab%e3%81%82%e3%82%8f%e3%81%9b%e3%81%a6%e4%bd%93%e3%82%92%e5%8b%95%e3%81%8b%e3%81%97%e3%81%a6%e3%81%bf%e3%82%88%e3%81%86%ef%bc%81-8.html,facts_only,,,,,,unknown,passed_deterministic,public_facts_minimized
WEBa2e5f7b41c,src_c9e59312d4809087,浜松市スポーツ協会 教室・イベント,https://hamamatsu-sports.or.jp/item/class_venue_address/higashi-ku/%e3%83%aa%e3%82%ba%e3%83%a0%e3%81%ab%e5%90%88%e3%82%8f%e3%81%9b%e5%bf%83%e8%ba%ab%e3%81%a8%e3%82%82%e3%81%ab%e3%83%aa%e3%83%95%e3%83%ac%e3%83%83%e3%82%b7%e3%83%a5%ef%bc%81-3.html,facts_only,,,,,,unknown,passed_deterministic,public_facts_minimized
WEB8ee4f5c0e4,src_c9e59312d4809087,浜松市スポーツ協会 教室・イベント,https://hamamatsu-sports.or.jp/item/class_venue_address/higashi-ku/%e3%82%b9%e3%83%86%e3%83%83%e3%83%97%e5%8f%b0%e3%82%92%e4%bd%bf%e3%81%a3%e3%81%9f%e6%9c%89%e9%85%b8%e7%b4%a0%e9%81%8b%e5%8b%95%e3%81%a7%e5%bf%83%e8%ba%ab%e3%81%a8%e3%82%82%e3%81%ab%e3%83%aa%e3%83%95-3.html,facts_only,,,,,,unknown,passed_deterministic,public_facts_minimized
WEB8c1c0d972d,src_c9e59312d4809087,浜松市スポーツ協会 教室・イベント,https://hamamatsu-sports.or.jp/item/class_venue_address/higashi-ku/%e3%83%aa%e3%82%ba%e3%83%a0%e3%81%ab%e5%90%88%e3%82%8f%e3%81%9b%e5%bf%83%e8%ba%ab%e3%81%a8%e3%82%82%e3%81%ab%e3%83%aa%e3%83%95%e3%83%ac%e3%83%83%e3%82%b7%e3%83%a5%ef%bc%81-2.html,facts_only,,,,,,unknown,passed_deterministic,public_facts_minimized
WEB897b2001d7,src_c9e59312d4809087,浜松市スポーツ協会 教室・イベント,https://hamamatsu-sports.or.jp/item/class_venue_address/higashi-ku/%e3%83%9c%e3%83%87%e3%82%a3%e3%83%a1%e3%82%a4%e3%82%af%e3%82%92%e3%81%97%e3%82%88%e3%81%86%ef%bc%81.html,facts_only,,,,,,unknown,passed_deterministic,public_facts_minimized
WEBa57c0b6ba4,src_c9e59312d4809087,浜松市スポーツ協会 教室・イベント,https://hamamatsu-sports.or.jp/item/class_venue_address/higashi-ku/%e8%8b%a6%e6%89%8b%e6%84%8f%e8%ad%98%e3%81%ae%e3%81%82%e3%82%8b%e9%89%84%e6%a3%92%e3%82%92%e3%80%81%e8%a6%96%e7%82%b9%e3%82%92%e5%a4%89%e3%81%88%e3%81%9f%e3%82%a2%e3%83%97%e3%83%ad%e3%83%bc%e3%83%81-2.html,facts_only,,,,,,unknown,passed_deterministic,public_facts_minimized
WEB44d67dd1ba,src_c9e59312d4809087,浜松市スポーツ協会 教室・イベント,https://hamamatsu-sports.or.jp/item/class_venue_address/hamakita-ku/%e3%81%84%e3%82%8d%e3%81%84%e3%82%8d%e3%81%aa%e7%a8%ae%e7%9b%ae%e3%81%ae%e4%b8%ad%e3%81%8b%e3%82%89%e8%87%aa%e5%88%86%e3%81%ab%e5%90%88%e3%81%a3%e3%81%9f%e3%82%b9%e3%83%9d%e3%83%bc%e3%83%84%e3%82%92.html,facts_only,,,,,,unknown,passed_deterministic,public_facts_minimized
WEB3b19323b22,src_c9e59312d4809087,浜松市スポーツ協会 教室・イベント,https://hamamatsu-sports.or.jp/item/class_venue_address/hamakita-ku/%e9%9f%b3%e6%a5%bd%e3%81%ab%e5%90%88%e3%82%8f%e3%81%9b%e3%81%a6%e3%82%b8%e3%83%a3%e3%83%b3%e3%83%97%e9%81%8b%e5%8b%95%e7%ad%89%e3%82%92%e8%a1%8c%e3%81%86%e3%81%93%e3%81%a8%e3%81%a7%e3%82%b9%e3%83%9d-4.html,facts_only,,,,,,unknown,passed_deterministic,public_facts_minimized
WEBf7a75c8fa2,src_c9e59312d4809087,浜松市スポーツ協会 教室・イベント,https://hamamatsu-sports.or.jp/item/class_venue_address/minami-ku/%e5%9b%bd%e6%8a%80%e3%81%a7%e3%81%82%e3%82%8b%e7%9b%b8%e6%92%b2%e3%82%92%e9%80%9a%e3%81%98%e3%81%a6%e3%80%81%e7%a4%bc%e5%84%80%e3%82%84%e6%80%9d%e3%81%84%e3%82%84%e3%82%8a%e3%80%81%e6%b0%97-10.html,facts_only,,,,,,unknown,passed_deterministic,public_facts_minimized
WEBd2bba85a02,src_c9e59312d4809087,浜松市スポーツ協会 教室・イベント,https://hamamatsu-sports.or.jp/item/class_venue_address/higashi-ku/%e3%81%82%e3%81%a4%e3%81%be%e3%82%8c%e5%85%83%e6%b0%97%e4%bb%b2%e9%96%93-2026.html,facts_only,,,,,,unknown,passed_deterministic,public_facts_minimized
WEBe5f1eddb20,src_c9e59312d4809087,浜松市スポーツ協会 教室・イベント,https://hamamatsu-sports.or.jp/item/class_venue_address/nishi-ku/%e5%b8%82%e6%b0%91%e3%82%b5%e3%82%a4%e3%82%af%e3%83%aa%e3%83%b3%e3%82%b0%e6%95%99%e5%ae%a4-202606.html,facts_only,,,,,,unknown,passed_deterministic,public_facts_minimized
WEB5d9f7050e7,src_c9e59312d4809087,浜松市スポーツ協会 教室・イベント,https://hamamatsu-sports.or.jp/item/class_venue_address/hamakita-ku/%e6%b5%9c%e5%8c%97-%e3%81%af%e3%81%98%e3%82%81%e3%81%a6%e3%81%ae%e5%bc%93%e9%81%93%e6%95%99%e5%ae%a4-202605.html,facts_only,,,,,,unknown,passed_deterministic,public_facts_minimized
WEBdd1bb9b92c,src_c9e59312d4809087,浜松市スポーツ協会 教室・イベント,https://hamamatsu-sports.or.jp/item/class_venue_address/hamakita-ku/%e6%b5%9c%e5%8c%97-%e3%82%b5%e3%83%b3%e3%83%a9%e3%82%a4%e3%83%95%e6%b5%9c%e5%8c%97%e5%8d%93%e7%90%83%e6%95%99%e5%ae%a4-202605.html,facts_only,,,,,,unknown,passed_deterministic,public_facts_minimized
WEB345e62379a,src_c9e59312d4809087,浜松市スポーツ協会 教室・イベント,https://hamamatsu-sports.or.jp/item/class_venue_address/hamakita-ku/%e6%b5%9c%e5%8c%97-%e5%99%a8%e6%a2%b0%e4%bd%93%e6%93%8d%e6%95%99%e5%ae%a4%e3%83%aa%e3%83%88%e3%83%ab-202606.html,facts_only,,,,,,unknown,passed_deterministic,public_facts_minimized
WEB57c05db184,src_c9e59312d4809087,浜松市スポーツ協会 教室・イベント,https://hamamatsu-sports.or.jp/item/class_venue_address/higashi-ku/%e3%82%a2%e3%83%aa%e3%83%bc%e3%83%8a-%e7%94%a3%e5%be%8c%e3%82%a8%e3%82%af%e3%82%b5%e3%82%b5%e3%82%a4%e3%82%ba%ef%bc%86%e3%83%99%e3%83%93%e3%83%bc%e3%83%9e%e3%83%83%e3%82%b5%e3%83%bc%e3%82%b8%e6%95%99.html,facts_only,,,,,,unknown,passed_deterministic,public_facts_minimized
WEB2759a12db2,src_c9e59312d4809087,浜松市スポーツ協会 教室・イベント,https://hamamatsu-sports.or.jp/item/class_venue_address/higashi-ku/%e3%82%a2%e3%83%aa%e3%83%bc%e3%83%8a-%e3%81%af%e3%81%a4%e3%82%89%e3%81%a4%e4%bd%93%e5%8a%9b%e3%82%a2%e3%83%83%e3%83%97%e6%95%99%e5%ae%a4-202606.html,facts_only,,,,,,unknown,passed_deterministic,public_facts_minimized
WEB629c1eb848,src_c9e59312d4809087,浜松市スポーツ協会 教室・イベント,https://hamamatsu-sports.or.jp/item/class_venue_address/higashi-ku/%e3%82%a2%e3%83%aa%e3%83%bc%e3%83%8a-%e3%82%84%e3%81%95%e3%81%97%e3%81%84%e3%83%a8%e3%82%ac%e6%95%99%e5%ae%a4-202606.html,facts_only,,,,,,unknown,passed_deterministic,public_facts_minimized
WEBdebf96a7c1,src_c9e59312d4809087,浜松市スポーツ協会 教室・イベント,https://hamamatsu-sports.or.jp/item/class_venue_address/tenryu-ku/%e5%a4%a9%e7%ab%9c-%e3%82%84%e3%81%95%e3%81%97%e3%81%84%e5%8d%93%e7%90%83%e6%95%99%e5%ae%a4-202604.html,facts_only,,,,,,unknown,passed_deterministic,public_facts_minimized
WEBef29e21bfa,src_c9e59312d4809087,浜松市スポーツ協会 教室・イベント,https://hamamatsu-sports.or.jp/item/class_venue_address/nishi-ku/%e8%b7%b3%e3%81%b3%e7%ae%b1%e3%82%84%e3%83%9e%e3%83%83%e3%83%88%e3%80%81%e9%89%84%e6%a3%92%e3%81%aa%e3%81%a9%e3%80%82-%e8%89%b2%e3%80%85%e3%81%aa%e7%a8%ae%e7%9b%ae%e3%82%92%e7%b5%8c%e9%a8%93-14.html,facts_only,,,,,,unknown,passed_deterministic,public_facts_minimized
WEB10f20faafa,src_c9e59312d4809087,浜松市スポーツ協会 教室・イベント,https://hamamatsu-sports.or.jp/item/class_venue_address/nishi-ku/%e3%81%af%e3%81%98%e3%82%81%e3%81%a6%e3%81%ae%e6%96%b9%e3%81%a7%e3%82%82%e5%a4%a7%e4%b8%88%e5%a4%ab%e3%80%81%e4%b8%80%e7%b7%92%e3%81%ab%e5%9f%ba%e7%a4%8e%e3%81%8b%e3%82%89%e5%ad%a6%e3%81%b3-10.html,facts_only,,,,,,unknown,passed_deterministic,public_facts_minimized
WEB0c362426b8,src_c9e59312d4809087,浜松市スポーツ協会 教室・イベント,https://hamamatsu-sports.or.jp/item/class_venue_address/nishi-ku/%e4%b8%80%e8%bc%aa%e8%bb%8a%e6%95%99%e5%ae%a4-2026.html,facts_only,,,,,,unknown,passed_deterministic,public_facts_minimized
WEBbd24a62cf6,src_c9e59312d4809087,浜松市スポーツ協会 教室・イベント,https://hamamatsu-sports.or.jp/item/class_venue_address/naka-ku/%e3%82%bd%e3%83%95%e3%83%88%e3%83%86%e3%83%8b%e3%82%b9%e6%95%99%e5%ae%a4-202605.html,facts_only,,,,,,unknown,passed_deterministic,public_facts_minimized
WEBc3f8a80ac4,src_c9e59312d4809087,浜松市スポーツ協会 教室・イベント,https://hamamatsu-sports.or.jp/item/class_venue_address/higashi-ku/%e6%a5%bd%e3%81%97%e3%81%8f%e5%ad%a6%e3%81%b9%e3%82%8b%e3%83%ac%e3%82%b9%e3%83%aa%e3%83%b3%e3%82%b0%e6%95%99%e5%ae%a4-202605.html,facts_only,,,,,,unknown,passed_deterministic,public_facts_minimized
WEB7673a420d4,src_c9e59312d4809087,浜松市スポーツ協会 教室・イベント,https://hamamatsu-sports.or.jp/item/class_venue_address/minami-ku/%e3%82%a2%e3%83%bc%e3%83%81%e3%82%a7%e3%83%aa%e3%83%bc%e6%95%99%e5%ae%a45%e6%9c%88-202605.html,facts_only,,,,,,unknown,passed_deterministic,public_facts_minimized
WEB4f0087b504,src_c9e59312d4809087,浜松市スポーツ協会 教室・イベント,https://hamamatsu-sports.or.jp/item/class_venue_address/naka-ku/%e3%82%a4%e3%83%b3%e3%83%87%e3%82%a3%e3%82%a2%e3%82%ab%e6%95%99%e5%ae%a4%ef%bc%88%e5%85%ac%e5%bc%8f%e3%83%ab%e3%83%bc%e3%83%ab%ef%bc%89-2026.html,facts_only,,,,,,unknown,passed_deterministic,public_facts_minimized
WEBe85c673d68,src_c9e59312d4809087,浜松市スポーツ協会 教室・イベント,https://hamamatsu-sports.or.jp/item/class_venue_address/higashi-ku/%e3%83%ac%e3%82%af-%e3%82%a4%e3%83%b3%e3%83%87%e3%82%a3%e3%82%a2%e3%82%ab%e5%af%a9%e5%88%a4%e8%ac%9b%e7%bf%92%e4%bc%9a%e3%83%bb%e5%88%9d%e5%bf%83%e8%80%85%e6%95%99%e5%ae%a4-2026.html,facts_only,,,,,,unknown,passed_deterministic,public_facts_minimized
WEB24575c0be7,src_c9e59312d4809087,浜松市スポーツ協会 教室・イベント,https://hamamatsu-sports.or.jp/item/class_venue_address/nishi-ku/%e3%82%a2%e3%83%bc%e3%83%86%e3%82%a3%e3%82%b9%e3%83%86%e3%82%a3%e3%83%83%e3%82%af%e3%82%b9%e3%82%a4%e3%83%9f%e3%83%b3%e3%82%b0%e6%95%99%e5%ae%a4-202606.html,facts_only,,,,,,unknown,passed_deterministic,public_facts_minimized
WEB8963852c55,src_c9e59312d4809087,浜松市スポーツ協会 教室・イベント,https://hamamatsu-sports.or.jp/item/class_venue_address/nishi-ku/%e9%a3%9b%e8%be%bc%e4%bd%93%e9%a8%93%e6%95%99%e5%ae%a4-202606.html,facts_only,,,,,,unknown,passed_deterministic,public_facts_minimized
WEBe7e3faa8da,src_c9e59312d4809087,浜松市スポーツ協会 教室・イベント,https://hamamatsu-sports.or.jp/item/class_venue_address/higashi-ku/%e8%a6%aa%e5%ad%90%e3%83%9c%e3%82%af%e3%82%b7%e3%83%b3%e3%82%b0%e6%95%99%e5%ae%a4-202606.html,facts_only,,,,,,unknown,passed_deterministic,public_facts_minimized
WEB1921e5c6de,src_c9e59312d4809087,浜松市スポーツ協会 教室・イベント,https://hamamatsu-sports.or.jp/item/class_venue_address/minami-ku/%e3%82%a4%e3%83%b3%e3%83%a9%e3%82%a4%e3%83%b3%e3%82%b9%e3%82%b1%e3%83%bc%e3%83%88%e6%95%99%e5%ae%a4-202606.html,facts_only,,,,,,unknown,passed_deterministic,public_facts_minimized
WEBa91e1aa321,src_c9e59312d4809087,浜松市スポーツ協会 教室・イベント,https://hamamatsu-sports.or.jp/item/class_venue_address/kita-ku/%e5%b0%91%e6%9e%97%e5%af%ba%e6%8b%b3%e6%b3%95%e6%95%99%e5%ae%a4%e2%80%90%e7%a5%9e%e3%83%b6%e8%b0%b7-202606.html,facts_only,,,,,,unknown,passed_deterministic,public_facts_minimized
WEB415cc17c20,src_c9e59312d4809087,浜松市スポーツ協会 教室・イベント,https://hamamatsu-sports.or.jp/item/class_venue_address/hamakita-ku/%e4%bd%93%e6%93%8d%e3%81%a8%e7%ad%8b%e3%83%88%e3%83%ac%e3%80%81%e3%82%bb%e3%83%ab%e3%83%95%e7%9f%af%e6%ad%a3%e3%81%a7%e6%ad%aa%e3%81%be%e3%81%aa%e3%81%84%e8%ba%ab%e4%bd%93%e3%81%a5%e3%81%8f%e3%82%8a.html,facts_only,,,,,,unknown,passed_deterministic,public_facts_minimized
WEB13520f5d46,src_c9e59312d4809087,浜松市スポーツ協会 教室・イベント,https://hamamatsu-sports.or.jp/item/class_venue_address/hamakita-ku/%e3%83%a8%e3%82%ac%e3%82%84%e3%82%a8%e3%82%af%e3%82%b5%e3%82%b5%e3%82%a4%e3%82%ba%e3%81%a7%e3%82%b7%e3%82%a7%e3%82%a4%e3%83%97%e3%82%a2%e3%83%83%e3%83%97%ef%bc%86%e3%83%aa%e3%83%95%e3%83%ac-24.html,facts_only,,,,,,unknown,passed_deterministic,public_facts_minimized
WEB3c3dc27099,src_c9e59312d4809087,浜松市スポーツ協会 教室・イベント,https://hamamatsu-sports.or.jp/item/class_venue_address/hamakita-ku/%e3%83%aa%e3%82%ba%e3%83%a0%e3%81%ab%e3%81%ae%e3%81%9b%e3%81%9f%e5%85%a8%e8%ba%ab%e9%81%8b%e5%8b%95%e3%81%a7%e6%a5%bd%e3%81%97%e3%81%8f%e5%bf%83%e8%ba%ab%e3%81%ae%e3%83%aa%e3%83%95%e3%83%ac%e3%83%83-5.html,facts_only,,,,,,unknown,passed_deterministic,public_facts_minimized
WEB74525ad0c8,src_c9e59312d4809087,浜松市スポーツ協会 教室・イベント,https://hamamatsu-sports.or.jp/item/class_venue_address/hamakita-ku/%e5%ba%83%e3%81%84%e4%bd%93%e8%82%b2%e9%a4%a8%e3%81%ae%e4%b8%ad%e3%80%81%e8%a6%aa%e5%ad%90%e3%81%a7%e6%a5%bd%e3%81%97%e3%81%8f%e9%81%8b%e5%8b%95%ef%bc%86%e3%82%b9%e3%82%ad%e3%83%b3%e3%82%b7%e3%83%83.html,facts_only,,,,,,unknown,passed_deterministic,public_facts_minimized
WEBdab5851915,src_c9e59312d4809087,浜松市スポーツ協会 教室・イベント,https://hamamatsu-sports.or.jp/item/class_venue_address/hamakita-ku/%e5%91%bc%e5%90%b8%e3%81%a8%e8%ba%ab%e4%bd%93%e3%82%92%e6%84%8f%e8%ad%98%e3%81%97%e3%81%a6%e3%80%81%e4%bd%93%e5%8a%9b%e5%90%91%e4%b8%8a%e3%83%bb%e5%a7%bf%e5%8b%a2%e6%94%b9%e5%96%84%e3%82%92%e7%9b%ae.html,facts_only,,,,,,unknown,passed_deterministic,public_facts_minimized
WEB753932baa2,src_c9e59312d4809087,浜松市スポーツ協会 教室・イベント,https://hamamatsu-sports.or.jp/item/class_venue_address/hamakita-ku/%e6%ad%a3%e3%81%97%e3%81%84%e5%a7%bf%e5%8b%a2%e3%81%a5%e3%81%8f%e3%82%8a%e3%81%ae%e3%81%9f%e3%82%81%e3%81%ae%e3%83%90%e3%83%ac%e3%82%a8%e3%82%a8%e3%82%af%e3%82%b5%e3%82%b5%e3%82%a4%e3%82%ba-11.html,facts_only,,,,,,unknown,passed_deterministic,public_facts_minimized
WEB0e3e6de794,src_c9e59312d4809087,浜松市スポーツ協会 教室・イベント,https://hamamatsu-sports.or.jp/item/class_venue_address/hamakita-ku/%e3%83%90%e3%83%ac%e3%82%a8%e3%81%a7%e6%a5%bd%e3%81%97%e3%81%8f%e8%ba%ab%e4%bd%93%e3%82%92%e5%8b%95%e3%81%8b%e3%81%9d%e3%81%86%ef%bc%81%e3%83%aa%e3%82%ba%e3%83%a0%e6%84%9f%e3%83%bb%e4%bd%93%e5%8a%9b-4.html,facts_only,,,,,,unknown,passed_deterministic,public_facts_minimized
WEBe5bdaa481a,src_c9e59312d4809087,浜松市スポーツ協会 教室・イベント,https://hamamatsu-sports.or.jp/item/class_venue_address/higashi-ku/%e9%81%8b%e5%8b%95%e9%81%8a%e3%81%b3%e3%82%92%e9%80%9a%e3%81%98%e3%81%a6%e3%80%81%e6%a5%bd%e3%81%97%e3%81%bf%e3%81%aa%e3%81%8c%e3%82%89%e9%81%8b%e5%8b%95%e8%83%bd%e5%8a%9b%e5%90%91%e4%b8%8a%e3%82%92.html,facts_only,,,,,,unknown,passed_deterministic,public_facts_minimized
WEB1dbe9377ef,src_c9e59312d4809087,浜松市スポーツ協会 教室・イベント,https://hamamatsu-sports.or.jp/item/class_venue_address/higashi-ku/%e9%80%a3%e4%bc%91%e6%9c%80%e7%b5%82%e6%97%a5%e3%82%92%e3%80%81%e6%b5%9c%e6%9d%be%e3%82%a2%e3%83%aa%e3%83%bc%e3%83%8a%e3%81%a7%e3%81%b2%e3%81%a8%e9%a8%92%e3%81%8e%ef%bc%81.html,facts_only,,,,,,unknown,passed_deterministic,public_facts_minimized
WEBae44d851dd,src_c9e59312d4809087,浜松市スポーツ協会 教室・イベント,https://hamamatsu-sports.or.jp/item/class_venue_address/higashi-ku/%e6%a5%bd%e3%81%97%e3%81%bf%e3%81%aa%e3%81%8c%e3%82%89%e4%bd%93%e5%8a%9b%e3%82%a2%e3%83%83%e3%83%97%ef%bc%81%e3%81%a1%e3%81%b3%e3%81%a3%e3%81%93%e4%bd%93%e6%93%8d%e6%95%99%e5%ae%a4-202606.html,facts_only,,,,,,unknown,passed_deterministic,public_facts_minimized
WEBca24998c05,src_c9e59312d4809087,浜松市スポーツ協会 教室・イベント,https://hamamatsu-sports.or.jp/item/class_venue_address/nishi-ku/%e9%9b%84%e8%b8%8f-%e9%81%8b%e5%8b%95%e4%bc%9a%e5%bf%85%e5%8b%9d%e5%a1%be-2026.html,facts_only,,,,,,unknown,passed_deterministic,public_facts_minimized
WEB24ba321677,src_80362b02f67130f0,中央図書館 イベント,https://www.lib-city-hamamatsu.jp/access/chuo/event/chuo_2026_jyohokatsuyokouza.html,facts_only,,,,,,unknown,passed_deterministic,public_facts_minimized
WEB762b9dfa5a,src_80362b02f67130f0,中央図書館 イベント,https://www.lib-city-hamamatsu.jp/access/chuo/event/chuo_event_honninmeeting_202602.html,facts_only,,,,,,unknown,passed_deterministic,public_facts_minimized
WEB7c2f22aeb2,src_80362b02f67130f0,中央図書館 イベント,https://www.lib-city-hamamatsu.jp/access/chuo/event/2026_yomikikase_volunteer.html,facts_only,,,,,,unknown,passed_deterministic,public_facts_minimized
WEBf20790afa5,src_80362b02f67130f0,中央図書館 イベント,https://www.lib-city-hamamatsu.jp/access/chuo/event/komonjokaidoku_2026.html,facts_only,,,,,,unknown,passed_deterministic,public_facts_minimized
WEBbc732d5b0b,src_80362b02f67130f0,中央図書館 イベント,https://www.lib-city-hamamatsu.jp/access/chuo/event/chuo_2026_kodomodokusyo.html,facts_only,,,,,,unknown,passed_deterministic,public_facts_minimized
WEB115e90d151,src_80362b02f67130f0,中央図書館 イベント,https://www.lib-city-hamamatsu.jp/access/chuo/event/chuo_kyoudokenkyu_komonjo_2026.html,facts_only,,,,,,unknown,passed_deterministic,public_facts_minimized
WEBb893f33030,src_80362b02f67130f0,中央図書館 イベント,https://www.lib-city-hamamatsu.jp/access/chuo/event/event_candle_2026summer.html,facts_only,,,,,,unknown,passed_deterministic,public_facts_minimized
WEB462c20bf45,src_80362b02f67130f0,中央図書館 イベント,https://www.lib-city-hamamatsu.jp/access/chuo/event/chuo_en_storytime_2026_08.html,facts_only,,,,,,unknown,passed_deterministic,public_facts_minimized
WEB3ee760ddf2,src_80362b02f67130f0,中央図書館 イベント,https://www.lib-city-hamamatsu.jp/access/chuo/event/chuo_tenji202608.html,facts_only,,,,,,unknown,passed_deterministic,public_facts_minimized
WEB7a7954772c,src_80362b02f67130f0,中央図書館 イベント,https://www.lib-city-hamamatsu.jp/access/chuo/event/chuo_tenji202608_02.html,facts_only,,,,,,unknown,passed_deterministic,public_facts_minimized
WEB8c61c141c7,src_0f9d478e75dae8d2,駅前分室 イベント,https://www.lib-city-hamamatsu.jp/access/ekimae/event/ekimae_tenji2026no17.html,facts_only,,,,,,unknown,passed_deterministic,public_facts_minimized
WEB422922ce19,src_0f9d478e75dae8d2,駅前分室 イベント,https://www.lib-city-hamamatsu.jp/access/ekimae/event/ekimae_tenji2026no16.html,facts_only,,,,,,unknown,passed_deterministic,public_facts_minimized
WEB13c1c2244b,src_0f9d478e75dae8d2,駅前分室 イベント,https://www.lib-city-hamamatsu.jp/access/ekimae/event/ekimae_event2026no04.html,facts_only,,,,,,unknown,passed_deterministic,public_facts_minimized
WEBa3cce034ac,src_0f9d478e75dae8d2,駅前分室 イベント,https://www.lib-city-hamamatsu.jp/access/ekimae/event/ekimae_enent2026no02.html,facts_only,,,,,,unknown,passed_deterministic,public_facts_minimized
WEB6a4d9bef3d,src_0f9d478e75dae8d2,駅前分室 イベント,https://www.lib-city-hamamatsu.jp/access/ekimae/event/ekimae_enent2026no01.html,facts_only,,,,,,unknown,passed_deterministic,public_facts_minimized
WEBdb1221b535,src_51aad99d0546ad14,城北図書館 イベント,https://www.lib-city-hamamatsu.jp/access/johoku/event/johoku_event26-16.html,facts_only,,,,,,unknown,passed_deterministic,public_facts_minimized
WEB60a1292e8f,src_51aad99d0546ad14,城北図書館 イベント,https://www.lib-city-hamamatsu.jp/access/johoku/event/johoku_event26-t3.html,facts_only,,,,,,unknown,passed_deterministic,public_facts_minimized
WEB72c4c13aa7,src_51aad99d0546ad14,城北図書館 イベント,https://www.lib-city-hamamatsu.jp/access/johoku/event/johoku_kodomo26-24.html,facts_only,,,,,,unknown,passed_deterministic,public_facts_minimized
WEBb4c20bb6c1,src_51aad99d0546ad14,城北図書館 イベント,https://www.lib-city-hamamatsu.jp/access/johoku/event/johoku_kodomo26-37.html,facts_only,,,,,,unknown,passed_deterministic,public_facts_minimized
WEBbc4f4b0254,src_51aad99d0546ad14,城北図書館 イベント,https://www.lib-city-hamamatsu.jp/access/johoku/event/johoku_tenji26-02-2.html,facts_only,,,,,,unknown,passed_deterministic,public_facts_minimized
WEBa6ecf706a8,src_51aad99d0546ad14,城北図書館 イベント,https://www.lib-city-hamamatsu.jp/access/johoku/event/johoku_tenji26-t2.html,facts_only,,,,,,unknown,passed_deterministic,public_facts_minimized
WEB710390b79c,src_51aad99d0546ad14,城北図書館 イベント,https://www.lib-city-hamamatsu.jp/access/johoku/event/johoku_tenji26-t4.html,facts_only,,,,,,unknown,passed_deterministic,public_facts_minimized
WEB3fae4cf92a,src_51aad99d0546ad14,城北図書館 イベント,https://www.lib-city-hamamatsu.jp/access/johoku/event/johoku_tenji26-26.html,facts_only,,,,,,unknown,passed_deterministic,public_facts_minimized
WEB1fe289760c,src_51aad99d0546ad14,城北図書館 イベント,https://www.lib-city-hamamatsu.jp/access/johoku/event/johoku_tenji26-030.html,facts_only,,,,,,unknown,passed_deterministic,public_facts_minimized
WEBe53c5a7da6,src_51aad99d0546ad14,城北図書館 イベント,https://www.lib-city-hamamatsu.jp/access/johoku/event/johoku_tenji26-32.html,facts_only,,,,,,unknown,passed_deterministic,public_facts_minimized
WEB34459f9f59,src_51aad99d0546ad14,城北図書館 イベント,https://www.lib-city-hamamatsu.jp/access/johoku/event/johoku_tenji26-33.html,facts_only,,,,,,unknown,passed_deterministic,public_facts_minimized
WEBe796739f1a,src_51aad99d0546ad14,城北図書館 イベント,https://www.lib-city-hamamatsu.jp/access/johoku/event/johoku_tenji26-35.html,facts_only,,,,,,unknown,passed_deterministic,public_facts_minimized
WEBef432a5669,src_51aad99d0546ad14,城北図書館 イベント,https://www.lib-city-hamamatsu.jp/access/johoku/event/johoku_tenji26-40.html,facts_only,,,,,,unknown,passed_deterministic,public_facts_minimized
WEB763da68c9b,src_51aad99d0546ad14,城北図書館 イベント,https://www.lib-city-hamamatsu.jp/access/johoku/event/johoku_info26-t5.html,facts_only,,,,,,unknown,passed_deterministic,public_facts_minimized
WEB7057832e7e,src_51aad99d0546ad14,城北図書館 イベント,https://www.lib-city-hamamatsu.jp/access/johoku/event/johoku_info26-05.html,facts_only,,,,,,unknown,passed_deterministic,public_facts_minimized
WEBb3ff6a6692,src_51aad99d0546ad14,城北図書館 イベント,https://www.lib-city-hamamatsu.jp/access/johoku/event/johoku_info26-04.html,facts_only,,,,,,unknown,passed_deterministic,public_facts_minimized
WEB7cd006ef08,src_51aad99d0546ad14,城北図書館 イベント,https://www.lib-city-hamamatsu.jp/access/johoku/event/johoku_info26-03.html,facts_only,,,,,,unknown,passed_deterministic,public_facts_minimized
WEB89f6000acc,src_51aad99d0546ad14,城北図書館 イベント,https://www.lib-city-hamamatsu.jp/access/johoku/event/johoku_info26-01.html,facts_only,,,,,,unknown,passed_deterministic,public_facts_minimized
WEB3b417c1a6e,src_df9a0a12114c349d,南図書館 イベント,https://www.lib-city-hamamatsu.jp/access/minami/event/minami_ev_26008.html,facts_only,,,,,,unknown,passed_deterministic,public_facts_minimized
WEBf3c09c768c,src_df9a0a12114c349d,南図書館 イベント,https://www.lib-city-hamamatsu.jp/access/minami/event/minami_tenji26019.html,facts_only,,,,,,unknown,passed_deterministic,public_facts_minimized
WEBa51e1c50b5,src_df9a0a12114c349d,南図書館 イベント,https://www.lib-city-hamamatsu.jp/access/minami/event/minami_tenji_26002.html,facts_only,,,,,,unknown,passed_deterministic,public_facts_minimized
WEB8a97c04824,src_df9a0a12114c349d,南図書館 イベント,https://www.lib-city-hamamatsu.jp/access/minami/event/minami_ev_26002.html,facts_only,,,,,,unknown,passed_deterministic,public_facts_minimized
WEB3b6610761a,src_df9a0a12114c349d,南図書館 イベント,https://www.lib-city-hamamatsu.jp/access/minami/event/minami_ev_26-3.html,facts_only,,,,,,unknown,passed_deterministic,public_facts_minimized
WEB9f3aa6c637,src_5086c6b8a017144f,西図書館 イベント,https://www.lib-city-hamamatsu.jp/access/nisi/event/nisi_kodomo20260617.html,facts_only,,,,,,unknown,passed_deterministic,public_facts_minimized
WEB9475577474,src_5086c6b8a017144f,西図書館 イベント,https://www.lib-city-hamamatsu.jp/access/nisi/event/nisi_event20260816.html,facts_only,,,,,,unknown,passed_deterministic,public_facts_minimized
WEB0d515b0eaa,src_5086c6b8a017144f,西図書館 イベント,https://www.lib-city-hamamatsu.jp/access/nisi/event/nisi_tenji20260527.html,facts_only,,,,,,unknown,passed_deterministic,public_facts_minimized
WEB30d98b2bab,src_5086c6b8a017144f,西図書館 イベント,https://www.lib-city-hamamatsu.jp/access/nisi/event/nisi_tenji20260721.html,facts_only,,,,,,unknown,passed_deterministic,public_facts_minimized
WEBac9cf00d6c,src_5086c6b8a017144f,西図書館 イベント,https://www.lib-city-hamamatsu.jp/access/nisi/event/nishimokkanntennji080830.html,facts_only,,,,,,unknown,passed_deterministic,public_facts_minimized
WEB78ecd8b214,src_5086c6b8a017144f,西図書館 イベント,https://www.lib-city-hamamatsu.jp/access/nisi/event/nisi_info20260530.html,facts_only,,,,,,unknown,passed_deterministic,public_facts_minimized
WEB3f88ba54ca,src_5086c6b8a017144f,西図書館 イベント,https://www.lib-city-hamamatsu.jp/access/nisi/event/nisi_info20260401.html,facts_only,,,,,,unknown,passed_deterministic,public_facts_minimized
WEBb092232459,src_c2b5027dc5215989,北図書館 イベント,https://www.lib-city-hamamatsu.jp/access/kita/event/kita_hon_event_2026_no02_mane-k.html,facts_only,,,,,,unknown,passed_deterministic,public_facts_minimized
WEBf125142570,src_c2b5027dc5215989,北図書館 イベント,https://www.lib-city-hamamatsu.jp/access/kita/event/kita_hon_event_2026_no03_otonanokojokengaku.html,facts_only,,,,,,unknown,passed_deterministic,public_facts_minimized
WEB1016d2abfa,src_c2b5027dc5215989,北図書館 イベント,https://www.lib-city-hamamatsu.jp/access/kita/event/kita_adult_tennji_2026_no18_syokubustu.html,facts_only,,,,,,unknown,passed_deterministic,public_facts_minimized
WEB57e643172f,src_c2b5027dc5215989,北図書館 イベント,https://www.lib-city-hamamatsu.jp/access/kita/event/kita_news_202608.html,facts_only,,,,,,unknown,passed_deterministic,public_facts_minimized
WEB78770a549b,src_d0c3b38694056758,積志図書館 イベント,https://www.lib-city-hamamatsu.jp/access/sekisi/event/sekisi-bikakusida2026.html,facts_only,,,,,,unknown,passed_deterministic,public_facts_minimized
WEB748a4124c7,src_d0c3b38694056758,積志図書館 イベント,https://www.lib-city-hamamatsu.jp/access/sekisi/event/sekisi-syukudaiotasuke2026.html,facts_only,,,,,,unknown,passed_deterministic,public_facts_minimized
WEB83eb45e1a7,src_d0c3b38694056758,積志図書館 イベント,https://www.lib-city-hamamatsu.jp/access/sekisi/event/sekisi-jidoutenji202608.html,facts_only,,,,,,unknown,passed_deterministic,public_facts_minimized
WEBc03d5b91cc,src_d0c3b38694056758,積志図書館 イベント,https://www.lib-city-hamamatsu.jp/access/sekisi/event/sekisi_ippantenji202608.html,facts_only,,,,,,unknown,passed_deterministic,public_facts_minimized
WEB15eacc5a13,src_d0c3b38694056758,積志図書館 イベント,https://www.lib-city-hamamatsu.jp/access/sekisi/event/sekisi_tosyokandayori202608.html,facts_only,,,,,,unknown,passed_deterministic,public_facts_minimized
WEB67229dc337,src_619383ee6a909f2b,東図書館 イベント,https://www.lib-city-hamamatsu.jp/access/higasi/event/higasi-event_20260605_01.html,facts_only,,,,,,unknown,passed_deterministic,public_facts_minimized
WEB62b0bba684,src_619383ee6a909f2b,東図書館 イベント,https://www.lib-city-hamamatsu.jp/access/higasi/event/higasi-event_20260721.html,facts_only,,,,,,unknown,passed_deterministic,public_facts_minimized
WEB510c50fbba,src_619383ee6a909f2b,東図書館 イベント,https://www.lib-city-hamamatsu.jp/access/higasi/event/higasi-event_kotoba20260708.html,facts_only,,,,,,unknown,passed_deterministic,public_facts_minimized
WEB2b0f8e83f3,src_619383ee6a909f2b,東図書館 イベント,https://www.lib-city-hamamatsu.jp/access/higasi/event/higasi_tenji_iryou_2026031002.html,facts_only,,,,,,unknown,passed_deterministic,public_facts_minimized
WEBa452e44ef9,src_619383ee6a909f2b,東図書館 イベント,https://www.lib-city-hamamatsu.jp/access/higasi/event/higasi-tenji_jidou202607_08.html,facts_only,,,,,,unknown,passed_deterministic,public_facts_minimized
WEBb73ff1a32b,src_619383ee6a909f2b,東図書館 イベント,https://www.lib-city-hamamatsu.jp/access/higasi/event/higasi-tenji_music20260801_30.html,facts_only,,,,,,unknown,passed_deterministic,public_facts_minimized
WEBddf333d7f6,src_619383ee6a909f2b,東図書館 イベント,https://www.lib-city-hamamatsu.jp/access/higasi/event/higasi_other_sukusuku2604-2.html,facts_only,,,,,,unknown,passed_deterministic,public_facts_minimized
WEB8f1987ce8e,src_619383ee6a909f2b,東図書館 イベント,https://www.lib-city-hamamatsu.jp/access/higasi/event/higasi_ev_naxos20260401_2703.html,facts_only,,,,,,unknown,passed_deterministic,public_facts_minimized
WEBb74d32a2ec,src_619383ee6a909f2b,東図書館 イベント,https://www.lib-city-hamamatsu.jp/access/higasi/event/higasi_event202604_202703-2-2.html,facts_only,,,,,,unknown,passed_deterministic,public_facts_minimized
WEBdca1b3272a,src_619383ee6a909f2b,東図書館 イベント,https://www.lib-city-hamamatsu.jp/access/higasi/event/higasi_newsletter_2026_070809.html,facts_only,,,,,,unknown,passed_deterministic,public_facts_minimized
WEB5f1977aa2c,src_45611c1d9e426b7d,流通元町図書館 イベント,https://www.lib-city-hamamatsu.jp/access/ryuutuu/event/ryuutuu_event_20260726-1.html,facts_only,,,,,,unknown,passed_deterministic,public_facts_minimized
WEBea7a969769,src_45611c1d9e426b7d,流通元町図書館 イベント,https://www.lib-city-hamamatsu.jp/access/ryuutuu/event/ryuutuu_event_20260311-1.html,facts_only,,,,,,unknown,passed_deterministic,public_facts_minimized
WEB9c79527935,src_45611c1d9e426b7d,流通元町図書館 イベント,https://www.lib-city-hamamatsu.jp/access/ryuutuu/event/ryuutuu_event_20260628-1.html,facts_only,,,,,,unknown,passed_deterministic,public_facts_minimized
WEB5e23b679ca,src_45611c1d9e426b7d,流通元町図書館 イベント,https://www.lib-city-hamamatsu.jp/access/ryuutuu/event/ryuutuu_event_20260623-1.html,facts_only,,,,,,unknown,passed_deterministic,public_facts_minimized
WEBdd7c3cead1,src_45611c1d9e426b7d,流通元町図書館 イベント,https://www.lib-city-hamamatsu.jp/access/ryuutuu/event/ryuutuu_tenji_20260619-1.html,facts_only,,,,,,unknown,passed_deterministic,public_facts_minimized
WEBa58e4235ba,src_45611c1d9e426b7d,流通元町図書館 イベント,https://www.lib-city-hamamatsu.jp/access/ryuutuu/event/ryuutuu_tenji_20260617-1.html,facts_only,,,,,,unknown,passed_deterministic,public_facts_minimized
WEB4e7584b081,src_45611c1d9e426b7d,流通元町図書館 イベント,https://www.lib-city-hamamatsu.jp/access/ryuutuu/event/ryuutuu_tenji_20260726-3.html,facts_only,,,,,,unknown,passed_deterministic,public_facts_minimized
WEBedd1e0946f,src_45611c1d9e426b7d,流通元町図書館 イベント,https://www.lib-city-hamamatsu.jp/access/ryuutuu/event/ryuutuu_tenji_20260726-2.html,facts_only,,,,,,unknown,passed_deterministic,public_facts_minimized
WEB7732e53e9e,src_45611c1d9e426b7d,流通元町図書館 イベント,https://www.lib-city-hamamatsu.jp/access/ryuutuu/event/ryuutuu_event_20260311-3.html,facts_only,,,,,,unknown,passed_deterministic,public_facts_minimized
WEBd10389ee57,src_45611c1d9e426b7d,流通元町図書館 イベント,https://www.lib-city-hamamatsu.jp/access/ryuutuu/event/ryuutuu_oshirase_20260311-2.html,facts_only,,,,,,unknown,passed_deterministic,public_facts_minimized
WEBe72b88c9ba,src_45611c1d9e426b7d,流通元町図書館 イベント,https://www.lib-city-hamamatsu.jp/access/ryuutuu/event/ryuutuu_oshirase_20260401-1.html,facts_only,,,,,,unknown,passed_deterministic,public_facts_minimized
WEBac8909580a,src_45611c1d9e426b7d,流通元町図書館 イベント,https://www.lib-city-hamamatsu.jp/access/ryuutuu/event/ryuutuu_oshirase_20260702-1.html,facts_only,,,,,,unknown,passed_deterministic,public_facts_minimized
WEB5f352961a8,src_40c6d967345b7374,はまゆう図書館 イベント,https://www.lib-city-hamamatsu.jp/access/hamayuu/event/hamayu_32_2026-9-6.html,facts_only,,,,,,unknown,passed_deterministic,public_facts_minimized
WEBae2ef857dd,src_40c6d967345b7374,はまゆう図書館 イベント,https://www.lib-city-hamamatsu.jp/access/hamayuu/event/hamayu_2026kouza3.html,facts_only,,,,,,unknown,passed_deterministic,public_facts_minimized
WEB968319253f,src_40c6d967345b7374,はまゆう図書館 イベント,https://www.lib-city-hamamatsu.jp/access/hamayuu/event/hamayu_kodomo28.html,facts_only,,,,,,unknown,passed_deterministic,public_facts_minimized
WEBc74fa0086a,src_3fdf5aaa3b063483,舞阪図書館 イベント,https://www.lib-city-hamamatsu.jp/access/maisaka/event/maisaka-event-20260717-1.html,facts_only,,,,,,unknown,passed_deterministic,public_facts_minimized
WEB43557804e6,src_3fdf5aaa3b063483,舞阪図書館 イベント,https://www.lib-city-hamamatsu.jp/access/maisaka/event/maisaka-event-20260717-2.html,facts_only,,,,,,unknown,passed_deterministic,public_facts_minimized
WEB0295f743a1,src_3fdf5aaa3b063483,舞阪図書館 イベント,https://www.lib-city-hamamatsu.jp/access/maisaka/event/maisaka-event-20260731.html,facts_only,,,,,,unknown,passed_deterministic,public_facts_minimized
WEB399767b7a0,src_3fdf5aaa3b063483,舞阪図書館 イベント,https://www.lib-city-hamamatsu.jp/access/maisaka/event/maisaka-event-20260807.html,facts_only,,,,,,unknown,passed_deterministic,public_facts_minimized
WEBb164691445,src_3fdf5aaa3b063483,舞阪図書館 イベント,https://www.lib-city-hamamatsu.jp/access/maisaka/event/maisaka-kiz-event-20260729.html,facts_only,,,,,,unknown,passed_deterministic,public_facts_minimized
WEBdc9b638be5,src_3fdf5aaa3b063483,舞阪図書館 イベント,https://www.lib-city-hamamatsu.jp/access/maisaka/event/maisaka-kiz-event-20260731-1.html,facts_only,,,,,,unknown,passed_deterministic,public_facts_minimized
WEBbde725ac27,src_3fdf5aaa3b063483,舞阪図書館 イベント,https://www.lib-city-hamamatsu.jp/access/maisaka/event/maisaka-tenji-20260702-3.html,facts_only,,,,,,unknown,passed_deterministic,public_facts_minimized
WEB91753b9bd6,src_3fdf5aaa3b063483,舞阪図書館 イベント,https://www.lib-city-hamamatsu.jp/access/maisaka/event/maisaka-tenji-20260731-2.html,facts_only,,,,,,unknown,passed_deterministic,public_facts_minimized
WEB3f26460614,src_3fdf5aaa3b063483,舞阪図書館 イベント,https://www.lib-city-hamamatsu.jp/access/maisaka/event/maisaka-tenji-202607031-1.html,facts_only,,,,,,unknown,passed_deterministic,public_facts_minimized
WEBf3f3ff222b,src_3fdf5aaa3b063483,舞阪図書館 イベント,https://www.lib-city-hamamatsu.jp/access/maisaka/event/maisaka-info-20260401-12.html,facts_only,,,,,,unknown,passed_deterministic,public_facts_minimized
WEB8ec66e012e,src_3fdf5aaa3b063483,舞阪図書館 イベント,https://www.lib-city-hamamatsu.jp/access/maisaka/event/maisaka-info-20260401-11.html,facts_only,,,,,,unknown,passed_deterministic,public_facts_minimized
WEBf7fa728526,src_3fdf5aaa3b063483,舞阪図書館 イベント,https://www.lib-city-hamamatsu.jp/access/maisaka/event/maisaka-info-20260401-10.html,facts_only,,,,,,unknown,passed_deterministic,public_facts_minimized
WEBe432e4b01e,src_3fdf5aaa3b063483,舞阪図書館 イベント,https://www.lib-city-hamamatsu.jp/access/maisaka/event/maisaka-info-20260401-9.html,facts_only,,,,,,unknown,passed_deterministic,public_facts_minimized
WEB037e3634e1,src_3fdf5aaa3b063483,舞阪図書館 イベント,https://www.lib-city-hamamatsu.jp/access/maisaka/event/maisaka-info-20260401-8.html,facts_only,,,,,,unknown,passed_deterministic,public_facts_minimized
WEBc3dddeb9bd,src_3fdf5aaa3b063483,舞阪図書館 イベント,https://www.lib-city-hamamatsu.jp/access/maisaka/event/maisaka-info-20260401-7.html,facts_only,,,,,,unknown,passed_deterministic,public_facts_minimized
WEBe1cf761433,src_3fdf5aaa3b063483,舞阪図書館 イベント,https://www.lib-city-hamamatsu.jp/access/maisaka/event/maisaka-info-20260401-6.html,facts_only,,,,,,unknown,passed_deterministic,public_facts_minimized
WEBdffc4a75ab,src_3fdf5aaa3b063483,舞阪図書館 イベント,https://www.lib-city-hamamatsu.jp/access/maisaka/event/maisaka-info-20260401-5.html,facts_only,,,,,,unknown,passed_deterministic,public_facts_minimized
WEB688fb3e8b3,src_3fdf5aaa3b063483,舞阪図書館 イベント,https://www.lib-city-hamamatsu.jp/access/maisaka/event/maisaka-info-20260401-4.html,facts_only,,,,,,unknown,passed_deterministic,public_facts_minimized
WEB0ba6ef4c93,src_3fdf5aaa3b063483,舞阪図書館 イベント,https://www.lib-city-hamamatsu.jp/access/maisaka/event/maisaka-info-20260401-3-3.html,facts_only,,,,,,unknown,passed_deterministic,public_facts_minimized
WEB0f20123ec6,src_3fdf5aaa3b063483,舞阪図書館 イベント,https://www.lib-city-hamamatsu.jp/access/maisaka/event/maisaka-info-20260401-2.html,facts_only,,,,,,unknown,passed_deterministic,public_facts_minimized
WEBf82f7918db,src_3fdf5aaa3b063483,舞阪図書館 イベント,https://www.lib-city-hamamatsu.jp/access/maisaka/event/maisaka-info-20260401-1.html,facts_only,,,,,,unknown,passed_deterministic,public_facts_minimized
WEBed3a999424,src_3fdf5aaa3b063483,舞阪図書館 イベント,https://www.lib-city-hamamatsu.jp/access/maisaka/event/maisaka-info-20260621-2.html,facts_only,,,,,,unknown,passed_deterministic,public_facts_minimized
WEB76929da4a8,src_3fdf5aaa3b063483,舞阪図書館 イベント,https://www.lib-city-hamamatsu.jp/access/maisaka/event/maisaka-info-20260621-1.html,facts_only,,,,,,unknown,passed_deterministic,public_facts_minimized
WEBd3b0a3f641,src_3fdf5aaa3b063483,舞阪図書館 イベント,https://www.lib-city-hamamatsu.jp/access/maisaka/event/maisaka-info-20260731.html,facts_only,,,,,,unknown,passed_deterministic,public_facts_minimized
WEB4240fa8e7b,src_3fdf5aaa3b063483,舞阪図書館 イベント,https://www.lib-city-hamamatsu.jp/access/maisaka/event/maisaka-info-20260717.html,facts_only,,,,,,unknown,passed_deterministic,public_facts_minimized
WEBc19f16e470,src_8785aa0df9db22fc,雄踏図書館 イベント,https://www.lib-city-hamamatsu.jp/access/yuutou/event/yuutou_event20260704.html,facts_only,,,,,,unknown,passed_deterministic,public_facts_minimized
WEBf409e47b64,src_8785aa0df9db22fc,雄踏図書館 イベント,https://www.lib-city-hamamatsu.jp/access/yuutou/event/yuutou_tenji20260704.html,facts_only,,,,,,unknown,passed_deterministic,public_facts_minimized
WEB8c8ab73094,src_8785aa0df9db22fc,雄踏図書館 イベント,https://www.lib-city-hamamatsu.jp/access/yuutou/event/yuutou_tenji20260801_3.html,facts_only,,,,,,unknown,passed_deterministic,public_facts_minimized
WEBc015fd31d6,src_8785aa0df9db22fc,雄踏図書館 イベント,https://www.lib-city-hamamatsu.jp/access/yuutou/event/yuutou_tenji20260801_2.html,facts_only,,,,,,unknown,passed_deterministic,public_facts_minimized
WEB6300ad5181,src_8785aa0df9db22fc,雄踏図書館 イベント,https://www.lib-city-hamamatsu.jp/access/yuutou/event/yuutou_tenji20260801.html,facts_only,,,,,,unknown,passed_deterministic,public_facts_minimized
WEBc2279d2865,src_8785aa0df9db22fc,雄踏図書館 イベント,https://www.lib-city-hamamatsu.jp/access/yuutou/event/yuutou_info20260730.html,facts_only,,,,,,unknown,passed_deterministic,public_facts_minimized
WEB3f952e02bc,src_ba64b18ebb6d12db,可新図書館 イベント,https://www.lib-city-hamamatsu.jp/access/kasinn/event/kasin-event-poster2026-06-1.html,facts_only,,,,,,unknown,passed_deterministic,public_facts_minimized
WEB1a52d455a1,src_ba64b18ebb6d12db,可新図書館 イベント,https://www.lib-city-hamamatsu.jp/access/kasinn/event/kasin-event-poster2026-08-2.html,facts_only,,,,,,unknown,passed_deterministic,public_facts_minimized
WEBf7b7249f0f,src_ba64b18ebb6d12db,可新図書館 イベント,https://www.lib-city-hamamatsu.jp/access/kasinn/event/kasinn_tenji_jidou_2026-08.html,facts_only,,,,,,unknown,passed_deterministic,public_facts_minimized
WEB0d0fafcd2a,src_ba64b18ebb6d12db,可新図書館 イベント,https://www.lib-city-hamamatsu.jp/access/kasinn/event/kasinn_tenji_ippan_2026-08.html,facts_only,,,,,,unknown,passed_deterministic,public_facts_minimized
WEB5688b41531,src_ba64b18ebb6d12db,可新図書館 イベント,https://www.lib-city-hamamatsu.jp/access/kasinn/event/kasinn_kanndayori2026-08.html,facts_only,,,,,,unknown,passed_deterministic,public_facts_minimized
WEB09182ac465,src_2a28d32582c9e45d,都田図書館 イベント,https://www.lib-city-hamamatsu.jp/access/miyakoda/event/202605miyakoda11-event-ippan.html,facts_only,,,,,,unknown,passed_deterministic,public_facts_minimized
WEBb830b082bf,src_2a28d32582c9e45d,都田図書館 イベント,https://www.lib-city-hamamatsu.jp/access/miyakoda/event/202606miyakoda15-event-ippan.html,facts_only,,,,,,unknown,passed_deterministic,public_facts_minimized
WEB3068dbc9fd,src_2a28d32582c9e45d,都田図書館 イベント,https://www.lib-city-hamamatsu.jp/access/miyakoda/event/202608miyakodaken-event-ippan.html,facts_only,,,,,,unknown,passed_deterministic,public_facts_minimized
WEB07bb4aea8d,src_2a28d32582c9e45d,都田図書館 イベント,https://www.lib-city-hamamatsu.jp/access/miyakoda/event/202604miyakodakou2-event-jido.html,facts_only,,,,,,unknown,passed_deterministic,public_facts_minimized
WEBe8ec903d3e,src_2a28d32582c9e45d,都田図書館 イベント,https://www.lib-city-hamamatsu.jp/access/miyakoda/event/202607miyakoda20-event-jido.html,facts_only,,,,,,unknown,passed_deterministic,public_facts_minimized
WEB1ec8abfcac,src_2a28d32582c9e45d,都田図書館 イベント,https://www.lib-city-hamamatsu.jp/access/miyakoda/event/202607miyakoda14-event-jido.html,facts_only,,,,,,unknown,passed_deterministic,public_facts_minimized
WEB283af8458c,src_2a28d32582c9e45d,都田図書館 イベント,https://www.lib-city-hamamatsu.jp/access/miyakoda/event/202607miyakoda21-tenji-jido.html,facts_only,,,,,,unknown,passed_deterministic,public_facts_minimized
WEBb36f0b6d07,src_2a28d32582c9e45d,都田図書館 イベント,https://www.lib-city-hamamatsu.jp/access/miyakoda/event/202608miyakoda25-tenji-ippan.html,facts_only,,,,,,unknown,passed_deterministic,public_facts_minimized
WEB47c2ef5191,src_2a28d32582c9e45d,都田図書館 イベント,https://www.lib-city-hamamatsu.jp/access/miyakoda/event/202608miyakoda10-tosyokandayori.html,facts_only,,,,,,unknown,passed_deterministic,public_facts_minimized
WEBe70e5ddcfc,src_17edfdb8f443810f,細江図書館 イベント,https://www.lib-city-hamamatsu.jp/access/hosoe/event/hosoe_event202607151.html,facts_only,,,,,,unknown,passed_deterministic,public_facts_minimized
WEBf0d7d4c123,src_17edfdb8f443810f,細江図書館 イベント,https://www.lib-city-hamamatsu.jp/access/hosoe/event/hosoe_sonota2026062703.html,facts_only,,,,,,unknown,passed_deterministic,public_facts_minimized
WEB35ed4642b9,src_17edfdb8f443810f,細江図書館 イベント,https://www.lib-city-hamamatsu.jp/access/hosoe/event/hosoe_tenji20260627.html,facts_only,,,,,,unknown,passed_deterministic,public_facts_minimized
WEBcf09bafe06,src_17edfdb8f443810f,細江図書館 イベント,https://www.lib-city-hamamatsu.jp/access/hosoe/event/hosoe_sonota20260321.html,facts_only,,,,,,unknown,passed_deterministic,public_facts_minimized
WEB0a934ca281,src_1c02025d686b3fe6,引佐図書館 イベント,https://www.lib-city-hamamatsu.jp/access/inasa/event/inasa_event20260404_1.html,facts_only,,,,,,unknown,passed_deterministic,public_facts_minimized
WEB35321d10ba,src_1c02025d686b3fe6,引佐図書館 イベント,https://www.lib-city-hamamatsu.jp/access/inasa/event/inasa_event20260616_1.html,facts_only,,,,,,unknown,passed_deterministic,public_facts_minimized
WEB019fd26b3b,src_1c02025d686b3fe6,引佐図書館 イベント,https://www.lib-city-hamamatsu.jp/access/inasa/event/inasa_event20260404.html,facts_only,,,,,,unknown,passed_deterministic,public_facts_minimized
WEB5e4d6e245f,src_1c02025d686b3fe6,引佐図書館 イベント,https://www.lib-city-hamamatsu.jp/access/inasa/event/inasa_event20260705.html,facts_only,,,,,,unknown,passed_deterministic,public_facts_minimized
WEB3835034ef6,src_1c02025d686b3fe6,引佐図書館 イベント,https://www.lib-city-hamamatsu.jp/access/inasa/event/inasa_tenji20260602.html,facts_only,,,,,,unknown,passed_deterministic,public_facts_minimized
WEB45c032cfec,src_1c02025d686b3fe6,引佐図書館 イベント,https://www.lib-city-hamamatsu.jp/access/inasa/event/inasa_tenji20260705_2.html,facts_only,,,,,,unknown,passed_deterministic,public_facts_minimized
WEBdd3892d713,src_1c02025d686b3fe6,引佐図書館 イベント,https://www.lib-city-hamamatsu.jp/access/inasa/event/inasa_tenji20260721.html,facts_only,,,,,,unknown,passed_deterministic,public_facts_minimized
WEB54b1990edf,src_1c02025d686b3fe6,引佐図書館 イベント,https://www.lib-city-hamamatsu.jp/access/inasa/event/inasa_tenji20260716.html,facts_only,,,,,,unknown,passed_deterministic,public_facts_minimized
WEB6125edd891,src_1c02025d686b3fe6,引佐図書館 イベント,https://www.lib-city-hamamatsu.jp/access/inasa/event/inasa_info20260314_2.html,facts_only,,,,,,unknown,passed_deterministic,public_facts_minimized
WEBe32058d83b,src_1c02025d686b3fe6,引佐図書館 イベント,https://www.lib-city-hamamatsu.jp/access/inasa/event/inasa_info20260314.html,facts_only,,,,,,unknown,passed_deterministic,public_facts_minimized
WEB6f500665ca,src_1c02025d686b3fe6,引佐図書館 イベント,https://www.lib-city-hamamatsu.jp/access/inasa/event/inasa_info20260804.html,facts_only,,,,,,unknown,passed_deterministic,public_facts_minimized
WEB89fe1c858a,src_762a3ebe150485d7,三ヶ日図書館 イベント,https://www.lib-city-hamamatsu.jp/access/mikkabi/event/mikkabi_r8_no11_3.html,facts_only,,,,,,unknown,passed_deterministic,public_facts_minimized
WEB6e729f8e12,src_762a3ebe150485d7,三ヶ日図書館 イベント,https://www.lib-city-hamamatsu.jp/access/mikkabi/event/mikkabi_r8_no19.html,facts_only,,,,,,unknown,passed_deterministic,public_facts_minimized
WEB4afcb9ffb1,src_762a3ebe150485d7,三ヶ日図書館 イベント,https://www.lib-city-hamamatsu.jp/access/mikkabi/event/mikkabi_r8_no39.html,facts_only,,,,,,unknown,passed_deterministic,public_facts_minimized
WEBf848b49774,src_762a3ebe150485d7,三ヶ日図書館 イベント,https://www.lib-city-hamamatsu.jp/access/mikkabi/event/mikkabi_r8_no26-kou3.html,facts_only,,,,,,unknown,passed_deterministic,public_facts_minimized
WEB0afb24023a,src_762a3ebe150485d7,三ヶ日図書館 イベント,https://www.lib-city-hamamatsu.jp/access/mikkabi/event/mikkabi_r8_no40.html,facts_only,,,,,,unknown,passed_deterministic,public_facts_minimized
WEBce23bb79ad,src_762a3ebe150485d7,三ヶ日図書館 イベント,https://www.lib-city-hamamatsu.jp/access/mikkabi/event/mikkabi_r8_no32.html,facts_only,,,,,,unknown,passed_deterministic,public_facts_minimized
WEBa827ee7b9c,src_762a3ebe150485d7,三ヶ日図書館 イベント,https://www.lib-city-hamamatsu.jp/access/mikkabi/event/mikkabi_r8_no38.html,facts_only,,,,,,unknown,passed_deterministic,public_facts_minimized
WEB468df6e529,src_762a3ebe150485d7,三ヶ日図書館 イベント,https://www.lib-city-hamamatsu.jp/access/mikkabi/event/mikkabi_r8_no09.html,facts_only,,,,,,unknown,passed_deterministic,public_facts_minimized
WEB5addd4393d,src_762a3ebe150485d7,三ヶ日図書館 イベント,https://www.lib-city-hamamatsu.jp/access/mikkabi/event/mikkabi_r8_no10.html,facts_only,,,,,,unknown,passed_deterministic,public_facts_minimized
WEBbc2a11aeea,src_762a3ebe150485d7,三ヶ日図書館 イベント,https://www.lib-city-hamamatsu.jp/access/mikkabi/event/mikkabi_r8_no6.html,facts_only,,,,,,unknown,passed_deterministic,public_facts_minimized
WEB521c082b0f,src_1bdd781674c765e2,浜北図書館 イベント,https://www.lib-city-hamamatsu.jp/access/hamakita/event/hamakita-event20260322-1.html,facts_only,,,,,,unknown,passed_deterministic,public_facts_minimized
WEBb6b01696c7,src_1bdd781674c765e2,浜北図書館 イベント,https://www.lib-city-hamamatsu.jp/access/hamakita/event/hamakita-event20260721_2.html,facts_only,,,,,,unknown,passed_deterministic,public_facts_minimized
WEBc7dd1c78ff,src_1bdd781674c765e2,浜北図書館 イベント,https://www.lib-city-hamamatsu.jp/access/hamakita/event/hamakita-event20260731_1.html,facts_only,,,,,,unknown,passed_deterministic,public_facts_minimized
WEB6220fe0b0e,src_1bdd781674c765e2,浜北図書館 イベント,https://www.lib-city-hamamatsu.jp/access/hamakita/event/hamakita-event20260323-3.html,facts_only,,,,,,unknown,passed_deterministic,public_facts_minimized
WEB287685b2f7,src_1bdd781674c765e2,浜北図書館 イベント,https://www.lib-city-hamamatsu.jp/access/hamakita/event/hamakita-event20260721_3.html,facts_only,,,,,,unknown,passed_deterministic,public_facts_minimized
WEBa307fded3e,src_1bdd781674c765e2,浜北図書館 イベント,https://www.lib-city-hamamatsu.jp/access/hamakita/event/hamakita-event20260721_1.html,facts_only,,,,,,unknown,passed_deterministic,public_facts_minimized
WEB8d9e9d2960,src_1bdd781674c765e2,浜北図書館 イベント,https://www.lib-city-hamamatsu.jp/access/hamakita/event/hamakita-tenji20260323-4.html,facts_only,,,,,,unknown,passed_deterministic,public_facts_minimized
WEBd54c540c07,src_1bdd781674c765e2,浜北図書館 イベント,https://www.lib-city-hamamatsu.jp/access/hamakita/event/hamakita-tenji20260323-3.html,facts_only,,,,,,unknown,passed_deterministic,public_facts_minimized
WEB510f39dac8,src_1bdd781674c765e2,浜北図書館 イベント,https://www.lib-city-hamamatsu.jp/access/hamakita/event/hamakita-tenji20260323-2.html,facts_only,,,,,,unknown,passed_deterministic,public_facts_minimized
WEB328299e72f,src_1bdd781674c765e2,浜北図書館 イベント,https://www.lib-city-hamamatsu.jp/access/hamakita/event/hamakita-tenji20260323-1.html,facts_only,,,,,,unknown,passed_deterministic,public_facts_minimized
WEB8a15de85b0,src_1bdd781674c765e2,浜北図書館 イベント,https://www.lib-city-hamamatsu.jp/access/hamakita/event/hamakita-tenji20260322-1.html,facts_only,,,,,,unknown,passed_deterministic,public_facts_minimized
WEB8a46816554,src_1bdd781674c765e2,浜北図書館 イベント,https://www.lib-city-hamamatsu.jp/access/hamakita/event/hamakita-tenji20260616-4.html,facts_only,,,,,,unknown,passed_deterministic,public_facts_minimized
WEBedc66a2f87,src_1bdd781674c765e2,浜北図書館 イベント,https://www.lib-city-hamamatsu.jp/access/hamakita/event/hamakita-tenji20260616-3.html,facts_only,,,,,,unknown,passed_deterministic,public_facts_minimized
WEB2c1631113c,src_1bdd781674c765e2,浜北図書館 イベント,https://www.lib-city-hamamatsu.jp/access/hamakita/event/hamakita-tenji20260616-2.html,facts_only,,,,,,unknown,passed_deterministic,public_facts_minimized
WEB9a7f6f0b79,src_1bdd781674c765e2,浜北図書館 イベント,https://www.lib-city-hamamatsu.jp/access/hamakita/event/hamakita-tenji20260616-1.html,facts_only,,,,,,unknown,passed_deterministic,public_facts_minimized
WEBbfc293105c,src_1bdd781674c765e2,浜北図書館 イベント,https://www.lib-city-hamamatsu.jp/access/hamakita/event/hamakita-tenji20260721-1.html,facts_only,,,,,,unknown,passed_deterministic,public_facts_minimized
WEBfcc14660b0,src_1bdd781674c765e2,浜北図書館 イベント,https://www.lib-city-hamamatsu.jp/access/hamakita/event/hamakita-tenji20260721-2.html,facts_only,,,,,,unknown,passed_deterministic,public_facts_minimized
WEB8499530ec6,src_1bdd781674c765e2,浜北図書館 イベント,https://www.lib-city-hamamatsu.jp/access/hamakita/event/hamakita-tenji20260721-3.html,facts_only,,,,,,unknown,passed_deterministic,public_facts_minimized
WEB4ca4116e7d,src_1bdd781674c765e2,浜北図書館 イベント,https://www.lib-city-hamamatsu.jp/access/hamakita/event/hamakita-osirase20260323-5.html,facts_only,,,,,,unknown,passed_deterministic,public_facts_minimized
WEBea5dd53d36,src_1bdd781674c765e2,浜北図書館 イベント,https://www.lib-city-hamamatsu.jp/access/hamakita/event/hamakita-osirase20260322-1.html,facts_only,,,,,,unknown,passed_deterministic,public_facts_minimized
WEBf45724eb58,src_1bdd781674c765e2,浜北図書館 イベント,https://www.lib-city-hamamatsu.jp/access/hamakita/event/hamakita-osirase20260731-1.html,facts_only,,,,,,unknown,passed_deterministic,public_facts_minimized
WEBbaf8e35f55,src_22185eae755f9ad0,天竜図書館 イベント,https://www.lib-city-hamamatsu.jp/access/tennryuu/event/tenji20260807.html,facts_only,,,,,,unknown,passed_deterministic,public_facts_minimized
WEBf90345d592,src_371dd25a58f8049f,浜松市博物館・旧高山家住宅 催事,https://www.city.hamamatsu.shizuoka.jp/hamahaku/26kikakutaikenn/taikennkoza.html,facts_only,,,,,,unknown,passed_deterministic,public_facts_minimized
WEB87c589bf55,src_371dd25a58f8049f,浜松市博物館・旧高山家住宅 催事,https://www.city.hamamatsu.shizuoka.jp/hamahaku/26kikakutaikenn/taikennkoza.html,facts_only,,,,,,unknown,passed_deterministic,public_facts_minimized
WEB6e857b2fdd,src_371dd25a58f8049f,浜松市博物館・旧高山家住宅 催事,https://www.city.hamamatsu.shizuoka.jp/hamahaku/26kikakutaikenn/taikennkoza.html,facts_only,,,,,,unknown,passed_deterministic,public_facts_minimized
WEB2717b4ca0e,src_371dd25a58f8049f,浜松市博物館・旧高山家住宅 催事,https://www.city.hamamatsu.shizuoka.jp/hamahaku/26kikakutaikenn/taikennkoza.html,facts_only,,,,,,unknown,passed_deterministic,public_facts_minimized
WEB5481bef9db,src_371dd25a58f8049f,浜松市博物館・旧高山家住宅 催事,https://www.city.hamamatsu.shizuoka.jp/hamahaku/26kikakutaikenn/taikennkoza.html,facts_only,,,,,,unknown,passed_deterministic,public_facts_minimized
WEBa657727869,src_d61af6e402586057,浜松市天文台 イベント,https://www.city.hamamatsu.shizuoka.jp/s-kumin/hao/event-doyou.html,facts_only,,,,,,unknown,passed_deterministic,public_facts_minimized
WEB457dabea51,src_d61af6e402586057,浜松市天文台 イベント,https://www.city.hamamatsu.shizuoka.jp/s-kumin/hao/event-doyou.html,facts_only,,,,,,unknown,passed_deterministic,public_facts_minimized
WEBad4ffacb58,src_d61af6e402586057,浜松市天文台 イベント,https://www.city.hamamatsu.shizuoka.jp/s-kumin/hao/bouennkyoukouza.html,facts_only,,,,,,unknown,passed_deterministic,public_facts_minimized
WEBb86a4f14a7,src_d61af6e402586057,浜松市天文台 イベント,https://www.city.hamamatsu.shizuoka.jp/s-kumin/hao/bouennkyoukouza.html,facts_only,,,,,,unknown,passed_deterministic,public_facts_minimized
WEB341b1a5c5e,src_d61af6e402586057,浜松市天文台 イベント,https://www.city.hamamatsu.shizuoka.jp/s-kumin/hao/bouennkyoukouza.html,facts_only,,,,,,unknown,passed_deterministic,public_facts_minimized
WEB2e9e82df97,src_d61af6e402586057,浜松市天文台 イベント,https://www.city.hamamatsu.shizuoka.jp/s-kumin/hao/bouennkyoukouza.html,facts_only,,,,,,unknown,passed_deterministic,public_facts_minimized
WEBdd721846fc,src_d61af6e402586057,浜松市天文台 イベント,https://www.city.hamamatsu.shizuoka.jp/s-kumin/hao/tennmonnkouza.html,facts_only,,,,,,unknown,passed_deterministic,public_facts_minimized
WEB8244f7d21c,src_d61af6e402586057,浜松市天文台 イベント,https://www.city.hamamatsu.shizuoka.jp/s-kumin/hao/tennmonnkouza.html,facts_only,,,,,,unknown,passed_deterministic,public_facts_minimized
WEB4f257f4076,src_d61af6e402586057,浜松市天文台 イベント,https://www.city.hamamatsu.shizuoka.jp/s-kumin/hao/tennmonnkouza.html,facts_only,,,,,,unknown,passed_deterministic,public_facts_minimized
WEBe08540047b,src_d61af6e402586057,浜松市天文台 イベント,https://www.city.hamamatsu.shizuoka.jp/s-kumin/hao/tennmonnkouza.html,facts_only,,,,,,unknown,passed_deterministic,public_facts_minimized
WEBd885edbd2a,src_d61af6e402586057,浜松市天文台 イベント,https://www.city.hamamatsu.shizuoka.jp/s-kumin/hao/tennmonnkouza.html,facts_only,,,,,,unknown,passed_deterministic,public_facts_minimized
WEBc03eb3d9dd,src_d61af6e402586057,浜松市天文台 イベント,https://www.city.hamamatsu.shizuoka.jp/s-kumin/hao/tennmonnkouza.html,facts_only,,,,,,unknown,passed_deterministic,public_facts_minimized
WEB1dff2e8f18,src_d61af6e402586057,浜松市天文台 イベント,https://www.city.hamamatsu.shizuoka.jp/s-kumin/hao/oyakomuke_top.html,facts_only,,,,,,unknown,passed_deterministic,public_facts_minimized
WEB6b78bf0b23,src_d61af6e402586057,浜松市天文台 イベント,https://www.city.hamamatsu.shizuoka.jp/s-kumin/hao/oyakomuke_top.html,facts_only,,,,,,unknown,passed_deterministic,public_facts_minimized
WEB40db82d9eb,src_d61af6e402586057,浜松市天文台 イベント,https://www.city.hamamatsu.shizuoka.jp/s-kumin/hao/oyakomuke_top.html,facts_only,,,,,,unknown,passed_deterministic,public_facts_minimized
WEB6e6c0f43e4,src_d61af6e402586057,浜松市天文台 イベント,https://www.city.hamamatsu.shizuoka.jp/s-kumin/hao/stsarweek.html,facts_only,,,,,,unknown,passed_deterministic,public_facts_minimized
WEBceaacb5a91,src_d61af6e402586057,浜松市天文台 イベント,https://www.city.hamamatsu.shizuoka.jp/s-kumin/hao/stsarweek.html,facts_only,,,,,,unknown,passed_deterministic,public_facts_minimized
WEBd43662f500,src_d61af6e402586057,浜松市天文台 イベント,https://www.city.hamamatsu.shizuoka.jp/s-kumin/hao/stsarweek.html,facts_only,,,,,,unknown,passed_deterministic,public_facts_minimized
WEB10b6d3e4a5,src_d61af6e402586057,浜松市天文台 イベント,https://www.city.hamamatsu.shizuoka.jp/s-kumin/hao/stsarweek.html,facts_only,,,,,,unknown,passed_deterministic,public_facts_minimized
WEBb1915e1c26,src_d61af6e402586057,浜松市天文台 イベント,https://www.city.hamamatsu.shizuoka.jp/s-kumin/hao/stsarweek.html,facts_only,,,,,,unknown,passed_deterministic,public_facts_minimized
WEBb85e0b1617,src_d61af6e402586057,浜松市天文台 イベント,https://www.city.hamamatsu.shizuoka.jp/s-kumin/hao/stsarweek.html,facts_only,,,,,,unknown,passed_deterministic,public_facts_minimized
WEB632f9f4340,src_d61af6e402586057,浜松市天文台 イベント,https://www.city.hamamatsu.shizuoka.jp/s-kumin/hao/stsarweek.html,facts_only,,,,,,unknown,passed_deterministic,public_facts_minimized
WEBf78245fd65,src_d61af6e402586057,浜松市天文台 イベント,https://www.city.hamamatsu.shizuoka.jp/s-kumin/hao/stsarweek.html,facts_only,,,,,,unknown,passed_deterministic,public_facts_minimized
WEB6a7fcedad3,src_d61af6e402586057,浜松市天文台 イベント,https://www.city.hamamatsu.shizuoka.jp/s-kumin/hao/stsarweek.html,facts_only,,,,,,unknown,passed_deterministic,public_facts_minimized
WEBf7b68c9fc5,src_d61af6e402586057,浜松市天文台 イベント,https://www.city.hamamatsu.shizuoka.jp/s-kumin/hao/stsarweek.html,facts_only,,,,,,unknown,passed_deterministic,public_facts_minimized
WEBf3c3fcbd05,src_d61af6e402586057,浜松市天文台 イベント,https://www.city.hamamatsu.shizuoka.jp/s-kumin/hao/stsarweek.html,facts_only,,,,,,unknown,passed_deterministic,public_facts_minimized
WEB6a8256c214,src_d61af6e402586057,浜松市天文台 イベント,https://www.city.hamamatsu.shizuoka.jp/s-kumin/hao/event-kouza.html,facts_only,,,,,,unknown,passed_deterministic,public_facts_minimized
WEB8fc9417f37,src_d61af6e402586057,浜松市天文台 イベント,https://www.city.hamamatsu.shizuoka.jp/s-kumin/hao/event-kouza.html,facts_only,,,,,,unknown,passed_deterministic,public_facts_minimized
WEBb1f5fb19ad,src_d61af6e402586057,浜松市天文台 イベント,https://www.city.hamamatsu.shizuoka.jp/s-kumin/hao/event-kouza.html,facts_only,,,,,,unknown,passed_deterministic,public_facts_minimized
WEB30b1577f99,src_d61af6e402586057,浜松市天文台 イベント,https://www.city.hamamatsu.shizuoka.jp/s-kumin/hao/event-kouza.html,facts_only,,,,,,unknown,passed_deterministic,public_facts_minimized
WEBb1d174bea0,src_d61af6e402586057,浜松市天文台 イベント,https://www.city.hamamatsu.shizuoka.jp/s-kumin/hao/tokubetukannbou.html,facts_only,,,,,,unknown,passed_deterministic,public_facts_minimized
WEBa71dae0f13,src_d61af6e402586057,浜松市天文台 イベント,https://www.city.hamamatsu.shizuoka.jp/s-kumin/hao/tokubetukannbou.html,facts_only,,,,,,unknown,passed_deterministic,public_facts_minimized
WEBe90f941c95,src_d61af6e402586057,浜松市天文台 イベント,https://www.city.hamamatsu.shizuoka.jp/s-kumin/hao/tokubetukannbou.html,facts_only,,,,,,unknown,passed_deterministic,public_facts_minimized
WEBbef574fdd8,src_d61af6e402586057,浜松市天文台 イベント,https://www.city.hamamatsu.shizuoka.jp/s-kumin/hao/tokubetukannbou.html,facts_only,,,,,,unknown,passed_deterministic,public_facts_minimized
WEB0630ddde45,src_d61af6e402586057,浜松市天文台 イベント,https://www.city.hamamatsu.shizuoka.jp/s-kumin/hao/tokubetukannbou.html,facts_only,,,,,,unknown,passed_deterministic,public_facts_minimized
WEB5dbc87da84,src_d61af6e402586057,浜松市天文台 イベント,https://www.city.hamamatsu.shizuoka.jp/s-kumin/hao/tokubetukannbou.html,facts_only,,,,,,unknown,passed_deterministic,public_facts_minimized
WEBc7df0978b2,src_850b82b4b9e96ed3,美薗中央公園 イベント,https://misono.hama-park.jp/news/news-219/,facts_only,,,,,,unknown,passed_deterministic,public_facts_minimized
WEB419b3b5289,src_850b82b4b9e96ed3,美薗中央公園 イベント,https://misono.hama-park.jp/news/news-213/,facts_only,,,,,,unknown,passed_deterministic,public_facts_minimized
WEB8a51e65490,src_850b82b4b9e96ed3,美薗中央公園 イベント,https://misono.hama-park.jp/news/news-205/,facts_only,,,,,,unknown,passed_deterministic,public_facts_minimized
WEB49480c700d,src_850b82b4b9e96ed3,美薗中央公園 イベント,https://misono.hama-park.jp/news/news-152/,facts_only,,,,,,unknown,passed_deterministic,public_facts_minimized
WEB5891ac051f,src_850b82b4b9e96ed3,美薗中央公園 イベント,https://misono.hama-park.jp/news/news-145/,facts_only,,,,,,unknown,passed_deterministic,public_facts_minimized
WEB9c3a95107f,src_310347829d84a5cf,船越公園 年間行事,https://www.city.hamamatsu.shizuoka.jp/koen-kan/shiteikanri/r6yotei/hunakoshi.html,facts_only,,,,,,unknown,passed_deterministic,public_facts_minimized
WEBee860f3c78,src_310347829d84a5cf,船越公園 年間行事,https://www.city.hamamatsu.shizuoka.jp/koen-kan/shiteikanri/r6yotei/hunakoshi.html,facts_only,,,,,,unknown,passed_deterministic,public_facts_minimized
WEB2a1786271c,src_310347829d84a5cf,船越公園 年間行事,https://www.city.hamamatsu.shizuoka.jp/koen-kan/shiteikanri/r6yotei/hunakoshi.html,facts_only,,,,,,unknown,passed_deterministic,public_facts_minimized
WEBc2a58998a4,src_310347829d84a5cf,船越公園 年間行事,https://www.city.hamamatsu.shizuoka.jp/koen-kan/shiteikanri/r6yotei/hunakoshi.html,facts_only,,,,,,unknown,passed_deterministic,public_facts_minimized
WEB6c138c9886,src_310347829d84a5cf,船越公園 年間行事,https://www.city.hamamatsu.shizuoka.jp/koen-kan/shiteikanri/r6yotei/hunakoshi.html,facts_only,,,,,,unknown,passed_deterministic,public_facts_minimized
WEBfebc65a5d5,src_310347829d84a5cf,船越公園 年間行事,https://www.city.hamamatsu.shizuoka.jp/koen-kan/shiteikanri/r6yotei/hunakoshi.html,facts_only,,,,,,unknown,passed_deterministic,public_facts_minimized
WEBed3473e13d,src_310347829d84a5cf,船越公園 年間行事,https://www.city.hamamatsu.shizuoka.jp/koen-kan/shiteikanri/r6yotei/hunakoshi.html,facts_only,,,,,,unknown,passed_deterministic,public_facts_minimized
WEBb215cd6b7f,src_310347829d84a5cf,船越公園 年間行事,https://www.city.hamamatsu.shizuoka.jp/koen-kan/shiteikanri/r6yotei/hunakoshi.html,facts_only,,,,,,unknown,passed_deterministic,public_facts_minimized
WEB4949b1a7ad,src_310347829d84a5cf,船越公園 年間行事,https://www.city.hamamatsu.shizuoka.jp/koen-kan/shiteikanri/r6yotei/hunakoshi.html,facts_only,,,,,,unknown,passed_deterministic,public_facts_minimized
WEB1e57cb943d,src_310347829d84a5cf,船越公園 年間行事,https://www.city.hamamatsu.shizuoka.jp/koen-kan/shiteikanri/r6yotei/hunakoshi.html,facts_only,,,,,,unknown,passed_deterministic,public_facts_minimized
WEB0f8a5409bf,src_310347829d84a5cf,船越公園 年間行事,https://www.city.hamamatsu.shizuoka.jp/koen-kan/shiteikanri/r6yotei/hunakoshi.html,facts_only,,,,,,unknown,passed_deterministic,public_facts_minimized
WEBa8a49cc782,src_310347829d84a5cf,船越公園 年間行事,https://www.city.hamamatsu.shizuoka.jp/koen-kan/shiteikanri/r6yotei/hunakoshi.html,facts_only,,,,,,unknown,passed_deterministic,public_facts_minimized
WEBfcd30c66fc,src_310347829d84a5cf,船越公園 年間行事,https://www.city.hamamatsu.shizuoka.jp/koen-kan/shiteikanri/r6yotei/hunakoshi.html,facts_only,,,,,,unknown,passed_deterministic,public_facts_minimized
WEB916544a2e1,src_310347829d84a5cf,船越公園 年間行事,https://www.city.hamamatsu.shizuoka.jp/koen-kan/shiteikanri/r6yotei/hunakoshi.html,facts_only,,,,,,unknown,passed_deterministic,public_facts_minimized
WEB04921f64fc,src_310347829d84a5cf,船越公園 年間行事,https://www.city.hamamatsu.shizuoka.jp/koen-kan/shiteikanri/r6yotei/hunakoshi.html,facts_only,,,,,,unknown,passed_deterministic,public_facts_minimized
WEB3480d6cb05,src_310347829d84a5cf,船越公園 年間行事,https://www.city.hamamatsu.shizuoka.jp/koen-kan/shiteikanri/r6yotei/hunakoshi.html,facts_only,,,,,,unknown,passed_deterministic,public_facts_minimized
WEBd691f3421e,src_310347829d84a5cf,船越公園 年間行事,https://www.city.hamamatsu.shizuoka.jp/koen-kan/shiteikanri/r6yotei/hunakoshi.html,facts_only,,,,,,unknown,passed_deterministic,public_facts_minimized
WEB84a793d576,src_310347829d84a5cf,船越公園 年間行事,https://www.city.hamamatsu.shizuoka.jp/koen-kan/shiteikanri/r6yotei/hunakoshi.html,facts_only,,,,,,unknown,passed_deterministic,public_facts_minimized
WEBad34c93dcd,src_310347829d84a5cf,船越公園 年間行事,https://www.city.hamamatsu.shizuoka.jp/koen-kan/shiteikanri/r6yotei/hunakoshi.html,facts_only,,,,,,unknown,passed_deterministic,public_facts_minimized
WEBb1798a2697,src_310347829d84a5cf,船越公園 年間行事,https://www.city.hamamatsu.shizuoka.jp/koen-kan/shiteikanri/r6yotei/hunakoshi.html,facts_only,,,,,,unknown,passed_deterministic,public_facts_minimized
WEBe7dfbd9973,src_310347829d84a5cf,船越公園 年間行事,https://www.city.hamamatsu.shizuoka.jp/koen-kan/shiteikanri/r6yotei/hunakoshi.html,facts_only,,,,,,unknown,passed_deterministic,public_facts_minimized
WEBae55b79596,src_310347829d84a5cf,船越公園 年間行事,https://www.city.hamamatsu.shizuoka.jp/koen-kan/shiteikanri/r6yotei/hunakoshi.html,facts_only,,,,,,unknown,passed_deterministic,public_facts_minimized
WEBe9b9762239,src_310347829d84a5cf,船越公園 年間行事,https://www.city.hamamatsu.shizuoka.jp/koen-kan/shiteikanri/r6yotei/hunakoshi.html,facts_only,,,,,,unknown,passed_deterministic,public_facts_minimized
WEB5b83a20ca9,src_310347829d84a5cf,船越公園 年間行事,https://www.city.hamamatsu.shizuoka.jp/koen-kan/shiteikanri/r6yotei/hunakoshi.html,facts_only,,,,,,unknown,passed_deterministic,public_facts_minimized
WEB1bcb56f671,src_310347829d84a5cf,船越公園 年間行事,https://www.city.hamamatsu.shizuoka.jp/koen-kan/shiteikanri/r6yotei/hunakoshi.html,facts_only,,,,,,unknown,passed_deterministic,public_facts_minimized
WEB857e6c5570,src_310347829d84a5cf,船越公園 年間行事,https://www.city.hamamatsu.shizuoka.jp/koen-kan/shiteikanri/r6yotei/hunakoshi.html,facts_only,,,,,,unknown,passed_deterministic,public_facts_minimized
WEBf2b25a777c,src_310347829d84a5cf,船越公園 年間行事,https://www.city.hamamatsu.shizuoka.jp/koen-kan/shiteikanri/r6yotei/hunakoshi.html,facts_only,,,,,,unknown,passed_deterministic,public_facts_minimized
WEBa16da467ea,src_310347829d84a5cf,船越公園 年間行事,https://www.city.hamamatsu.shizuoka.jp/koen-kan/shiteikanri/r6yotei/hunakoshi.html,facts_only,,,,,,unknown,passed_deterministic,public_facts_minimized
WEBa504144edc,src_310347829d84a5cf,船越公園 年間行事,https://www.city.hamamatsu.shizuoka.jp/koen-kan/shiteikanri/r6yotei/hunakoshi.html,facts_only,,,,,,unknown,passed_deterministic,public_facts_minimized
WEBde9298cc3f,src_310347829d84a5cf,船越公園 年間行事,https://www.city.hamamatsu.shizuoka.jp/koen-kan/shiteikanri/r6yotei/hunakoshi.html,facts_only,,,,,,unknown,passed_deterministic,public_facts_minimized
WEB0561f0fa87,src_310347829d84a5cf,船越公園 年間行事,https://www.city.hamamatsu.shizuoka.jp/koen-kan/shiteikanri/r6yotei/hunakoshi.html,facts_only,,,,,,unknown,passed_deterministic,public_facts_minimized
WEB70e754840e,src_310347829d84a5cf,船越公園 年間行事,https://www.city.hamamatsu.shizuoka.jp/koen-kan/shiteikanri/r6yotei/hunakoshi.html,facts_only,,,,,,unknown,passed_deterministic,public_facts_minimized
WEB7a4970d5d9,src_310347829d84a5cf,船越公園 年間行事,https://www.city.hamamatsu.shizuoka.jp/koen-kan/shiteikanri/r6yotei/hunakoshi.html,facts_only,,,,,,unknown,passed_deterministic,public_facts_minimized
WEBda9dca67a1,src_310347829d84a5cf,船越公園 年間行事,https://www.city.hamamatsu.shizuoka.jp/koen-kan/shiteikanri/r6yotei/hunakoshi.html,facts_only,,,,,,unknown,passed_deterministic,public_facts_minimized
WEB8444285e1b,src_40245408cfe048f9,佐鳴湖公園 イベント,https://sanaruko.hama-park.jp/archives/395,facts_only,,,,,,unknown,passed_deterministic,public_facts_minimized
WEB5234268ba0,src_40245408cfe048f9,佐鳴湖公園 イベント,https://sanaruko.hama-park.jp/archives/387,facts_only,,,,,,unknown,passed_deterministic,public_facts_minimized
WEBa53e28464a,src_40245408cfe048f9,佐鳴湖公園 イベント,https://sanaruko.hama-park.jp/archives/376,facts_only,,,,,,unknown,passed_deterministic,public_facts_minimized
WEB9767f3cf31,src_40245408cfe048f9,佐鳴湖公園 イベント,https://sanaruko.hama-park.jp/archives/366,facts_only,,,,,,unknown,passed_deterministic,public_facts_minimized
WEB23abd4d74a,src_40245408cfe048f9,佐鳴湖公園 イベント,https://sanaruko.hama-park.jp/archives/359,facts_only,,,,,,unknown,passed_deterministic,public_facts_minimized
WEB5729156075,src_40245408cfe048f9,佐鳴湖公園 イベント,https://sanaruko.hama-park.jp/archives/347,facts_only,,,,,,unknown,passed_deterministic,public_facts_minimized
WEB97dafc856c,src_40245408cfe048f9,佐鳴湖公園 イベント,https://sanaruko.hama-park.jp/archives/337,facts_only,,,,,,unknown,passed_deterministic,public_facts_minimized
WEB2e5ae3fc19,src_40245408cfe048f9,佐鳴湖公園 イベント,https://sanaruko.hama-park.jp/archives/327,facts_only,,,,,,unknown,passed_deterministic,public_facts_minimized
WEB88dd6e7df2,src_fd5da240079beaab,石人の星公園 イベント,https://enshunada.hama-park.jp/news/news-211/,facts_only,,,,,,unknown,passed_deterministic,public_facts_minimized
WEB6abaa7cf12,src_f872bb67e10c3a66,木下惠介記念館 イベント,https://keisukemuseum.org/2026/06/28/20260719-20270321_keisukeandtvseries/,facts_only,,,,,,unknown,passed_deterministic,public_facts_minimized
WEB823730a2cd,src_f872bb67e10c3a66,木下惠介記念館 イベント,https://keisukemuseum.org/2026/06/21/2026-8-16/,facts_only,,,,,,unknown,passed_deterministic,public_facts_minimized
WEBd1a1e7d620,src_f872bb67e10c3a66,木下惠介記念館 イベント,https://keisukemuseum.org/2026/05/30/20261107-yoshiheilecture/,facts_only,,,,,,unknown,passed_deterministic,public_facts_minimized
WEBc90ee2edaf,src_f872bb67e10c3a66,木下惠介記念館 イベント,https://keisukemuseum.org/2026/02/03/202604-202609_emotioninmotion/,facts_only,,,,,,unknown,passed_deterministic,public_facts_minimized
WEB36d3d75998,src_f872bb67e10c3a66,木下惠介記念館 イベント,https://keisukemuseum.org/2025/11/24/topic/,facts_only,,,,,,unknown,passed_deterministic,public_facts_minimized
WEB203cfa7297,src_f872bb67e10c3a66,木下惠介記念館 イベント,https://keisukemuseum.org/2026/08/10/2026-9-closed/,facts_only,,,,,,unknown,passed_deterministic,public_facts_minimized
WEBed543567cf,src_f872bb67e10c3a66,木下惠介記念館 イベント,https://keisukemuseum.org/2026/07/19/2026-9-20/,facts_only,,,,,,unknown,passed_deterministic,public_facts_minimized
WEB8c12b783f7,src_f872bb67e10c3a66,木下惠介記念館 イベント,https://keisukemuseum.org/2026/07/10/2026-8-closed/,facts_only,,,,,,unknown,passed_deterministic,public_facts_minimized
WEB63bb337892,src_f872bb67e10c3a66,木下惠介記念館 イベント,https://keisukemuseum.org/2026/06/22/2026-07-05%ef%bc%88%e6%97%a5%ef%bc%89%e4%b8%8a%e6%98%a0%e4%bc%9a%e3%80%8e%e4%ba%8c%e4%ba%ba%e3%81%ae%e7%a5%96%e7%88%b6%e3%80%81%e4%ba%8c%e5%8d%81%e5%b9%b4%e3%81%ae%e5%af%be%e8%a9%b1%e3%80%8f%e2%80%95/,facts_only,,,,,,unknown,passed_deterministic,public_facts_minimized
WEB34ba20a54b,src_f872bb67e10c3a66,木下惠介記念館 イベント,https://keisukemuseum.org/2026/06/10/2026-7-closed/,facts_only,,,,,,unknown,passed_deterministic,public_facts_minimized
WEB6f3a26634d,src_f872bb67e10c3a66,木下惠介記念館 イベント,https://keisukemuseum.org/2026/06/02/20260603/,facts_only,,,,,,unknown,passed_deterministic,public_facts_minimized
WEBf9988455be,src_f872bb67e10c3a66,木下惠介記念館 イベント,https://keisukemuseum.org/2026/05/17/2026-7-19/,facts_only,,,,,,unknown,passed_deterministic,public_facts_minimized
WEB7e0dfed9b4,src_f872bb67e10c3a66,木下惠介記念館 イベント,https://keisukemuseum.org/2026/05/10/2026%e5%b9%b46%e6%9c%88%e4%bc%91%e9%a4%a8%e6%97%a5%e3%81%ae%e3%81%8a%e7%9f%a5%e3%82%89%e3%81%9b/,facts_only,,,,,,unknown,passed_deterministic,public_facts_minimized
WEB11eb7c6f6e,src_f872bb67e10c3a66,木下惠介記念館 イベント,https://keisukemuseum.org/2026/04/19/2026-6-21/,facts_only,,,,,,unknown,passed_deterministic,public_facts_minimized
WEBc2bc3fb95f,src_f872bb67e10c3a66,木下惠介記念館 イベント,https://keisukemuseum.org/2026/04/10/2026-5-closed/,facts_only,,,,,,unknown,passed_deterministic,public_facts_minimized
WEBaec3cf24db,src_f872bb67e10c3a66,木下惠介記念館 イベント,https://keisukemuseum.org/2026/03/15/2026-4-19/,facts_only,,,,,,unknown,passed_deterministic,public_facts_minimized
WEBf2ae7c19f9,src_f872bb67e10c3a66,木下惠介記念館 イベント,https://keisukemuseum.org/2026/03/15/2026-4-26/,facts_only,,,,,,unknown,passed_deterministic,public_facts_minimized
WEBd8dd63fd45,src_f872bb67e10c3a66,木下惠介記念館 イベント,https://keisukemuseum.org/2026/03/10/2026-4-closed/,facts_only,,,,,,unknown,passed_deterministic,public_facts_minimized
WEB629bd1cad5,src_f872bb67e10c3a66,木下惠介記念館 イベント,https://keisukemuseum.org/2026/02/16/2026-3-15-2/,facts_only,,,,,,unknown,passed_deterministic,public_facts_minimized
WEBfb1fc4729b,src_f872bb67e10c3a66,木下惠介記念館 イベント,https://keisukemuseum.org/2026/02/16/2026-3-15/,facts_only,,,,,,unknown,passed_deterministic,public_facts_minimized
WEB99690d4a38,src_f872bb67e10c3a66,木下惠介記念館 イベント,https://keisukemuseum.org/2026/02/15/202603-closed-day/,facts_only,,,,,,unknown,passed_deterministic,public_facts_minimized
WEBd24e94241e,src_f30b4ef91140a97e,サーラ音楽ホール イベント,https://www.hcf.or.jp/facilities/music-hall/event/detail/?id=31067,facts_only,,,,,,unknown,passed_deterministic,public_facts_minimized
WEB1494014a4e,src_f30b4ef91140a97e,サーラ音楽ホール イベント,https://www.hcf.or.jp/facilities/music-hall/event/detail/?id=31292,facts_only,,,,,,unknown,passed_deterministic,public_facts_minimized
WEBf8933b66c0,src_f30b4ef91140a97e,サーラ音楽ホール イベント,https://www.hcf.or.jp/facilities/music-hall/event/detail/?id=31035,facts_only,,,,,,unknown,passed_deterministic,public_facts_minimized
WEB5f7e4a7d81,src_f30b4ef91140a97e,サーラ音楽ホール イベント,https://www.hcf.or.jp/facilities/music-hall/event/detail/?id=31078,facts_only,,,,,,unknown,passed_deterministic,public_facts_minimized
WEBf4246d0f9f,src_f30b4ef91140a97e,サーラ音楽ホール イベント,https://www.hcf.or.jp/facilities/music-hall/event/detail/?id=31114,facts_only,,,,,,unknown,passed_deterministic,public_facts_minimized
WEB20b6e23521,src_f30b4ef91140a97e,サーラ音楽ホール イベント,https://www.hcf.or.jp/facilities/music-hall/event/detail/?id=31032,facts_only,,,,,,unknown,passed_deterministic,public_facts_minimized
WEB7990e9cbc9,src_f30b4ef91140a97e,サーラ音楽ホール イベント,https://www.hcf.or.jp/facilities/music-hall/event/detail/?id=31239,facts_only,,,,,,unknown,passed_deterministic,public_facts_minimized
WEB7641f4d703,src_f30b4ef91140a97e,サーラ音楽ホール イベント,https://www.hcf.or.jp/facilities/music-hall/event/detail/?id=31033,facts_only,,,,,,unknown,passed_deterministic,public_facts_minimized
WEB67a3507731,src_f30b4ef91140a97e,サーラ音楽ホール イベント,https://www.hcf.or.jp/facilities/music-hall/event/detail/?id=31034,facts_only,,,,,,unknown,passed_deterministic,public_facts_minimized
WEB977c1afd40,src_f30b4ef91140a97e,サーラ音楽ホール イベント,https://www.hcf.or.jp/facilities/music-hall/event/detail/?id=31277,facts_only,,,,,,unknown,passed_deterministic,public_facts_minimized
WEB93df9fc345,src_f30b4ef91140a97e,サーラ音楽ホール イベント,https://www.hcf.or.jp/facilities/music-hall/event/detail/?id=31017,facts_only,,,,,,unknown,passed_deterministic,public_facts_minimized
WEBd0eb8e4813,src_90563b02f75632f6,クリエート浜松 イベント,https://www.hcf.or.jp/facilities/create/event/detail.php?id=30992,facts_only,,,,,,unknown,passed_deterministic,public_facts_minimized
WEB724ee551d4,src_90563b02f75632f6,クリエート浜松 イベント,https://www.hcf.or.jp/facilities/create/event/detail.php?id=31169,facts_only,,,,,,unknown,passed_deterministic,public_facts_minimized
WEBe5c57cb2c3,src_90563b02f75632f6,クリエート浜松 イベント,https://www.hcf.or.jp/facilities/create/event/detail.php?id=31083,facts_only,,,,,,unknown,passed_deterministic,public_facts_minimized
WEB573fd99d32,src_90563b02f75632f6,クリエート浜松 イベント,https://www.hcf.or.jp/facilities/create/event/detail.php?id=31072,facts_only,,,,,,unknown,passed_deterministic,public_facts_minimized
WEB1a00932bce,src_90563b02f75632f6,クリエート浜松 イベント,https://www.hcf.or.jp/facilities/create/event/detail.php?id=31070,facts_only,,,,,,unknown,passed_deterministic,public_facts_minimized
WEB6680b85356,src_90563b02f75632f6,クリエート浜松 イベント,https://www.hcf.or.jp/facilities/create/event/detail.php?id=30636,facts_only,,,,,,unknown,passed_deterministic,public_facts_minimized
WEB03e246bbf3,src_90563b02f75632f6,クリエート浜松 イベント,https://www.hcf.or.jp/facilities/create/event/detail.php?id=31165,facts_only,,,,,,unknown,passed_deterministic,public_facts_minimized
WEBf3f03d1206,src_90563b02f75632f6,クリエート浜松 イベント,https://www.hcf.or.jp/facilities/create/event/detail.php?id=31299,facts_only,,,,,,unknown,passed_deterministic,public_facts_minimized
WEB0f49ae51c4,src_90563b02f75632f6,クリエート浜松 イベント,https://www.hcf.or.jp/facilities/create/event/detail.php?id=30517,facts_only,,,,,,unknown,passed_deterministic,public_facts_minimized
WEBab1c4c3be0,src_90563b02f75632f6,クリエート浜松 イベント,https://www.hcf.or.jp/facilities/create/event/detail.php?id=31071,facts_only,,,,,,unknown,passed_deterministic,public_facts_minimized
WEB786d5fe87c,src_90563b02f75632f6,クリエート浜松 イベント,https://www.hcf.or.jp/facilities/create/event/detail.php?id=30846,facts_only,,,,,,unknown,passed_deterministic,public_facts_minimized
WEB45c2dfe3fd,src_90563b02f75632f6,クリエート浜松 イベント,https://www.hcf.or.jp/facilities/create/event/detail.php?id=31240,facts_only,,,,,,unknown,passed_deterministic,public_facts_minimized
WEB72d30fc185,src_90563b02f75632f6,クリエート浜松 イベント,https://www.hcf.or.jp/facilities/create/event/detail.php?id=31321,facts_only,,,,,,unknown,passed_deterministic,public_facts_minimized
WEBea8f26185d,src_90563b02f75632f6,クリエート浜松 イベント,https://www.hcf.or.jp/facilities/create/event/detail.php?id=30780,facts_only,,,,,,unknown,passed_deterministic,public_facts_minimized
WEB820a38d3ac,src_90563b02f75632f6,クリエート浜松 イベント,https://www.hcf.or.jp/facilities/create/event/detail.php?id=31283,facts_only,,,,,,unknown,passed_deterministic,public_facts_minimized
WEB861cd3ffc6,src_90563b02f75632f6,クリエート浜松 イベント,https://www.hcf.or.jp/facilities/create/event/detail.php?id=31300,facts_only,,,,,,unknown,passed_deterministic,public_facts_minimized
WEB7558b6eea9,src_90563b02f75632f6,クリエート浜松 イベント,https://www.hcf.or.jp/facilities/create/event/detail.php?id=31221,facts_only,,,,,,unknown,passed_deterministic,public_facts_minimized
WEB0ba9694e91,src_90563b02f75632f6,クリエート浜松 イベント,https://www.hcf.or.jp/facilities/create/event/detail.php?id=31191,facts_only,,,,,,unknown,passed_deterministic,public_facts_minimized
WEB971dcfafd0,src_90563b02f75632f6,クリエート浜松 イベント,https://www.hcf.or.jp/facilities/create/event/detail.php?id=31142,facts_only,,,,,,unknown,passed_deterministic,public_facts_minimized
WEB0688f8b824,src_90563b02f75632f6,クリエート浜松 イベント,https://www.hcf.or.jp/facilities/create/event/detail.php?id=31185,facts_only,,,,,,unknown,passed_deterministic,public_facts_minimized
WEBbc00019991,src_90563b02f75632f6,クリエート浜松 イベント,https://www.hcf.or.jp/facilities/create/event/detail.php?id=30786,facts_only,,,,,,unknown,passed_deterministic,public_facts_minimized
WEBf703c7776f,src_90563b02f75632f6,クリエート浜松 イベント,https://www.hcf.or.jp/facilities/create/event/detail.php?id=31026,facts_only,,,,,,unknown,passed_deterministic,public_facts_minimized
WEBd3be0c4796,src_90563b02f75632f6,クリエート浜松 イベント,https://www.hcf.or.jp/facilities/create/event/detail.php?id=31107,facts_only,,,,,,unknown,passed_deterministic,public_facts_minimized
WEB3551c67bd8,src_90563b02f75632f6,クリエート浜松 イベント,https://www.hcf.or.jp/facilities/create/event/detail.php?id=31298,facts_only,,,,,,unknown,passed_deterministic,public_facts_minimized
WEBa335c41e67,src_90563b02f75632f6,クリエート浜松 イベント,https://www.hcf.or.jp/facilities/create/event/detail.php?id=31130,facts_only,,,,,,unknown,passed_deterministic,public_facts_minimized
WEB8da50775a9,src_90563b02f75632f6,クリエート浜松 イベント,https://www.hcf.or.jp/facilities/create/event/detail.php?id=31116,facts_only,,,,,,unknown,passed_deterministic,public_facts_minimized
WEB5090f6856c,src_90563b02f75632f6,クリエート浜松 イベント,https://www.hcf.or.jp/facilities/create/event/detail.php?id=31166,facts_only,,,,,,unknown,passed_deterministic,public_facts_minimized
WEBbdad2a46d8,src_90563b02f75632f6,クリエート浜松 イベント,https://www.hcf.or.jp/facilities/create/event/detail.php?id=31301,facts_only,,,,,,unknown,passed_deterministic,public_facts_minimized
WEBa67e0e3adf,src_90563b02f75632f6,クリエート浜松 イベント,https://www.hcf.or.jp/facilities/create/event/detail.php?id=31302,facts_only,,,,,,unknown,passed_deterministic,public_facts_minimized
WEB91f492e0c4,src_90563b02f75632f6,クリエート浜松 イベント,https://www.hcf.or.jp/facilities/create/event/detail.php?id=31303,facts_only,,,,,,unknown,passed_deterministic,public_facts_minimized
WEBc53e78fe19,src_90563b02f75632f6,クリエート浜松 イベント,https://www.hcf.or.jp/facilities/create/event/detail.php?id=30576,facts_only,,,,,,unknown,passed_deterministic,public_facts_minimized
WEBe0a17857fc,src_90563b02f75632f6,クリエート浜松 イベント,https://www.hcf.or.jp/facilities/create/event/detail.php?id=30641,facts_only,,,,,,unknown,passed_deterministic,public_facts_minimized
WEB4171480b67,src_90563b02f75632f6,クリエート浜松 イベント,https://www.hcf.or.jp/facilities/create/event/detail.php?id=31340,facts_only,,,,,,unknown,passed_deterministic,public_facts_minimized
WEBd7ebe19938,src_90563b02f75632f6,クリエート浜松 イベント,https://www.hcf.or.jp/facilities/create/event/detail.php?id=30582,facts_only,,,,,,unknown,passed_deterministic,public_facts_minimized
WEBc8889503b4,src_90563b02f75632f6,クリエート浜松 イベント,https://www.hcf.or.jp/facilities/create/event/detail.php?id=30587,facts_only,,,,,,unknown,passed_deterministic,public_facts_minimized
WEBf33950b2ab,src_90563b02f75632f6,クリエート浜松 イベント,https://www.hcf.or.jp/facilities/create/event/detail.php?id=31110,facts_only,,,,,,unknown,passed_deterministic,public_facts_minimized
WEB784b042e2f,src_90563b02f75632f6,クリエート浜松 イベント,https://www.hcf.or.jp/facilities/create/event/detail.php?id=31159,facts_only,,,,,,unknown,passed_deterministic,public_facts_minimized
WEBf9861495ce,src_90563b02f75632f6,クリエート浜松 イベント,https://www.hcf.or.jp/facilities/create/event/detail.php?id=30710,facts_only,,,,,,unknown,passed_deterministic,public_facts_minimized
WEB2e3193ceef,src_90563b02f75632f6,クリエート浜松 イベント,https://www.hcf.or.jp/facilities/create/event/detail.php?id=31214,facts_only,,,,,,unknown,passed_deterministic,public_facts_minimized
WEB5dae4a5eb6,src_90563b02f75632f6,クリエート浜松 イベント,https://www.hcf.or.jp/facilities/create/event/detail.php?id=31027,facts_only,,,,,,unknown,passed_deterministic,public_facts_minimized
WEB5ba9cd914b,src_90563b02f75632f6,クリエート浜松 イベント,https://www.hcf.or.jp/facilities/create/event/detail.php?id=31271,facts_only,,,,,,unknown,passed_deterministic,public_facts_minimized
WEB5a14d2204e,src_90563b02f75632f6,クリエート浜松 イベント,https://www.hcf.or.jp/facilities/create/event/detail.php?id=31147,facts_only,,,,,,unknown,passed_deterministic,public_facts_minimized
WEBb0e533a516,src_90563b02f75632f6,クリエート浜松 イベント,https://www.hcf.or.jp/facilities/create/event/detail.php?id=31152,facts_only,,,,,,unknown,passed_deterministic,public_facts_minimized
WEBdfffd81b1d,src_90563b02f75632f6,クリエート浜松 イベント,https://www.hcf.or.jp/facilities/create/event/detail.php?id=31234,facts_only,,,,,,unknown,passed_deterministic,public_facts_minimized
WEB4f90632afc,src_90563b02f75632f6,クリエート浜松 イベント,https://www.hcf.or.jp/facilities/create/event/detail.php?id=31264,facts_only,,,,,,unknown,passed_deterministic,public_facts_minimized
WEBd6bbecddbd,src_90563b02f75632f6,クリエート浜松 イベント,https://www.hcf.or.jp/facilities/create/event/detail.php?id=31265,facts_only,,,,,,unknown,passed_deterministic,public_facts_minimized
WEBf34e9c981f,src_90563b02f75632f6,クリエート浜松 イベント,https://www.hcf.or.jp/facilities/create/event/detail.php?id=31156,facts_only,,,,,,unknown,passed_deterministic,public_facts_minimized
WEB63d2c01404,src_90563b02f75632f6,クリエート浜松 イベント,https://www.hcf.or.jp/facilities/create/event/detail.php?id=31335,facts_only,,,,,,unknown,passed_deterministic,public_facts_minimized
WEB85575eb207,src_90563b02f75632f6,クリエート浜松 イベント,https://www.hcf.or.jp/facilities/create/event/detail.php?id=30781,facts_only,,,,,,unknown,passed_deterministic,public_facts_minimized
WEBd1ac24faa7,src_90563b02f75632f6,クリエート浜松 イベント,https://www.hcf.or.jp/facilities/create/event/detail.php?id=30518,facts_only,,,,,,unknown,passed_deterministic,public_facts_minimized
WEB0209167ff5,src_90563b02f75632f6,クリエート浜松 イベント,https://www.hcf.or.jp/facilities/create/event/detail.php?id=31359,facts_only,,,,,,unknown,passed_deterministic,public_facts_minimized
WEB656a5a6afb,src_90563b02f75632f6,クリエート浜松 イベント,https://www.hcf.or.jp/facilities/create/event/detail.php?id=31028,facts_only,,,,,,unknown,passed_deterministic,public_facts_minimized
WEBfb501a0233,src_90563b02f75632f6,クリエート浜松 イベント,https://www.hcf.or.jp/facilities/create/event/detail.php?id=31192,facts_only,,,,,,unknown,passed_deterministic,public_facts_minimized
WEB8a885fd5f9,src_90563b02f75632f6,クリエート浜松 イベント,https://www.hcf.or.jp/facilities/create/event/detail.php?id=31153,facts_only,,,,,,unknown,passed_deterministic,public_facts_minimized
WEB34add365cf,src_90563b02f75632f6,クリエート浜松 イベント,https://www.hcf.or.jp/facilities/create/event/detail.php?id=31263,facts_only,,,,,,unknown,passed_deterministic,public_facts_minimized
WEBb5ec438eb9,src_90563b02f75632f6,クリエート浜松 イベント,https://www.hcf.or.jp/facilities/create/event/detail.php?id=31319,facts_only,,,,,,unknown,passed_deterministic,public_facts_minimized
WEB9783430c70,src_90563b02f75632f6,クリエート浜松 イベント,https://www.hcf.or.jp/facilities/create/event/detail.php?id=31160,facts_only,,,,,,unknown,passed_deterministic,public_facts_minimized
WEB51c62ecfe5,src_90563b02f75632f6,クリエート浜松 イベント,https://www.hcf.or.jp/facilities/create/event/detail.php?id=30787,facts_only,,,,,,unknown,passed_deterministic,public_facts_minimized
WEB67afc88fa9,src_90563b02f75632f6,クリエート浜松 イベント,https://www.hcf.or.jp/facilities/create/event/detail.php?id=31085,facts_only,,,,,,unknown,passed_deterministic,public_facts_minimized
WEB905e5168e6,src_90563b02f75632f6,クリエート浜松 イベント,https://www.hcf.or.jp/facilities/create/event/detail.php?id=31195,facts_only,,,,,,unknown,passed_deterministic,public_facts_minimized
WEB2001794fd4,src_90563b02f75632f6,クリエート浜松 イベント,https://www.hcf.or.jp/facilities/create/event/detail.php?id=31148,facts_only,,,,,,unknown,passed_deterministic,public_facts_minimized
WEBdc33554292,src_90563b02f75632f6,クリエート浜松 イベント,https://www.hcf.or.jp/facilities/create/event/detail.php?id=31154,facts_only,,,,,,unknown,passed_deterministic,public_facts_minimized
WEB4f8e47a648,src_90563b02f75632f6,クリエート浜松 イベント,https://www.hcf.or.jp/facilities/create/event/detail.php?id=31352,facts_only,,,,,,unknown,passed_deterministic,public_facts_minimized
WEB32e1428d4f,src_90563b02f75632f6,クリエート浜松 イベント,https://www.hcf.or.jp/facilities/create/event/detail.php?id=31353,facts_only,,,,,,unknown,passed_deterministic,public_facts_minimized
WEB9c8fb7cd34,src_90563b02f75632f6,クリエート浜松 イベント,https://www.hcf.or.jp/facilities/create/event/detail.php?id=31215,facts_only,,,,,,unknown,passed_deterministic,public_facts_minimized
WEB36bf1b13bb,src_90563b02f75632f6,クリエート浜松 イベント,https://www.hcf.or.jp/facilities/create/event/detail.php?id=31342,facts_only,,,,,,unknown,passed_deterministic,public_facts_minimized
WEB9d26ec6258,src_90563b02f75632f6,クリエート浜松 イベント,https://www.hcf.or.jp/facilities/create/event/detail.php?id=31161,facts_only,,,,,,unknown,passed_deterministic,public_facts_minimized
WEB575035a3ef,src_90563b02f75632f6,クリエート浜松 イベント,https://www.hcf.or.jp/facilities/create/event/detail.php?id=31249,facts_only,,,,,,unknown,passed_deterministic,public_facts_minimized
WEB883cd60b7c,src_90563b02f75632f6,クリエート浜松 イベント,https://www.hcf.or.jp/facilities/create/event/detail.php?id=31266,facts_only,,,,,,unknown,passed_deterministic,public_facts_minimized
WEBf897639505,src_90563b02f75632f6,クリエート浜松 イベント,https://www.hcf.or.jp/facilities/create/event/detail.php?id=31338,facts_only,,,,,,unknown,passed_deterministic,public_facts_minimized
WEB1ec1fb52d0,src_90563b02f75632f6,クリエート浜松 イベント,https://www.hcf.or.jp/facilities/create/event/detail.php?id=31344,facts_only,,,,,,unknown,passed_deterministic,public_facts_minimized
WEBbc65e332a2,src_90563b02f75632f6,クリエート浜松 イベント,https://www.hcf.or.jp/facilities/create/event/detail.php?id=31345,facts_only,,,,,,unknown,passed_deterministic,public_facts_minimized
WEB198dd3c7c8,src_90563b02f75632f6,クリエート浜松 イベント,https://www.hcf.or.jp/facilities/create/event/detail.php?id=30711,facts_only,,,,,,unknown,passed_deterministic,public_facts_minimized
WEB05e913685e,src_90563b02f75632f6,クリエート浜松 イベント,https://www.hcf.or.jp/facilities/create/event/detail.php?id=31312,facts_only,,,,,,unknown,passed_deterministic,public_facts_minimized
WEBbdd63a467e,src_90563b02f75632f6,クリエート浜松 イベント,https://www.hcf.or.jp/facilities/create/event/detail.php?id=30577,facts_only,,,,,,unknown,passed_deterministic,public_facts_minimized
WEBdde1ad8cf0,src_90563b02f75632f6,クリエート浜松 イベント,https://www.hcf.or.jp/facilities/create/event/detail.php?id=31267,facts_only,,,,,,unknown,passed_deterministic,public_facts_minimized
WEB43c50f92e5,src_90563b02f75632f6,クリエート浜松 イベント,https://www.hcf.or.jp/facilities/create/event/detail.php?id=31155,facts_only,,,,,,unknown,passed_deterministic,public_facts_minimized
WEBbce0e46c8a,src_90563b02f75632f6,クリエート浜松 イベント,https://www.hcf.or.jp/facilities/create/event/detail.php?id=30588,facts_only,,,,,,unknown,passed_deterministic,public_facts_minimized
WEB900edbf361,src_90563b02f75632f6,クリエート浜松 イベント,https://www.hcf.or.jp/facilities/create/event/detail.php?id=31341,facts_only,,,,,,unknown,passed_deterministic,public_facts_minimized
WEB68e52c6aea,src_90563b02f75632f6,クリエート浜松 イベント,https://www.hcf.or.jp/facilities/create/event/detail.php?id=31281,facts_only,,,,,,unknown,passed_deterministic,public_facts_minimized
WEB943459f140,src_90563b02f75632f6,クリエート浜松 イベント,https://www.hcf.or.jp/facilities/create/event/detail.php?id=31306,facts_only,,,,,,unknown,passed_deterministic,public_facts_minimized
WEB18c2f4763d,src_90563b02f75632f6,クリエート浜松 イベント,https://www.hcf.or.jp/facilities/create/event/detail.php?id=31149,facts_only,,,,,,unknown,passed_deterministic,public_facts_minimized
WEB95bee62c59,src_90563b02f75632f6,クリエート浜松 イベント,https://www.hcf.or.jp/facilities/create/event/detail.php?id=31167,facts_only,,,,,,unknown,passed_deterministic,public_facts_minimized
WEB96ea08ce05,src_90563b02f75632f6,クリエート浜松 イベント,https://www.hcf.or.jp/facilities/create/event/detail.php?id=31244,facts_only,,,,,,unknown,passed_deterministic,public_facts_minimized
WEB759885ecc6,src_90563b02f75632f6,クリエート浜松 イベント,https://www.hcf.or.jp/facilities/create/event/detail.php?id=31286,facts_only,,,,,,unknown,passed_deterministic,public_facts_minimized
WEBa27b97d63b,src_90563b02f75632f6,クリエート浜松 イベント,https://www.hcf.or.jp/facilities/create/event/detail.php?id=31293,facts_only,,,,,,unknown,passed_deterministic,public_facts_minimized
WEB25f7a5803c,src_90563b02f75632f6,クリエート浜松 イベント,https://www.hcf.or.jp/facilities/create/event/detail.php?id=31297,facts_only,,,,,,unknown,passed_deterministic,public_facts_minimized
WEB2d3ec8d931,src_90563b02f75632f6,クリエート浜松 イベント,https://www.hcf.or.jp/facilities/create/event/detail.php?id=31328,facts_only,,,,,,unknown,passed_deterministic,public_facts_minimized
WEB252f2bc5ca,src_90563b02f75632f6,クリエート浜松 イベント,https://www.hcf.or.jp/facilities/create/event/detail.php?id=31157,facts_only,,,,,,unknown,passed_deterministic,public_facts_minimized
WEB6befbfc516,src_90563b02f75632f6,クリエート浜松 イベント,https://www.hcf.or.jp/facilities/create/event/detail.php?id=31230,facts_only,,,,,,unknown,passed_deterministic,public_facts_minimized
WEB20a5a63fee,src_90563b02f75632f6,クリエート浜松 イベント,https://www.hcf.or.jp/facilities/create/event/detail.php?id=31162,facts_only,,,,,,unknown,passed_deterministic,public_facts_minimized
WEB7bcbb9dda0,src_90563b02f75632f6,クリエート浜松 イベント,https://www.hcf.or.jp/facilities/create/event/detail.php?id=31282,facts_only,,,,,,unknown,passed_deterministic,public_facts_minimized
WEB61713f2841,src_90563b02f75632f6,クリエート浜松 イベント,https://www.hcf.or.jp/facilities/create/event/detail.php?id=30782,facts_only,,,,,,unknown,passed_deterministic,public_facts_minimized
WEB18d6c468b3,src_90563b02f75632f6,クリエート浜松 イベント,https://www.hcf.or.jp/facilities/create/event/detail.php?id=31287,facts_only,,,,,,unknown,passed_deterministic,public_facts_minimized
WEB7021ca4c64,src_90563b02f75632f6,クリエート浜松 イベント,https://www.hcf.or.jp/facilities/create/event/detail.php?id=31163,facts_only,,,,,,unknown,passed_deterministic,public_facts_minimized
WEBa95a473dbe,src_90563b02f75632f6,クリエート浜松 イベント,https://www.hcf.or.jp/facilities/create/event/detail.php?id=30788,facts_only,,,,,,unknown,passed_deterministic,public_facts_minimized
WEB7c72081cd1,src_90563b02f75632f6,クリエート浜松 イベント,https://www.hcf.or.jp/facilities/create/event/detail.php?id=31196,facts_only,,,,,,unknown,passed_deterministic,public_facts_minimized
WEBc512731ae4,src_90563b02f75632f6,クリエート浜松 イベント,https://www.hcf.or.jp/facilities/create/event/detail.php?id=31150,facts_only,,,,,,unknown,passed_deterministic,public_facts_minimized
WEB8ad19f70b7,src_90563b02f75632f6,クリエート浜松 イベント,https://www.hcf.or.jp/facilities/create/event/detail.php?id=30859,facts_only,,,,,,unknown,passed_deterministic,public_facts_minimized
WEBe6508f9ad2,src_90563b02f75632f6,クリエート浜松 イベント,https://www.hcf.or.jp/facilities/create/event/detail.php?id=30998,facts_only,,,,,,unknown,passed_deterministic,public_facts_minimized
WEB8e8c1fce86,src_90563b02f75632f6,クリエート浜松 イベント,https://www.hcf.or.jp/facilities/create/event/detail.php?id=31151,facts_only,,,,,,unknown,passed_deterministic,public_facts_minimized
WEB899b370cff,src_90563b02f75632f6,クリエート浜松 イベント,https://www.hcf.or.jp/facilities/create/event/detail.php?id=31295,facts_only,,,,,,unknown,passed_deterministic,public_facts_minimized
WEB2947259ca6,src_90563b02f75632f6,クリエート浜松 イベント,https://www.hcf.or.jp/facilities/create/event/detail.php?id=31186,facts_only,,,,,,unknown,passed_deterministic,public_facts_minimized
WEBf7db042404,src_90563b02f75632f6,クリエート浜松 イベント,https://www.hcf.or.jp/facilities/create/event/detail.php?id=31311,facts_only,,,,,,unknown,passed_deterministic,public_facts_minimized
WEB1eea5e547a,src_90563b02f75632f6,クリエート浜松 イベント,https://www.hcf.or.jp/facilities/create/event/detail.php?id=31347,facts_only,,,,,,unknown,passed_deterministic,public_facts_minimized
WEB9dd8b4a5eb,src_90563b02f75632f6,クリエート浜松 イベント,https://www.hcf.or.jp/facilities/create/event/detail.php?id=31288,facts_only,,,,,,unknown,passed_deterministic,public_facts_minimized
WEB0dff96cd5c,src_90563b02f75632f6,クリエート浜松 イベント,https://www.hcf.or.jp/facilities/create/event/detail.php?id=31158,facts_only,,,,,,unknown,passed_deterministic,public_facts_minimized
WEB19ab504e04,src_90563b02f75632f6,クリエート浜松 イベント,https://www.hcf.or.jp/facilities/create/event/detail.php?id=30739,facts_only,,,,,,unknown,passed_deterministic,public_facts_minimized
WEBc472112339,src_90563b02f75632f6,クリエート浜松 イベント,https://www.hcf.or.jp/facilities/create/event/detail.php?id=30783,facts_only,,,,,,unknown,passed_deterministic,public_facts_minimized
WEBb487c641fc,src_90563b02f75632f6,クリエート浜松 イベント,https://www.hcf.or.jp/facilities/create/event/detail.php?id=31351,facts_only,,,,,,unknown,passed_deterministic,public_facts_minimized
WEB742e70dba1,src_90563b02f75632f6,クリエート浜松 イベント,https://www.hcf.or.jp/facilities/create/event/detail.php?id=30789,facts_only,,,,,,unknown,passed_deterministic,public_facts_minimized
WEBf02b00f528,src_90563b02f75632f6,クリエート浜松 イベント,https://www.hcf.or.jp/facilities/create/event/detail.php?id=30950,facts_only,,,,,,unknown,passed_deterministic,public_facts_minimized
WEB307f1b16a9,src_90563b02f75632f6,クリエート浜松 イベント,https://www.hcf.or.jp/facilities/create/event/detail.php?id=31197,facts_only,,,,,,unknown,passed_deterministic,public_facts_minimized
WEBb03738ef6d,src_90563b02f75632f6,クリエート浜松 イベント,https://www.hcf.or.jp/facilities/create/event/detail.php?id=31048,facts_only,,,,,,unknown,passed_deterministic,public_facts_minimized
WEB1963f62638,src_90563b02f75632f6,クリエート浜松 イベント,https://www.hcf.or.jp/facilities/create/event/detail.php?id=31350,facts_only,,,,,,unknown,passed_deterministic,public_facts_minimized
WEB075fb20e8b,src_90563b02f75632f6,クリエート浜松 イベント,https://www.hcf.or.jp/facilities/create/event/detail.php?id=31198,facts_only,,,,,,unknown,passed_deterministic,public_facts_minimized
WEB4b1d0d7e2a,src_90563b02f75632f6,クリエート浜松 イベント,https://www.hcf.or.jp/facilities/create/event/detail.php?id=31115,facts_only,,,,,,unknown,passed_deterministic,public_facts_minimized
WEB3b03ff5382,src_90563b02f75632f6,クリエート浜松 イベント,https://www.hcf.or.jp/facilities/create/event/detail.php?id=30864,facts_only,,,,,,unknown,passed_deterministic,public_facts_minimized
WEB140abd629d,src_90563b02f75632f6,クリエート浜松 イベント,https://www.hcf.or.jp/facilities/create/event/detail.php?id=30939,facts_only,,,,,,unknown,passed_deterministic,public_facts_minimized
WEB6b17ce214a,src_90563b02f75632f6,クリエート浜松 イベント,https://www.hcf.or.jp/facilities/create/event/detail.php?id=31132,facts_only,,,,,,unknown,passed_deterministic,public_facts_minimized
WEB370411019a,src_456b07e6665f63e6,浜松市浜北文化センター イベント,https://www.hcf.or.jp/facilities/hkb/calendar/?ym=202608,facts_only,,,,,,unknown,passed_deterministic,public_facts_minimized
WEB1ca39657c8,src_456b07e6665f63e6,浜松市浜北文化センター イベント,https://www.hcf.or.jp/facilities/hkb/calendar/?ym=202608,facts_only,,,,,,unknown,passed_deterministic,public_facts_minimized
WEBf2b980271d,src_456b07e6665f63e6,浜松市浜北文化センター イベント,https://www.hcf.or.jp/facilities/hkb/calendar/?ym=202608,facts_only,,,,,,unknown,passed_deterministic,public_facts_minimized
WEB9c23906198,src_456b07e6665f63e6,浜松市浜北文化センター イベント,https://www.hcf.or.jp/facilities/hkb/calendar/?ym=202608,facts_only,,,,,,unknown,passed_deterministic,public_facts_minimized
WEB616bce03b3,src_456b07e6665f63e6,浜松市浜北文化センター イベント,https://www.hcf.or.jp/facilities/hkb/calendar/?ym=202608,facts_only,,,,,,unknown,passed_deterministic,public_facts_minimized
WEB26e6261607,src_456b07e6665f63e6,浜松市浜北文化センター イベント,https://www.hcf.or.jp/facilities/hkb/calendar/?ym=202608,facts_only,,,,,,unknown,passed_deterministic,public_facts_minimized
WEBeb506284a1,src_456b07e6665f63e6,浜松市浜北文化センター イベント,https://www.hcf.or.jp/facilities/hkb/calendar/?ym=202608,facts_only,,,,,,unknown,passed_deterministic,public_facts_minimized
WEBbac4e2979c,src_456b07e6665f63e6,浜松市浜北文化センター イベント,https://www.hcf.or.jp/facilities/hkb/calendar/?ym=202608,facts_only,,,,,,unknown,passed_deterministic,public_facts_minimized
WEB5c9be8f889,src_456b07e6665f63e6,浜松市浜北文化センター イベント,https://www.hcf.or.jp/facilities/hkb/calendar/?ym=202608,facts_only,,,,,,unknown,passed_deterministic,public_facts_minimized
WEB154b4e4a54,src_456b07e6665f63e6,浜松市浜北文化センター イベント,https://www.hcf.or.jp/facilities/hkb/calendar/?ym=202609,facts_only,,,,,,unknown,passed_deterministic,public_facts_minimized
WEB4c07c37bdd,src_456b07e6665f63e6,浜松市浜北文化センター イベント,https://www.hcf.or.jp/facilities/hkb/calendar/?ym=202609,facts_only,,,,,,unknown,passed_deterministic,public_facts_minimized
WEB9b37aae4e3,src_456b07e6665f63e6,浜松市浜北文化センター イベント,https://www.hcf.or.jp/facilities/hkb/calendar/?ym=202609,facts_only,,,,,,unknown,passed_deterministic,public_facts_minimized
WEBd62f227a34,src_456b07e6665f63e6,浜松市浜北文化センター イベント,https://www.hcf.or.jp/facilities/hkb/calendar/?ym=202609,facts_only,,,,,,unknown,passed_deterministic,public_facts_minimized
WEB885e9211dc,src_456b07e6665f63e6,浜松市浜北文化センター イベント,https://www.hcf.or.jp/facilities/hkb/calendar/?ym=202609,facts_only,,,,,,unknown,passed_deterministic,public_facts_minimized
WEB5e18dec63b,src_456b07e6665f63e6,浜松市浜北文化センター イベント,https://www.hcf.or.jp/facilities/hkb/calendar/?ym=202609,facts_only,,,,,,unknown,passed_deterministic,public_facts_minimized
WEB67de6976ae,src_456b07e6665f63e6,浜松市浜北文化センター イベント,https://www.hcf.or.jp/facilities/hkb/calendar/?ym=202609,facts_only,,,,,,unknown,passed_deterministic,public_facts_minimized
WEB83140bb160,src_456b07e6665f63e6,浜松市浜北文化センター イベント,https://www.hcf.or.jp/facilities/hkb/calendar/?ym=202609,facts_only,,,,,,unknown,passed_deterministic,public_facts_minimized
WEB40ceb0c492,src_456b07e6665f63e6,浜松市浜北文化センター イベント,https://www.hcf.or.jp/facilities/hkb/calendar/?ym=202609,facts_only,,,,,,unknown,passed_deterministic,public_facts_minimized
WEB2bc2239b99,src_456b07e6665f63e6,浜松市浜北文化センター イベント,https://www.hcf.or.jp/facilities/hkb/calendar/?ym=202609,facts_only,,,,,,unknown,passed_deterministic,public_facts_minimized
WEBc332caf9e8,src_456b07e6665f63e6,浜松市浜北文化センター イベント,https://www.hcf.or.jp/facilities/hkb/calendar/?ym=202610,facts_only,,,,,,unknown,passed_deterministic,public_facts_minimized
WEB17e9a8ec73,src_456b07e6665f63e6,浜松市浜北文化センター イベント,https://www.hcf.or.jp/facilities/hkb/calendar/?ym=202610,facts_only,,,,,,unknown,passed_deterministic,public_facts_minimized
WEBf83e31e2c4,src_456b07e6665f63e6,浜松市浜北文化センター イベント,https://www.hcf.or.jp/facilities/hkb/calendar/?ym=202610,facts_only,,,,,,unknown,passed_deterministic,public_facts_minimized
WEBe581d669a8,src_456b07e6665f63e6,浜松市浜北文化センター イベント,https://www.hcf.or.jp/facilities/hkb/calendar/?ym=202610,facts_only,,,,,,unknown,passed_deterministic,public_facts_minimized
WEBffca48774c,src_456b07e6665f63e6,浜松市浜北文化センター イベント,https://www.hcf.or.jp/facilities/hkb/calendar/?ym=202610,facts_only,,,,,,unknown,passed_deterministic,public_facts_minimized
WEB224c73bcdc,src_456b07e6665f63e6,浜松市浜北文化センター イベント,https://www.hcf.or.jp/facilities/hkb/calendar/?ym=202610,facts_only,,,,,,unknown,passed_deterministic,public_facts_minimized
WEB8d22755add,src_456b07e6665f63e6,浜松市浜北文化センター イベント,https://www.hcf.or.jp/facilities/hkb/calendar/?ym=202610,facts_only,,,,,,unknown,passed_deterministic,public_facts_minimized
WEB9665936f20,src_456b07e6665f63e6,浜松市浜北文化センター イベント,https://www.hcf.or.jp/facilities/hkb/calendar/?ym=202610,facts_only,,,,,,unknown,passed_deterministic,public_facts_minimized
WEB27e1e14c95,src_456b07e6665f63e6,浜松市浜北文化センター イベント,https://www.hcf.or.jp/facilities/hkb/calendar/?ym=202611,facts_only,,,,,,unknown,passed_deterministic,public_facts_minimized
WEB003149fb83,src_456b07e6665f63e6,浜松市浜北文化センター イベント,https://www.hcf.or.jp/facilities/hkb/calendar/?ym=202611,facts_only,,,,,,unknown,passed_deterministic,public_facts_minimized
WEBc5958bb092,src_456b07e6665f63e6,浜松市浜北文化センター イベント,https://www.hcf.or.jp/facilities/hkb/calendar/?ym=202612,facts_only,,,,,,unknown,passed_deterministic,public_facts_minimized
WEBf7cf6ecd5e,src_a673b457eea31efc,浜松市天竜壬生ホール イベント,https://www.hcf.or.jp/facilities/mibu/event/detail.php?id=30620,facts_only,,,,,,unknown,passed_deterministic,public_facts_minimized
WEBc041d03590,src_a673b457eea31efc,浜松市天竜壬生ホール イベント,https://www.hcf.or.jp/facilities/mibu/event/detail.php?id=31225,facts_only,,,,,,unknown,passed_deterministic,public_facts_minimized
WEBffddbef3cc,src_a673b457eea31efc,浜松市天竜壬生ホール イベント,https://www.hcf.or.jp/facilities/mibu/event/detail.php?id=31226,facts_only,,,,,,unknown,passed_deterministic,public_facts_minimized
WEB2efab8949c,src_a673b457eea31efc,浜松市天竜壬生ホール イベント,https://www.hcf.or.jp/facilities/mibu/event/detail.php?id=31227,facts_only,,,,,,unknown,passed_deterministic,public_facts_minimized
WEB7106b99986,src_a673b457eea31efc,浜松市天竜壬生ホール イベント,https://www.hcf.or.jp/facilities/mibu/event/detail.php?id=31324,facts_only,,,,,,unknown,passed_deterministic,public_facts_minimized
WEBc7b68fd3be,src_a673b457eea31efc,浜松市天竜壬生ホール イベント,https://www.hcf.or.jp/facilities/mibu/event/detail.php?id=31052,facts_only,,,,,,unknown,passed_deterministic,public_facts_minimized
WEB460512c61b,src_a673b457eea31efc,浜松市天竜壬生ホール イベント,https://www.hcf.or.jp/facilities/mibu/event/detail.php?id=31053,facts_only,,,,,,unknown,passed_deterministic,public_facts_minimized
WEBe85b6710c5,src_a673b457eea31efc,浜松市天竜壬生ホール イベント,https://www.hcf.or.jp/facilities/mibu/event/detail.php?id=31325,facts_only,,,,,,unknown,passed_deterministic,public_facts_minimized
WEBe20c1231d1,src_a673b457eea31efc,浜松市天竜壬生ホール イベント,https://www.hcf.or.jp/facilities/mibu/event/detail.php?id=31326,facts_only,,,,,,unknown,passed_deterministic,public_facts_minimized
WEBf10a5db85b,src_a673b457eea31efc,浜松市天竜壬生ホール イベント,https://www.hcf.or.jp/facilities/mibu/event/detail.php?id=31327,facts_only,,,,,,unknown,passed_deterministic,public_facts_minimized
WEB0dec32ab31,src_a673b457eea31efc,浜松市天竜壬生ホール イベント,https://www.hcf.or.jp/facilities/mibu/event/detail.php?id=31131,facts_only,,,,,,unknown,passed_deterministic,public_facts_minimized
WEB8bcde29e43,src_a673b457eea31efc,浜松市天竜壬生ホール イベント,https://www.hcf.or.jp/facilities/mibu/event/detail.php?id=31229,facts_only,,,,,,unknown,passed_deterministic,public_facts_minimized
WEBdfc2b397c8,src_d608ca03304960a4,浜松市福祉交流センター イベント,https://www.h-fukushikoryu.jp/2026/07/02/%e6%b5%9c%e6%9d%be%e6%bc%94%e5%8a%87%e9%91%91%e8%b3%9e%e4%bc%9a%e3%80%80%e4%bf%b3%e5%84%aa%e5%ba%a7%e5%8a%87%e5%a0%b4%e3%80%80%e3%80%8c%e8%81%96%e3%81%aa%e3%82%8b%e7%82%8e%e3%80%8d/,facts_only,,,,,,unknown,passed_deterministic,public_facts_minimized
WEB912c0fd424,src_d608ca03304960a4,浜松市福祉交流センター イベント,https://www.h-fukushikoryu.jp/2026/07/02/%e6%9d%89%e5%b1%b1%e6%b8%85%e8%b2%b4-acoustic-solo-tour-2026/,facts_only,,,,,,unknown,passed_deterministic,public_facts_minimized
WEBe2596b0334,src_d608ca03304960a4,浜松市福祉交流センター イベント,https://www.h-fukushikoryu.jp/2026/07/02/%e6%97%a5%e6%9c%ac%e3%82%a8%e3%83%87%e3%83%a5%e3%83%86%e3%82%a4%e3%83%a1%e3%83%b3%e3%83%88%e5%8d%94%e4%bc%9a-%e3%82%b9%e3%83%bc%e3%83%91%e3%83%bc%e3%82%b5%e3%82%a4%e3%82%a8%e3%83%b3%e3%82%b9%e3%83%9e/,facts_only,,,,,,unknown,passed_deterministic,public_facts_minimized
WEB13778a8af3,src_d608ca03304960a4,浜松市福祉交流センター イベント,https://www.h-fukushikoryu.jp/2026/07/02/%e4%bd%90%e8%97%a4%e5%85%b8%e5%ad%90%e8%88%9e%e8%b8%8a%e7%a0%94%e7%a9%b6%e6%89%80-%e3%81%b5%e3%82%8b%e3%81%95%e3%81%a8%e3%82%92%e5%b0%8b%e3%81%ad%e3%81%a6%e2%85%b1-%e5%b8%83%e6%a9%8b%e5%b9%bb/,facts_only,,,,,,unknown,passed_deterministic,public_facts_minimized
WEBa1b2845f00,src_d608ca03304960a4,浜松市福祉交流センター イベント,https://www.h-fukushikoryu.jp/2026/07/02/%e6%9d%be%e9%a2%a8%e3%83%9f%e3%83%a5%e3%83%bc%e3%82%b8%e3%82%ab%e3%83%ab%ef%bc%92%ef%bc%91-%e5%ae%9a%e6%9c%9f%e5%85%ac%e6%bc%94%e7%ac%ac%e4%bc%9a-%e3%80%8c%e6%ba%80%e5%a4%a9%e3%81%ae%e6%98%9f%e3%80%8d/,facts_only,,,,,,unknown,passed_deterministic,public_facts_minimized
WEBeac9702565,src_d608ca03304960a4,浜松市福祉交流センター イベント,https://www.h-fukushikoryu.jp/2026/07/02/%e3%81%af%e3%81%be%e3%81%be%e3%81%a4%e4%bf%9d%e8%82%b2%e5%a3%ab%e4%bc%9a%e3%80%80%e7%a0%94%e4%bf%ae%e4%bc%9a/,facts_only,,,,,,unknown,passed_deterministic,public_facts_minimized
WEB2121cd3b48,src_d608ca03304960a4,浜松市福祉交流センター イベント,https://www.h-fukushikoryu.jp/2026/08/06/%e5%a4%a7%e6%ad%a3%e7%90%b4%e3%82%b3%e3%83%b3%e3%82%b5%e3%83%bc%e3%83%88-%e3%82%84%e3%81%99%e3%82%86%e3%81%8d%ef%bc%86%e3%82%a2%e3%83%b3%e3%82%b5%e3%83%b3%e3%83%96%e3%83%ab%e3%81%ae%e5%a4%a2%e6%99%82/,facts_only,,,,,,unknown,passed_deterministic,public_facts_minimized
WEBb089484ea0,src_d608ca03304960a4,浜松市福祉交流センター イベント,https://www.h-fukushikoryu.jp/2026/08/06/%e6%b5%9c%e6%9d%be%e6%bc%94%e5%8a%87%e9%91%91%e8%b3%9e%e4%bc%9a-%e9%9d%92%e5%b9%b4%e5%ba%a7-%e3%80%8c%e5%90%8c%e7%9b%9f%e9%80%9a%e4%bf%a1%e3%80%8d/,facts_only,,,,,,unknown,passed_deterministic,public_facts_minimized
WEBd3c7e259df,src_d608ca03304960a4,浜松市福祉交流センター イベント,https://www.h-fukushikoryu.jp/2026/08/06/%e7%ac%ac%ef%bc%92%ef%bc%93%e5%9b%9e-%e3%81%8a%e8%a9%b1%e3%81%a8%e6%bc%94%e5%a5%8f%e3%81%ae%e4%bc%9a/,facts_only,,,,,,unknown,passed_deterministic,public_facts_minimized
WEBabe4eae007,src_d608ca03304960a4,浜松市福祉交流センター イベント,https://www.h-fukushikoryu.jp/2026/08/06/%e3%81%95%e3%81%ab%e3%81%93%e4%bc%9a-vol-3%e3%80%80%ef%bd%9e%e6%9c%80%e5%bc%b7%e3%81%95%e3%81%ab%e3%81%93%e4%bc%9d%e8%aa%ac%e3%80%8c%e4%b8%8d%e6%bb%85%e3%80%8d%e3%80%9c%e3%80%80/,facts_only,,,,,,unknown,passed_deterministic,public_facts_minimized
WEB4b4c421511,src_d608ca03304960a4,浜松市福祉交流センター イベント,https://www.h-fukushikoryu.jp/2026/08/06/%e6%b5%9c%e6%9d%be%e6%9c%aa%e6%9d%a5%e7%b7%8f%e5%90%88%e5%b0%82%e9%96%80%e5%ad%a6%e6%a0%a1-%e4%bf%9d%e8%82%b2%e7%89%b9%e5%88%a5%e8%ac%9b%e5%ba%a7/,facts_only,,,,,,unknown,passed_deterministic,public_facts_minimized
WEBc0a4658a72,src_d608ca03304960a4,浜松市福祉交流センター イベント,https://www.h-fukushikoryu.jp/2026/08/06/%e9%9d%99%e5%b2%a1%e7%9c%8c%e8%a5%bf%e9%83%a8%e9%ab%98%e7%ad%89%e5%ad%a6%e6%a0%a1-%e3%83%80%e3%83%b3%e3%82%b9%e7%99%ba%e8%a1%a8%e4%bc%9a/,facts_only,,,,,,unknown,passed_deterministic,public_facts_minimized
WEBf806c409e1,src_d608ca03304960a4,浜松市福祉交流センター イベント,https://www.h-fukushikoryu.jp/2026/08/06/%e3%82%b9%e3%82%bf%e3%83%b3%e3%83%80%e3%83%83%e3%83%97-%e3%81%8a%e3%81%a1%e3%82%83%e4%b8%b8%e3%82%b7%e3%83%a7%e3%83%bc/,facts_only,,,,,,unknown,passed_deterministic,public_facts_minimized
WEB6da0233004,src_d608ca03304960a4,浜松市福祉交流センター イベント,https://www.h-fukushikoryu.jp/2026/08/06/%e4%b8%8e%e9%80%b2%e3%82%a6%e3%82%a3%e3%83%b3%e3%83%89-%e3%82%aa%e3%83%bc%e3%82%b1%e3%82%b9%e3%83%88%e3%83%a9%e3%82%af%e3%83%a9%e3%83%96-%e5%90%b9%e5%a5%8f%e6%a5%bd%e9%83%a8-%e5%ae%9a%e6%9c%9f/,facts_only,,,,,,unknown,passed_deterministic,public_facts_minimized
WEB8c75ff9b6f,src_d608ca03304960a4,浜松市福祉交流センター イベント,https://www.h-fukushikoryu.jp/2026/08/06/%e3%82%b5%e3%82%a4%e3%83%89%e3%82%bb%e3%83%96%e3%83%b3-mrs-of-the-year-2026-%e9%9d%99%e5%b2%a1%e3%80%80/,facts_only,,,,,,unknown,passed_deterministic,public_facts_minimized
WEB28745d1ce1,src_d608ca03304960a4,浜松市福祉交流センター イベント,https://www.h-fukushikoryu.jp/2026/08/06/%e5%90%89%e6%9c%ac%e8%88%88%e6%a5%ad-%e5%85%b5%e9%a0%ad%e5%a4%a7%e6%a8%b9%e3%81%ae-%e3%81%8a%e3%81%97%e3%82%83%e3%81%b9%e3%82%8a%e5%a4%a7%e5%a5%bd%e3%81%8d-48/,facts_only,,,,,,unknown,passed_deterministic,public_facts_minimized
WEB1a46ef3462,src_d608ca03304960a4,浜松市福祉交流センター イベント,https://www.h-fukushikoryu.jp/2026/08/06/%e3%82%af%e3%83%a9%e3%83%bc%e3%82%af%e8%a8%98%e5%bf%b5%e5%9b%bd%e9%9a%9b%e9%ab%98%e7%ad%89%e5%ad%a6%e6%a0%a1-%e6%88%90%e6%9e%9c%e7%99%ba%e8%a1%a8%e4%bc%9a/,facts_only,,,,,,unknown,passed_deterministic,public_facts_minimized
WEB92e980cc46,src_d608ca03304960a4,浜松市福祉交流センター イベント,https://www.h-fukushikoryu.jp/2026/05/21/%e7%ac%ac184%e5%9b%9e%e5%ae%9a%e6%9c%9f%e6%bc%94%e5%a5%8f%e4%bc%9a/,facts_only,,,,,,unknown,passed_deterministic,public_facts_minimized
WEB0c5bce4a77,src_d608ca03304960a4,浜松市福祉交流センター イベント,https://www.h-fukushikoryu.jp/2026/05/21/%e3%82%af%e3%83%aa%e3%82%b9%e3%83%9e%e3%82%b9%e3%82%b3%e3%83%b3%e3%82%b5%e3%83%bc%e3%83%8826/,facts_only,,,,,,unknown,passed_deterministic,public_facts_minimized
WEB63570805db,src_0ae59b8809bd7888,浜松文芸館 講座・イベント,https://www.hcf.or.jp/facilities/bungei_news/2026/08/post-178.php,facts_only,,,,,,unknown,passed_deterministic,public_facts_minimized
WEBfa75cc4e6a,src_0ae59b8809bd7888,浜松文芸館 講座・イベント,https://www.hcf.or.jp/facilities/bungei_news/2026/08/post-177.php,facts_only,,,,,,unknown,passed_deterministic,public_facts_minimized
WEBcc854c25ec,src_0ae59b8809bd7888,浜松文芸館 講座・イベント,https://www.hcf.or.jp/facilities/bungei_news/2026/07/post-176.php,facts_only,,,,,,unknown,passed_deterministic,public_facts_minimized
WEBddceabaabc,src_0ae59b8809bd7888,浜松文芸館 講座・イベント,https://www.hcf.or.jp/facilities/bungei_news/2026/07/post-175.php,facts_only,,,,,,unknown,passed_deterministic,public_facts_minimized
WEBd5cf5dafb2,src_0ae59b8809bd7888,浜松文芸館 講座・イベント,https://www.hcf.or.jp/facilities/bungei_news/2026/07/post-174.php,facts_only,,,,,,unknown,passed_deterministic,public_facts_minimized
WEB481219deeb,src_0ae59b8809bd7888,浜松文芸館 講座・イベント,https://www.hcf.or.jp/facilities/bungei_news/2026/07/post-173.php,facts_only,,,,,,unknown,passed_deterministic,public_facts_minimized
WEBccc7d2ecfc,src_0ae59b8809bd7888,浜松文芸館 講座・イベント,https://www.hcf.or.jp/facilities/bungei_news/2026/06/post-172.php,facts_only,,,,,,unknown,passed_deterministic,public_facts_minimized
WEB596eabc127,src_0ae59b8809bd7888,浜松文芸館 講座・イベント,https://www.hcf.or.jp/facilities/bungei_news/2026/06/post-171.php,facts_only,,,,,,unknown,passed_deterministic,public_facts_minimized
WEBf17baed15a,src_0ae59b8809bd7888,浜松文芸館 講座・イベント,https://www.hcf.or.jp/facilities/bungei_news/2026/06/post-170.php,facts_only,,,,,,unknown,passed_deterministic,public_facts_minimized
WEBdb0ec70858,src_0ae59b8809bd7888,浜松文芸館 講座・イベント,https://www.hcf.or.jp/facilities/bungei_news/2026/04/post-168.php,facts_only,,,,,,unknown,passed_deterministic,public_facts_minimized
WEB76e3b85e99,src_0ae59b8809bd7888,浜松文芸館 講座・イベント,https://www.hcf.or.jp/facilities/bungei_news/2026/04/post-167.php,facts_only,,,,,,unknown,passed_deterministic,public_facts_minimized
WEBaf9648363e,src_0ae59b8809bd7888,浜松文芸館 講座・イベント,https://www.hcf.or.jp/facilities/bungei_news/2026/04/post-166.php,facts_only,,,,,,unknown,passed_deterministic,public_facts_minimized
WEB7e80fe60b2,src_651164ac91860ebb,はまかるNEO 総合イベントカレンダー,https://www.hcf.or.jp/calendar/detail.php?id=30758,facts_only,,,,,,unknown,passed_deterministic,public_facts_minimized
WEB8cf5d5d207,src_651164ac91860ebb,はまかるNEO 総合イベントカレンダー,https://www.hcf.or.jp/calendar/detail.php?id=30992,facts_only,,,,,,unknown,passed_deterministic,public_facts_minimized
WEBc0a9d6e092,src_651164ac91860ebb,はまかるNEO 総合イベントカレンダー,https://www.hcf.or.jp/calendar/detail.php?id=30927,facts_only,,,,,,unknown,passed_deterministic,public_facts_minimized
WEB8d5e42bbb2,src_651164ac91860ebb,はまかるNEO 総合イベントカレンダー,https://www.hcf.or.jp/calendar/detail.php?id=31201,facts_only,,,,,,unknown,passed_deterministic,public_facts_minimized
WEBd2a3b1ec2e,src_651164ac91860ebb,はまかるNEO 総合イベントカレンダー,https://www.hcf.or.jp/calendar/detail.php?id=31136,facts_only,,,,,,unknown,passed_deterministic,public_facts_minimized
WEB435eae1675,src_651164ac91860ebb,はまかるNEO 総合イベントカレンダー,https://www.hcf.or.jp/calendar/detail.php?id=31040,facts_only,,,,,,unknown,passed_deterministic,public_facts_minimized
WEB3301ad2169,src_651164ac91860ebb,はまかるNEO 総合イベントカレンダー,https://www.hcf.or.jp/calendar/detail.php?id=30846,facts_only,,,,,,unknown,passed_deterministic,public_facts_minimized
WEBb544ef6c3c,src_651164ac91860ebb,はまかるNEO 総合イベントカレンダー,https://www.hcf.or.jp/calendar/detail.php?id=30839,facts_only,,,,,,unknown,passed_deterministic,public_facts_minimized
WEBa6327ec41f,src_651164ac91860ebb,はまかるNEO 総合イベントカレンダー,https://www.hcf.or.jp/calendar/detail.php?id=31100,facts_only,,,,,,unknown,passed_deterministic,public_facts_minimized
WEBabcb66349a,src_651164ac91860ebb,はまかるNEO 総合イベントカレンダー,https://www.hcf.or.jp/calendar/detail.php?id=31272,facts_only,,,,,,unknown,passed_deterministic,public_facts_minimized
WEBbcb5d15717,src_651164ac91860ebb,はまかるNEO 総合イベントカレンダー,https://www.hcf.or.jp/calendar/detail.php?id=30971,facts_only,,,,,,unknown,passed_deterministic,public_facts_minimized
WEBde64f5c98d,src_651164ac91860ebb,はまかるNEO 総合イベントカレンダー,https://www.hcf.or.jp/calendar/detail.php?id=31142,facts_only,,,,,,unknown,passed_deterministic,public_facts_minimized
WEBb44556be86,src_651164ac91860ebb,はまかるNEO 総合イベントカレンダー,https://www.hcf.or.jp/calendar/detail.php?id=30722,facts_only,,,,,,unknown,passed_deterministic,public_facts_minimized
WEB26c221c15e,src_651164ac91860ebb,はまかるNEO 総合イベントカレンダー,https://www.hcf.or.jp/calendar/detail.php?id=31251,facts_only,,,,,,unknown,passed_deterministic,public_facts_minimized
WEB81aa9fcb5a,src_651164ac91860ebb,はまかるNEO 総合イベントカレンダー,https://www.hcf.or.jp/calendar/detail.php?id=31313,facts_only,,,,,,unknown,passed_deterministic,public_facts_minimized
WEB1e743ba06a,src_651164ac91860ebb,はまかるNEO 総合イベントカレンダー,https://www.hcf.or.jp/calendar/detail.php?id=30678,facts_only,,,,,,unknown,passed_deterministic,public_facts_minimized
WEBafe1d40156,src_651164ac91860ebb,はまかるNEO 総合イベントカレンダー,https://www.hcf.or.jp/calendar/detail.php?id=31298,facts_only,,,,,,unknown,passed_deterministic,public_facts_minimized
WEBfc1f8de3a7,src_651164ac91860ebb,はまかるNEO 総合イベントカレンダー,https://www.hcf.or.jp/calendar/detail.php?id=31292,facts_only,,,,,,unknown,passed_deterministic,public_facts_minimized
WEB2295aeb31c,src_651164ac91860ebb,はまかるNEO 総合イベントカレンダー,https://www.hcf.or.jp/calendar/detail.php?id=31014,facts_only,,,,,,unknown,passed_deterministic,public_facts_minimized
WEBfa968e897b,src_651164ac91860ebb,はまかるNEO 総合イベントカレンダー,https://www.hcf.or.jp/calendar/detail.php?id=31046,facts_only,,,,,,unknown,passed_deterministic,public_facts_minimized
WEBefe1bba55d,src_7032b2d23319f1f6,浜松・浜名湖だいすきネット 最新月イベント情報,https://hamamatsu-daisuki.net/information/6660/,facts_only,,,,,,unknown,passed_deterministic,public_facts_minimized
WEBf8bd60e74e,src_7032b2d23319f1f6,浜松・浜名湖だいすきネット 最新月イベント情報,https://hamamatsu-daisuki.net/information/6660/,facts_only,,,,,,unknown,passed_deterministic,public_facts_minimized
WEBcdc8750358,src_7032b2d23319f1f6,浜松・浜名湖だいすきネット 最新月イベント情報,https://hamamatsu-daisuki.net/information/6660/,facts_only,,,,,,unknown,passed_deterministic,public_facts_minimized
WEB126fc2ed1a,src_7032b2d23319f1f6,浜松・浜名湖だいすきネット 最新月イベント情報,https://hamamatsu-daisuki.net/information/6660/,facts_only,,,,,,unknown,passed_deterministic,public_facts_minimized
WEB3d53a239c8,src_7032b2d23319f1f6,浜松・浜名湖だいすきネット 最新月イベント情報,https://hamamatsu-daisuki.net/information/6660/,facts_only,,,,,,unknown,passed_deterministic,public_facts_minimized
WEB47731b6759,src_7032b2d23319f1f6,浜松・浜名湖だいすきネット 最新月イベント情報,https://hamamatsu-daisuki.net/information/6660/,facts_only,,,,,,unknown,passed_deterministic,public_facts_minimized
WEB916ca371e7,src_7032b2d23319f1f6,浜松・浜名湖だいすきネット 最新月イベント情報,https://hamamatsu-daisuki.net/information/6660/,facts_only,,,,,,unknown,passed_deterministic,public_facts_minimized
WEBad0f2563bb,src_7032b2d23319f1f6,浜松・浜名湖だいすきネット 最新月イベント情報,https://hamamatsu-daisuki.net/information/6660/,facts_only,,,,,,unknown,passed_deterministic,public_facts_minimized
WEB58ee990aa2,src_7032b2d23319f1f6,浜松・浜名湖だいすきネット 最新月イベント情報,https://hamamatsu-daisuki.net/information/6660/,facts_only,,,,,,unknown,passed_deterministic,public_facts_minimized
WEB10b58fd460,src_7032b2d23319f1f6,浜松・浜名湖だいすきネット 最新月イベント情報,https://hamamatsu-daisuki.net/information/6445/,facts_only,,,,,,unknown,passed_deterministic,public_facts_minimized
WEB86da6dd0ea,src_7032b2d23319f1f6,浜松・浜名湖だいすきネット 最新月イベント情報,https://hamamatsu-daisuki.net/information/6445/,facts_only,,,,,,unknown,passed_deterministic,public_facts_minimized
WEB44ba2bb65f,src_7032b2d23319f1f6,浜松・浜名湖だいすきネット 最新月イベント情報,https://hamamatsu-daisuki.net/information/6445/,facts_only,,,,,,unknown,passed_deterministic,public_facts_minimized
WEB96479d0222,src_7032b2d23319f1f6,浜松・浜名湖だいすきネット 最新月イベント情報,https://hamamatsu-daisuki.net/information/6445/,facts_only,,,,,,unknown,passed_deterministic,public_facts_minimized
WEB7804521c1a,src_7032b2d23319f1f6,浜松・浜名湖だいすきネット 最新月イベント情報,https://hamamatsu-daisuki.net/information/6445/,facts_only,,,,,,unknown,passed_deterministic,public_facts_minimized
WEBc08529a41f,src_7032b2d23319f1f6,浜松・浜名湖だいすきネット 最新月イベント情報,https://hamamatsu-daisuki.net/information/6445/,facts_only,,,,,,unknown,passed_deterministic,public_facts_minimized
WEBc3d1ff35da,src_9bfd16fa78bde9bb,アットエス 浜松市中央区イベント一覧,https://www.at-s.com/event/article/2016260,facts_only,,,,,,unknown,passed_deterministic,public_facts_minimized
WEB69c6f0f3ad,src_9bfd16fa78bde9bb,アットエス 浜松市中央区イベント一覧,https://www.at-s.com/event/article/2030297,facts_only,,,,,,unknown,passed_deterministic,public_facts_minimized
WEBa8e56621af,src_9bfd16fa78bde9bb,アットエス 浜松市中央区イベント一覧,https://www.at-s.com/event/article/122279,facts_only,,,,,,unknown,passed_deterministic,public_facts_minimized
WEBfebdcccd61,src_9bfd16fa78bde9bb,アットエス 浜松市中央区イベント一覧,https://www.at-s.com/event/article/752452,facts_only,,,,,,unknown,passed_deterministic,public_facts_minimized
WEB5cab5620d1,src_9bfd16fa78bde9bb,アットエス 浜松市中央区イベント一覧,https://www.at-s.com/event/article/1765409,facts_only,,,,,,unknown,passed_deterministic,public_facts_minimized
WEB6735c2fd20,src_9bfd16fa78bde9bb,アットエス 浜松市中央区イベント一覧,https://www.at-s.com/event/article/122208,facts_only,,,,,,unknown,passed_deterministic,public_facts_minimized
WEBf7dc2dc91c,src_9bfd16fa78bde9bb,アットエス 浜松市中央区イベント一覧,https://www.at-s.com/event/article/2014668,facts_only,,,,,,unknown,passed_deterministic,public_facts_minimized
WEB773cf1d7d6,src_9bfd16fa78bde9bb,アットエス 浜松市中央区イベント一覧,https://www.at-s.com/event/article/1777403,facts_only,,,,,,unknown,passed_deterministic,public_facts_minimized
WEB05960864d1,src_9bfd16fa78bde9bb,アットエス 浜松市中央区イベント一覧,https://www.at-s.com/event/article/122395,facts_only,,,,,,unknown,passed_deterministic,public_facts_minimized
WEB253f11f7e8,src_9bfd16fa78bde9bb,アットエス 浜松市中央区イベント一覧,https://www.at-s.com/event/article/1096635,facts_only,,,,,,unknown,passed_deterministic,public_facts_minimized
WEB2f350d6d6e,src_9bfd16fa78bde9bb,アットエス 浜松市中央区イベント一覧,https://www.at-s.com/event/article/375001,facts_only,,,,,,unknown,passed_deterministic,public_facts_minimized
WEB6e10c43d5e,src_9bfd16fa78bde9bb,アットエス 浜松市中央区イベント一覧,https://www.at-s.com/event/article/2018448,facts_only,,,,,,unknown,passed_deterministic,public_facts_minimized
WEB5ff3586fa6,src_9bfd16fa78bde9bb,アットエス 浜松市中央区イベント一覧,https://www.at-s.com/event/article/1835269,facts_only,,,,,,unknown,passed_deterministic,public_facts_minimized
WEBb319993856,src_9bfd16fa78bde9bb,アットエス 浜松市中央区イベント一覧,https://www.at-s.com/event/article/1257411,facts_only,,,,,,unknown,passed_deterministic,public_facts_minimized
WEB8ab0be9f46,src_9bfd16fa78bde9bb,アットエス 浜松市中央区イベント一覧,https://www.at-s.com/event/article/2024391,facts_only,,,,,,unknown,passed_deterministic,public_facts_minimized
WEBb5d62a8334,src_9bfd16fa78bde9bb,アットエス 浜松市中央区イベント一覧,https://www.at-s.com/event/article/2022465,facts_only,,,,,,unknown,passed_deterministic,public_facts_minimized
WEB0ddac7c15d,src_9bfd16fa78bde9bb,アットエス 浜松市中央区イベント一覧,https://www.at-s.com/event/article/1255615,facts_only,,,,,,unknown,passed_deterministic,public_facts_minimized
WEB293667f252,src_9bfd16fa78bde9bb,アットエス 浜松市中央区イベント一覧,https://www.at-s.com/event/article/1940375,facts_only,,,,,,unknown,passed_deterministic,public_facts_minimized
WEB3e014fa66a,src_9bfd16fa78bde9bb,アットエス 浜松市中央区イベント一覧,https://www.at-s.com/event/article/2019008,facts_only,,,,,,unknown,passed_deterministic,public_facts_minimized
WEB5f49c9daf6,src_9bfd16fa78bde9bb,アットエス 浜松市中央区イベント一覧,https://www.at-s.com/event/article/1984056,facts_only,,,,,,unknown,passed_deterministic,public_facts_minimized
WEBce62891fd4,src_9bfd16fa78bde9bb,アットエス 浜松市中央区イベント一覧,https://www.at-s.com/event/article/1978988,facts_only,,,,,,unknown,passed_deterministic,public_facts_minimized
WEB998cf34de4,src_9bfd16fa78bde9bb,アットエス 浜松市中央区イベント一覧,https://www.at-s.com/event/article/1828582,facts_only,,,,,,unknown,passed_deterministic,public_facts_minimized
WEB37c00723d2,src_9bfd16fa78bde9bb,アットエス 浜松市中央区イベント一覧,https://www.at-s.com/event/article/1982774,facts_only,,,,,,unknown,passed_deterministic,public_facts_minimized
WEB3e0c6ec8b8,src_9bfd16fa78bde9bb,アットエス 浜松市中央区イベント一覧,https://www.at-s.com/event/article/1967974,facts_only,,,,,,unknown,passed_deterministic,public_facts_minimized
WEBb04b6702bc,src_9bfd16fa78bde9bb,アットエス 浜松市中央区イベント一覧,https://www.at-s.com/event/article/1928135,facts_only,,,,,,unknown,passed_deterministic,public_facts_minimized
WEBdf4efd5784,src_9bfd16fa78bde9bb,アットエス 浜松市中央区イベント一覧,https://www.at-s.com/event/article/1984057,facts_only,,,,,,unknown,passed_deterministic,public_facts_minimized
WEB2a77742ad8,src_9bfd16fa78bde9bb,アットエス 浜松市中央区イベント一覧,https://www.at-s.com/event/article/2010445,facts_only,,,,,,unknown,passed_deterministic,public_facts_minimized
WEBc28f3f9612,src_9bfd16fa78bde9bb,アットエス 浜松市中央区イベント一覧,https://www.at-s.com/event/article/2008134,facts_only,,,,,,unknown,passed_deterministic,public_facts_minimized
WEBf973375e55,src_9bfd16fa78bde9bb,アットエス 浜松市中央区イベント一覧,https://www.at-s.com/event/article/2026152,facts_only,,,,,,unknown,passed_deterministic,public_facts_minimized
WEB22cc1fed8c,src_9bfd16fa78bde9bb,アットエス 浜松市中央区イベント一覧,https://www.at-s.com/event/article/2032303,facts_only,,,,,,unknown,passed_deterministic,public_facts_minimized
WEB202ef7f16b,src_9bfd16fa78bde9bb,アットエス 浜松市中央区イベント一覧,https://www.at-s.com/event/article/1952446,facts_only,,,,,,unknown,passed_deterministic,public_facts_minimized
WEB927bcb8164,src_9bfd16fa78bde9bb,アットエス 浜松市中央区イベント一覧,https://www.at-s.com/event/article/2015144,facts_only,,,,,,unknown,passed_deterministic,public_facts_minimized
WEB40b0b0d386,src_9bfd16fa78bde9bb,アットエス 浜松市中央区イベント一覧,https://www.at-s.com/event/article/122454,facts_only,,,,,,unknown,passed_deterministic,public_facts_minimized
WEB9258bcbee6,src_9bfd16fa78bde9bb,アットエス 浜松市中央区イベント一覧,https://www.at-s.com/event/article/2014186,facts_only,,,,,,unknown,passed_deterministic,public_facts_minimized
WEB9649334fdb,src_9bfd16fa78bde9bb,アットエス 浜松市中央区イベント一覧,https://www.at-s.com/event/article/1762843,facts_only,,,,,,unknown,passed_deterministic,public_facts_minimized
WEB56ce4ae15d,src_9bfd16fa78bde9bb,アットエス 浜松市中央区イベント一覧,https://www.at-s.com/event/article/2025180,facts_only,,,,,,unknown,passed_deterministic,public_facts_minimized
WEB4232757615,src_9bfd16fa78bde9bb,アットエス 浜松市中央区イベント一覧,https://www.at-s.com/event/article/2017818,facts_only,,,,,,unknown,passed_deterministic,public_facts_minimized
WEB917a74a284,src_9bfd16fa78bde9bb,アットエス 浜松市中央区イベント一覧,https://www.at-s.com/event/article/2024707,facts_only,,,,,,unknown,passed_deterministic,public_facts_minimized
WEBb444b48f22,src_9bfd16fa78bde9bb,アットエス 浜松市中央区イベント一覧,https://www.at-s.com/event/article/2021510,facts_only,,,,,,unknown,passed_deterministic,public_facts_minimized
WEB844a2e84d7,src_9bfd16fa78bde9bb,アットエス 浜松市中央区イベント一覧,https://www.at-s.com/event/article/2028841,facts_only,,,,,,unknown,passed_deterministic,public_facts_minimized
WEB1c65ce283d,src_9bfd16fa78bde9bb,アットエス 浜松市中央区イベント一覧,https://www.at-s.com/event/article/1883319,facts_only,,,,,,unknown,passed_deterministic,public_facts_minimized
WEB3231129173,src_9bfd16fa78bde9bb,アットエス 浜松市中央区イベント一覧,https://www.at-s.com/event/article/2029477,facts_only,,,,,,unknown,passed_deterministic,public_facts_minimized
WEBed3366871d,src_9bfd16fa78bde9bb,アットエス 浜松市中央区イベント一覧,https://www.at-s.com/event/article/2008988,facts_only,,,,,,unknown,passed_deterministic,public_facts_minimized
WEBb66596365d,src_9bfd16fa78bde9bb,アットエス 浜松市中央区イベント一覧,https://www.at-s.com/event/article/2013583,facts_only,,,,,,unknown,passed_deterministic,public_facts_minimized
WEB929b2ed6b4,src_9bfd16fa78bde9bb,アットエス 浜松市中央区イベント一覧,https://www.at-s.com/event/article/1982778,facts_only,,,,,,unknown,passed_deterministic,public_facts_minimized
WEBd1c738ac1e,src_9bfd16fa78bde9bb,アットエス 浜松市中央区イベント一覧,https://www.at-s.com/event/article/1998111,facts_only,,,,,,unknown,passed_deterministic,public_facts_minimized
WEB7ab4f21820,src_9bfd16fa78bde9bb,アットエス 浜松市中央区イベント一覧,https://www.at-s.com/event/article/2032320,facts_only,,,,,,unknown,passed_deterministic,public_facts_minimized
WEBde1892b4bb,src_9bfd16fa78bde9bb,アットエス 浜松市中央区イベント一覧,https://www.at-s.com/event/article/2026081,facts_only,,,,,,unknown,passed_deterministic,public_facts_minimized
WEB1ef6ceecae,src_9bfd16fa78bde9bb,アットエス 浜松市中央区イベント一覧,https://www.at-s.com/event/article/1984058,facts_only,,,,,,unknown,passed_deterministic,public_facts_minimized
WEBfd7d4be11a,src_9bfd16fa78bde9bb,アットエス 浜松市中央区イベント一覧,https://www.at-s.com/event/article/2027566,facts_only,,,,,,unknown,passed_deterministic,public_facts_minimized
WEB3a934752a9,src_9bfd16fa78bde9bb,アットエス 浜松市中央区イベント一覧,https://www.at-s.com/event/article/1982786,facts_only,,,,,,unknown,passed_deterministic,public_facts_minimized
WEBe2d140174f,src_9bfd16fa78bde9bb,アットエス 浜松市中央区イベント一覧,https://www.at-s.com/event/article/1900603,facts_only,,,,,,unknown,passed_deterministic,public_facts_minimized
WEB460883a17c,src_9bfd16fa78bde9bb,アットエス 浜松市中央区イベント一覧,https://www.at-s.com/event/article/2029478,facts_only,,,,,,unknown,passed_deterministic,public_facts_minimized
WEBe086e73ead,src_9bfd16fa78bde9bb,アットエス 浜松市中央区イベント一覧,https://www.at-s.com/event/article/2008133,facts_only,,,,,,unknown,passed_deterministic,public_facts_minimized
WEB04b0d483f7,src_9bfd16fa78bde9bb,アットエス 浜松市中央区イベント一覧,https://www.at-s.com/event/article/2012651,facts_only,,,,,,unknown,passed_deterministic,public_facts_minimized
WEB0b0523f79d,src_9bfd16fa78bde9bb,アットエス 浜松市中央区イベント一覧,https://www.at-s.com/event/article/1984741,facts_only,,,,,,unknown,passed_deterministic,public_facts_minimized
WEB17fff39da2,src_9bfd16fa78bde9bb,アットエス 浜松市中央区イベント一覧,https://www.at-s.com/event/article/2016771,facts_only,,,,,,unknown,passed_deterministic,public_facts_minimized
WEB7db5159d33,src_9bfd16fa78bde9bb,アットエス 浜松市中央区イベント一覧,https://www.at-s.com/event/article/1967975,facts_only,,,,,,unknown,passed_deterministic,public_facts_minimized
WEBed40c9bc29,src_9bfd16fa78bde9bb,アットエス 浜松市中央区イベント一覧,https://www.at-s.com/event/article/1068564,facts_only,,,,,,unknown,passed_deterministic,public_facts_minimized
WEBdf3083ba10,src_9bfd16fa78bde9bb,アットエス 浜松市中央区イベント一覧,https://www.at-s.com/event/article/2008128,facts_only,,,,,,unknown,passed_deterministic,public_facts_minimized
WEB713652cffd,src_9bfd16fa78bde9bb,アットエス 浜松市中央区イベント一覧,https://www.at-s.com/event/article/2020331,facts_only,,,,,,unknown,passed_deterministic,public_facts_minimized
WEBda7fc6a032,src_9bfd16fa78bde9bb,アットエス 浜松市中央区イベント一覧,https://www.at-s.com/event/article/775396,facts_only,,,,,,unknown,passed_deterministic,public_facts_minimized
WEBaa17aba410,src_9bfd16fa78bde9bb,アットエス 浜松市中央区イベント一覧,https://www.at-s.com/event/article/1752773,facts_only,,,,,,unknown,passed_deterministic,public_facts_minimized
WEB09fa3c3a89,src_9bfd16fa78bde9bb,アットエス 浜松市中央区イベント一覧,https://www.at-s.com/event/article/1752640,facts_only,,,,,,unknown,passed_deterministic,public_facts_minimized
WEBd48d3fe790,src_9bfd16fa78bde9bb,アットエス 浜松市中央区イベント一覧,https://www.at-s.com/event/article/1752708,facts_only,,,,,,unknown,passed_deterministic,public_facts_minimized
WEBf86a392d34,src_9bfd16fa78bde9bb,アットエス 浜松市中央区イベント一覧,https://www.at-s.com/event/article/1752679,facts_only,,,,,,unknown,passed_deterministic,public_facts_minimized
WEB569c279ed3,src_9bfd16fa78bde9bb,アットエス 浜松市中央区イベント一覧,https://www.at-s.com/event/article/2013592,facts_only,,,,,,unknown,passed_deterministic,public_facts_minimized
WEB543f4c3a66,src_9bfd16fa78bde9bb,アットエス 浜松市中央区イベント一覧,https://www.at-s.com/event/article/1752552,facts_only,,,,,,unknown,passed_deterministic,public_facts_minimized
WEBcf2c6816b4,src_9bfd16fa78bde9bb,アットエス 浜松市中央区イベント一覧,https://www.at-s.com/event/article/2027815,facts_only,,,,,,unknown,passed_deterministic,public_facts_minimized
WEB59af27c537,src_9bfd16fa78bde9bb,アットエス 浜松市中央区イベント一覧,https://www.at-s.com/event/article/2015824,facts_only,,,,,,unknown,passed_deterministic,public_facts_minimized
WEBac8a854287,src_9bfd16fa78bde9bb,アットエス 浜松市中央区イベント一覧,https://www.at-s.com/event/article/630280,facts_only,,,,,,unknown,passed_deterministic,public_facts_minimized
WEBdb2fd9f881,src_9bfd16fa78bde9bb,アットエス 浜松市中央区イベント一覧,https://www.at-s.com/event/article/122143,facts_only,,,,,,unknown,passed_deterministic,public_facts_minimized
WEBdb8bbf5b2b,src_9bfd16fa78bde9bb,アットエス 浜松市中央区イベント一覧,https://www.at-s.com/event/article/1789410,facts_only,,,,,,unknown,passed_deterministic,public_facts_minimized
WEBd439c98a1f,src_9bfd16fa78bde9bb,アットエス 浜松市中央区イベント一覧,https://www.at-s.com/event/article/2027413,facts_only,,,,,,unknown,passed_deterministic,public_facts_minimized
WEBd16c1de81d,src_9bfd16fa78bde9bb,アットエス 浜松市中央区イベント一覧,https://www.at-s.com/event/article/2026100,facts_only,,,,,,unknown,passed_deterministic,public_facts_minimized
WEBcea9d3f406,src_9bfd16fa78bde9bb,アットエス 浜松市中央区イベント一覧,https://www.at-s.com/event/article/2008129,facts_only,,,,,,unknown,passed_deterministic,public_facts_minimized
WEB574c875dcf,src_9bfd16fa78bde9bb,アットエス 浜松市中央区イベント一覧,https://www.at-s.com/event/article/2014316,facts_only,,,,,,unknown,passed_deterministic,public_facts_minimized
WEB27b8c851b3,src_9bfd16fa78bde9bb,アットエス 浜松市中央区イベント一覧,https://www.at-s.com/event/article/2007122,facts_only,,,,,,unknown,passed_deterministic,public_facts_minimized
WEB3be7e860a5,src_9bfd16fa78bde9bb,アットエス 浜松市中央区イベント一覧,https://www.at-s.com/event/article/2008944,facts_only,,,,,,unknown,passed_deterministic,public_facts_minimized
WEB8da74cfaa7,src_9bfd16fa78bde9bb,アットエス 浜松市中央区イベント一覧,https://www.at-s.com/event/article/1990067,facts_only,,,,,,unknown,passed_deterministic,public_facts_minimized
WEBb41843970a,src_9bfd16fa78bde9bb,アットエス 浜松市中央区イベント一覧,https://www.at-s.com/event/article/121781,facts_only,,,,,,unknown,passed_deterministic,public_facts_minimized
WEB4c3a1fb47f,src_9bfd16fa78bde9bb,アットエス 浜松市中央区イベント一覧,https://www.at-s.com/event/article/1752584,facts_only,,,,,,unknown,passed_deterministic,public_facts_minimized
WEB6b71a3bf66,src_9bfd16fa78bde9bb,アットエス 浜松市中央区イベント一覧,https://www.at-s.com/event/article/244672,facts_only,,,,,,unknown,passed_deterministic,public_facts_minimized
WEB54d7e39551,src_9bfd16fa78bde9bb,アットエス 浜松市中央区イベント一覧,https://www.at-s.com/event/article/745441,facts_only,,,,,,unknown,passed_deterministic,public_facts_minimized
WEBd94beec17d,src_9bfd16fa78bde9bb,アットエス 浜松市中央区イベント一覧,https://www.at-s.com/event/article/1337481,facts_only,,,,,,unknown,passed_deterministic,public_facts_minimized
WEBd58686130e,src_9bfd16fa78bde9bb,アットエス 浜松市中央区イベント一覧,https://www.at-s.com/event/article/2010438,facts_only,,,,,,unknown,passed_deterministic,public_facts_minimized
WEB6aef88fc55,src_9bfd16fa78bde9bb,アットエス 浜松市中央区イベント一覧,https://www.at-s.com/event/article/2007125,facts_only,,,,,,unknown,passed_deterministic,public_facts_minimized
WEB492aeca14a,src_9bfd16fa78bde9bb,アットエス 浜松市中央区イベント一覧,https://www.at-s.com/event/article/1801720,facts_only,,,,,,unknown,passed_deterministic,public_facts_minimized
WEB5c08a5b84f,src_9bfd16fa78bde9bb,アットエス 浜松市中央区イベント一覧,https://www.at-s.com/event/article/2003376,facts_only,,,,,,unknown,passed_deterministic,public_facts_minimized
WEB54380caf4b,src_9bfd16fa78bde9bb,アットエス 浜松市中央区イベント一覧,https://www.at-s.com/event/article/2031126,facts_only,,,,,,unknown,passed_deterministic,public_facts_minimized
WEBc738478b00,src_9bfd16fa78bde9bb,アットエス 浜松市中央区イベント一覧,https://www.at-s.com/event/article/2007127,facts_only,,,,,,unknown,passed_deterministic,public_facts_minimized
WEB325661a89c,src_9bfd16fa78bde9bb,アットエス 浜松市中央区イベント一覧,https://www.at-s.com/event/article/2008990,facts_only,,,,,,unknown,passed_deterministic,public_facts_minimized
WEB985be77754,src_9bfd16fa78bde9bb,アットエス 浜松市中央区イベント一覧,https://www.at-s.com/event/article/1967976,facts_only,,,,,,unknown,passed_deterministic,public_facts_minimized
WEB0d29076e13,src_9bfd16fa78bde9bb,アットエス 浜松市中央区イベント一覧,https://www.at-s.com/event/article/2008130,facts_only,,,,,,unknown,passed_deterministic,public_facts_minimized
WEBb82105933d,src_9bfd16fa78bde9bb,アットエス 浜松市中央区イベント一覧,https://www.at-s.com/event/article/2025174,facts_only,,,,,,unknown,passed_deterministic,public_facts_minimized
WEB669a8e55e3,src_9bfd16fa78bde9bb,アットエス 浜松市中央区イベント一覧,https://www.at-s.com/event/article/2007260,facts_only,,,,,,unknown,passed_deterministic,public_facts_minimized
WEB8bebed5d6c,src_9bfd16fa78bde9bb,アットエス 浜松市中央区イベント一覧,https://www.at-s.com/event/article/2007772,facts_only,,,,,,unknown,passed_deterministic,public_facts_minimized
WEBafb1c39a14,src_9bfd16fa78bde9bb,アットエス 浜松市中央区イベント一覧,https://www.at-s.com/event/article/2008945,facts_only,,,,,,unknown,passed_deterministic,public_facts_minimized
WEB8208553706,src_9bfd16fa78bde9bb,アットエス 浜松市中央区イベント一覧,https://www.at-s.com/event/article/2026074,facts_only,,,,,,unknown,passed_deterministic,public_facts_minimized
WEB78075aeae8,src_9bfd16fa78bde9bb,アットエス 浜松市中央区イベント一覧,https://www.at-s.com/event/article/1321827,facts_only,,,,,,unknown,passed_deterministic,public_facts_minimized
WEBf1b520694a,src_9bfd16fa78bde9bb,アットエス 浜松市中央区イベント一覧,https://www.at-s.com/event/article/2022442,facts_only,,,,,,unknown,passed_deterministic,public_facts_minimized
WEB6dc14044fb,src_9bfd16fa78bde9bb,アットエス 浜松市中央区イベント一覧,https://www.at-s.com/event/article/2019662,facts_only,,,,,,unknown,passed_deterministic,public_facts_minimized
WEBb08cae9885,src_9bfd16fa78bde9bb,アットエス 浜松市中央区イベント一覧,https://www.at-s.com/event/article/1940379,facts_only,,,,,,unknown,passed_deterministic,public_facts_minimized
WEBb6f6f42b89,src_9bfd16fa78bde9bb,アットエス 浜松市中央区イベント一覧,https://www.at-s.com/event/article/122290,facts_only,,,,,,unknown,passed_deterministic,public_facts_minimized
WEBd4ca94f620,src_9bfd16fa78bde9bb,アットエス 浜松市中央区イベント一覧,https://www.at-s.com/event/article/121536,facts_only,,,,,,unknown,passed_deterministic,public_facts_minimized
WEB9a959ef172,src_9bfd16fa78bde9bb,アットエス 浜松市中央区イベント一覧,https://www.at-s.com/event/article/1984736,facts_only,,,,,,unknown,passed_deterministic,public_facts_minimized
WEB7ab3da0b91,src_9bfd16fa78bde9bb,アットエス 浜松市中央区イベント一覧,https://www.at-s.com/event/article/2022996,facts_only,,,,,,unknown,passed_deterministic,public_facts_minimized
WEB4363899ea1,src_9bfd16fa78bde9bb,アットエス 浜松市中央区イベント一覧,https://www.at-s.com/event/article/2007131,facts_only,,,,,,unknown,passed_deterministic,public_facts_minimized
WEBcf0ed09af4,src_9bfd16fa78bde9bb,アットエス 浜松市中央区イベント一覧,https://www.at-s.com/event/article/1993871,facts_only,,,,,,unknown,passed_deterministic,public_facts_minimized
WEB2f309766a7,src_9bfd16fa78bde9bb,アットエス 浜松市中央区イベント一覧,https://www.at-s.com/event/article/2008131,facts_only,,,,,,unknown,passed_deterministic,public_facts_minimized
WEBa183ad9998,src_9bfd16fa78bde9bb,アットエス 浜松市中央区イベント一覧,https://www.at-s.com/event/article/521115,facts_only,,,,,,unknown,passed_deterministic,public_facts_minimized
WEB1f8d60f98b,src_9bfd16fa78bde9bb,アットエス 浜松市中央区イベント一覧,https://www.at-s.com/event/article/2014315,facts_only,,,,,,unknown,passed_deterministic,public_facts_minimized
WEB20bc780204,src_9bfd16fa78bde9bb,アットエス 浜松市中央区イベント一覧,https://www.at-s.com/event/article/2027832,facts_only,,,,,,unknown,passed_deterministic,public_facts_minimized
WEBdf944c98c9,src_9bfd16fa78bde9bb,アットエス 浜松市中央区イベント一覧,https://www.at-s.com/event/article/1778756,facts_only,,,,,,unknown,passed_deterministic,public_facts_minimized
WEBea8676f4d2,src_9bfd16fa78bde9bb,アットエス 浜松市中央区イベント一覧,https://www.at-s.com/event/article/2014554,facts_only,,,,,,unknown,passed_deterministic,public_facts_minimized
WEB125a5d331f,src_9bfd16fa78bde9bb,アットエス 浜松市中央区イベント一覧,https://www.at-s.com/event/article/2007138,facts_only,,,,,,unknown,passed_deterministic,public_facts_minimized
WEBe31cd71996,src_9bfd16fa78bde9bb,アットエス 浜松市中央区イベント一覧,https://www.at-s.com/event/article/1779737,facts_only,,,,,,unknown,passed_deterministic,public_facts_minimized
WEB7d823c0fa0,src_9bfd16fa78bde9bb,アットエス 浜松市中央区イベント一覧,https://www.at-s.com/event/article/2008126,facts_only,,,,,,unknown,passed_deterministic,public_facts_minimized
WEB0153484baf,src_9bfd16fa78bde9bb,アットエス 浜松市中央区イベント一覧,https://www.at-s.com/event/article/1995618,facts_only,,,,,,unknown,passed_deterministic,public_facts_minimized
WEB343c8951b8,src_9bfd16fa78bde9bb,アットエス 浜松市中央区イベント一覧,https://www.at-s.com/event/article/1916927,facts_only,,,,,,unknown,passed_deterministic,public_facts_minimized
WEB9ce70d7297,src_9bfd16fa78bde9bb,アットエス 浜松市中央区イベント一覧,https://www.at-s.com/event/article/2008991,facts_only,,,,,,unknown,passed_deterministic,public_facts_minimized
WEBcb1df0c2fd,src_9bfd16fa78bde9bb,アットエス 浜松市中央区イベント一覧,https://www.at-s.com/event/article/1752506,facts_only,,,,,,unknown,passed_deterministic,public_facts_minimized
WEBc961e2ec07,src_9bfd16fa78bde9bb,アットエス 浜松市中央区イベント一覧,https://www.at-s.com/event/article/2024517,facts_only,,,,,,unknown,passed_deterministic,public_facts_minimized
WEB9a9111a6df,src_9bfd16fa78bde9bb,アットエス 浜松市中央区イベント一覧,https://www.at-s.com/event/article/2024408,facts_only,,,,,,unknown,passed_deterministic,public_facts_minimized
WEB207417ad8c,src_9bfd16fa78bde9bb,アットエス 浜松市中央区イベント一覧,https://www.at-s.com/event/article/1794455,facts_only,,,,,,unknown,passed_deterministic,public_facts_minimized
WEB5b81d2fdf2,src_9bfd16fa78bde9bb,アットエス 浜松市中央区イベント一覧,https://www.at-s.com/event/article/2032822,facts_only,,,,,,unknown,passed_deterministic,public_facts_minimized
WEB43249c796b,src_9bfd16fa78bde9bb,アットエス 浜松市中央区イベント一覧,https://www.at-s.com/event/article/2024417,facts_only,,,,,,unknown,passed_deterministic,public_facts_minimized
WEBc3f0081ae4,src_9bfd16fa78bde9bb,アットエス 浜松市中央区イベント一覧,https://www.at-s.com/event/article/2011161,facts_only,,,,,,unknown,passed_deterministic,public_facts_minimized
WEB1eec00b761,src_9bfd16fa78bde9bb,アットエス 浜松市中央区イベント一覧,https://www.at-s.com/event/article/2024518,facts_only,,,,,,unknown,passed_deterministic,public_facts_minimized
WEB2dff52b6c8,src_9bfd16fa78bde9bb,アットエス 浜松市中央区イベント一覧,https://www.at-s.com/event/article/2009084,facts_only,,,,,,unknown,passed_deterministic,public_facts_minimized
WEBd7cf1d508f,src_9bfd16fa78bde9bb,アットエス 浜松市中央区イベント一覧,https://www.at-s.com/event/article/2008948,facts_only,,,,,,unknown,passed_deterministic,public_facts_minimized
WEB8cbef934a2,src_9bfd16fa78bde9bb,アットエス 浜松市中央区イベント一覧,https://www.at-s.com/event/article/1736216,facts_only,,,,,,unknown,passed_deterministic,public_facts_minimized
WEB0d2604669b,src_9bfd16fa78bde9bb,アットエス 浜松市中央区イベント一覧,https://www.at-s.com/event/article/745447,facts_only,,,,,,unknown,passed_deterministic,public_facts_minimized
WEBd85f8355c5,src_9bfd16fa78bde9bb,アットエス 浜松市中央区イベント一覧,https://www.at-s.com/event/article/2024420,facts_only,,,,,,unknown,passed_deterministic,public_facts_minimized
WEBef54e858e7,src_9bfd16fa78bde9bb,アットエス 浜松市中央区イベント一覧,https://www.at-s.com/event/article/1474733,facts_only,,,,,,unknown,passed_deterministic,public_facts_minimized
WEB0ad29af7b3,src_9bfd16fa78bde9bb,アットエス 浜松市中央区イベント一覧,https://www.at-s.com/event/article/2024479,facts_only,,,,,,unknown,passed_deterministic,public_facts_minimized
WEBecca6c76e8,src_9bfd16fa78bde9bb,アットエス 浜松市中央区イベント一覧,https://www.at-s.com/event/article/2008993,facts_only,,,,,,unknown,passed_deterministic,public_facts_minimized
WEB8ce356bd99,src_9bfd16fa78bde9bb,アットエス 浜松市中央区イベント一覧,https://www.at-s.com/event/article/2024520,facts_only,,,,,,unknown,passed_deterministic,public_facts_minimized
WEBac1620ed8b,src_9bfd16fa78bde9bb,アットエス 浜松市中央区イベント一覧,https://www.at-s.com/event/article/2027567,facts_only,,,,,,unknown,passed_deterministic,public_facts_minimized
WEB6d6e0705c2,src_9bfd16fa78bde9bb,アットエス 浜松市中央区イベント一覧,https://www.at-s.com/event/article/2008949,facts_only,,,,,,unknown,passed_deterministic,public_facts_minimized
WEB52cca6edef,src_9bfd16fa78bde9bb,アットエス 浜松市中央区イベント一覧,https://www.at-s.com/event/article/2025812,facts_only,,,,,,unknown,passed_deterministic,public_facts_minimized
WEB18fbba3784,src_9bfd16fa78bde9bb,アットエス 浜松市中央区イベント一覧,https://www.at-s.com/event/article/2019483,facts_only,,,,,,unknown,passed_deterministic,public_facts_minimized
WEB92c111a778,src_9bfd16fa78bde9bb,アットエス 浜松市中央区イベント一覧,https://www.at-s.com/event/article/2024521,facts_only,,,,,,unknown,passed_deterministic,public_facts_minimized
WEB1c2bc61cd5,src_9bfd16fa78bde9bb,アットエス 浜松市中央区イベント一覧,https://www.at-s.com/event/article/2024480,facts_only,,,,,,unknown,passed_deterministic,public_facts_minimized
WEB4993b8ed57,src_9bfd16fa78bde9bb,アットエス 浜松市中央区イベント一覧,https://www.at-s.com/event/article/2009085,facts_only,,,,,,unknown,passed_deterministic,public_facts_minimized
WEB1ce3ebe7bb,src_9bfd16fa78bde9bb,アットエス 浜松市中央区イベント一覧,https://www.at-s.com/event/article/531624,facts_only,,,,,,unknown,passed_deterministic,public_facts_minimized
WEB3180f09045,src_9bfd16fa78bde9bb,アットエス 浜松市中央区イベント一覧,https://www.at-s.com/event/article/1926283,facts_only,,,,,,unknown,passed_deterministic,public_facts_minimized
WEB2aa3211f42,src_9bfd16fa78bde9bb,アットエス 浜松市中央区イベント一覧,https://www.at-s.com/event/article/2008994,facts_only,,,,,,unknown,passed_deterministic,public_facts_minimized
WEBf41a2678e8,src_9bfd16fa78bde9bb,アットエス 浜松市中央区イベント一覧,https://www.at-s.com/event/article/2024505,facts_only,,,,,,unknown,passed_deterministic,public_facts_minimized
WEBafc36327d3,src_9bfd16fa78bde9bb,アットエス 浜松市中央区イベント一覧,https://www.at-s.com/event/article/2024522,facts_only,,,,,,unknown,passed_deterministic,public_facts_minimized
WEBaa8e50fc2a,src_9bfd16fa78bde9bb,アットエス 浜松市中央区イベント一覧,https://www.at-s.com/event/article/1960445,facts_only,,,,,,unknown,passed_deterministic,public_facts_minimized
WEBe702c5c8d0,src_9bfd16fa78bde9bb,アットエス 浜松市中央区イベント一覧,https://www.at-s.com/event/article/776552,facts_only,,,,,,unknown,passed_deterministic,public_facts_minimized
WEBd18b50df0f,src_9bfd16fa78bde9bb,アットエス 浜松市中央区イベント一覧,https://www.at-s.com/event/article/2024523,facts_only,,,,,,unknown,passed_deterministic,public_facts_minimized
WEB278814e264,src_9bfd16fa78bde9bb,アットエス 浜松市中央区イベント一覧,https://www.at-s.com/event/article/2024512,facts_only,,,,,,unknown,passed_deterministic,public_facts_minimized
WEB09a5d2bf80,src_9bfd16fa78bde9bb,アットエス 浜松市中央区イベント一覧,https://www.at-s.com/event/article/2009087,facts_only,,,,,,unknown,passed_deterministic,public_facts_minimized
WEB9f32d86f66,src_9bfd16fa78bde9bb,アットエス 浜松市中央区イベント一覧,https://www.at-s.com/event/article/2013212,facts_only,,,,,,unknown,passed_deterministic,public_facts_minimized
WEB4a35955919,src_9bfd16fa78bde9bb,アットエス 浜松市中央区イベント一覧,https://www.at-s.com/event/article/1832708,facts_only,,,,,,unknown,passed_deterministic,public_facts_minimized
WEBd71e10631c,src_9bfd16fa78bde9bb,アットエス 浜松市中央区イベント一覧,https://www.at-s.com/event/article/2008995,facts_only,,,,,,unknown,passed_deterministic,public_facts_minimized
WEB3fb2f3f9db,src_9bfd16fa78bde9bb,アットエス 浜松市中央区イベント一覧,https://www.at-s.com/event/article/745448,facts_only,,,,,,unknown,passed_deterministic,public_facts_minimized
WEBe413dffef6,src_9bfd16fa78bde9bb,アットエス 浜松市中央区イベント一覧,https://www.at-s.com/event/article/2014948,facts_only,,,,,,unknown,passed_deterministic,public_facts_minimized
WEB0d77d79479,src_9bfd16fa78bde9bb,アットエス 浜松市中央区イベント一覧,https://www.at-s.com/event/article/2009088,facts_only,,,,,,unknown,passed_deterministic,public_facts_minimized
WEBe42456effd,src_9bfd16fa78bde9bb,アットエス 浜松市中央区イベント一覧,https://www.at-s.com/event/article/1989364,facts_only,,,,,,unknown,passed_deterministic,public_facts_minimized
WEBd4dea98a7d,src_9bfd16fa78bde9bb,アットエス 浜松市中央区イベント一覧,https://www.at-s.com/event/article/2008996,facts_only,,,,,,unknown,passed_deterministic,public_facts_minimized
WEBc0d61ee06e,src_9bfd16fa78bde9bb,アットエス 浜松市中央区イベント一覧,https://www.at-s.com/event/article/1469341,facts_only,,,,,,unknown,passed_deterministic,public_facts_minimized
WEB0bc43be8d9,src_9bfd16fa78bde9bb,アットエス 浜松市中央区イベント一覧,https://www.at-s.com/event/article/745452,facts_only,,,,,,unknown,passed_deterministic,public_facts_minimized
WEB041468948f,src_9bfd16fa78bde9bb,アットエス 浜松市中央区イベント一覧,https://www.at-s.com/event/article/118584,facts_only,,,,,,unknown,passed_deterministic,public_facts_minimized
WEB7485ad732a,src_9bfd16fa78bde9bb,アットエス 浜松市中央区イベント一覧,https://www.at-s.com/event/article/508948,facts_only,,,,,,unknown,passed_deterministic,public_facts_minimized
WEB821f0b17ac,src_9bfd16fa78bde9bb,アットエス 浜松市中央区イベント一覧,https://www.at-s.com/event/article/1949549,facts_only,,,,,,unknown,passed_deterministic,public_facts_minimized
WEB35e86526ff,src_9bfd16fa78bde9bb,アットエス 浜松市中央区イベント一覧,https://www.at-s.com/event/article/220865,facts_only,,,,,,unknown,passed_deterministic,public_facts_minimized
WEB03dcb40a32,src_9bfd16fa78bde9bb,アットエス 浜松市中央区イベント一覧,https://www.at-s.com/event/article/1197607,facts_only,,,,,,unknown,passed_deterministic,public_facts_minimized
WEB8051912c0b,src_9bfd16fa78bde9bb,アットエス 浜松市中央区イベント一覧,https://www.at-s.com/event/article/120313,facts_only,,,,,,unknown,passed_deterministic,public_facts_minimized
WEBbb02a32000,src_9bfd16fa78bde9bb,アットエス 浜松市中央区イベント一覧,https://www.at-s.com/event/article/1989361,facts_only,,,,,,unknown,passed_deterministic,public_facts_minimized
WEB5c0eddb779,src_9bfd16fa78bde9bb,アットエス 浜松市中央区イベント一覧,https://www.at-s.com/event/article/776682,facts_only,,,,,,unknown,passed_deterministic,public_facts_minimized
WEB32a5f33cbe,src_9bfd16fa78bde9bb,アットエス 浜松市中央区イベント一覧,https://www.at-s.com/event/article/1164506,facts_only,,,,,,unknown,passed_deterministic,public_facts_minimized
WEB1fdc41879e,src_9bfd16fa78bde9bb,アットエス 浜松市中央区イベント一覧,https://www.at-s.com/event/article/1981550,facts_only,,,,,,unknown,passed_deterministic,public_facts_minimized
WEBe96de16a6c,src_9bfd16fa78bde9bb,アットエス 浜松市中央区イベント一覧,https://www.at-s.com/event/article/1164510,facts_only,,,,,,unknown,passed_deterministic,public_facts_minimized
WEB843c0bf1af,src_9bfd16fa78bde9bb,アットエス 浜松市中央区イベント一覧,https://www.at-s.com/event/article/1589722,facts_only,,,,,,unknown,passed_deterministic,public_facts_minimized
WEB7754e882b3,src_9bfd16fa78bde9bb,アットエス 浜松市中央区イベント一覧,https://www.at-s.com/event/article/1926295,facts_only,,,,,,unknown,passed_deterministic,public_facts_minimized
WEBbcec214c39,src_9bfd16fa78bde9bb,アットエス 浜松市中央区イベント一覧,https://www.at-s.com/event/article/1164511,facts_only,,,,,,unknown,passed_deterministic,public_facts_minimized
WEBa64aaaa182,src_9bfd16fa78bde9bb,アットエス 浜松市中央区イベント一覧,https://www.at-s.com/event/article/1877904,facts_only,,,,,,unknown,passed_deterministic,public_facts_minimized
WEB901729f483,src_5344a1e5dbd57b1d,じゃらん 浜松・浜名湖イベント一覧,https://www.jalan.net/event/evt_359414/,facts_only,,,,,,unknown,passed_deterministic,public_facts_minimized
WEBf215d11df9,src_5344a1e5dbd57b1d,じゃらん 浜松・浜名湖イベント一覧,https://www.jalan.net/event/evt_359430/,facts_only,,,,,,unknown,passed_deterministic,public_facts_minimized
WEB7cd56628b0,src_5344a1e5dbd57b1d,じゃらん 浜松・浜名湖イベント一覧,https://www.jalan.net/event/evt_359432/,facts_only,,,,,,unknown,passed_deterministic,public_facts_minimized
WEB2a48867049,src_5344a1e5dbd57b1d,じゃらん 浜松・浜名湖イベント一覧,https://www.jalan.net/event/evt_359433/,facts_only,,,,,,unknown,passed_deterministic,public_facts_minimized
WEBa0043b7a01,src_5344a1e5dbd57b1d,じゃらん 浜松・浜名湖イベント一覧,https://www.jalan.net/event/evt_359434/,facts_only,,,,,,unknown,passed_deterministic,public_facts_minimized
WEBf423b7d3d3,src_5344a1e5dbd57b1d,じゃらん 浜松・浜名湖イベント一覧,https://www.jalan.net/event/evt_359347/,facts_only,,,,,,unknown,passed_deterministic,public_facts_minimized
WEB664a8bead7,src_5344a1e5dbd57b1d,じゃらん 浜松・浜名湖イベント一覧,https://www.jalan.net/event/evt_359439/,facts_only,,,,,,unknown,passed_deterministic,public_facts_minimized
WEBdad4266609,src_5344a1e5dbd57b1d,じゃらん 浜松・浜名湖イベント一覧,https://www.jalan.net/event/evt_359416/,facts_only,,,,,,unknown,passed_deterministic,public_facts_minimized
WEBdbb39490e3,src_5344a1e5dbd57b1d,じゃらん 浜松・浜名湖イベント一覧,https://www.jalan.net/event/evt_359348/,facts_only,,,,,,unknown,passed_deterministic,public_facts_minimized
WEBb1c1368bd4,src_5344a1e5dbd57b1d,じゃらん 浜松・浜名湖イベント一覧,https://www.jalan.net/event/evt_359346/,facts_only,,,,,,unknown,passed_deterministic,public_facts_minimized
WEB8c8583d9f5,src_5344a1e5dbd57b1d,じゃらん 浜松・浜名湖イベント一覧,https://www.jalan.net/event/evt_359374/,facts_only,,,,,,unknown,passed_deterministic,public_facts_minimized
WEBb6d6b49312,src_5344a1e5dbd57b1d,じゃらん 浜松・浜名湖イベント一覧,https://www.jalan.net/event/evt_359366/,facts_only,,,,,,unknown,passed_deterministic,public_facts_minimized
WEB41f9e4e698,src_5344a1e5dbd57b1d,じゃらん 浜松・浜名湖イベント一覧,https://www.jalan.net/event/evt_359364/,facts_only,,,,,,unknown,passed_deterministic,public_facts_minimized
WEB140665b17d,src_5344a1e5dbd57b1d,じゃらん 浜松・浜名湖イベント一覧,https://www.jalan.net/event/evt_359375/,facts_only,,,,,,unknown,passed_deterministic,public_facts_minimized
WEBe57ad0a005,src_5344a1e5dbd57b1d,じゃらん 浜松・浜名湖イベント一覧,https://www.jalan.net/event/evt_362340/,facts_only,,,,,,unknown,passed_deterministic,public_facts_minimized
WEB6d3a6af560,src_5344a1e5dbd57b1d,じゃらん 浜松・浜名湖イベント一覧,https://www.jalan.net/event/evt_362342/,facts_only,,,,,,unknown,passed_deterministic,public_facts_minimized
WEB73e253c099,src_5344a1e5dbd57b1d,じゃらん 浜松・浜名湖イベント一覧,https://www.jalan.net/event/evt_355590/,facts_only,,,,,,unknown,passed_deterministic,public_facts_minimized
WEBdcad0f92fc,src_ba0c05d11bd2efbf,いこーよ 浜松・浜名湖・天竜 6か月以内イベント一覧,https://kenritsu-shinrinkouen.jp/?p=9080,facts_only,,,,,,unknown,passed_deterministic,public_facts_minimized
WEB98830455f8,src_ba0c05d11bd2efbf,いこーよ 浜松・浜名湖・天竜 6か月以内イベント一覧,https://hamamatsu-fp.co.jp/,facts_only,,,,,,unknown,passed_deterministic,public_facts_minimized
WEBbefc2c456e,src_ba0c05d11bd2efbf,いこーよ 浜松・浜名湖・天竜 6か月以内イベント一覧,https://dcm-diyclub.com/,facts_only,,,,,,unknown,passed_deterministic,public_facts_minimized
WEBbbd25caf03,src_ba0c05d11bd2efbf,いこーよ 浜松・浜名湖・天竜 6か月以内イベント一覧,https://hamanako-gardenpark.jp/,facts_only,,,,,,unknown,passed_deterministic,public_facts_minimized
WEBe6b891210f,src_ba0c05d11bd2efbf,いこーよ 浜松・浜名湖・天竜 6か月以内イベント一覧,https://hamamatsu-fp.co.jp/eventinfo/detail/7,facts_only,,,,,,unknown,passed_deterministic,public_facts_minimized
WEB1071836a71,src_ba0c05d11bd2efbf,いこーよ 浜松・浜名湖・天竜 6か月以内イベント一覧,https://www.mirai-ra.jp/event/42933/,facts_only,,,,,,unknown,passed_deterministic,public_facts_minimized
WEBcf052b5e2f,src_ba0c05d11bd2efbf,いこーよ 浜松・浜名湖・天竜 6か月以内イベント一覧,https://hamamatsu-fp.co.jp/eventinfo/detail/236,facts_only,,,,,,unknown,passed_deterministic,public_facts_minimized
WEBd711e609f5,src_ba0c05d11bd2efbf,いこーよ 浜松・浜名湖・天竜 6か月以内イベント一覧,https://hamamatsu-fp.co.jp/eventinfo/detail/238,facts_only,,,,,,unknown,passed_deterministic,public_facts_minimized
WEB0e4ce18bb6,src_ba0c05d11bd2efbf,いこーよ 浜松・浜名湖・天竜 6か月以内イベント一覧,https://players.pokemon-card.com/event/search?shop_id=11840,facts_only,,,,,,unknown,passed_deterministic,public_facts_minimized
WEB9b25c0b106,src_ba0c05d11bd2efbf,いこーよ 浜松・浜名湖・天竜 6か月以内イベント一覧,https://english-gates.com/shopdetail/hamamatsu/,facts_only,,,,,,unknown,passed_deterministic,public_facts_minimized
WEB2dd3892d3f,src_ba0c05d11bd2efbf,いこーよ 浜松・浜名湖・天竜 6か月以内イベント一覧,https://www.onlinegame-english.jp/,facts_only,,,,,,unknown,passed_deterministic,public_facts_minimized
WEB8f8e1afaf0,src_ba0c05d11bd2efbf,いこーよ 浜松・浜名湖・天竜 6か月以内イベント一覧,https://iko-yo.net/events?area_ids%5B%5D=165&page=2&prefecture_ids%5B%5D=22&term=5,facts_only,,,,,,unknown,passed_deterministic,public_facts_minimized
WEBf8557ab5a5,src_ba0c05d11bd2efbf,いこーよ 浜松・浜名湖・天竜 6か月以内イベント一覧,https://hamanako-gardenpark.jp/,facts_only,,,,,,unknown,passed_deterministic,public_facts_minimized
WEB13137e8341,src_ba0c05d11bd2efbf,いこーよ 浜松・浜名湖・天竜 6か月以内イベント一覧,https://hamanako-gardenpark.jp/,facts_only,,,,,,unknown,passed_deterministic,public_facts_minimized
WEB371cee2a61,src_ba0c05d11bd2efbf,いこーよ 浜松・浜名湖・天竜 6か月以内イベント一覧,https://onehourconcert.com/,facts_only,,,,,,unknown,passed_deterministic,public_facts_minimized
WEBb6c559bbaa,src_ba0c05d11bd2efbf,いこーよ 浜松・浜名湖・天竜 6か月以内イベント一覧,https://www.mtfuji-shizuokaairport.jp/news/specialtour2026_hamamatsu/,facts_only,,,,,,unknown,passed_deterministic,public_facts_minimized
WEB84cc3cd7b7,src_ba0c05d11bd2efbf,いこーよ 浜松・浜名湖・天竜 6か月以内イベント一覧,https://www.sumailab.net/counter/fair/west_fair/hamamatsu_2608/,facts_only,,,,,,unknown,passed_deterministic,public_facts_minimized
WEB6a0876047e,src_ba0c05d11bd2efbf,いこーよ 浜松・浜名湖・天竜 6か月以内イベント一覧,https://dcm-diyclub.com/,facts_only,,,,,,unknown,passed_deterministic,public_facts_minimized
WEBe849935344,src_ba0c05d11bd2efbf,いこーよ 浜松・浜名湖・天竜 6か月以内イベント一覧,https://iko-yo.net/events?area_ids%5B%5D=165&page=4&prefecture_ids%5B%5D=22&term=5,facts_only,,,,,,unknown,passed_deterministic,public_facts_minimized
WEBe5014d6965,src_ba0c05d11bd2efbf,いこーよ 浜松・浜名湖・天竜 6か月以内イベント一覧,https://players.pokemon-card.com/event/search?shop_id=11840,facts_only,,,,,,unknown,passed_deterministic,public_facts_minimized
WEB37f89e7ded,src_ba0c05d11bd2efbf,いこーよ 浜松・浜名湖・天竜 6か月以内イベント一覧,https://kenritsu-shinrinkouen.jp/?p=9213,facts_only,,,,,,unknown,passed_deterministic,public_facts_minimized
WEBb913bfdbf1,src_ba0c05d11bd2efbf,いこーよ 浜松・浜名湖・天竜 6か月以内イベント一覧,https://codeadventure.jp/lp/hamamatsu/,facts_only,,,,,,unknown,passed_deterministic,public_facts_minimized
WEB829e65356f,src_1be64dbd2505ffd8,アットエス 浜松市浜名区イベント一覧,https://www.at-s.com/event/article/1977306,facts_only,,,,,,unknown,passed_deterministic,public_facts_minimized
WEBea244492c1,src_1be64dbd2505ffd8,アットエス 浜松市浜名区イベント一覧,https://www.at-s.com/event/article/2012688,facts_only,,,,,,unknown,passed_deterministic,public_facts_minimized
WEB0ac9a69100,src_1be64dbd2505ffd8,アットエス 浜松市浜名区イベント一覧,https://www.at-s.com/event/article/2028009,facts_only,,,,,,unknown,passed_deterministic,public_facts_minimized
WEBd9e8f2504e,src_1be64dbd2505ffd8,アットエス 浜松市浜名区イベント一覧,https://www.at-s.com/event/article/2024430,facts_only,,,,,,unknown,passed_deterministic,public_facts_minimized
WEB9992e03ff3,src_1be64dbd2505ffd8,アットエス 浜松市浜名区イベント一覧,https://www.at-s.com/event/article/1531932,facts_only,,,,,,unknown,passed_deterministic,public_facts_minimized
WEB993f0516ff,src_1be64dbd2505ffd8,アットエス 浜松市浜名区イベント一覧,https://www.at-s.com/event/article/1531922,facts_only,,,,,,unknown,passed_deterministic,public_facts_minimized
WEB629c1fec80,src_1be64dbd2505ffd8,アットエス 浜松市浜名区イベント一覧,https://www.at-s.com/event/article/2009002,facts_only,,,,,,unknown,passed_deterministic,public_facts_minimized
WEB84773934ea,src_1be64dbd2505ffd8,アットエス 浜松市浜名区イベント一覧,https://www.at-s.com/event/article/1731071,facts_only,,,,,,unknown,passed_deterministic,public_facts_minimized
WEB225a87a9da,src_1be64dbd2505ffd8,アットエス 浜松市浜名区イベント一覧,https://www.at-s.com/event/article/2031580,facts_only,,,,,,unknown,passed_deterministic,public_facts_minimized
WEB24f634d5db,src_1be64dbd2505ffd8,アットエス 浜松市浜名区イベント一覧,https://www.at-s.com/event/article/2009003,facts_only,,,,,,unknown,passed_deterministic,public_facts_minimized
WEB4ed3dca062,src_1be64dbd2505ffd8,アットエス 浜松市浜名区イベント一覧,https://www.at-s.com/event/article/2013211,facts_only,,,,,,unknown,passed_deterministic,public_facts_minimized
WEB860d56dac4,src_1be64dbd2505ffd8,アットエス 浜松市浜名区イベント一覧,https://www.at-s.com/event/article/1991339,facts_only,,,,,,unknown,passed_deterministic,public_facts_minimized
WEB93d2f46d55,src_1be64dbd2505ffd8,アットエス 浜松市浜名区イベント一覧,https://www.at-s.com/event/article/2009004,facts_only,,,,,,unknown,passed_deterministic,public_facts_minimized
WEB33791ee669,src_1be64dbd2505ffd8,アットエス 浜松市浜名区イベント一覧,https://www.at-s.com/event/article/2017978,facts_only,,,,,,unknown,passed_deterministic,public_facts_minimized
WEB90dca8f415,src_1be64dbd2505ffd8,アットエス 浜松市浜名区イベント一覧,https://www.at-s.com/event/article/2022605,facts_only,,,,,,unknown,passed_deterministic,public_facts_minimized
WEB591c26b8b9,src_1be64dbd2505ffd8,アットエス 浜松市浜名区イベント一覧,https://www.at-s.com/event/article/2017375,facts_only,,,,,,unknown,passed_deterministic,public_facts_minimized
WEBb06d683930,src_1be64dbd2505ffd8,アットエス 浜松市浜名区イベント一覧,https://www.at-s.com/event/article/117015,facts_only,,,,,,unknown,passed_deterministic,public_facts_minimized
WEB6553735990,src_1be64dbd2505ffd8,アットエス 浜松市浜名区イベント一覧,https://www.at-s.com/event/article/121539,facts_only,,,,,,unknown,passed_deterministic,public_facts_minimized
WEB2345ad5e8d,src_1be64dbd2505ffd8,アットエス 浜松市浜名区イベント一覧,https://www.at-s.com/event/article/2027130,facts_only,,,,,,unknown,passed_deterministic,public_facts_minimized
WEB5c7d496e66,src_1be64dbd2505ffd8,アットエス 浜松市浜名区イベント一覧,https://www.at-s.com/event/article/2023720,facts_only,,,,,,unknown,passed_deterministic,public_facts_minimized
WEB2bca5dfbb7,src_1be64dbd2505ffd8,アットエス 浜松市浜名区イベント一覧,https://www.at-s.com/event/article/2009005,facts_only,,,,,,unknown,passed_deterministic,public_facts_minimized
WEBb3fbc62c49,src_1be64dbd2505ffd8,アットエス 浜松市浜名区イベント一覧,https://www.at-s.com/event/article/2024380,facts_only,,,,,,unknown,passed_deterministic,public_facts_minimized
WEBda9e3994db,src_1be64dbd2505ffd8,アットエス 浜松市浜名区イベント一覧,https://www.at-s.com/event/article/2009006,facts_only,,,,,,unknown,passed_deterministic,public_facts_minimized
WEBfa10f48c87,src_1be64dbd2505ffd8,アットエス 浜松市浜名区イベント一覧,https://www.at-s.com/event/article/1113723,facts_only,,,,,,unknown,passed_deterministic,public_facts_minimized
WEB45bbad1705,src_1be64dbd2505ffd8,アットエス 浜松市浜名区イベント一覧,https://www.at-s.com/event/article/1993486,facts_only,,,,,,unknown,passed_deterministic,public_facts_minimized
WEB28ba8234a6,src_1be64dbd2505ffd8,アットエス 浜松市浜名区イベント一覧,https://www.at-s.com/event/article/498624,facts_only,,,,,,unknown,passed_deterministic,public_facts_minimized
WEBbabe828bcc,src_1be64dbd2505ffd8,アットエス 浜松市浜名区イベント一覧,https://www.at-s.com/event/article/2013677,facts_only,,,,,,unknown,passed_deterministic,public_facts_minimized
WEBae1d17a718,src_1be64dbd2505ffd8,アットエス 浜松市浜名区イベント一覧,https://www.at-s.com/event/article/2009007,facts_only,,,,,,unknown,passed_deterministic,public_facts_minimized
WEB567b9f33d9,src_1be64dbd2505ffd8,アットエス 浜松市浜名区イベント一覧,https://www.at-s.com/event/article/2026196,facts_only,,,,,,unknown,passed_deterministic,public_facts_minimized
WEB47b3f68d6d,src_1be64dbd2505ffd8,アットエス 浜松市浜名区イベント一覧,https://www.at-s.com/event/article/2017242,facts_only,,,,,,unknown,passed_deterministic,public_facts_minimized
WEB569e851953,src_1be64dbd2505ffd8,アットエス 浜松市浜名区イベント一覧,https://www.at-s.com/event/article/2017276,facts_only,,,,,,unknown,passed_deterministic,public_facts_minimized
WEBee4b2883dd,src_1be64dbd2505ffd8,アットエス 浜松市浜名区イベント一覧,https://www.at-s.com/event/article/2009012,facts_only,,,,,,unknown,passed_deterministic,public_facts_minimized
WEB2b36fbeb19,src_1be64dbd2505ffd8,アットエス 浜松市浜名区イベント一覧,https://www.at-s.com/event/article/2026199,facts_only,,,,,,unknown,passed_deterministic,public_facts_minimized
WEB123df9f673,src_1be64dbd2505ffd8,アットエス 浜松市浜名区イベント一覧,https://www.at-s.com/event/article/2009013,facts_only,,,,,,unknown,passed_deterministic,public_facts_minimized
WEBb77ec674bb,src_1be64dbd2505ffd8,アットエス 浜松市浜名区イベント一覧,https://www.at-s.com/event/article/2011604,facts_only,,,,,,unknown,passed_deterministic,public_facts_minimized
WEB1d7ea56def,src_1be64dbd2505ffd8,アットエス 浜松市浜名区イベント一覧,https://www.at-s.com/event/article/2017254,facts_only,,,,,,unknown,passed_deterministic,public_facts_minimized
WEBe7c43a4691,src_1be64dbd2505ffd8,アットエス 浜松市浜名区イベント一覧,https://www.at-s.com/event/article/2009014,facts_only,,,,,,unknown,passed_deterministic,public_facts_minimized
WEBc78dc29810,src_1be64dbd2505ffd8,アットエス 浜松市浜名区イベント一覧,https://www.at-s.com/event/article/122162,facts_only,,,,,,unknown,passed_deterministic,public_facts_minimized
WEBdc6bce6703,src_1be64dbd2505ffd8,アットエス 浜松市浜名区イベント一覧,https://www.at-s.com/event/article/2017249,facts_only,,,,,,unknown,passed_deterministic,public_facts_minimized
WEB882e3c2938,src_1be64dbd2505ffd8,アットエス 浜松市浜名区イベント一覧,https://www.at-s.com/event/article/2017289,facts_only,,,,,,unknown,passed_deterministic,public_facts_minimized
WEB4580c27ae1,src_1be64dbd2505ffd8,アットエス 浜松市浜名区イベント一覧,https://www.at-s.com/event/article/2030907,facts_only,,,,,,unknown,passed_deterministic,public_facts_minimized
WEBf7aa329384,src_1be64dbd2505ffd8,アットエス 浜松市浜名区イベント一覧,https://www.at-s.com/event/article/2009015,facts_only,,,,,,unknown,passed_deterministic,public_facts_minimized
WEB764ad41904,src_1be64dbd2505ffd8,アットエス 浜松市浜名区イベント一覧,https://www.at-s.com/event/article/2017247,facts_only,,,,,,unknown,passed_deterministic,public_facts_minimized
WEB593fc0f91d,src_1be64dbd2505ffd8,アットエス 浜松市浜名区イベント一覧,https://www.at-s.com/event/article/2009016,facts_only,,,,,,unknown,passed_deterministic,public_facts_minimized
WEB415a344130,src_1be64dbd2505ffd8,アットエス 浜松市浜名区イベント一覧,https://www.at-s.com/event/article/2017265,facts_only,,,,,,unknown,passed_deterministic,public_facts_minimized
WEBfd5b561203,src_1be64dbd2505ffd8,アットエス 浜松市浜名区イベント一覧,https://www.at-s.com/event/article/2009018,facts_only,,,,,,unknown,passed_deterministic,public_facts_minimized
WEB4b310b67a1,src_1be64dbd2505ffd8,アットエス 浜松市浜名区イベント一覧,https://www.at-s.com/event/article/2017259,facts_only,,,,,,unknown,passed_deterministic,public_facts_minimized
WEB42c6b9f9c2,src_1be64dbd2505ffd8,アットエス 浜松市浜名区イベント一覧,https://www.at-s.com/event/article/2006111,facts_only,,,,,,unknown,passed_deterministic,public_facts_minimized
WEBf385569591,src_a2645caf06292c39,アットエス 浜松市天竜区イベント一覧,https://www.at-s.com/event/article/1960025,facts_only,,,,,,unknown,passed_deterministic,public_facts_minimized
WEBe415660558,src_a2645caf06292c39,アットエス 浜松市天竜区イベント一覧,https://www.at-s.com/event/article/122353,facts_only,,,,,,unknown,passed_deterministic,public_facts_minimized
WEB7100fcf080,src_a2645caf06292c39,アットエス 浜松市天竜区イベント一覧,https://www.at-s.com/event/article/107805,facts_only,,,,,,unknown,passed_deterministic,public_facts_minimized
WEBd5002f3a27,src_a2645caf06292c39,アットエス 浜松市天竜区イベント一覧,https://www.at-s.com/event/article/122510,facts_only,,,,,,unknown,passed_deterministic,public_facts_minimized
WEB19c806b299,src_a2645caf06292c39,アットエス 浜松市天竜区イベント一覧,https://www.at-s.com/event/article/2005488,facts_only,,,,,,unknown,passed_deterministic,public_facts_minimized
WEB86088025ef,src_a2645caf06292c39,アットエス 浜松市天竜区イベント一覧,https://www.at-s.com/event/article/2027398,facts_only,,,,,,unknown,passed_deterministic,public_facts_minimized
WEBa75da35e1d,src_a2645caf06292c39,アットエス 浜松市天竜区イベント一覧,https://www.at-s.com/event/article/122635,facts_only,,,,,,unknown,passed_deterministic,public_facts_minimized
WEBbae8f13922,src_a2645caf06292c39,アットエス 浜松市天竜区イベント一覧,https://www.at-s.com/event/article/2023880,facts_only,,,,,,unknown,passed_deterministic,public_facts_minimized
WEB754c058f46,src_f031c8f284f05a57,イオンモール浜松志都呂,https://hamamatsushitoro.aeonmall.jp/event/213ca808-9f04-4e20-9eea-907114bec7a5,facts_only,,,,,,unknown,passed_deterministic,public_facts_minimized
WEB0a85d3bce5,src_f031c8f284f05a57,イオンモール浜松志都呂,https://hamamatsushitoro.aeonmall.jp/event/f20ed162-7f29-4e9a-b990-649aa8fb9b84,facts_only,,,,,,unknown,passed_deterministic,public_facts_minimized
WEB0b413bf405,src_f031c8f284f05a57,イオンモール浜松志都呂,https://hamamatsushitoro.aeonmall.jp/event/a0292d36-a769-4abe-961f-d7bdad265b1b,facts_only,,,,,,unknown,passed_deterministic,public_facts_minimized
WEB06a90c8236,src_f031c8f284f05a57,イオンモール浜松志都呂,https://hamamatsushitoro.aeonmall.jp/event/95ff59a6-2420-4dd1-8d0f-4e7626f1bd76,facts_only,,,,,,unknown,passed_deterministic,public_facts_minimized
WEBf71cc0ece2,src_f031c8f284f05a57,イオンモール浜松志都呂,https://hamamatsushitoro.aeonmall.jp/event/7b8427fb-4b3a-481d-8399-a992aad173e7,facts_only,,,,,,unknown,passed_deterministic,public_facts_minimized
WEB2120580066,src_f031c8f284f05a57,イオンモール浜松志都呂,https://hamamatsushitoro.aeonmall.jp/event/66861f93-2435-4cf7-a76f-259c847eaa4b,facts_only,,,,,,unknown,passed_deterministic,public_facts_minimized
WEB9c06dde6e5,src_f031c8f284f05a57,イオンモール浜松志都呂,https://hamamatsushitoro.aeonmall.jp/event/30446364-a35d-4996-bca8-e5b7fb2a2b75,facts_only,,,,,,unknown,passed_deterministic,public_facts_minimized
WEB9d1395b027,src_f031c8f284f05a57,イオンモール浜松志都呂,https://hamamatsushitoro.aeonmall.jp/event/c5b4feb4-aa93-4ffc-a66b-31e166ff5a1a,facts_only,,,,,,unknown,passed_deterministic,public_facts_minimized
WEB847dd1d409,src_f031c8f284f05a57,イオンモール浜松志都呂,https://hamamatsushitoro.aeonmall.jp/event/94f83874-b5be-4b50-8efb-c8dd97ee6d05,facts_only,,,,,,unknown,passed_deterministic,public_facts_minimized
WEB4ed1bedb57,src_f031c8f284f05a57,イオンモール浜松志都呂,https://hamamatsushitoro.aeonmall.jp/event/b2e69d70-c1a1-4963-a9c3-fedaa4632f19,facts_only,,,,,,unknown,passed_deterministic,public_facts_minimized
WEB690e0db4dc,src_f031c8f284f05a57,イオンモール浜松志都呂,https://hamamatsushitoro.aeonmall.jp/event/f1a0e111-8028-4329-8506-de8034655884,facts_only,,,,,,unknown,passed_deterministic,public_facts_minimized
WEB9c65d36880,src_f031c8f284f05a57,イオンモール浜松志都呂,https://hamamatsushitoro.aeonmall.jp/event/9bb0b83c-0d49-4779-a3b8-ce5a9461844e,facts_only,,,,,,unknown,passed_deterministic,public_facts_minimized
WEB4be7b69f8e,src_4cae6c5e1c8e9b8a,イオンモール浜松市野,https://www.aeon.jp/sc/hamamatsuichino/event/event_e87833_as.html,facts_only,,,,,,unknown,passed_deterministic,public_facts_minimized
WEB28f3b4d9e5,src_4cae6c5e1c8e9b8a,イオンモール浜松市野,https://www.aeon.jp/sc/hamamatsuichino/event/event_e87303_as.html,facts_only,,,,,,unknown,passed_deterministic,public_facts_minimized
WEB38373000a9,src_4cae6c5e1c8e9b8a,イオンモール浜松市野,https://www.aeon.jp/sc/hamamatsuichino/event/event_e83454_as.html,facts_only,,,,,,unknown,passed_deterministic,public_facts_minimized
WEB5f912bbfd6,src_4cae6c5e1c8e9b8a,イオンモール浜松市野,https://www.aeon.jp/sc/hamamatsuichino/event/2607bunkatsu0.html,facts_only,,,,,,unknown,passed_deterministic,public_facts_minimized
WEB55dd1b5442,src_4cae6c5e1c8e9b8a,イオンモール浜松市野,https://www.aeon.jp/sc/hamamatsuichino/event/event_e86820_as.html,facts_only,,,,,,unknown,passed_deterministic,public_facts_minimized
WEB4a6659544a,src_4cae6c5e1c8e9b8a,イオンモール浜松市野,https://www.aeon.jp/sc/hamamatsuichino/event/event_e84312_as.html,facts_only,,,,,,unknown,passed_deterministic,public_facts_minimized
WEB65825d92ee,src_4cae6c5e1c8e9b8a,イオンモール浜松市野,https://www.aeon.jp/sc/hamamatsuichino/event/event_e85260_as.html,facts_only,,,,,,unknown,passed_deterministic,public_facts_minimized
WEBa7f23949ce,src_4cae6c5e1c8e9b8a,イオンモール浜松市野,https://www.aeon.jp/sc/hamamatsuichino/event/event_e86460_as.html,facts_only,,,,,,unknown,passed_deterministic,public_facts_minimized
WEB044b96663d,src_4cae6c5e1c8e9b8a,イオンモール浜松市野,https://www.aeon.jp/sc/hamamatsuichino/event/2607gogo5shopcp.html,facts_only,,,,,,unknown,passed_deterministic,public_facts_minimized
WEBab890f0935,src_505faf62fdeb6e6f,アクトシティ浜松,https://www.actcity.jp/event/?ym=202607,facts_only,,,,,,unknown,passed_deterministic,public_facts_minimized
WEB037d4f0fcb,src_505faf62fdeb6e6f,アクトシティ浜松,https://www.actcity.jp/event/?ym=202607,facts_only,,,,,,unknown,passed_deterministic,public_facts_minimized
WEBcb0c855199,src_505faf62fdeb6e6f,アクトシティ浜松,https://www.actcity.jp/event/?ym=202607,facts_only,,,,,,unknown,passed_deterministic,public_facts_minimized
WEBee7215bbf6,src_505faf62fdeb6e6f,アクトシティ浜松,https://www.actcity.jp/event/?ym=202607,facts_only,,,,,,unknown,passed_deterministic,public_facts_minimized
WEB2f58a5cb6a,src_505faf62fdeb6e6f,アクトシティ浜松,https://www.actcity.jp/event/?ym=202607,facts_only,,,,,,unknown,passed_deterministic,public_facts_minimized
WEBb3dbfd3998,src_505faf62fdeb6e6f,アクトシティ浜松,https://www.actcity.jp/event/?ym=202607,facts_only,,,,,,unknown,passed_deterministic,public_facts_minimized
WEBf5695bf59a,src_505faf62fdeb6e6f,アクトシティ浜松,https://www.actcity.jp/event/?ym=202607,facts_only,,,,,,unknown,passed_deterministic,public_facts_minimized
WEB8653b6c5a5,src_505faf62fdeb6e6f,アクトシティ浜松,https://www.actcity.jp/event/?ym=202607,facts_only,,,,,,unknown,passed_deterministic,public_facts_minimized
WEBa64291330d,src_505faf62fdeb6e6f,アクトシティ浜松,https://www.actcity.jp/event/?ym=202607,facts_only,,,,,,unknown,passed_deterministic,public_facts_minimized
WEB86ceaa120a,src_505faf62fdeb6e6f,アクトシティ浜松,https://www.actcity.jp/event/?ym=202607,facts_only,,,,,,unknown,passed_deterministic,public_facts_minimized
WEBb2495d1352,src_505faf62fdeb6e6f,アクトシティ浜松,https://www.actcity.jp/event/?ym=202607,facts_only,,,,,,unknown,passed_deterministic,public_facts_minimized
WEB8ccabeb564,src_505faf62fdeb6e6f,アクトシティ浜松,https://www.actcity.jp/event/?ym=202607,facts_only,,,,,,unknown,passed_deterministic,public_facts_minimized
WEB42de53e11f,src_505faf62fdeb6e6f,アクトシティ浜松,https://www.actcity.jp/event/?ym=202607,facts_only,,,,,,unknown,passed_deterministic,public_facts_minimized
WEB85423c04a0,src_505faf62fdeb6e6f,アクトシティ浜松,https://www.actcity.jp/event/?ym=202607,facts_only,,,,,,unknown,passed_deterministic,public_facts_minimized
WEBe051107196,src_505faf62fdeb6e6f,アクトシティ浜松,https://www.actcity.jp/event/?ym=202607,facts_only,,,,,,unknown,passed_deterministic,public_facts_minimized
WEB8665e180e3,src_505faf62fdeb6e6f,アクトシティ浜松,https://www.actcity.jp/event/?ym=202607,facts_only,,,,,,unknown,passed_deterministic,public_facts_minimized
WEBfe97e69e2a,src_505faf62fdeb6e6f,アクトシティ浜松,https://www.actcity.jp/event/?ym=202607,facts_only,,,,,,unknown,passed_deterministic,public_facts_minimized
WEBdf1237ea09,src_505faf62fdeb6e6f,アクトシティ浜松,https://www.actcity.jp/event/?ym=202607,facts_only,,,,,,unknown,passed_deterministic,public_facts_minimized
WEBb2f43faee5,src_505faf62fdeb6e6f,アクトシティ浜松,https://www.actcity.jp/event/?ym=202607,facts_only,,,,,,unknown,passed_deterministic,public_facts_minimized
WEB0dd9098e22,src_505faf62fdeb6e6f,アクトシティ浜松,https://www.actcity.jp/event/?ym=202607,facts_only,,,,,,unknown,passed_deterministic,public_facts_minimized
WEB08cf591cb1,src_505faf62fdeb6e6f,アクトシティ浜松,https://www.actcity.jp/event/?ym=202610,facts_only,,,,,,unknown,passed_deterministic,public_facts_minimized
WEBfab8f9d760,src_461453dfb86fc3a2,遠鉄百貨店,https://www.endepa.com/event/70gonylgb2dm,facts_only,,,,,,unknown,passed_deterministic,public_facts_minimized
WEB73a20f8330,src_461453dfb86fc3a2,遠鉄百貨店,https://www.endepa.com/event/ba-iu91d0,facts_only,,,,,,unknown,passed_deterministic,public_facts_minimized
WEBab4e455cab,src_461453dfb86fc3a2,遠鉄百貨店,https://www.endepa.com/event/grvb-nyl0,facts_only,,,,,,unknown,passed_deterministic,public_facts_minimized
WEB856ff6f288,src_0630d7c643bcf8d9,浜名湖体験学習施設ウォット,https://ulotto.entetsuassist-dms.com/event/page/2/,facts_only,,,,,,unknown,passed_deterministic,public_facts_minimized
WEB9d604f4f12,src_be3eeca428a3d378,浜名湖ガーデンパーク,https://www.hamanako-gardenpark.jp/event/2026/06/post-621.php,facts_only,,,,,,unknown,passed_deterministic,public_facts_minimized
WEBc9067607ca,src_be3eeca428a3d378,浜名湖ガーデンパーク,https://www.hamanako-gardenpark.jp/event/2026/06/post-597.php,facts_only,,,,,,unknown,passed_deterministic,public_facts_minimized
WEB2d6bc316c2,src_be3eeca428a3d378,浜名湖ガーデンパーク,https://www.hamanako-gardenpark.jp/event/2026/06/post-622.php,facts_only,,,,,,unknown,passed_deterministic,public_facts_minimized
WEB15decedef0,src_be3eeca428a3d378,浜名湖ガーデンパーク,https://www.hamanako-gardenpark.jp/event/2026/06/post-624.php,facts_only,,,,,,unknown,passed_deterministic,public_facts_minimized
WEB7c57ca8f31,src_be3eeca428a3d378,浜名湖ガーデンパーク,https://www.hamanako-gardenpark.jp/event/2026/06/post-625.php,facts_only,,,,,,unknown,passed_deterministic,public_facts_minimized
WEB81c211ed65,src_be3eeca428a3d378,浜名湖ガーデンパーク,https://www.hamanako-gardenpark.jp/event/2026/06/post-623.php,facts_only,,,,,,unknown,passed_deterministic,public_facts_minimized
WEBd76f696f86,src_be3eeca428a3d378,浜名湖ガーデンパーク,https://www.hamanako-gardenpark.jp/event/2026/06/post-627.php,facts_only,,,,,,unknown,passed_deterministic,public_facts_minimized
WEBe542e32129,src_be3eeca428a3d378,浜名湖ガーデンパーク,https://www.hamanako-gardenpark.jp/event/2026/06/post-628.php,facts_only,,,,,,unknown,passed_deterministic,public_facts_minimized
WEB5b5ab8d24a,src_be3eeca428a3d378,浜名湖ガーデンパーク,https://www.hamanako-gardenpark.jp/event/2026/06/post-629.php,facts_only,,,,,,unknown,passed_deterministic,public_facts_minimized
WEB489f86215e,src_be3eeca428a3d378,浜名湖ガーデンパーク,https://www.hamanako-gardenpark.jp/event/2026/06/post-630.php,facts_only,,,,,,unknown,passed_deterministic,public_facts_minimized
WEB6a8fc600d1,src_be3eeca428a3d378,浜名湖ガーデンパーク,https://www.hamanako-gardenpark.jp/event/2026/06/post-631.php,facts_only,,,,,,unknown,passed_deterministic,public_facts_minimized
WEBed2343b429,src_61577befd763edc2,はままつフラワーパーク,https://e-flowerpark.com/news/event/43713/,facts_only,,,,,,unknown,passed_deterministic,public_facts_minimized
WEB51fba8570f,src_61577befd763edc2,はままつフラワーパーク,https://e-flowerpark.com/news/event/43666/,facts_only,,,,,,unknown,passed_deterministic,public_facts_minimized
WEBcc372badd5,src_61577befd763edc2,はままつフラワーパーク,https://e-flowerpark.com/news/event/43707/,facts_only,,,,,,unknown,passed_deterministic,public_facts_minimized
WEB3ab69c2089,src_61577befd763edc2,はままつフラワーパーク,https://e-flowerpark.com/news/event/43699/,facts_only,,,,,,unknown,passed_deterministic,public_facts_minimized
WEB7b13266513,src_2744ffca601ed4ac,浜松市楽器博物館 イベント,https://www.gakkihaku.jp/event/20260809/,facts_only,,,,,,unknown,passed_deterministic,public_facts_minimized
WEB6d2a9d7174,src_2744ffca601ed4ac,浜松市楽器博物館 イベント,https://www.gakkihaku.jp/event/20261031/,facts_only,,,,,,unknown,passed_deterministic,public_facts_minimized
WEB2bfa5e80cd,src_a5e8db1ada379034,はままつフルーツパーク時之栖 イベント,https://hamamatsu-fp.co.jp/eventinfo/detail/245,facts_only,,,,,,unknown,passed_deterministic,public_facts_minimized
WEBe326741fd5,src_fc6af125c8caee8e,浜松市動物園 イベント,https://www.hamazoo.net/event.php,facts_only,,,,,,unknown,passed_deterministic,public_facts_minimized
WEB8c3b7878d0,src_fc6af125c8caee8e,浜松市動物園 イベント,https://www.hamazoo.net/event.php,facts_only,,,,,,unknown,passed_deterministic,public_facts_minimized
WEBf52541255d,src_fc6af125c8caee8e,浜松市動物園 イベント,https://www.hamazoo.net/event.php,facts_only,,,,,,unknown,passed_deterministic,public_facts_minimized
WEB19a7fded8c,src_fc6af125c8caee8e,浜松市動物園 イベント,https://www.hamazoo.net/event.php,facts_only,,,,,,unknown,passed_deterministic,public_facts_minimized
WEBa3b63db1d2,src_1fd7ed130ddbf3f6,浜松市科学館 mirai-ra イベント,https://www.mirai-ra.jp/event/43012/,facts_only,,,,,,unknown,passed_deterministic,public_facts_minimized
WEB2e632d5755,src_1fd7ed130ddbf3f6,浜松市科学館 mirai-ra イベント,https://www.mirai-ra.jp/event/43016/,facts_only,,,,,,unknown,passed_deterministic,public_facts_minimized
WEB7f16b8708f,src_1fd7ed130ddbf3f6,浜松市科学館 mirai-ra イベント,https://www.mirai-ra.jp/event/43114/,facts_only,,,,,,unknown,passed_deterministic,public_facts_minimized
WEB29c3b1797e,src_1fd7ed130ddbf3f6,浜松市科学館 mirai-ra イベント,https://www.mirai-ra.jp/event/43014/,facts_only,,,,,,unknown,passed_deterministic,public_facts_minimized
WEB3a36f074ae,src_1fd7ed130ddbf3f6,浜松市科学館 mirai-ra イベント,https://www.mirai-ra.jp/event/42931/,facts_only,,,,,,unknown,passed_deterministic,public_facts_minimized
WEB054bda2d9c,src_1fd7ed130ddbf3f6,浜松市科学館 mirai-ra イベント,https://www.mirai-ra.jp/event/43235/,facts_only,,,,,,unknown,passed_deterministic,public_facts_minimized
WEBc2f137e5a2,src_1fd7ed130ddbf3f6,浜松市科学館 mirai-ra イベント,https://www.mirai-ra.jp/event/43242/,facts_only,,,,,,unknown,passed_deterministic,public_facts_minimized
WEB8478658728,src_1fd7ed130ddbf3f6,浜松市科学館 mirai-ra イベント,https://www.mirai-ra.jp/event/42999/,facts_only,,,,,,unknown,passed_deterministic,public_facts_minimized
WEB7427732181,src_1fd7ed130ddbf3f6,浜松市科学館 mirai-ra イベント,https://www.mirai-ra.jp/event/41962/,facts_only,,,,,,unknown,passed_deterministic,public_facts_minimized
WEB74d0345a8b,src_df79a213fea81da0,鴨江アートセンター イベント,https://kamoeartcenter.org/events/20260802%e2%80%900809/,facts_only,,,,,,unknown,passed_deterministic,public_facts_minimized
WEB036fa934f6,src_df79a213fea81da0,鴨江アートセンター イベント,https://kamoeartcenter.org/events/20260726-air/,facts_only,,,,,,unknown,passed_deterministic,public_facts_minimized
WEB1e024ae327,src_df79a213fea81da0,鴨江アートセンター イベント,https://kamoeartcenter.org/events/20260725-ryo/,facts_only,,,,,,unknown,passed_deterministic,public_facts_minimized
WEBbb3d85a599,src_c9e59312d4809087,浜松市スポーツ協会 教室・イベント,https://hamamatsu-sports.or.jp/item/class_venue_address/higashi-ku/%e6%a5%bd%e3%81%97%e3%81%84%e3%83%80%e3%83%b3%e3%82%b9%e9%81%8b%e5%8b%95%e3%82%92%e3%81%a8%e3%81%8a%e3%81%97%e3%81%a6%e3%80%81%e4%bd%93%e5%8a%9b%e3%81%a8%e9%9f%b3%e6%a5%bd%e3%82%bb%e3%83%b3%e3%82%b9-4.html,facts_only,,,,,,unknown,passed_deterministic,public_facts_minimized
WEBa7d49e3860,src_80362b02f67130f0,中央図書館 イベント,https://www.lib-city-hamamatsu.jp/access/chuo/event/event_candle_2026summer.html,facts_only,,,,,,unknown,passed_deterministic,public_facts_minimized
WEB4d7fb7585e,src_80362b02f67130f0,中央図書館 イベント,https://www.lib-city-hamamatsu.jp/access/chuo/event/kodomokyoudokouza_202608.html,facts_only,,,,,,unknown,passed_deterministic,public_facts_minimized
WEB48ed519b40,src_80362b02f67130f0,中央図書館 イベント,https://www.lib-city-hamamatsu.jp/access/chuo/event/oyako_shinbun_summer2026.html,facts_only,,,,,,unknown,passed_deterministic,public_facts_minimized
WEB9f2888081f,src_0f9d478e75dae8d2,駅前分室 イベント,https://www.lib-city-hamamatsu.jp/access/ekimae/event/ekimae_tenji2026no14.html,facts_only,,,,,,unknown,passed_deterministic,public_facts_minimized
WEB719a8bca90,src_0f9d478e75dae8d2,駅前分室 イベント,https://www.lib-city-hamamatsu.jp/access/ekimae/event/ekimae_tenji2026no15.html,facts_only,,,,,,unknown,passed_deterministic,public_facts_minimized
WEBfe19192341,src_51aad99d0546ad14,城北図書館 イベント,https://www.lib-city-hamamatsu.jp/access/johoku/event/johoku_event26-31.html,facts_only,,,,,,unknown,passed_deterministic,public_facts_minimized
WEBeb61f9eafe,src_51aad99d0546ad14,城北図書館 イベント,https://www.lib-city-hamamatsu.jp/access/johoku/event/johoku_event26-36.html,facts_only,,,,,,unknown,passed_deterministic,public_facts_minimized
WEB1f186568ce,src_51aad99d0546ad14,城北図書館 イベント,https://www.lib-city-hamamatsu.jp/access/johoku/event/johoku_kodomo26-37.html,facts_only,,,,,,unknown,passed_deterministic,public_facts_minimized
WEB654df7bedc,src_51aad99d0546ad14,城北図書館 イベント,https://www.lib-city-hamamatsu.jp/access/johoku/event/johoku_tenji26-41.html,facts_only,,,,,,unknown,passed_deterministic,public_facts_minimized
WEB95443860ec,src_df9a0a12114c349d,南図書館 イベント,https://www.lib-city-hamamatsu.jp/access/minami/event/minami_ev_26102.html,facts_only,,,,,,unknown,passed_deterministic,public_facts_minimized
WEB1c89fcf67b,src_5086c6b8a017144f,西図書館 イベント,https://www.lib-city-hamamatsu.jp/access/nisi/event/nisi_event20260809mokkan.html,facts_only,,,,,,unknown,passed_deterministic,public_facts_minimized
WEB72abdcefcc,src_5086c6b8a017144f,西図書館 イベント,https://www.lib-city-hamamatsu.jp/access/nisi/event/nisi_event20260617.html,facts_only,,,,,,unknown,passed_deterministic,public_facts_minimized
WEB5bed8af7f9,src_5086c6b8a017144f,西図書館 イベント,https://www.lib-city-hamamatsu.jp/access/nisi/event/nisi_tenji20260620.html,facts_only,,,,,,unknown,passed_deterministic,public_facts_minimized
WEBbc93434cc5,src_c2b5027dc5215989,北図書館 イベント,https://www.lib-city-hamamatsu.jp/access/kita/event/kita_hon_event_2026_no02_mane-k.html,facts_only,,,,,,unknown,passed_deterministic,public_facts_minimized
WEB24cb596940,src_c2b5027dc5215989,北図書館 イベント,https://www.lib-city-hamamatsu.jp/access/kita/event/kita_event_2026_no17_kodomotosy.html,facts_only,,,,,,unknown,passed_deterministic,public_facts_minimized
WEB92e10d3c3b,src_c2b5027dc5215989,北図書館 イベント,https://www.lib-city-hamamatsu.jp/access/kita/event/kita_adult_tennji_2026_no15_issyoni.html,facts_only,,,,,,unknown,passed_deterministic,public_facts_minimized
WEB8454ff9d72,src_c2b5027dc5215989,北図書館 イベント,https://www.lib-city-hamamatsu.jp/access/kita/event/kita_child_tennji_2026_no14_kotoshihananiniatsukunaru.html,facts_only,,,,,,unknown,passed_deterministic,public_facts_minimized
WEB1da48b6572,src_c2b5027dc5215989,北図書館 イベント,https://www.lib-city-hamamatsu.jp/access/kita/event/kita_jisyu_tenji_2026_no12_eshikaru.html,facts_only,,,,,,unknown,passed_deterministic,public_facts_minimized
WEB80aa6efea5,src_c2b5027dc5215989,北図書館 イベント,https://www.lib-city-hamamatsu.jp/access/kita/event/kita_news_202607.html,facts_only,,,,,,unknown,passed_deterministic,public_facts_minimized
WEB89e226ccd9,src_d0c3b38694056758,積志図書館 イベント,https://www.lib-city-hamamatsu.jp/access/sekisi/event/sekisi-tosyokanintaiken2026.html,facts_only,,,,,,unknown,passed_deterministic,public_facts_minimized
WEBe6143fc115,src_d0c3b38694056758,積志図書館 イベント,https://www.lib-city-hamamatsu.jp/access/sekisi/event/sekisi-natuyasumikousakuka2026.html,facts_only,,,,,,unknown,passed_deterministic,public_facts_minimized
WEB1dd60d3815,src_d0c3b38694056758,積志図書館 イベント,https://www.lib-city-hamamatsu.jp/access/sekisi/event/sekisi-jidoutenji202607.html,facts_only,,,,,,unknown,passed_deterministic,public_facts_minimized
WEBe4a1ca095b,src_d0c3b38694056758,積志図書館 イベント,https://www.lib-city-hamamatsu.jp/access/sekisi/event/sekisi_ippantenji202607.html,facts_only,,,,,,unknown,passed_deterministic,public_facts_minimized
WEBa337ef9727,src_d0c3b38694056758,積志図書館 イベント,https://www.lib-city-hamamatsu.jp/access/sekisi/event/sekisi_tosyokandayori202607.html,facts_only,,,,,,unknown,passed_deterministic,public_facts_minimized
WEB7803ec1c03,src_619383ee6a909f2b,東図書館 イベント,https://www.lib-city-hamamatsu.jp/access/higasi/event/higasi_event_teibo20260806.html,facts_only,,,,,,unknown,passed_deterministic,public_facts_minimized
WEBa03baff098,src_619383ee6a909f2b,東図書館 イベント,https://www.lib-city-hamamatsu.jp/access/higasi/event/higasi-event_20260801.html,facts_only,,,,,,unknown,passed_deterministic,public_facts_minimized
WEBa530a701f5,src_619383ee6a909f2b,東図書館 イベント,https://www.lib-city-hamamatsu.jp/access/higasi/event/higasi-teiji20260627_1.html,facts_only,,,,,,unknown,passed_deterministic,public_facts_minimized
WEB5ec1e375d3,src_45611c1d9e426b7d,流通元町図書館 イベント,https://www.lib-city-hamamatsu.jp/access/ryuutuu/event/ryuutuu_event_20260702-1.html,facts_only,,,,,,unknown,passed_deterministic,public_facts_minimized
WEBad2ae4eef8,src_45611c1d9e426b7d,流通元町図書館 イベント,https://www.lib-city-hamamatsu.jp/access/ryuutuu/event/ryuutuu_tenji_20260628-2.html,facts_only,,,,,,unknown,passed_deterministic,public_facts_minimized
WEB2881a926be,src_45611c1d9e426b7d,流通元町図書館 イベント,https://www.lib-city-hamamatsu.jp/access/ryuutuu/event/ryuutuu_tenji_20260619-2.html,facts_only,,,,,,unknown,passed_deterministic,public_facts_minimized
WEB9bc7639efb,src_45611c1d9e426b7d,流通元町図書館 イベント,https://www.lib-city-hamamatsu.jp/access/ryuutuu/event/ryuutuu_tenji_20260708-1.html,facts_only,,,,,,unknown,passed_deterministic,public_facts_minimized
WEB387383b334,src_3fdf5aaa3b063483,舞阪図書館 イベント,https://www.lib-city-hamamatsu.jp/access/maisaka/event/maisaka-kiz-event-20260618.html,facts_only,,,,,,unknown,passed_deterministic,public_facts_minimized
WEBa877f08f93,src_3fdf5aaa3b063483,舞阪図書館 イベント,https://www.lib-city-hamamatsu.jp/access/maisaka/event/maisaka-tenji-20260702-2.html,facts_only,,,,,,unknown,passed_deterministic,public_facts_minimized
WEB79a482936e,src_3fdf5aaa3b063483,舞阪図書館 イベント,https://www.lib-city-hamamatsu.jp/access/maisaka/event/maisaka-tenji-20260702-1.html,facts_only,,,,,,unknown,passed_deterministic,public_facts_minimized
WEBd09fb68fc1,src_3fdf5aaa3b063483,舞阪図書館 イベント,https://www.lib-city-hamamatsu.jp/access/maisaka/event/maisaka-info-20260613.html,facts_only,,,,,,unknown,passed_deterministic,public_facts_minimized
WEB19f4f58010,src_3fdf5aaa3b063483,舞阪図書館 イベント,https://www.lib-city-hamamatsu.jp/access/maisaka/event/maisaka-info-20260519.html,facts_only,,,,,,unknown,passed_deterministic,public_facts_minimized
WEBb5044fb1b1,src_8785aa0df9db22fc,雄踏図書館 イベント,https://www.lib-city-hamamatsu.jp/access/yuutou/event/yuutou_event20260710.html,facts_only,,,,,,unknown,passed_deterministic,public_facts_minimized
WEB1de1ddb44d,src_8785aa0df9db22fc,雄踏図書館 イベント,https://www.lib-city-hamamatsu.jp/access/yuutou/event/yuutou_tenji20260704_4.html,facts_only,,,,,,unknown,passed_deterministic,public_facts_minimized
WEB46ddd4f84a,src_8785aa0df9db22fc,雄踏図書館 イベント,https://www.lib-city-hamamatsu.jp/access/yuutou/event/yuutou_tenji20260704_3.html,facts_only,,,,,,unknown,passed_deterministic,public_facts_minimized
WEBd553c23acf,src_8785aa0df9db22fc,雄踏図書館 イベント,https://www.lib-city-hamamatsu.jp/access/yuutou/event/yuutou_tenji20260704_2.html,facts_only,,,,,,unknown,passed_deterministic,public_facts_minimized
WEB4297da18f6,src_ba64b18ebb6d12db,可新図書館 イベント,https://www.lib-city-hamamatsu.jp/access/kasinn/event/kasin-event-poster2026-08-1.html,facts_only,,,,,,unknown,passed_deterministic,public_facts_minimized
WEB9f6e362d81,src_ba64b18ebb6d12db,可新図書館 イベント,https://www.lib-city-hamamatsu.jp/access/kasinn/event/kasinn_tenji_jidou_2026-07.html,facts_only,,,,,,unknown,passed_deterministic,public_facts_minimized
WEB2006a18849,src_ba64b18ebb6d12db,可新図書館 イベント,https://www.lib-city-hamamatsu.jp/access/kasinn/event/kasinn_tenji_ippan_2026-07.html,facts_only,,,,,,unknown,passed_deterministic,public_facts_minimized
WEBcda0132b89,src_ba64b18ebb6d12db,可新図書館 イベント,https://www.lib-city-hamamatsu.jp/access/kasinn/event/kasinn_kanndayori2026-07.html,facts_only,,,,,,unknown,passed_deterministic,public_facts_minimized
WEBd747bd9183,src_2a28d32582c9e45d,都田図書館 イベント,https://www.lib-city-hamamatsu.jp/access/miyakoda/event/202607miyakoda-hon-kou1-event.html,facts_only,,,,,,unknown,passed_deterministic,public_facts_minimized
WEBb2c06ba4df,src_2a28d32582c9e45d,都田図書館 イベント,https://www.lib-city-hamamatsu.jp/access/miyakoda/event/202607miyakoda16-event-jido.html,facts_only,,,,,,unknown,passed_deterministic,public_facts_minimized
WEB67d13b019c,src_2a28d32582c9e45d,都田図書館 イベント,https://www.lib-city-hamamatsu.jp/access/miyakoda/event/202607miyakoda23-tenji-ippan.html,facts_only,,,,,,unknown,passed_deterministic,public_facts_minimized
WEBc525f283b2,src_2a28d32582c9e45d,都田図書館 イベント,https://www.lib-city-hamamatsu.jp/access/miyakoda/event/202607miyakoda10-tosyokandayori.html,facts_only,,,,,,unknown,passed_deterministic,public_facts_minimized
WEBc120a0cd9e,src_17edfdb8f443810f,細江図書館 イベント,https://www.lib-city-hamamatsu.jp/access/hosoe/event/hosoe_event2026062702.html,facts_only,,,,,,unknown,passed_deterministic,public_facts_minimized
WEB64ec6cb493,src_17edfdb8f443810f,細江図書館 イベント,https://www.lib-city-hamamatsu.jp/access/hosoe/event/hosoe_tenji20260520.html,facts_only,,,,,,unknown,passed_deterministic,public_facts_minimized
WEBcca1cd2883,src_1c02025d686b3fe6,引佐図書館 イベント,https://www.lib-city-hamamatsu.jp/access/inasa/event/inasa_tenji20260604.html,facts_only,,,,,,unknown,passed_deterministic,public_facts_minimized
WEB595f3af2f5,src_762a3ebe150485d7,三ヶ日図書館 イベント,https://www.lib-city-hamamatsu.jp/access/mikkabi/event/mikkabi_kirari_r8_26-28.html,facts_only,,,,,,unknown,passed_deterministic,public_facts_minimized
WEB9a52b5aa3d,src_762a3ebe150485d7,三ヶ日図書館 イベント,https://www.lib-city-hamamatsu.jp/access/mikkabi/event/mikkabi_r8_no24.html,facts_only,,,,,,unknown,passed_deterministic,public_facts_minimized
WEBae18bb4bfd,src_762a3ebe150485d7,三ヶ日図書館 イベント,https://www.lib-city-hamamatsu.jp/access/mikkabi/event/mikkabi_r8_no36.html,facts_only,,,,,,unknown,passed_deterministic,public_facts_minimized
WEB9d52da87db,src_762a3ebe150485d7,三ヶ日図書館 イベント,https://www.lib-city-hamamatsu.jp/access/mikkabi/event/mikkabi_r8_no37.html,facts_only,,,,,,unknown,passed_deterministic,public_facts_minimized
WEB7f9e8aba3c,src_1bdd781674c765e2,浜北図書館 イベント,https://www.lib-city-hamamatsu.jp/access/hamakita/event/hamakita-event20260718_3.html,facts_only,,,,,,unknown,passed_deterministic,public_facts_minimized
WEB873874d3e0,src_1bdd781674c765e2,浜北図書館 イベント,https://www.lib-city-hamamatsu.jp/access/hamakita/event/hamakita-event20260616-5.html,facts_only,,,,,,unknown,passed_deterministic,public_facts_minimized
WEB9c8e04c96e,src_1bdd781674c765e2,浜北図書館 イベント,https://www.lib-city-hamamatsu.jp/access/hamakita/event/hamakita-event20260718-1.html,facts_only,,,,,,unknown,passed_deterministic,public_facts_minimized
WEB1ea30c7fd8,src_1bdd781674c765e2,浜北図書館 イベント,https://www.lib-city-hamamatsu.jp/access/hamakita/event/hamakita-event20260718_2.html,facts_only,,,,,,unknown,passed_deterministic,public_facts_minimized
WEBbd119d6aaa,src_1bdd781674c765e2,浜北図書館 イベント,https://www.lib-city-hamamatsu.jp/access/hamakita/event/hamakita-event20260625_1.html,facts_only,,,,,,unknown,passed_deterministic,public_facts_minimized
WEBfd6ecccdb7,src_1bdd781674c765e2,浜北図書館 イベント,https://www.lib-city-hamamatsu.jp/access/hamakita/event/hamakita-tenji20260519-2.html,facts_only,,,,,,unknown,passed_deterministic,public_facts_minimized
WEB40b7c2c2f6,src_1bdd781674c765e2,浜北図書館 イベント,https://www.lib-city-hamamatsu.jp/access/hamakita/event/hamakita-tenji20260616-5.html,facts_only,,,,,,unknown,passed_deterministic,public_facts_minimized
WEBf3670d0934,src_1bdd781674c765e2,浜北図書館 イベント,https://www.lib-city-hamamatsu.jp/access/hamakita/event/hamakita-osirase20260603-1.html,facts_only,,,,,,unknown,passed_deterministic,public_facts_minimized
WEBdc22b8be50,src_371dd25a58f8049f,浜松市博物館・旧高山家住宅 催事,https://www.city.hamamatsu.shizuoka.jp/hamahaku/26kikakutaikenn/taikennkoza.html,facts_only,,,,,,unknown,passed_deterministic,public_facts_minimized
WEBdfd3883fb7,src_d61af6e402586057,浜松市天文台 イベント,https://www.city.hamamatsu.shizuoka.jp/s-kumin/hao/event-doyou.html,facts_only,,,,,,unknown,passed_deterministic,public_facts_minimized
WEB6e6c0f43e4,src_d61af6e402586057,浜松市天文台 イベント,https://www.city.hamamatsu.shizuoka.jp/s-kumin/hao/stsarweek.html,facts_only,,,,,,unknown,passed_deterministic,public_facts_minimized
WEBd2abd2f35d,src_d61af6e402586057,浜松市天文台 イベント,https://www.city.hamamatsu.shizuoka.jp/s-kumin/hao/stsarweek.html,facts_only,,,,,,unknown,passed_deterministic,public_facts_minimized
WEBe74e5bc12d,src_40245408cfe048f9,佐鳴湖公園 イベント,https://sanaruko.hama-park.jp/archives/406,facts_only,,,,,,unknown,passed_deterministic,public_facts_minimized
WEB352eea0c42,src_40245408cfe048f9,佐鳴湖公園 イベント,https://sanaruko.hama-park.jp/archives/404,facts_only,,,,,,unknown,passed_deterministic,public_facts_minimized
WEBf8aa9d2a30,src_40245408cfe048f9,佐鳴湖公園 イベント,https://sanaruko.hama-park.jp/archives/392,facts_only,,,,,,unknown,passed_deterministic,public_facts_minimized
WEBe1f12f73ca,src_f872bb67e10c3a66,木下惠介記念館 イベント,https://keisukemuseum.org/2026/05/17/2026-7-19/,facts_only,,,,,,unknown,passed_deterministic,public_facts_minimized
WEB672f8fe82d,src_f872bb67e10c3a66,木下惠介記念館 イベント,https://keisukemuseum.org/2026/04/19/2026-6-21/,facts_only,,,,,,unknown,passed_deterministic,public_facts_minimized
WEB656d0fc64b,src_f872bb67e10c3a66,木下惠介記念館 イベント,https://keisukemuseum.org/2026/06/22/2026-07-05%ef%bc%88%e6%97%a5%ef%bc%89%e4%b8%8a%e6%98%a0%e4%bc%9a%e3%80%8e%e4%ba%8c%e4%ba%ba%e3%81%ae%e7%a5%96%e7%88%b6%e3%80%81%e4%ba%8c%e5%8d%81%e5%b9%b4%e3%81%ae%e5%af%be%e8%a9%b1%e3%80%8f%e2%80%95/,facts_only,,,,,,unknown,passed_deterministic,public_facts_minimized
WEB78f0caeafe,src_f30b4ef91140a97e,サーラ音楽ホール イベント,https://www.hcf.or.jp/facilities/music-hall/event/detail/?id=31079,facts_only,,,,,,unknown,passed_deterministic,public_facts_minimized
WEBe0cbd2cdb0,src_90563b02f75632f6,クリエート浜松 イベント,https://www.hcf.or.jp/facilities/create/event/detail.php?id=30949,facts_only,,,,,,unknown,passed_deterministic,public_facts_minimized
WEBa06e39e76c,src_90563b02f75632f6,クリエート浜松 イベント,https://www.hcf.or.jp/facilities/create/event/detail.php?id=31183,facts_only,,,,,,unknown,passed_deterministic,public_facts_minimized
WEBae95cd2c9b,src_90563b02f75632f6,クリエート浜松 イベント,https://www.hcf.or.jp/facilities/create/event/detail.php?id=31069,facts_only,,,,,,unknown,passed_deterministic,public_facts_minimized
WEB5995b2a412,src_90563b02f75632f6,クリエート浜松 イベント,https://www.hcf.or.jp/facilities/create/event/detail.php?id=31171,facts_only,,,,,,unknown,passed_deterministic,public_facts_minimized
WEB371b8ad1ff,src_90563b02f75632f6,クリエート浜松 イベント,https://www.hcf.or.jp/facilities/create/event/detail.php?id=30516,facts_only,,,,,,unknown,passed_deterministic,public_facts_minimized
WEBdd8ac7b910,src_90563b02f75632f6,クリエート浜松 イベント,https://www.hcf.or.jp/facilities/create/event/detail.php?id=31190,facts_only,,,,,,unknown,passed_deterministic,public_facts_minimized
WEB34af1632d8,src_90563b02f75632f6,クリエート浜松 イベント,https://www.hcf.or.jp/facilities/create/event/detail.php?id=31111,facts_only,,,,,,unknown,passed_deterministic,public_facts_minimized
WEBcfca3bf22e,src_90563b02f75632f6,クリエート浜松 イベント,https://www.hcf.or.jp/facilities/create/event/detail.php?id=31172,facts_only,,,,,,unknown,passed_deterministic,public_facts_minimized
WEBcb9b3489ea,src_90563b02f75632f6,クリエート浜松 イベント,https://www.hcf.or.jp/facilities/create/event/detail.php?id=31021,facts_only,,,,,,unknown,passed_deterministic,public_facts_minimized
WEB22da97f4cd,src_90563b02f75632f6,クリエート浜松 イベント,https://www.hcf.or.jp/facilities/create/event/detail.php?id=30779,facts_only,,,,,,unknown,passed_deterministic,public_facts_minimized
WEB35091ec20c,src_90563b02f75632f6,クリエート浜松 イベント,https://www.hcf.or.jp/facilities/create/event/detail.php?id=31194,facts_only,,,,,,unknown,passed_deterministic,public_facts_minimized
WEBec9be22fa2,src_90563b02f75632f6,クリエート浜松 イベント,https://www.hcf.or.jp/facilities/create/event/detail.php?id=31024,facts_only,,,,,,unknown,passed_deterministic,public_facts_minimized
WEB1a18f9bddd,src_90563b02f75632f6,クリエート浜松 イベント,https://www.hcf.or.jp/facilities/create/event/detail.php?id=31068,facts_only,,,,,,unknown,passed_deterministic,public_facts_minimized
WEB28a2894039,src_90563b02f75632f6,クリエート浜松 イベント,https://www.hcf.or.jp/facilities/create/event/detail.php?id=31231,facts_only,,,,,,unknown,passed_deterministic,public_facts_minimized
WEB11ad2a10b8,src_90563b02f75632f6,クリエート浜松 イベント,https://www.hcf.or.jp/facilities/create/event/detail.php?id=31182,facts_only,,,,,,unknown,passed_deterministic,public_facts_minimized
WEB2e60e78f33,src_90563b02f75632f6,クリエート浜松 イベント,https://www.hcf.or.jp/facilities/create/event/detail.php?id=30785,facts_only,,,,,,unknown,passed_deterministic,public_facts_minimized
WEBa6acd4036e,src_90563b02f75632f6,クリエート浜松 イベント,https://www.hcf.or.jp/facilities/create/event/detail.php?id=31062,facts_only,,,,,,unknown,passed_deterministic,public_facts_minimized
WEB180664760c,src_90563b02f75632f6,クリエート浜松 イベント,https://www.hcf.or.jp/facilities/create/event/detail.php?id=31089,facts_only,,,,,,unknown,passed_deterministic,public_facts_minimized
WEB34511aa69a,src_90563b02f75632f6,クリエート浜松 イベント,https://www.hcf.or.jp/facilities/create/event/detail.php?id=30575,facts_only,,,,,,unknown,passed_deterministic,public_facts_minimized
WEBcf76e179f9,src_90563b02f75632f6,クリエート浜松 イベント,https://www.hcf.or.jp/facilities/create/event/detail.php?id=31269,facts_only,,,,,,unknown,passed_deterministic,public_facts_minimized
WEB7c809e1f30,src_90563b02f75632f6,クリエート浜松 イベント,https://www.hcf.or.jp/facilities/create/event/detail.php?id=30915,facts_only,,,,,,unknown,passed_deterministic,public_facts_minimized
WEBe0a4b464be,src_90563b02f75632f6,クリエート浜松 イベント,https://www.hcf.or.jp/facilities/create/event/detail.php?id=31073,facts_only,,,,,,unknown,passed_deterministic,public_facts_minimized
WEBe4e69b3da6,src_90563b02f75632f6,クリエート浜松 イベント,https://www.hcf.or.jp/facilities/create/event/detail.php?id=30581,facts_only,,,,,,unknown,passed_deterministic,public_facts_minimized
WEB3db128cdf5,src_90563b02f75632f6,クリエート浜松 イベント,https://www.hcf.or.jp/facilities/create/event/detail.php?id=30586,facts_only,,,,,,unknown,passed_deterministic,public_facts_minimized
WEB786f7ecde0,src_90563b02f75632f6,クリエート浜松 イベント,https://www.hcf.or.jp/facilities/create/event/detail.php?id=31090,facts_only,,,,,,unknown,passed_deterministic,public_facts_minimized
WEB42ed806db7,src_90563b02f75632f6,クリエート浜松 イベント,https://www.hcf.or.jp/facilities/create/event/detail.php?id=31232,facts_only,,,,,,unknown,passed_deterministic,public_facts_minimized
WEB163ee7c7e3,src_90563b02f75632f6,クリエート浜松 イベント,https://www.hcf.or.jp/facilities/create/event/detail.php?id=31260,facts_only,,,,,,unknown,passed_deterministic,public_facts_minimized
WEBa2eaa86666,src_90563b02f75632f6,クリエート浜松 イベント,https://www.hcf.or.jp/facilities/create/event/detail.php?id=30953,facts_only,,,,,,unknown,passed_deterministic,public_facts_minimized
WEBd37b591c21,src_90563b02f75632f6,クリエート浜松 イベント,https://www.hcf.or.jp/facilities/create/event/detail.php?id=31025,facts_only,,,,,,unknown,passed_deterministic,public_facts_minimized
WEBe667fdc8cf,src_90563b02f75632f6,クリエート浜松 イベント,https://www.hcf.or.jp/facilities/create/event/detail.php?id=31296,facts_only,,,,,,unknown,passed_deterministic,public_facts_minimized
WEB10a6a6e758,src_90563b02f75632f6,クリエート浜松 イベント,https://www.hcf.or.jp/facilities/create/event/detail.php?id=31193,facts_only,,,,,,unknown,passed_deterministic,public_facts_minimized
WEB43fac49f55,src_90563b02f75632f6,クリエート浜松 イベント,https://www.hcf.or.jp/facilities/create/event/detail.php?id=31186,facts_only,,,,,,unknown,passed_deterministic,public_facts_minimized
WEB628e888d4d,src_456b07e6665f63e6,浜松市浜北文化センター イベント,https://www.hcf.or.jp/facilities/hkb/calendar/?ym=202607,facts_only,,,,,,unknown,passed_deterministic,public_facts_minimized
WEBd23278af55,src_456b07e6665f63e6,浜松市浜北文化センター イベント,https://www.hcf.or.jp/facilities/hkb/calendar/?ym=202607,facts_only,,,,,,unknown,passed_deterministic,public_facts_minimized
WEB475b24d8f0,src_456b07e6665f63e6,浜松市浜北文化センター イベント,https://www.hcf.or.jp/facilities/hkb/calendar/?ym=202607,facts_only,,,,,,unknown,passed_deterministic,public_facts_minimized
WEBd2e221635e,src_456b07e6665f63e6,浜松市浜北文化センター イベント,https://www.hcf.or.jp/facilities/hkb/calendar/?ym=202607,facts_only,,,,,,unknown,passed_deterministic,public_facts_minimized
WEB714f6b0362,src_456b07e6665f63e6,浜松市浜北文化センター イベント,https://www.hcf.or.jp/facilities/hkb/calendar/?ym=202607,facts_only,,,,,,unknown,passed_deterministic,public_facts_minimized
WEB62f1f283a5,src_456b07e6665f63e6,浜松市浜北文化センター イベント,https://www.hcf.or.jp/facilities/hkb/calendar/?ym=202607,facts_only,,,,,,unknown,passed_deterministic,public_facts_minimized
WEBc528a333bd,src_a673b457eea31efc,浜松市天竜壬生ホール イベント,https://www.hcf.or.jp/facilities/mibu/event/detail.php?id=31094,facts_only,,,,,,unknown,passed_deterministic,public_facts_minimized
WEBc1b200cd9a,src_a673b457eea31efc,浜松市天竜壬生ホール イベント,https://www.hcf.or.jp/facilities/mibu/event/detail.php?id=31091,facts_only,,,,,,unknown,passed_deterministic,public_facts_minimized
WEBdf71edea42,src_a673b457eea31efc,浜松市天竜壬生ホール イベント,https://www.hcf.or.jp/facilities/mibu/event/detail.php?id=31098,facts_only,,,,,,unknown,passed_deterministic,public_facts_minimized
WEB1acdfaf9f8,src_a673b457eea31efc,浜松市天竜壬生ホール イベント,https://www.hcf.or.jp/facilities/mibu/event/detail.php?id=30945,facts_only,,,,,,unknown,passed_deterministic,public_facts_minimized
WEB865abaaff3,src_d608ca03304960a4,浜松市福祉交流センター イベント,https://www.h-fukushikoryu.jp/2026/06/04/kenjiro-yamashita-talk-tour-2026-trip/,facts_only,,,,,,unknown,passed_deterministic,public_facts_minimized
WEB7d9db3c0d6,src_d608ca03304960a4,浜松市福祉交流センター イベント,https://www.h-fukushikoryu.jp/2026/06/10/%e3%83%9b%e3%83%bc%e3%83%ab%e3%81%a7%e3%82%b0%e3%83%a9%e3%83%b3%e3%83%89%e3%83%94%e3%82%a2%e3%83%8e%e3%82%92%e5%bc%be%e3%81%93%e3%81%86%ef%bc%81%e3%80%80%ef%bd%9e%e7%a7%81%e3%81%a0%e3%81%91%e3%81%ae-2/,facts_only,,,,,,unknown,passed_deterministic,public_facts_minimized
WEB1ef8a2c1e2,src_d608ca03304960a4,浜松市福祉交流センター イベント,https://www.h-fukushikoryu.jp/2026/07/02/%e4%bd%90%e8%97%a4%e5%85%b8%e5%ad%90%e5%90%8c%e8%88%9e%e8%b8%8a%e7%a0%94%e7%a9%b6%e6%89%80-%e3%81%b5%e3%82%8b%e3%81%95%e3%81%a8%e3%82%92%e5%b0%8b%e3%81%ad%e3%81%a6%e2%85%b1-%e5%b8%83%e6%a9%8b%e5%b9%bb/,facts_only,,,,,,unknown,passed_deterministic,public_facts_minimized
WEB2181a9acdf,src_0ae59b8809bd7888,浜松文芸館 講座・イベント,https://www.hcf.or.jp/facilities/bungei_news/2026/03/post-165.php,facts_only,,,,,,unknown,passed_deterministic,public_facts_minimized
WEB3d5ab0396c,src_0ae59b8809bd7888,浜松文芸館 講座・イベント,https://www.hcf.or.jp/facilities/bungei_news/2026/03/post-164.php,facts_only,,,,,,unknown,passed_deterministic,public_facts_minimized
WEB0b55708bc7,src_9bfd16fa78bde9bb,アットエス 浜松市中央区イベント一覧,https://www.at-s.com/event/article/1995160,facts_only,,,,,,unknown,passed_deterministic,public_facts_minimized
WEBd12258935f,src_9bfd16fa78bde9bb,アットエス 浜松市中央区イベント一覧,https://www.at-s.com/event/article/1995004,facts_only,,,,,,unknown,passed_deterministic,public_facts_minimized
WEBdfcc9088b5,src_9bfd16fa78bde9bb,アットエス 浜松市中央区イベント一覧,https://www.at-s.com/event/article/2009553,facts_only,,,,,,unknown,passed_deterministic,public_facts_minimized
WEB4daeb197db,src_9bfd16fa78bde9bb,アットエス 浜松市中央区イベント一覧,https://www.at-s.com/event/article/2006588,facts_only,,,,,,unknown,passed_deterministic,public_facts_minimized
WEBd74d96eeb3,src_9bfd16fa78bde9bb,アットエス 浜松市中央区イベント一覧,https://www.at-s.com/event/article/1993260,facts_only,,,,,,unknown,passed_deterministic,public_facts_minimized
WEB7a49243284,src_9bfd16fa78bde9bb,アットエス 浜松市中央区イベント一覧,https://www.at-s.com/event/article/2012138,facts_only,,,,,,unknown,passed_deterministic,public_facts_minimized
WEBeff152c4a3,src_9bfd16fa78bde9bb,アットエス 浜松市中央区イベント一覧,https://www.at-s.com/event/article/789036,facts_only,,,,,,unknown,passed_deterministic,public_facts_minimized
WEB252436eb43,src_9bfd16fa78bde9bb,アットエス 浜松市中央区イベント一覧,https://www.at-s.com/event/article/1769500,facts_only,,,,,,unknown,passed_deterministic,public_facts_minimized
WEBc4a34c4906,src_9bfd16fa78bde9bb,アットエス 浜松市中央区イベント一覧,https://www.at-s.com/event/article/1999268,facts_only,,,,,,unknown,passed_deterministic,public_facts_minimized
WEB1ea1a64dd4,src_9bfd16fa78bde9bb,アットエス 浜松市中央区イベント一覧,https://www.at-s.com/event/article/121806,facts_only,,,,,,unknown,passed_deterministic,public_facts_minimized
WEB77410ef10b,src_9bfd16fa78bde9bb,アットエス 浜松市中央区イベント一覧,https://www.at-s.com/event/article/2025072,facts_only,,,,,,unknown,passed_deterministic,public_facts_minimized
WEB479b964850,src_9bfd16fa78bde9bb,アットエス 浜松市中央区イベント一覧,https://www.at-s.com/event/article/1982772,facts_only,,,,,,unknown,passed_deterministic,public_facts_minimized
WEB1ad90b1ba1,src_9bfd16fa78bde9bb,アットエス 浜松市中央区イベント一覧,https://www.at-s.com/event/article/1981741,facts_only,,,,,,unknown,passed_deterministic,public_facts_minimized
WEB4767db6ac4,src_9bfd16fa78bde9bb,アットエス 浜松市中央区イベント一覧,https://www.at-s.com/event/article/1754993,facts_only,,,,,,unknown,passed_deterministic,public_facts_minimized
WEBbf676be73c,src_9bfd16fa78bde9bb,アットエス 浜松市中央区イベント一覧,https://www.at-s.com/event/article/2019423,facts_only,,,,,,unknown,passed_deterministic,public_facts_minimized
WEBc93fac3d1a,src_9bfd16fa78bde9bb,アットエス 浜松市中央区イベント一覧,https://www.at-s.com/event/article/2015017,facts_only,,,,,,unknown,passed_deterministic,public_facts_minimized
WEB2b8cfd12bd,src_9bfd16fa78bde9bb,アットエス 浜松市中央区イベント一覧,https://www.at-s.com/event/article/1748987,facts_only,,,,,,unknown,passed_deterministic,public_facts_minimized
WEB95f53f0818,src_9bfd16fa78bde9bb,アットエス 浜松市中央区イベント一覧,https://www.at-s.com/event/article/1998660,facts_only,,,,,,unknown,passed_deterministic,public_facts_minimized
WEBed02ae31f3,src_9bfd16fa78bde9bb,アットエス 浜松市中央区イベント一覧,https://www.at-s.com/event/article/1998670,facts_only,,,,,,unknown,passed_deterministic,public_facts_minimized
WEB32792f4643,src_9bfd16fa78bde9bb,アットエス 浜松市中央区イベント一覧,https://www.at-s.com/event/article/1991088,facts_only,,,,,,unknown,passed_deterministic,public_facts_minimized
WEBfdd30abe2c,src_9bfd16fa78bde9bb,アットエス 浜松市中央区イベント一覧,https://www.at-s.com/event/article/1984055,facts_only,,,,,,unknown,passed_deterministic,public_facts_minimized
WEB774629a390,src_9bfd16fa78bde9bb,アットエス 浜松市中央区イベント一覧,https://www.at-s.com/event/article/1967973,facts_only,,,,,,unknown,passed_deterministic,public_facts_minimized
WEB304ba99431,src_9bfd16fa78bde9bb,アットエス 浜松市中央区イベント一覧,https://www.at-s.com/event/article/1982773,facts_only,,,,,,unknown,passed_deterministic,public_facts_minimized
WEBb58513be5e,src_9bfd16fa78bde9bb,アットエス 浜松市中央区イベント一覧,https://www.at-s.com/event/article/745439,facts_only,,,,,,unknown,passed_deterministic,public_facts_minimized
WEBcab388f32d,src_9bfd16fa78bde9bb,アットエス 浜松市中央区イベント一覧,https://www.at-s.com/event/article/2019557,facts_only,,,,,,unknown,passed_deterministic,public_facts_minimized
WEB5495183e35,src_9bfd16fa78bde9bb,アットエス 浜松市中央区イベント一覧,https://www.at-s.com/event/article/783858,facts_only,,,,,,unknown,passed_deterministic,public_facts_minimized
WEB83e4737c50,src_9bfd16fa78bde9bb,アットエス 浜松市中央区イベント一覧,https://www.at-s.com/event/article/2001434,facts_only,,,,,,unknown,passed_deterministic,public_facts_minimized
WEB9f83d5e093,src_9bfd16fa78bde9bb,アットエス 浜松市中央区イベント一覧,https://www.at-s.com/event/article/2008687,facts_only,,,,,,unknown,passed_deterministic,public_facts_minimized
WEB5259ff0862,src_9bfd16fa78bde9bb,アットエス 浜松市中央区イベント一覧,https://www.at-s.com/event/article/1994191,facts_only,,,,,,unknown,passed_deterministic,public_facts_minimized
WEBc627bcceb7,src_9bfd16fa78bde9bb,アットエス 浜松市中央区イベント一覧,https://www.at-s.com/event/article/2008132,facts_only,,,,,,unknown,passed_deterministic,public_facts_minimized
WEBdaaf785fed,src_9bfd16fa78bde9bb,アットエス 浜松市中央区イベント一覧,https://www.at-s.com/event/article/2025927,facts_only,,,,,,unknown,passed_deterministic,public_facts_minimized
WEBa402f90cd9,src_9bfd16fa78bde9bb,アットエス 浜松市中央区イベント一覧,https://www.at-s.com/event/article/2016170,facts_only,,,,,,unknown,passed_deterministic,public_facts_minimized
WEBb57ba66cb0,src_9bfd16fa78bde9bb,アットエス 浜松市中央区イベント一覧,https://www.at-s.com/event/article/2008986,facts_only,,,,,,unknown,passed_deterministic,public_facts_minimized
WEBec94fc5c99,src_9bfd16fa78bde9bb,アットエス 浜松市中央区イベント一覧,https://www.at-s.com/event/article/1883319,facts_only,,,,,,unknown,passed_deterministic,public_facts_minimized
WEB285fd6984a,src_5344a1e5dbd57b1d,じゃらん 浜松・浜名湖イベント一覧,https://www.jalan.net/event/evt_359377/,facts_only,,,,,,unknown,passed_deterministic,public_facts_minimized
WEB828188d049,src_5344a1e5dbd57b1d,じゃらん 浜松・浜名湖イベント一覧,https://www.jalan.net/event/evt_359419/,facts_only,,,,,,unknown,passed_deterministic,public_facts_minimized
WEB318568d7d0,src_5344a1e5dbd57b1d,じゃらん 浜松・浜名湖イベント一覧,https://www.jalan.net/event/evt_359431/,facts_only,,,,,,unknown,passed_deterministic,public_facts_minimized
WEBe6f0cd8f1a,src_5344a1e5dbd57b1d,じゃらん 浜松・浜名湖イベント一覧,https://www.jalan.net/event/evt_359420/,facts_only,,,,,,unknown,passed_deterministic,public_facts_minimized
WEBf7d514aca2,src_ba0c05d11bd2efbf,いこーよ 浜松・浜名湖・天竜 6か月以内イベント一覧,https://codeadventure.jp/lp/hamamatsu/,facts_only,,,,,,unknown,passed_deterministic,public_facts_minimized
WEB7bf2c6a4b8,src_ba0c05d11bd2efbf,いこーよ 浜松・浜名湖・天竜 6か月以内イベント一覧,https://iko-yo.net/events?area_ids%5B%5D=165&page=2&prefecture_ids%5B%5D=22&term=5,facts_only,,,,,,unknown,passed_deterministic,public_facts_minimized
WEB6a13e0ab92,src_ba0c05d11bd2efbf,いこーよ 浜松・浜名湖・天竜 6か月以内イベント一覧,https://mikkabi-hanabi.com/,facts_only,,,,,,unknown,passed_deterministic,public_facts_minimized
WEBd0903912dc,src_ba0c05d11bd2efbf,いこーよ 浜松・浜名湖・天竜 6か月以内イベント一覧,https://hamanako-gardenpark.jp/,facts_only,,,,,,unknown,passed_deterministic,public_facts_minimized
WEB7aeaa4dbd8,src_ba0c05d11bd2efbf,いこーよ 浜松・浜名湖・天竜 6か月以内イベント一覧,https://hamanako-gardenpark.jp/,facts_only,,,,,,unknown,passed_deterministic,public_facts_minimized
WEB7ad20eea4f,src_ba0c05d11bd2efbf,いこーよ 浜松・浜名湖・天竜 6か月以内イベント一覧,https://www.gu-global.com/jp/ja/feature/service/my-first-outfit,facts_only,,,,,,unknown,passed_deterministic,public_facts_minimized
WEB9a16e3ce56,src_1be64dbd2505ffd8,アットエス 浜松市浜名区イベント一覧,https://www.at-s.com/event/article/1994153,facts_only,,,,,,unknown,passed_deterministic,public_facts_minimized
WEB345cb8bd39,src_1be64dbd2505ffd8,アットエス 浜松市浜名区イベント一覧,https://www.at-s.com/event/article/121910,facts_only,,,,,,unknown,passed_deterministic,public_facts_minimized
WEB5a43b0c616,src_1be64dbd2505ffd8,アットエス 浜松市浜名区イベント一覧,https://www.at-s.com/event/article/2012137,facts_only,,,,,,unknown,passed_deterministic,public_facts_minimized
WEBbb7824f0db,src_1be64dbd2505ffd8,アットエス 浜松市浜名区イベント一覧,https://www.at-s.com/event/article/655732,facts_only,,,,,,unknown,passed_deterministic,public_facts_minimized
WEBfd11b6be7f,src_1be64dbd2505ffd8,アットエス 浜松市浜名区イベント一覧,https://www.at-s.com/event/article/1975074,facts_only,,,,,,unknown,passed_deterministic,public_facts_minimized
WEBd4b2e3c5f2,src_1be64dbd2505ffd8,アットエス 浜松市浜名区イベント一覧,https://www.at-s.com/event/article/2012778,facts_only,,,,,,unknown,passed_deterministic,public_facts_minimized
WEB98a16368f8,src_a2645caf06292c39,アットエス 浜松市天竜区イベント一覧,https://www.at-s.com/event/article/121892,facts_only,,,,,,unknown,passed_deterministic,public_facts_minimized
WEBd34fe93913,src_a2645caf06292c39,アットエス 浜松市天竜区イベント一覧,https://www.at-s.com/event/article/122207,facts_only,,,,,,unknown,passed_deterministic,public_facts_minimized
WEBd3afdde3f3,src_a2645caf06292c39,アットエス 浜松市天竜区イベント一覧,https://www.at-s.com/event/article/121896,facts_only,,,,,,unknown,passed_deterministic,public_facts_minimized
WEB1800c332b2,src_4cae6c5e1c8e9b8a,イオンモール浜松市野,https://www.aeon.jp/sc/hamamatsuichino/event/event_e86013_as.html,facts_only,,,,,,unknown,passed_deterministic,public_facts_minimized
WEB2d14d19a80,src_4cae6c5e1c8e9b8a,イオンモール浜松市野,https://www.aeon.jp/sc/hamamatsuichino/event/event_e83609_as.html,facts_only,,,,,,unknown,passed_deterministic,public_facts_minimized
WEBd9b4dfb6aa,src_4cae6c5e1c8e9b8a,イオンモール浜松市野,https://www.aeon.jp/sc/hamamatsuichino/event/event_e84009_as.html,facts_only,,,,,,unknown,passed_deterministic,public_facts_minimized
WEB18b5070389,src_4cae6c5e1c8e9b8a,イオンモール浜松市野,https://www.aeon.jp/sc/hamamatsuichino/event/event_e86837_as.html,facts_only,,,,,,unknown,passed_deterministic,public_facts_minimized
WEB85807c0b38,src_4cae6c5e1c8e9b8a,イオンモール浜松市野,https://www.aeon.jp/sc/hamamatsuichino/event/event_e79902_as.html,facts_only,,,,,,unknown,passed_deterministic,public_facts_minimized
WEB44eb4ab82d,src_4cae6c5e1c8e9b8a,イオンモール浜松市野,https://www.aeon.jp/sc/hamamatsuichino/event/event_e85955_as.html,facts_only,,,,,,unknown,passed_deterministic,public_facts_minimized
WEBb58759b7d5,src_4cae6c5e1c8e9b8a,イオンモール浜松市野,https://www.aeon.jp/sc/hamamatsuichino/event/event_e83379_as.html,facts_only,,,,,,unknown,passed_deterministic,public_facts_minimized
WEBbe76336343,src_4cae6c5e1c8e9b8a,イオンモール浜松市野,https://www.aeon.jp/sc/hamamatsuichino/event/2607dream.html,facts_only,,,,,,unknown,passed_deterministic,public_facts_minimized
WEB2616aee863,src_4cae6c5e1c8e9b8a,イオンモール浜松市野,https://www.aeon.jp/sc/hamamatsuichino/event/2607coupon-off.html,facts_only,,,,,,unknown,passed_deterministic,public_facts_minimized
WEBadcf2d5dc9,src_964b6e43b2c79bd5,カネサン竹中水産 朝市案内,https://www.kanesan.jp/,facts_only,,,,,,unknown,passed_deterministic,public_facts_minimized
WEB49fe40d480,src_964b6e43b2c79bd5,カネサン竹中水産 朝市案内,https://www.kanesan.jp/,facts_only,,,,,,unknown,passed_deterministic,public_facts_minimized
WEB8a17d7d96c,src_964b6e43b2c79bd5,カネサン竹中水産 朝市案内,https://www.kanesan.jp/,facts_only,,,,,,unknown,passed_deterministic,public_facts_minimized
WEB0c4f494711,src_964b6e43b2c79bd5,カネサン竹中水産 朝市案内,https://www.kanesan.jp/,facts_only,,,,,,unknown,passed_deterministic,public_facts_minimized
WEB0bafe41e2b,src_964b6e43b2c79bd5,カネサン竹中水産 朝市案内,https://www.kanesan.jp/,facts_only,,,,,,unknown,passed_deterministic,public_facts_minimized
WEB943ffd92f4,src_964b6e43b2c79bd5,カネサン竹中水産 朝市案内,https://www.kanesan.jp/,facts_only,,,,,,unknown,passed_deterministic,public_facts_minimized
WEB6a7d95b76e,src_964b6e43b2c79bd5,カネサン竹中水産 朝市案内,https://www.kanesan.jp/,facts_only,,,,,,unknown,passed_deterministic,public_facts_minimized
WEB650705529e,src_964b6e43b2c79bd5,カネサン竹中水産 朝市案内,https://www.kanesan.jp/,facts_only,,,,,,unknown,passed_deterministic,public_facts_minimized
WEB917caf0fd7,src_964b6e43b2c79bd5,カネサン竹中水産 朝市案内,https://www.kanesan.jp/,facts_only,,,,,,unknown,passed_deterministic,public_facts_minimized
WEB5af5c2c4e7,src_964b6e43b2c79bd5,カネサン竹中水産 朝市案内,https://www.kanesan.jp/,facts_only,,,,,,unknown,passed_deterministic,public_facts_minimized
WEB2f163d5163,src_964b6e43b2c79bd5,カネサン竹中水産 朝市案内,https://www.kanesan.jp/,facts_only,,,,,,unknown,passed_deterministic,public_facts_minimized
WEBe52c25bf90,src_964b6e43b2c79bd5,カネサン竹中水産 朝市案内,https://www.kanesan.jp/,facts_only,,,,,,unknown,passed_deterministic,public_facts_minimized
WEB458bd06fd2,src_964b6e43b2c79bd5,カネサン竹中水産 朝市案内,https://www.kanesan.jp/,facts_only,,,,,,unknown,passed_deterministic,public_facts_minimized
WEB82dc4c2dd2,src_964b6e43b2c79bd5,カネサン竹中水産 朝市案内,https://www.kanesan.jp/,facts_only,,,,,,unknown,passed_deterministic,public_facts_minimized
WEBea61724a8b,src_964b6e43b2c79bd5,カネサン竹中水産 朝市案内,https://www.kanesan.jp/,facts_only,,,,,,unknown,passed_deterministic,public_facts_minimized
WEBaabf9dad46,src_964b6e43b2c79bd5,カネサン竹中水産 朝市案内,https://www.kanesan.jp/,facts_only,,,,,,unknown,passed_deterministic,public_facts_minimized
WEB33e4382d87,src_964b6e43b2c79bd5,カネサン竹中水産 朝市案内,https://www.kanesan.jp/,facts_only,,,,,,unknown,passed_deterministic,public_facts_minimized
WEBf58f4fe87b,src_964b6e43b2c79bd5,カネサン竹中水産 朝市案内,https://www.kanesan.jp/,facts_only,,,,,,unknown,passed_deterministic,public_facts_minimized
WEB3ae557582c,src_964b6e43b2c79bd5,カネサン竹中水産 朝市案内,https://www.kanesan.jp/,facts_only,,,,,,unknown,passed_deterministic,public_facts_minimized
WEBc6a14da61d,src_964b6e43b2c79bd5,カネサン竹中水産 朝市案内,https://www.kanesan.jp/,facts_only,,,,,,unknown,passed_deterministic,public_facts_minimized
WEB38cd5e8d32,src_964b6e43b2c79bd5,カネサン竹中水産 朝市案内,https://www.kanesan.jp/,facts_only,,,,,,unknown,passed_deterministic,public_facts_minimized
WEBc32faee973,src_964b6e43b2c79bd5,カネサン竹中水産 朝市案内,https://www.kanesan.jp/,facts_only,,,,,,unknown,passed_deterministic,public_facts_minimized
WEB9309d5e261,src_964b6e43b2c79bd5,カネサン竹中水産 朝市案内,https://www.kanesan.jp/,facts_only,,,,,,unknown,passed_deterministic,public_facts_minimized
WEB682f7a84fc,src_964b6e43b2c79bd5,カネサン竹中水産 朝市案内,https://www.kanesan.jp/,facts_only,,,,,,unknown,passed_deterministic,public_facts_minimized
WEB03d98c6ac6,src_964b6e43b2c79bd5,カネサン竹中水産 朝市案内,https://www.kanesan.jp/,facts_only,,,,,,unknown,passed_deterministic,public_facts_minimized
WEBc1b9a7eac7,src_964b6e43b2c79bd5,カネサン竹中水産 朝市案内,https://www.kanesan.jp/,facts_only,,,,,,unknown,passed_deterministic,public_facts_minimized
WEBb2fa80d7d1,src_964b6e43b2c79bd5,カネサン竹中水産 朝市案内,https://www.kanesan.jp/,facts_only,,,,,,unknown,passed_deterministic,public_facts_minimized
WEB6c95b5769b,src_964b6e43b2c79bd5,カネサン竹中水産 朝市案内,https://www.kanesan.jp/,facts_only,,,,,,unknown,passed_deterministic,public_facts_minimized
WEB3f9b18b391,src_964b6e43b2c79bd5,カネサン竹中水産 朝市案内,https://www.kanesan.jp/,facts_only,,,,,,unknown,passed_deterministic,public_facts_minimized
WEB5ecea0e8b9,src_964b6e43b2c79bd5,カネサン竹中水産 朝市案内,https://www.kanesan.jp/,facts_only,,,,,,unknown,passed_deterministic,public_facts_minimized
WEBfffd5f0542,src_964b6e43b2c79bd5,カネサン竹中水産 朝市案内,https://www.kanesan.jp/,facts_only,,,,,,unknown,passed_deterministic,public_facts_minimized
WEB277402c3f2,src_964b6e43b2c79bd5,カネサン竹中水産 朝市案内,https://www.kanesan.jp/,facts_only,,,,,,unknown,passed_deterministic,public_facts_minimized
WEB83c388322d,src_964b6e43b2c79bd5,カネサン竹中水産 朝市案内,https://www.kanesan.jp/,facts_only,,,,,,unknown,passed_deterministic,public_facts_minimized
WEB23a1fd711c,src_964b6e43b2c79bd5,カネサン竹中水産 朝市案内,https://www.kanesan.jp/,facts_only,,,,,,unknown,passed_deterministic,public_facts_minimized
WEB82448ff3a2,src_964b6e43b2c79bd5,カネサン竹中水産 朝市案内,https://www.kanesan.jp/,facts_only,,,,,,unknown,passed_deterministic,public_facts_minimized
WEB5805ab9ab2,src_964b6e43b2c79bd5,カネサン竹中水産 朝市案内,https://www.kanesan.jp/,facts_only,,,,,,unknown,passed_deterministic,public_facts_minimized
WEB8ab67740cf,src_964b6e43b2c79bd5,カネサン竹中水産 朝市案内,https://www.kanesan.jp/,facts_only,,,,,,unknown,passed_deterministic,public_facts_minimized
WEB23612da9a6,src_964b6e43b2c79bd5,カネサン竹中水産 朝市案内,https://www.kanesan.jp/,facts_only,,,,,,unknown,passed_deterministic,public_facts_minimized
WEB6cc3053323,src_964b6e43b2c79bd5,カネサン竹中水産 朝市案内,https://www.kanesan.jp/,facts_only,,,,,,unknown,passed_deterministic,public_facts_minimized
WEB24028e266d,src_964b6e43b2c79bd5,カネサン竹中水産 朝市案内,https://www.kanesan.jp/,facts_only,,,,,,unknown,passed_deterministic,public_facts_minimized
WEB7a300c155f,src_964b6e43b2c79bd5,カネサン竹中水産 朝市案内,https://www.kanesan.jp/,facts_only,,,,,,unknown,passed_deterministic,public_facts_minimized
WEB46ba0a06e7,src_964b6e43b2c79bd5,カネサン竹中水産 朝市案内,https://www.kanesan.jp/,facts_only,,,,,,unknown,passed_deterministic,public_facts_minimized
WEBa3a853c1a1,src_964b6e43b2c79bd5,カネサン竹中水産 朝市案内,https://www.kanesan.jp/,facts_only,,,,,,unknown,passed_deterministic,public_facts_minimized
WEB4e05f4e4db,src_964b6e43b2c79bd5,カネサン竹中水産 朝市案内,https://www.kanesan.jp/,facts_only,,,,,,unknown,passed_deterministic,public_facts_minimized
WEB396a8d7f45,src_c49ad7b979a084dc,浜松サザンクロスほしの市 公式,https://hoshinoichi.com/,facts_only,,,,,,unknown,passed_deterministic,public_facts_minimized
WEBd3f343dc0a,src_c49ad7b979a084dc,浜松サザンクロスほしの市 公式,https://hoshinoichi.com/,facts_only,,,,,,unknown,passed_deterministic,public_facts_minimized
WEB87d97a49ee,src_c49ad7b979a084dc,浜松サザンクロスほしの市 公式,https://hoshinoichi.com/,facts_only,,,,,,unknown,passed_deterministic,public_facts_minimized
WEBac24fa63c5,src_c49ad7b979a084dc,浜松サザンクロスほしの市 公式,https://hoshinoichi.com/,facts_only,,,,,,unknown,passed_deterministic,public_facts_minimized
WEB751c86a5ea,src_c49ad7b979a084dc,浜松サザンクロスほしの市 公式,https://hoshinoichi.com/,facts_only,,,,,,unknown,passed_deterministic,public_facts_minimized
WEB1edce13a35,src_c49ad7b979a084dc,浜松サザンクロスほしの市 公式,https://hoshinoichi.com/,facts_only,,,,,,unknown,passed_deterministic,public_facts_minimized
WEB0387ee3c34,src_c49ad7b979a084dc,浜松サザンクロスほしの市 公式,https://hoshinoichi.com/,facts_only,,,,,,unknown,passed_deterministic,public_facts_minimized
WEB33a3b6e250,src_c49ad7b979a084dc,浜松サザンクロスほしの市 公式,https://hoshinoichi.com/,facts_only,,,,,,unknown,passed_deterministic,public_facts_minimized
WEBb8dd1f55f5,src_c49ad7b979a084dc,浜松サザンクロスほしの市 公式,https://hoshinoichi.com/,facts_only,,,,,,unknown,passed_deterministic,public_facts_minimized
WEBaadfa3bf49,src_c49ad7b979a084dc,浜松サザンクロスほしの市 公式,https://hoshinoichi.com/,facts_only,,,,,,unknown,passed_deterministic,public_facts_minimized
WEB7d91f4af46,src_b4431808bc1289d3,煌マルシェ（浜松・公開告知）,https://www.instagram.com/p/DYbFF0tEj4h/,facts_only,,,,,,unknown,passed_deterministic,public_facts_minimized
WEBbcc9a7c076,src_b4431808bc1289d3,煌マルシェ（浜松・公開告知）,https://www.instagram.com/p/DYbFF0tEj4h/,facts_only,,,,,,unknown,passed_deterministic,public_facts_minimized
WEBbea1bdfcac,src_b4431808bc1289d3,煌マルシェ（浜松・公開告知）,https://www.instagram.com/p/DYbFF0tEj4h/,facts_only,,,,,,unknown,passed_deterministic,public_facts_minimized
WEB234dcac763,src_b4431808bc1289d3,煌マルシェ（浜松・公開告知）,https://www.instagram.com/p/DYbFF0tEj4h/,facts_only,,,,,,unknown,passed_deterministic,public_facts_minimized
WEB28248de5cd,src_b4431808bc1289d3,煌マルシェ（浜松・公開告知）,https://www.instagram.com/p/DYbFF0tEj4h/,facts_only,,,,,,unknown,passed_deterministic,public_facts_minimized
WEBcfcb897198,src_b4431808bc1289d3,煌マルシェ（浜松・公開告知）,https://www.instagram.com/p/DYbFF0tEj4h/,facts_only,,,,,,unknown,passed_deterministic,public_facts_minimized
WEB4b5baffe59,src_0630d7c643bcf8d9,浜名湖体験学習施設ウォット,https://ulotto.entetsuassist-dms.com/event/page/2/,facts_only,,,,,,unknown,passed_deterministic,public_facts_minimized
WEB063d06ad7d,src_be3eeca428a3d378,浜名湖ガーデンパーク,https://www.hamanako-gardenpark.jp/event/2026/06/post-626.php,facts_only,,,,,,unknown,passed_deterministic,public_facts_minimized
WEBad744595ac,src_61577befd763edc2,はままつフラワーパーク,https://e-flowerpark.com/news/event/43666/,facts_only,,,,,,unknown,passed_deterministic,public_facts_minimized
WEB121d45443c,src_61577befd763edc2,はままつフラワーパーク,https://e-flowerpark.com/news/event/43617/,facts_only,,,,,,unknown,passed_deterministic,public_facts_minimized
WEB830d39303c,src_61577befd763edc2,はままつフラワーパーク,https://e-flowerpark.com/news/event/43609/,facts_only,,,,,,unknown,passed_deterministic,public_facts_minimized
WEBab650bbfc3,src_61577befd763edc2,はままつフラワーパーク,https://e-flowerpark.com/news/event/43645/,facts_only,,,,,,unknown,passed_deterministic,public_facts_minimized
WEBd94d278959,src_2744ffca601ed4ac,浜松市楽器博物館 イベント,https://www.gakkihaku.jp/event/20260726/,facts_only,,,,,,unknown,passed_deterministic,public_facts_minimized
WEBf64c702083,src_fa82517c47c56702,浜松こども館 イベント,https://kodomokan.entetsuassist-dms.com/event/detail/2753,facts_only,,,,,,unknown,passed_deterministic,public_facts_minimized
WEBcd24bffa28,src_fa82517c47c56702,浜松こども館 イベント,https://kodomokan.entetsuassist-dms.com/event/detail/2615,facts_only,,,,,,unknown,passed_deterministic,public_facts_minimized
WEB18a6e70e3b,src_fa82517c47c56702,浜松こども館 イベント,https://kodomokan.entetsuassist-dms.com/event/detail/2634,facts_only,,,,,,unknown,passed_deterministic,public_facts_minimized
WEB115f105cb3,src_fa82517c47c56702,浜松こども館 イベント,https://kodomokan.entetsuassist-dms.com/event/detail/2293,facts_only,,,,,,unknown,passed_deterministic,public_facts_minimized
WEB3e07d5932d,src_fa82517c47c56702,浜松こども館 イベント,https://kodomokan.entetsuassist-dms.com/event/detail/2686,facts_only,,,,,,unknown,passed_deterministic,public_facts_minimized
WEB248e7c4802,src_fa82517c47c56702,浜松こども館 イベント,https://kodomokan.entetsuassist-dms.com/event/detail/2575,facts_only,,,,,,unknown,passed_deterministic,public_facts_minimized
WEBdb6297940b,src_fa82517c47c56702,浜松こども館 イベント,https://kodomokan.entetsuassist-dms.com/event/detail/2663,facts_only,,,,,,unknown,passed_deterministic,public_facts_minimized
WEB2375c2d00b,src_fa82517c47c56702,浜松こども館 イベント,https://kodomokan.entetsuassist-dms.com/event/detail/2664,facts_only,,,,,,unknown,passed_deterministic,public_facts_minimized
WEB5ed091093c,src_fa82517c47c56702,浜松こども館 イベント,https://kodomokan.entetsuassist-dms.com/event/detail/2429,facts_only,,,,,,unknown,passed_deterministic,public_facts_minimized
WEBa45822872f,src_fa82517c47c56702,浜松こども館 イベント,https://kodomokan.entetsuassist-dms.com/event/detail/2687,facts_only,,,,,,unknown,passed_deterministic,public_facts_minimized
WEB95541d4539,src_fa82517c47c56702,浜松こども館 イベント,https://kodomokan.entetsuassist-dms.com/event/detail/2760,facts_only,,,,,,unknown,passed_deterministic,public_facts_minimized
WEBcc033cc900,src_fa82517c47c56702,浜松こども館 イベント,https://kodomokan.entetsuassist-dms.com/event/detail/2452,facts_only,,,,,,unknown,passed_deterministic,public_facts_minimized
WEBabcfefefc3,src_fa82517c47c56702,浜松こども館 イベント,https://kodomokan.entetsuassist-dms.com/event/detail/2761,facts_only,,,,,,unknown,passed_deterministic,public_facts_minimized
WEB906e6b223d,src_fa82517c47c56702,浜松こども館 イベント,https://kodomokan.entetsuassist-dms.com/event/detail/2692,facts_only,,,,,,unknown,passed_deterministic,public_facts_minimized
WEBa3e52e449e,src_fa82517c47c56702,浜松こども館 イベント,https://kodomokan.entetsuassist-dms.com/event/detail/2693,facts_only,,,,,,unknown,passed_deterministic,public_facts_minimized
WEB3aeeffb710,src_fa82517c47c56702,浜松こども館 イベント,https://kodomokan.entetsuassist-dms.com/event/detail/1818,facts_only,,,,,,unknown,passed_deterministic,public_facts_minimized
WEB9d6394cd15,src_fa82517c47c56702,浜松こども館 イベント,https://kodomokan.entetsuassist-dms.com/event/detail/2694,facts_only,,,,,,unknown,passed_deterministic,public_facts_minimized
WEBbda1e0e504,src_fa82517c47c56702,浜松こども館 イベント,https://kodomokan.entetsuassist-dms.com/event/detail/2770,facts_only,,,,,,unknown,passed_deterministic,public_facts_minimized
WEBe946a104ca,src_fa82517c47c56702,浜松こども館 イベント,https://kodomokan.entetsuassist-dms.com/event/detail/2695,facts_only,,,,,,unknown,passed_deterministic,public_facts_minimized
WEBdb79ea6d05,src_fa82517c47c56702,浜松こども館 イベント,https://kodomokan.entetsuassist-dms.com/event/detail/2696,facts_only,,,,,,unknown,passed_deterministic,public_facts_minimized
WEB04362839b7,src_fa82517c47c56702,浜松こども館 イベント,https://kodomokan.entetsuassist-dms.com/event/detail/2766,facts_only,,,,,,unknown,passed_deterministic,public_facts_minimized
WEBd13fbbc58e,src_fa82517c47c56702,浜松こども館 イベント,https://kodomokan.entetsuassist-dms.com/event/detail/2769,facts_only,,,,,,unknown,passed_deterministic,public_facts_minimized
WEB1fdc54c653,src_fa82517c47c56702,浜松こども館 イベント,https://kodomokan.entetsuassist-dms.com/event/detail/2726,facts_only,,,,,,unknown,passed_deterministic,public_facts_minimized
WEBe622af8255,src_fa82517c47c56702,浜松こども館 イベント,https://kodomokan.entetsuassist-dms.com/event/detail/2771,facts_only,,,,,,unknown,passed_deterministic,public_facts_minimized
WEBa485aaa0a0,src_fa82517c47c56702,浜松こども館 イベント,https://kodomokan.entetsuassist-dms.com/event/detail/2755,facts_only,,,,,,unknown,passed_deterministic,public_facts_minimized
WEB310ac726e1,src_fa82517c47c56702,浜松こども館 イベント,https://kodomokan.entetsuassist-dms.com/event/detail/2776,facts_only,,,,,,unknown,passed_deterministic,public_facts_minimized
WEBb1962ba9ab,src_fa82517c47c56702,浜松こども館 イベント,https://kodomokan.entetsuassist-dms.com/event/detail/2697,facts_only,,,,,,unknown,passed_deterministic,public_facts_minimized
WEB029d2e9495,src_fa82517c47c56702,浜松こども館 イベント,https://kodomokan.entetsuassist-dms.com/event/detail/2762,facts_only,,,,,,unknown,passed_deterministic,public_facts_minimized
WEBeeb79d7d6b,src_fa82517c47c56702,浜松こども館 イベント,https://kodomokan.entetsuassist-dms.com/event/detail/2698,facts_only,,,,,,unknown,passed_deterministic,public_facts_minimized
WEB26f592d114,src_fa82517c47c56702,浜松こども館 イベント,https://kodomokan.entetsuassist-dms.com/event/detail/2767,facts_only,,,,,,unknown,passed_deterministic,public_facts_minimized
WEB8ea1d587e8,src_fa82517c47c56702,浜松こども館 イベント,https://kodomokan.entetsuassist-dms.com/event/detail/2725,facts_only,,,,,,unknown,passed_deterministic,public_facts_minimized
WEB3455500533,src_fa82517c47c56702,浜松こども館 イベント,https://kodomokan.entetsuassist-dms.com/event/detail/2763,facts_only,,,,,,unknown,passed_deterministic,public_facts_minimized
WEB22ad544765,src_fa82517c47c56702,浜松こども館 イベント,https://kodomokan.entetsuassist-dms.com/event/detail/2772,facts_only,,,,,,unknown,passed_deterministic,public_facts_minimized
WEBda652f7aa2,src_fa82517c47c56702,浜松こども館 イベント,https://kodomokan.entetsuassist-dms.com/event/detail/2773,facts_only,,,,,,unknown,passed_deterministic,public_facts_minimized
WEB24b4426369,src_fa82517c47c56702,浜松こども館 イベント,https://kodomokan.entetsuassist-dms.com/event/detail/2656,facts_only,,,,,,unknown,passed_deterministic,public_facts_minimized
WEB8827d9c730,src_fa82517c47c56702,浜松こども館 イベント,https://kodomokan.entetsuassist-dms.com/event/detail/2764,facts_only,,,,,,unknown,passed_deterministic,public_facts_minimized
WEBfea9a0df37,src_fa82517c47c56702,浜松こども館 イベント,https://kodomokan.entetsuassist-dms.com/event/detail/2765,facts_only,,,,,,unknown,passed_deterministic,public_facts_minimized
WEB7e4b1217f7,src_fa82517c47c56702,浜松こども館 イベント,https://kodomokan.entetsuassist-dms.com/event/detail/2616,facts_only,,,,,,unknown,passed_deterministic,public_facts_minimized
WEB721ad64765,src_fa82517c47c56702,浜松こども館 イベント,https://kodomokan.entetsuassist-dms.com/event/detail/2719,facts_only,,,,,,unknown,passed_deterministic,public_facts_minimized
WEB92eee6c0d4,src_fa82517c47c56702,浜松こども館 イベント,https://kodomokan.entetsuassist-dms.com/event/detail/2714,facts_only,,,,,,unknown,passed_deterministic,public_facts_minimized
WEBf03fccfc8d,src_fa82517c47c56702,浜松こども館 イベント,https://kodomokan.entetsuassist-dms.com/event/detail/2720,facts_only,,,,,,unknown,passed_deterministic,public_facts_minimized
WEBbccc13a557,src_fa82517c47c56702,浜松こども館 イベント,https://kodomokan.entetsuassist-dms.com/event/detail/2712,facts_only,,,,,,unknown,passed_deterministic,public_facts_minimized
WEBe800ebb37f,src_fa82517c47c56702,浜松こども館 イベント,https://kodomokan.entetsuassist-dms.com/event/detail/2707,facts_only,,,,,,unknown,passed_deterministic,public_facts_minimized
WEB43c4a33482,src_fa82517c47c56702,浜松こども館 イベント,https://kodomokan.entetsuassist-dms.com/event/detail/2715,facts_only,,,,,,unknown,passed_deterministic,public_facts_minimized
WEBb81494a0fb,src_fa82517c47c56702,浜松こども館 イベント,https://kodomokan.entetsuassist-dms.com/event/detail/2301,facts_only,,,,,,unknown,passed_deterministic,public_facts_minimized
WEB9c71fcc0fc,src_fa82517c47c56702,浜松こども館 イベント,https://kodomokan.entetsuassist-dms.com/event/detail/2713,facts_only,,,,,,unknown,passed_deterministic,public_facts_minimized
WEBfc2720a911,src_fa82517c47c56702,浜松こども館 イベント,https://kodomokan.entetsuassist-dms.com/event/detail/2756,facts_only,,,,,,unknown,passed_deterministic,public_facts_minimized
WEB5d2aa8269e,src_fa82517c47c56702,浜松こども館 イベント,https://kodomokan.entetsuassist-dms.com/event/detail/2711,facts_only,,,,,,unknown,passed_deterministic,public_facts_minimized
WEB8e5d3480da,src_fa82517c47c56702,浜松こども館 イベント,https://kodomokan.entetsuassist-dms.com/event/detail/2700,facts_only,,,,,,unknown,passed_deterministic,public_facts_minimized
WEBaccb356922,src_fa82517c47c56702,浜松こども館 イベント,https://kodomokan.entetsuassist-dms.com/event/detail/2699,facts_only,,,,,,unknown,passed_deterministic,public_facts_minimized
WEBeff8548dff,src_fa82517c47c56702,浜松こども館 イベント,https://kodomokan.entetsuassist-dms.com/event/detail/2716,facts_only,,,,,,unknown,passed_deterministic,public_facts_minimized
WEB880a0c2d06,src_fa82517c47c56702,浜松こども館 イベント,https://kodomokan.entetsuassist-dms.com/event/detail/2653,facts_only,,,,,,unknown,passed_deterministic,public_facts_minimized
WEBbb952fb4b4,src_fa82517c47c56702,浜松こども館 イベント,https://kodomokan.entetsuassist-dms.com/event/detail/2654,facts_only,,,,,,unknown,passed_deterministic,public_facts_minimized
WEB4dcdf4b312,src_fa82517c47c56702,浜松こども館 イベント,https://kodomokan.entetsuassist-dms.com/event/detail/2619,facts_only,,,,,,unknown,passed_deterministic,public_facts_minimized
WEB877f832dd6,src_fa82517c47c56702,浜松こども館 イベント,https://kodomokan.entetsuassist-dms.com/event/detail/2709,facts_only,,,,,,unknown,passed_deterministic,public_facts_minimized
WEBe7159d878c,src_fa82517c47c56702,浜松こども館 イベント,https://kodomokan.entetsuassist-dms.com/event/detail/2721,facts_only,,,,,,unknown,passed_deterministic,public_facts_minimized
WEB97b973b653,src_fa82517c47c56702,浜松こども館 イベント,https://kodomokan.entetsuassist-dms.com/event/detail/2718,facts_only,,,,,,unknown,passed_deterministic,public_facts_minimized
WEB0f33f35950,src_fa82517c47c56702,浜松こども館 イベント,https://kodomokan.entetsuassist-dms.com/event/detail/2723,facts_only,,,,,,unknown,passed_deterministic,public_facts_minimized
WEB9eae9feffe,src_fa82517c47c56702,浜松こども館 イベント,https://kodomokan.entetsuassist-dms.com/event/detail/2601,facts_only,,,,,,unknown,passed_deterministic,public_facts_minimized
WEB256cb19c2c,src_fa82517c47c56702,浜松こども館 イベント,https://kodomokan.entetsuassist-dms.com/event/detail/2652,facts_only,,,,,,unknown,passed_deterministic,public_facts_minimized
WEB2306e50928,src_fa82517c47c56702,浜松こども館 イベント,https://kodomokan.entetsuassist-dms.com/event/detail/2768,facts_only,,,,,,unknown,passed_deterministic,public_facts_minimized
WEBc06a5282c2,src_fa82517c47c56702,浜松こども館 イベント,https://kodomokan.entetsuassist-dms.com/event/detail/2737,facts_only,,,,,,unknown,passed_deterministic,public_facts_minimized
WEBb6df7d7342,src_fa82517c47c56702,浜松こども館 イベント,https://kodomokan.entetsuassist-dms.com/event/detail/2731,facts_only,,,,,,unknown,passed_deterministic,public_facts_minimized
WEB12ce8d4c9a,src_fa82517c47c56702,浜松こども館 イベント,https://kodomokan.entetsuassist-dms.com/event/detail/2757,facts_only,,,,,,unknown,passed_deterministic,public_facts_minimized
WEB36dd3cd1b5,src_fa82517c47c56702,浜松こども館 イベント,https://kodomokan.entetsuassist-dms.com/event/detail/2403,facts_only,,,,,,unknown,passed_deterministic,public_facts_minimized
WEB78980d8ed2,src_fa82517c47c56702,浜松こども館 イベント,https://kodomokan.entetsuassist-dms.com/event/detail/2751,facts_only,,,,,,unknown,passed_deterministic,public_facts_minimized
WEB068ccb70d7,src_fa82517c47c56702,浜松こども館 イベント,https://kodomokan.entetsuassist-dms.com/event/detail/2752,facts_only,,,,,,unknown,passed_deterministic,public_facts_minimized
WEB4370ca731f,src_fa82517c47c56702,浜松こども館 イベント,https://kodomokan.entetsuassist-dms.com/event/detail/2732,facts_only,,,,,,unknown,passed_deterministic,public_facts_minimized
WEB470e5c3c30,src_fa82517c47c56702,浜松こども館 イベント,https://kodomokan.entetsuassist-dms.com/event/detail/2637,facts_only,,,,,,unknown,passed_deterministic,public_facts_minimized
WEB1670862ea3,src_a5e8db1ada379034,はままつフルーツパーク時之栖 イベント,https://hamamatsu-fp.co.jp/eventinfo/detail/247,facts_only,,,,,,unknown,passed_deterministic,public_facts_minimized
WEB7d399afa99,src_1fd7ed130ddbf3f6,浜松市科学館 mirai-ra イベント,https://www.mirai-ra.jp/event/42926/,facts_only,,,,,,unknown,passed_deterministic,public_facts_minimized
WEB7c13ae415c,src_1fd7ed130ddbf3f6,浜松市科学館 mirai-ra イベント,https://www.mirai-ra.jp/event/40744/,facts_only,,,,,,unknown,passed_deterministic,public_facts_minimized
WEBd00dee597a,src_df79a213fea81da0,鴨江アートセンター イベント,https://kamoeartcenter.org/events/20260725/,facts_only,,,,,,unknown,passed_deterministic,public_facts_minimized
WEBcc0b974806,src_c9e59312d4809087,浜松市スポーツ協会 教室・イベント,https://hamamatsu-sports.or.jp/item/class_venue_address/higashi-ku/%e6%ad%a9%e3%81%8d%e6%96%b9%e3%80%81%e4%bd%93%e3%81%ae%e4%bd%bf%e3%81%84%e6%96%b9%e3%80%81%e6%ad%a3%e3%81%97%e3%81%84%e5%a7%bf%e5%8b%a2%e3%80%81%e3%83%ab%e3%83%b3%e3%83%90%e3%80%81%e3%83%af%e3%83%ab.html,facts_only,,,,,,unknown,passed_deterministic,public_facts_minimized
WEB45030aece5,src_c9e59312d4809087,浜松市スポーツ協会 教室・イベント,https://hamamatsu-sports.or.jp/item/class_venue_address/nishi-ku/%e9%80%b1%e3%81%ab%e4%b8%80%e5%9b%9e%e3%80%81%e4%bd%93%e3%81%ae%e3%82%86%e3%81%8c%e3%81%bf%e3%82%92%e6%94%b9%e5%96%84%e3%81%97%e5%bf%83%e3%82%82%e4%bd%93%e3%82%82%e3%82%b9%e3%83%83%e3%82%ad%e3%83%aa-2.html,facts_only,,,,,,unknown,passed_deterministic,public_facts_minimized
WEB132248f0be,src_80362b02f67130f0,中央図書館 イベント,https://www.lib-city-hamamatsu.jp/access/chuo/event/chuo_mainichi_ohanashikai_2026.html,facts_only,,,,,,unknown,passed_deterministic,public_facts_minimized
WEB1da4c0275b,src_80362b02f67130f0,中央図書館 イベント,https://www.lib-city-hamamatsu.jp/access/chuo/event/kodomokyoudokouza_202608.html,facts_only,,,,,,unknown,passed_deterministic,public_facts_minimized
WEBa7d2f283fa,src_df9a0a12114c349d,南図書館 イベント,https://www.lib-city-hamamatsu.jp/access/minami/event/minami_tenji20260018.html,facts_only,,,,,,unknown,passed_deterministic,public_facts_minimized
WEB98c67883d1,src_c2b5027dc5215989,北図書館 イベント,https://www.lib-city-hamamatsu.jp/access/kita/event/kita_event_2026_no9_tanabata.html,facts_only,,,,,,unknown,passed_deterministic,public_facts_minimized
WEBd7cff47377,src_c2b5027dc5215989,北図書館 イベント,https://www.lib-city-hamamatsu.jp/access/kita/event/kita_hon_event_2026_no01_hyakun.html,facts_only,,,,,,unknown,passed_deterministic,public_facts_minimized
WEBe3c275aa39,src_c2b5027dc5215989,北図書館 イベント,https://www.lib-city-hamamatsu.jp/access/kita/event/kita_event_2026_no16_hoshizo.html,facts_only,,,,,,unknown,passed_deterministic,public_facts_minimized
WEBaf787ae75f,src_619383ee6a909f2b,東図書館 イベント,https://www.lib-city-hamamatsu.jp/access/higasi/event/higasi-event20260627_2.html,facts_only,,,,,,unknown,passed_deterministic,public_facts_minimized
WEBfb19688728,src_45611c1d9e426b7d,流通元町図書館 イベント,https://www.lib-city-hamamatsu.jp/access/ryuutuu/event/ryuutuu_event_20260702-1.html,facts_only,,,,,,unknown,passed_deterministic,public_facts_minimized
WEB45c9c117d9,src_3fdf5aaa3b063483,舞阪図書館 イベント,https://www.lib-city-hamamatsu.jp/access/maisaka/event/maisaka-kiz-event-20260702-1.html,facts_only,,,,,,unknown,passed_deterministic,public_facts_minimized
WEB7bc67ed406,src_ba64b18ebb6d12db,可新図書館 イベント,https://www.lib-city-hamamatsu.jp/access/kasinn/event/kasin-event-poster2026-07-2.html,facts_only,,,,,,unknown,passed_deterministic,public_facts_minimized
WEB14b7e8ab10,src_1bdd781674c765e2,浜北図書館 イベント,https://www.lib-city-hamamatsu.jp/access/hamakita/event/hamakita-event20260614-1.html,facts_only,,,,,,unknown,passed_deterministic,public_facts_minimized
WEB5cf8bda496,src_1bdd781674c765e2,浜北図書館 イベント,https://www.lib-city-hamamatsu.jp/access/hamakita/event/hamakita-event20260622-1.html,facts_only,,,,,,unknown,passed_deterministic,public_facts_minimized
WEB2c712d07ef,src_1bdd781674c765e2,浜北図書館 イベント,https://www.lib-city-hamamatsu.jp/access/hamakita/event/hamakita-event20260718-1.html,facts_only,,,,,,unknown,passed_deterministic,public_facts_minimized
WEBa9e0de9f7a,src_90563b02f75632f6,クリエート浜松 イベント,https://www.hcf.or.jp/facilities/create/event/detail.php?id=31298,facts_only,,,,,,unknown,passed_deterministic,public_facts_minimized
WEB62b87ff68a,src_90563b02f75632f6,クリエート浜松 イベント,https://www.hcf.or.jp/facilities/create/event/detail.php?id=31167,facts_only,,,,,,unknown,passed_deterministic,public_facts_minimized
WEB978dbd487a,src_90563b02f75632f6,クリエート浜松 イベント,https://www.hcf.or.jp/facilities/create/event/detail.php?id=31297,facts_only,,,,,,unknown,passed_deterministic,public_facts_minimized
WEBf512305553,src_90563b02f75632f6,クリエート浜松 イベント,https://www.hcf.or.jp/facilities/create/event/detail.php?id=31288,facts_only,,,,,,unknown,passed_deterministic,public_facts_minimized
WEB1dfee82d4a,src_456b07e6665f63e6,浜松市浜北文化センター イベント,https://www.hcf.or.jp/facilities/hkb/calendar/?ym=202611,facts_only,,,,,,unknown,passed_deterministic,public_facts_minimized
WEBad31cf9b52,src_d608ca03304960a4,浜松市福祉交流センター イベント,https://www.h-fukushikoryu.jp/2026/07/02/%e4%bd%90%e8%97%a4%e5%85%b8%e5%ad%90%e5%90%8c%e9%96%80%e4%bc%9a-%e9%81%a0%e6%b1%9f%e8%88%9e%e8%aa%9e%e3%82%8a/,facts_only,,,,,,unknown,passed_deterministic,public_facts_minimized
WEBd6f5d2756c,src_651164ac91860ebb,はまかるNEO 総合イベントカレンダー,https://www.hcf.or.jp/calendar/detail.php?id=30758,facts_only,,,,,,unknown,passed_deterministic,public_facts_minimized
WEB231c749485,src_651164ac91860ebb,はまかるNEO 総合イベントカレンダー,https://www.hcf.or.jp/calendar/detail.php?id=31074,facts_only,,,,,,unknown,passed_deterministic,public_facts_minimized
WEB47c293228d,src_651164ac91860ebb,はまかるNEO 総合イベントカレンダー,https://www.hcf.or.jp/calendar/detail.php?id=31243,facts_only,,,,,,unknown,passed_deterministic,public_facts_minimized
WEB50c1387b5a,src_651164ac91860ebb,はまかるNEO 総合イベントカレンダー,https://www.hcf.or.jp/calendar/detail.php?id=31005,facts_only,,,,,,unknown,passed_deterministic,public_facts_minimized
WEB56f0349672,src_651164ac91860ebb,はまかるNEO 総合イベントカレンダー,https://www.hcf.or.jp/calendar/detail.php?id=31113,facts_only,,,,,,unknown,passed_deterministic,public_facts_minimized
WEB41dedce911,src_651164ac91860ebb,はまかるNEO 総合イベントカレンダー,https://www.hcf.or.jp/calendar/detail.php?id=30607,facts_only,,,,,,unknown,passed_deterministic,public_facts_minimized
WEBe0b49f47f1,src_651164ac91860ebb,はまかるNEO 総合イベントカレンダー,https://www.hcf.or.jp/calendar/detail.php?id=31260,facts_only,,,,,,unknown,passed_deterministic,public_facts_minimized
WEB57e00fb385,src_651164ac91860ebb,はまかるNEO 総合イベントカレンダー,https://www.hcf.or.jp/calendar/detail.php?id=31043,facts_only,,,,,,unknown,passed_deterministic,public_facts_minimized
WEBce8e370e8f,src_9bfd16fa78bde9bb,アットエス 浜松市中央区イベント一覧,https://www.at-s.com/event/article/1996056,facts_only,,,,,,unknown,passed_deterministic,public_facts_minimized
WEB1bbc82cb99,src_9bfd16fa78bde9bb,アットエス 浜松市中央区イベント一覧,https://www.at-s.com/event/article/1746777,facts_only,,,,,,unknown,passed_deterministic,public_facts_minimized
WEB9f0b41c057,src_9bfd16fa78bde9bb,アットエス 浜松市中央区イベント一覧,https://www.at-s.com/event/article/2016569,facts_only,,,,,,unknown,passed_deterministic,public_facts_minimized
WEB991a4f8ac8,src_9bfd16fa78bde9bb,アットエス 浜松市中央区イベント一覧,https://www.at-s.com/event/article/1917006,facts_only,,,,,,unknown,passed_deterministic,public_facts_minimized
WEBcbba1855ac,src_9bfd16fa78bde9bb,アットエス 浜松市中央区イベント一覧,https://www.at-s.com/event/article/1995923,facts_only,,,,,,unknown,passed_deterministic,public_facts_minimized
WEB1d175a244d,src_9bfd16fa78bde9bb,アットエス 浜松市中央区イベント一覧,https://www.at-s.com/event/article/1979002,facts_only,,,,,,unknown,passed_deterministic,public_facts_minimized
WEBebbce8d912,src_9bfd16fa78bde9bb,アットエス 浜松市中央区イベント一覧,https://www.at-s.com/event/article/1979027,facts_only,,,,,,unknown,passed_deterministic,public_facts_minimized
WEB53658bbfae,src_9bfd16fa78bde9bb,アットエス 浜松市中央区イベント一覧,https://www.at-s.com/event/article/1950691,facts_only,,,,,,unknown,passed_deterministic,public_facts_minimized
WEB23efb5d9d7,src_9bfd16fa78bde9bb,アットエス 浜松市中央区イベント一覧,https://www.at-s.com/event/article/2016487,facts_only,,,,,,unknown,passed_deterministic,public_facts_minimized
WEB2aafca58aa,src_9bfd16fa78bde9bb,アットエス 浜松市中央区イベント一覧,https://www.at-s.com/event/article/2008701,facts_only,,,,,,unknown,passed_deterministic,public_facts_minimized
WEBb6e0e3764e,src_9bfd16fa78bde9bb,アットエス 浜松市中央区イベント一覧,https://www.at-s.com/event/article/2001222,facts_only,,,,,,unknown,passed_deterministic,public_facts_minimized
WEBede0841600,src_9bfd16fa78bde9bb,アットエス 浜松市中央区イベント一覧,https://www.at-s.com/event/article/1998101,facts_only,,,,,,unknown,passed_deterministic,public_facts_minimized
WEBaddea338f7,src_9bfd16fa78bde9bb,アットエス 浜松市中央区イベント一覧,https://www.at-s.com/event/article/1978337,facts_only,,,,,,unknown,passed_deterministic,public_facts_minimized
WEBd0f6f42a48,src_9bfd16fa78bde9bb,アットエス 浜松市中央区イベント一覧,https://www.at-s.com/event/article/1965180,facts_only,,,,,,unknown,passed_deterministic,public_facts_minimized
WEBb6b38764c6,src_9bfd16fa78bde9bb,アットエス 浜松市中央区イベント一覧,https://www.at-s.com/event/article/1998110,facts_only,,,,,,unknown,passed_deterministic,public_facts_minimized
WEB8bed329226,src_9bfd16fa78bde9bb,アットエス 浜松市中央区イベント一覧,https://www.at-s.com/event/article/2012654,facts_only,,,,,,unknown,passed_deterministic,public_facts_minimized
WEBdcc27684bd,src_9bfd16fa78bde9bb,アットエス 浜松市中央区イベント一覧,https://www.at-s.com/event/article/1950694,facts_only,,,,,,unknown,passed_deterministic,public_facts_minimized
WEB5e17609e49,src_9bfd16fa78bde9bb,アットエス 浜松市中央区イベント一覧,https://www.at-s.com/event/article/1994991,facts_only,,,,,,unknown,passed_deterministic,public_facts_minimized
WEBf0a0c74b2c,src_9bfd16fa78bde9bb,アットエス 浜松市中央区イベント一覧,https://www.at-s.com/event/article/1953810,facts_only,,,,,,unknown,passed_deterministic,public_facts_minimized
WEBe310630898,src_9bfd16fa78bde9bb,アットエス 浜松市中央区イベント一覧,https://www.at-s.com/event/article/2002903,facts_only,,,,,,unknown,passed_deterministic,public_facts_minimized
WEBdc120e8b5f,src_9bfd16fa78bde9bb,アットエス 浜松市中央区イベント一覧,https://www.at-s.com/event/article/1096635,facts_only,,,,,,unknown,passed_deterministic,public_facts_minimized
WEB76ecf2c514,src_9bfd16fa78bde9bb,アットエス 浜松市中央区イベント一覧,https://www.at-s.com/event/article/1952446,facts_only,,,,,,unknown,passed_deterministic,public_facts_minimized
WEBe086e73ead,src_9bfd16fa78bde9bb,アットエス 浜松市中央区イベント一覧,https://www.at-s.com/event/article/2008133,facts_only,,,,,,unknown,passed_deterministic,public_facts_minimized
WEBc242627e3d,src_9bfd16fa78bde9bb,アットエス 浜松市中央区イベント一覧,https://www.at-s.com/event/article/1976250,facts_only,,,,,,unknown,passed_deterministic,public_facts_minimized
WEB2b75ee08ad,src_9bfd16fa78bde9bb,アットエス 浜松市中央区イベント一覧,https://www.at-s.com/event/article/776552,facts_only,,,,,,unknown,passed_deterministic,public_facts_minimized
WEBc721c0ef4c,src_9bfd16fa78bde9bb,アットエス 浜松市中央区イベント一覧,https://www.at-s.com/event/article/1877904,facts_only,,,,,,unknown,passed_deterministic,public_facts_minimized
WEB71fba2d224,src_5344a1e5dbd57b1d,じゃらん 浜松・浜名湖イベント一覧,https://www.jalan.net/event/evt_359427/,facts_only,,,,,,unknown,passed_deterministic,public_facts_minimized
WEB7cd56628b0,src_5344a1e5dbd57b1d,じゃらん 浜松・浜名湖イベント一覧,https://www.jalan.net/event/evt_359432/,facts_only,,,,,,unknown,passed_deterministic,public_facts_minimized
WEB1885c3c950,src_ba0c05d11bd2efbf,いこーよ 浜松・浜名湖・天竜 6か月以内イベント一覧,https://hamamatsu-fp.co.jp/eventinfo/detail/7,facts_only,,,,,,unknown,passed_deterministic,public_facts_minimized
WEBe792df091b,src_ba0c05d11bd2efbf,いこーよ 浜松・浜名湖・天竜 6か月以内イベント一覧,https://dcm-diyclub.com/,facts_only,,,,,,unknown,passed_deterministic,public_facts_minimized
WEB3aa3679a4a,src_ba0c05d11bd2efbf,いこーよ 浜松・浜名湖・天竜 6か月以内イベント一覧,https://www.instagram.com/worldfamily_event/,facts_only,,,,,,unknown,passed_deterministic,public_facts_minimized
WEBc3b0836dae,src_ba0c05d11bd2efbf,いこーよ 浜松・浜名湖・天竜 6か月以内イベント一覧,https://magicalmirai.com/2026/,facts_only,,,,,,unknown,passed_deterministic,public_facts_minimized
WEBbd5971d419,src_ba0c05d11bd2efbf,いこーよ 浜松・浜名湖・天竜 6か月以内イベント一覧,https://www.hamanako-orgel.jp/,facts_only,,,,,,unknown,passed_deterministic,public_facts_minimized
WEB5209deb1a0,src_ba0c05d11bd2efbf,いこーよ 浜松・浜名湖・天竜 6か月以内イベント一覧,https://hamamatsu-fp.co.jp/eventinfo/detail/247,facts_only,,,,,,unknown,passed_deterministic,public_facts_minimized
WEB4126813559,src_ba0c05d11bd2efbf,いこーよ 浜松・浜名湖・天竜 6か月以内イベント一覧,https://www.hamamatsufp.jp/,facts_only,,,,,,unknown,passed_deterministic,public_facts_minimized
WEBb1b63a8cdf,src_1be64dbd2505ffd8,アットエス 浜松市浜名区イベント一覧,https://www.at-s.com/event/article/2011301,facts_only,,,,,,unknown,passed_deterministic,public_facts_minimized
WEB4a6df416d6,src_1be64dbd2505ffd8,アットエス 浜松市浜名区イベント一覧,https://www.at-s.com/event/article/2012136,facts_only,,,,,,unknown,passed_deterministic,public_facts_minimized
WEB4d9c46d566,src_1be64dbd2505ffd8,アットエス 浜松市浜名区イベント一覧,https://www.at-s.com/event/article/2009784,facts_only,,,,,,unknown,passed_deterministic,public_facts_minimized
WEB3d20eedbdb,src_1be64dbd2505ffd8,アットエス 浜松市浜名区イベント一覧,https://www.at-s.com/event/article/2003540,facts_only,,,,,,unknown,passed_deterministic,public_facts_minimized
WEBd98e4aa29c,src_1be64dbd2505ffd8,アットエス 浜松市浜名区イベント一覧,https://www.at-s.com/event/article/1983983,facts_only,,,,,,unknown,passed_deterministic,public_facts_minimized
WEBb8bf90c1b8,src_1be64dbd2505ffd8,アットエス 浜松市浜名区イベント一覧,https://www.at-s.com/event/article/1998192,facts_only,,,,,,unknown,passed_deterministic,public_facts_minimized
WEB89d6820c8d,src_1be64dbd2505ffd8,アットエス 浜松市浜名区イベント一覧,https://www.at-s.com/event/article/1945971,facts_only,,,,,,unknown,passed_deterministic,public_facts_minimized
WEBc0b7d7657f,src_a2645caf06292c39,アットエス 浜松市天竜区イベント一覧,https://www.at-s.com/event/article/121871,facts_only,,,,,,unknown,passed_deterministic,public_facts_minimized
WEB1bb5313b87,src_a2645caf06292c39,アットエス 浜松市天竜区イベント一覧,https://www.at-s.com/event/article/121537,facts_only,,,,,,unknown,passed_deterministic,public_facts_minimized
WEB316e7fcd18,src_a2645caf06292c39,アットエス 浜松市天竜区イベント一覧,https://www.at-s.com/event/article/2012371,facts_only,,,,,,unknown,passed_deterministic,public_facts_minimized
WEBc9f7ee85fe,src_a2645caf06292c39,アットエス 浜松市天竜区イベント一覧,https://www.at-s.com/event/article/2008296,facts_only,,,,,,unknown,passed_deterministic,public_facts_minimized
